用户ID,商家ID,评分,评论时间
--56mD0sm1eOogphi2FFLw,bPVPZeqMuYtU_yGCb4P-jg,4.0,2019-07-27 00:54:18
--_N9jPdYR9WdJKQhekANg,dEMsUFNB4ckBFdB90jKLEA,1.0,2016-06-20 05:30:23
--u09WAjW741FdfkJXxNmg,pqcYTOo8kMYoNt4fjOm_vQ,3.0,2021-02-21 13:42:31
-0KosxqqMBYNfJ7VuvBYDQ,YSL06t6e2iKo4ZHZnCZIxw,1.0,2017-05-25 21:50:09
-0PAZdTUGDCLONQYLm7yCg,ynOYkpRAQIEGI-GGTByBKA,2.0,2017-07-20 22:18:48
-1MiSauypbVtNnWts4aXpA,4ADeBcc3O4zmTrp60H4O_A,2.0,2018-08-06 15:50:30
-1hk-8JOLJNqFjToa2Pjvw,m5ne44a3Vu7-zILKGxc4SQ,1.0,2010-10-20 14:58:40
-4BEUkLvHQntN6qPfKJP2w,IkY2ticzHEn4QFn8hQLSWg,3.0,2009-10-22 19:39:07
-4BEUkLvHQntN6qPfKJP2w,PP3BBaVxZLcJU54uP_wL6Q,4.0,2009-10-22 19:44:41
-4mjLXqAoAtQjqDFo9q9WQ,3AZjEgNM6CiOePDKKAQWgA,5.0,2019-08-30 02:38:06
-4qa2JVDEC_QPVWcZ1nHkQ,ZpgVL2z1kgRi954c9m9INw,1.0,2016-08-04 04:06:13
-64J0wmRDJygG8G6U1LHaQ,GST3wg-wej15vHeCvaXE6w,1.0,2016-01-18 01:40:35
-7qUbOVWJp2NT3f_TNuIBA,WSx9-iYYyST_umny9sJBFg,5.0,2020-03-30 20:29:34
-7qUbOVWJp2NT3f_TNuIBA,tlmxMUrk9xRvYzH0xo1Olg,5.0,2021-01-02 20:20:31
-7z82JPvUm5mVs3u3kiCeQ,dYYkzkiAQoOtRjdR0kcspw,5.0,2016-10-11 00:50:41
-8EnCioUmDygAbsYZmTeRQ,QBNATcq7Stx9LxcSq16W7w,4.0,2015-10-15 08:04:05
-8EnCioUmDygAbsYZmTeRQ,tthy48ZIX_wfY8Dy0Dvg6w,5.0,2016-09-07 22:07:36
-8HoPzdMhM1p3Px8tSxnZQ,oBNrLz4EDhiscSlbOl8uAw,5.0,2018-10-28 14:41:31
-8HoPzdMhM1p3Px8tSxnZQ,rcSmNigVYkJzz-pzd5nIMA,5.0,2015-07-05 20:47:46
-8PU0Z4Q2Nc-sY0eBj4DiQ,3dQaEBDWOyqDYhP3-ac7NQ,5.0,2020-04-26 20:11:43
-9-uNREEWNbkqqsTuZpCRg,_HcAoG6Jj_XTj4-XNEbo6Q,4.0,2020-01-01 00:39:58
-98eYiCNMmsVgeBFnQNhpw,lYloPAiaWJwWgno4SdxD0Q,1.0,2014-07-18 18:29:57
-9I98YbNQnLdAmcYfb324Q,OZi0fOn8-ISUwhEAWC_8Gg,3.0,2015-05-30 15:02:46
-9da1xk7zgnnfO1uTVYGkA,IkY2ticzHEn4QFn8hQLSWg,3.0,2016-07-12 11:49:59
-9da1xk7zgnnfO1uTVYGkA,PP3BBaVxZLcJU54uP_wL6Q,3.0,2016-07-12 12:15:34
-9da1xk7zgnnfO1uTVYGkA,ytynqOUb3hjKeJfRj5Tshw,5.0,2018-10-15 10:27:20
-A2Yc-tSf36TDfUIFDYypw,vDU_pwTCyHBPs-JoklOMWQ,2.0,2011-04-14 16:47:58
-B-QEUESGWHPE_889WJaeg,-FM4CxOg4XXmX_Ebky_SiQ,4.0,2016-06-04 23:16:01
-B-QEUESGWHPE_889WJaeg,0ac5lGA_0wdKDnib3y59Xg,4.0,2019-12-22 20:33:16
-B-QEUESGWHPE_889WJaeg,6VVbLYay8czrjKJ4xRoTxQ,3.0,2015-10-19 00:11:19
-B-QEUESGWHPE_889WJaeg,7wSnkgOORRCqVDa_n8Upxg,1.0,2017-12-03 18:51:55
-B-QEUESGWHPE_889WJaeg,8Vo6LN9gqULhXzoxj5k6kQ,5.0,2015-08-17 01:38:27
-B-QEUESGWHPE_889WJaeg,QBNATcq7Stx9LxcSq16W7w,5.0,2015-08-29 15:27:24
-B-QEUESGWHPE_889WJaeg,QLHgjBHBoeIUoEvIPvjHnw,2.0,2017-02-07 03:07:53
-B-QEUESGWHPE_889WJaeg,Qkg16mN-8QR66gjzg6gMyw,2.0,2017-05-19 20:28:17
-B-QEUESGWHPE_889WJaeg,TzNk1TcWLZn0JCpO83hBAA,5.0,2019-01-10 20:45:05
-B-QEUESGWHPE_889WJaeg,m4kvY0viCwxqRtgOycnKVQ,5.0,2015-10-14 19:12:27
-B-QEUESGWHPE_889WJaeg,omnCKxL0f_akh0eYeJxjDg,3.0,2015-03-29 21:00:50
-B-QEUESGWHPE_889WJaeg,rPVmM0aJbC6lU_mnDiZ2Rw,5.0,2021-03-25 13:10:05
-CPlgnA37MIoyAKf1l3TiQ,9kv9JpLhzkN3UeWZDrsmEA,1.0,2014-05-25 22:21:58
-CjSuDNxKBapPs-7mbSjPQ,AtQLrRpQan7UtJcIAo9hsA,2.0,2012-09-23 20:09:55
-CzwjrantVGMmZB8Qj_7-Q,_E0WPHfJEYmwOUCAj-Jq1A,2.0,2019-11-04 05:37:39
-CzwjrantVGMmZB8Qj_7-Q,uLg0FaTWN2mr3_rrcnoqTw,5.0,2020-10-13 01:06:03
-DhDdruQ9flCjpTTZ705HA,nlVLzktT0RfgSw-ZL4qPRA,1.0,2015-07-19 01:03:49
-FZBTkAZEXoP7CYvRV2ZwQ,U2y7fsqDgxAXskoJNVxbwg,5.0,2017-12-16 22:58:57
-FZBTkAZEXoP7CYvRV2ZwQ,d_tRshM-w6S4QxE4VVi8tQ,5.0,2017-12-16 23:10:20
-FZBTkAZEXoP7CYvRV2ZwQ,mf0OyZ6DX2iKUFIV9TqFRQ,4.0,2017-12-16 23:14:00
-FZBTkAZEXoP7CYvRV2ZwQ,x8H-yQUbbeaC28Sj4cqy4w,5.0,2017-12-16 23:35:56
-G4tTVw-FMTYWZTALYpzlQ,H1Azz4BpHYC8BlUAdMlfxw,4.0,2021-10-04 21:40:05
-G4tTVw-FMTYWZTALYpzlQ,V2xSuNLZb6QAb7GdNkI3rg,5.0,2021-10-27 12:07:21
-G7Zkl1wIWBBmD0KRy_sCw,-RckAAIJ-_KH0AzqrekYuw,5.0,2018-04-17 21:31:31
-G7Zkl1wIWBBmD0KRy_sCw,02qFLwwFi8T804rHcYh7Zw,3.0,2017-03-28 19:43:13
-G7Zkl1wIWBBmD0KRy_sCw,0Y5OG0uk8exyeYdqxKa1XA,4.0,2019-10-06 15:44:01
-G7Zkl1wIWBBmD0KRy_sCw,0yOfDyqoJTp6-9qbyroyEw,5.0,2016-07-05 15:06:11
-G7Zkl1wIWBBmD0KRy_sCw,23qa5SsahSsVhqAVmX6aow,4.0,2017-04-29 14:02:04
-G7Zkl1wIWBBmD0KRy_sCw,2EDFZFFdE3p-ZD7-loI02A,4.0,2018-09-02 15:37:53
-G7Zkl1wIWBBmD0KRy_sCw,2XYPFRm7teCUr3eGsB2-qw,4.0,2019-03-22 16:37:59
-G7Zkl1wIWBBmD0KRy_sCw,2f6NaQVGTM59OGvsdT9pxg,4.0,2014-03-09 16:32:58
-G7Zkl1wIWBBmD0KRy_sCw,3OOL_DXbqIMvqz_30LfJNw,4.0,2017-03-14 19:34:20
-G7Zkl1wIWBBmD0KRy_sCw,3tfku-srVI4CJDA9BzacSw,2.0,2016-03-15 19:33:56
-G7Zkl1wIWBBmD0KRy_sCw,4gvAsj8NRTla82aSBzGytw,4.0,2021-10-15 18:31:08
-G7Zkl1wIWBBmD0KRy_sCw,4kjq3pjsyA8XdwYDJg8y0g,5.0,2019-11-18 22:17:35
-G7Zkl1wIWBBmD0KRy_sCw,5HJz1MV553ZKslOwxUKrDA,5.0,2018-09-30 14:06:58
-G7Zkl1wIWBBmD0KRy_sCw,5kXqNRNpxm4vP_awcidPDA,3.0,2021-06-21 20:48:32
-G7Zkl1wIWBBmD0KRy_sCw,7JPbpoD_oyG0AUbRwHR75g,4.0,2021-07-16 16:52:50
-G7Zkl1wIWBBmD0KRy_sCw,8R_URQJrMN1VrlLFpArSAg,2.0,2019-12-17 18:04:20
-G7Zkl1wIWBBmD0KRy_sCw,8iMubtt1hTafu5YhEzvZVg,5.0,2017-12-07 17:04:00
-G7Zkl1wIWBBmD0KRy_sCw,9pr6rI87hZTCIAnFGNnvzQ,2.0,2019-11-20 04:07:32
-G7Zkl1wIWBBmD0KRy_sCw,AooN1OtJJLh1G6A-8u1v8w,4.0,2019-03-27 15:49:59
-G7Zkl1wIWBBmD0KRy_sCw,B4JZy1PBgiO3xp8zKgwUJA,4.0,2018-01-10 15:40:04
-G7Zkl1wIWBBmD0KRy_sCw,BJeM2i8sJ_ulULeIAuNq0g,4.0,2018-03-05 16:57:20
-G7Zkl1wIWBBmD0KRy_sCw,Bl6QNjzmtG779fI5Hm4gfA,3.0,2020-05-04 17:39:23
-G7Zkl1wIWBBmD0KRy_sCw,DO_op-iq4qoaOBEhJH6EdQ,3.0,2018-03-24 23:08:31
-G7Zkl1wIWBBmD0KRy_sCw,EpFFiPHKx9yP-WqOCuxRCw,3.0,2017-10-02 16:24:08
-G7Zkl1wIWBBmD0KRy_sCw,EwYzIWSC-w81qZwUwVDoIQ,5.0,2017-09-09 22:17:32
-G7Zkl1wIWBBmD0KRy_sCw,FCAqHUb6Wn1ABMDQZG0Dnw,4.0,2017-07-11 14:27:07
-G7Zkl1wIWBBmD0KRy_sCw,FFKLPxNOHF8xMV8jSVfO1g,4.0,2018-08-28 17:57:32
-G7Zkl1wIWBBmD0KRy_sCw,FIFi_8eNmc-jPHZVHPS3NQ,5.0,2019-09-09 21:04:35
-G7Zkl1wIWBBmD0KRy_sCw,FcZxIZcFyJFDny8J83KzCw,4.0,2018-12-05 19:11:46
-G7Zkl1wIWBBmD0KRy_sCw,FlhLKsuV-QuLBzn1XFLvaA,3.0,2019-04-16 16:22:21
-G7Zkl1wIWBBmD0KRy_sCw,GXqzvoBm9iEZ_R6Ubeqzrw,5.0,2015-11-30 18:06:30
-G7Zkl1wIWBBmD0KRy_sCw,Gw7UW0E2BguzL9suQnwDeg,5.0,2018-01-29 17:20:22
-G7Zkl1wIWBBmD0KRy_sCw,HNI6qvswn1KYybgJVqUWGg,5.0,2021-11-25 17:29:21
-G7Zkl1wIWBBmD0KRy_sCw,HSv0Pe45yPAs6PgwlcTPcg,4.0,2015-05-03 12:04:43
-G7Zkl1wIWBBmD0KRy_sCw,HgxY_RnJFGqqSVO32nxS4A,4.0,2018-01-03 18:46:01
-G7Zkl1wIWBBmD0KRy_sCw,I79keuDOkqf1CFjYDMRMNg,2.0,2018-08-21 15:32:11
-G7Zkl1wIWBBmD0KRy_sCw,IAgeKx3Z3_JqMjcAOCy2dQ,5.0,2016-09-19 14:14:52
-G7Zkl1wIWBBmD0KRy_sCw,IKF8XeK93NsQxrXQvdGZmA,5.0,2021-07-09 18:02:39
-G7Zkl1wIWBBmD0KRy_sCw,IbndcMURguByburM72o3SA,5.0,2015-11-18 20:21:35
-G7Zkl1wIWBBmD0KRy_sCw,JVZ_c3k01uAIas5B61iISg,3.0,2015-08-31 02:46:45
-G7Zkl1wIWBBmD0KRy_sCw,Jo2zJoA818OmbiE-6HfghA,2.0,2021-12-16 23:52:21
-G7Zkl1wIWBBmD0KRy_sCw,LaEnUeazBtFdu8_IJlH97w,4.0,2016-06-13 15:05:34
-G7Zkl1wIWBBmD0KRy_sCw,NABcZKRWQF9-rDVt0P0bhw,4.0,2016-10-12 10:33:33
-G7Zkl1wIWBBmD0KRy_sCw,NRl9bD37QQUmdgW8AhUwZw,4.0,2014-01-12 17:42:42
-G7Zkl1wIWBBmD0KRy_sCw,Ony7JxUB_ncfK146S66PPA,2.0,2017-02-07 17:23:18
-G7Zkl1wIWBBmD0KRy_sCw,Oun4NN-u5yiHIxDqtJnxgA,3.0,2016-02-02 16:23:54
-G7Zkl1wIWBBmD0KRy_sCw,P2Lm1g_RztvIaH4daQsXoQ,4.0,2017-05-05 15:02:00
-G7Zkl1wIWBBmD0KRy_sCw,P8B3oNC6HzSyQWHTDXUuXQ,4.0,2014-06-30 16:37:07
-G7Zkl1wIWBBmD0KRy_sCw,PJjkH_VZeQwxEJvlQ-v7wA,5.0,2016-05-30 20:55:04
-G7Zkl1wIWBBmD0KRy_sCw,Q9poenJ9SS3agpPo4Pgyyg,5.0,2017-01-20 12:10:02
-G7Zkl1wIWBBmD0KRy_sCw,QJcjW79f5k_HLg5_KgjUtg,3.0,2017-04-10 14:27:26
-G7Zkl1wIWBBmD0KRy_sCw,QK9s-Chx69_U-M2gsPb3Gw,4.0,2017-06-25 21:32:12
-G7Zkl1wIWBBmD0KRy_sCw,QVqLR6SJZP9DyeYVR9esUg,2.0,2021-03-22 17:06:53
-G7Zkl1wIWBBmD0KRy_sCw,Qsf6aYZHrP5SLioZXQrpXg,3.0,2017-01-19 14:55:56
-G7Zkl1wIWBBmD0KRy_sCw,RotPJ1vjKab0NbMh--7dPA,3.0,2016-06-19 14:08:07
-G7Zkl1wIWBBmD0KRy_sCw,RuT4UXoJEtNGwzeZ0igeNQ,3.0,2018-06-12 16:16:59
-G7Zkl1wIWBBmD0KRy_sCw,Rzx2E5XgTeGU7FEbUZ-bGg,2.0,2019-07-23 16:40:45
-G7Zkl1wIWBBmD0KRy_sCw,STwdgdVYWm-pBDF1JIpAVA,2.0,2019-04-20 20:08:29
-G7Zkl1wIWBBmD0KRy_sCw,SchEDi1KRF7oXar40gakzQ,4.0,2021-09-30 14:37:12
-G7Zkl1wIWBBmD0KRy_sCw,T9n_LqUUhC2b1ALhg57Y5Q,4.0,2019-02-25 17:11:41
-G7Zkl1wIWBBmD0KRy_sCw,TD2Ln8rzK-UbGECZkD6V4Q,4.0,2019-09-12 18:31:04
-G7Zkl1wIWBBmD0KRy_sCw,TODSpqAYU59Y_sfcL98rLA,2.0,2016-07-14 13:51:48
-G7Zkl1wIWBBmD0KRy_sCw,TRo4MkPEtdZAkM1G6C_i1w,3.0,2019-10-13 14:10:58
-G7Zkl1wIWBBmD0KRy_sCw,TiywUz1q7Yw8JL4daD4fKQ,3.0,2019-02-06 02:54:00
-G7Zkl1wIWBBmD0KRy_sCw,X6_5_b4gVKo83VPn0FyONw,3.0,2018-03-25 16:35:26
-G7Zkl1wIWBBmD0KRy_sCw,YQvVAKCpPcOJHwwrMad4KA,3.0,2018-04-25 18:54:02
-G7Zkl1wIWBBmD0KRy_sCw,Yax5aVDXTboGKvy8J6Vqpg,5.0,2017-12-03 15:15:05
-G7Zkl1wIWBBmD0KRy_sCw,ZuwJdk2g6XGRWV94TE50Cg,4.0,2014-10-31 21:12:39
-G7Zkl1wIWBBmD0KRy_sCw,_kaXQwnlsnfpUsKr3otCBg,3.0,2016-06-01 17:34:13
-G7Zkl1wIWBBmD0KRy_sCw,aRb_ToTRcHa9BICLLj8n-A,4.0,2021-03-28 15:06:13
-G7Zkl1wIWBBmD0KRy_sCw,aduPqegPuD0amg0dXtxBgA,3.0,2018-05-08 16:49:25
-G7Zkl1wIWBBmD0KRy_sCw,avB60OOVc_YOyfbz2AqL_g,4.0,2018-04-05 16:07:54
-G7Zkl1wIWBBmD0KRy_sCw,b6kCTSH1kHtfcHxUTm2odA,4.0,2017-12-17 18:08:18
-G7Zkl1wIWBBmD0KRy_sCw,bFln2Z17KfFIcEz4TRaHjw,3.0,2021-11-22 16:23:45
-G7Zkl1wIWBBmD0KRy_sCw,bncTqUdA8ZPcUkDDmUbqyA,3.0,2021-10-24 14:38:23
-G7Zkl1wIWBBmD0KRy_sCw,cLxia5oKALmQ1HDWq0KPmw,5.0,2017-12-30 02:40:47
-G7Zkl1wIWBBmD0KRy_sCw,d_tRshM-w6S4QxE4VVi8tQ,4.0,2015-12-05 22:43:09
-G7Zkl1wIWBBmD0KRy_sCw,diovHdArxKlT5ZgkTfDkRQ,5.0,2017-03-10 16:08:28
-G7Zkl1wIWBBmD0KRy_sCw,eBQd3DwWtW9UE-g_WNC3zg,2.0,2015-12-04 21:27:26
-G7Zkl1wIWBBmD0KRy_sCw,eY8exh1aLVVhW6z_M0u_Eg,4.0,2021-04-12 15:42:05
-G7Zkl1wIWBBmD0KRy_sCw,eirHDiyhPn2YSo08G1tt6g,4.0,2019-12-12 20:05:43
-G7Zkl1wIWBBmD0KRy_sCw,eln6se9XC_bYYDzQwb102A,4.0,2018-11-02 14:28:51
-G7Zkl1wIWBBmD0KRy_sCw,evbpaGxJULlu_QAnUV7oXg,4.0,2020-03-15 19:17:01
-G7Zkl1wIWBBmD0KRy_sCw,fN17POyxijqDNBBe2UGZkA,4.0,2016-03-14 02:36:33
-G7Zkl1wIWBBmD0KRy_sCw,fhprRgtBPIr0lxKv9PMVhA,4.0,2019-03-12 16:44:34
-G7Zkl1wIWBBmD0KRy_sCw,fwIhAbiaJBuJnt90mZSTBA,3.0,2017-03-29 19:50:31
-G7Zkl1wIWBBmD0KRy_sCw,gK9CdFaCXmHoW8aLfXiSqg,5.0,2017-02-25 14:56:28
-G7Zkl1wIWBBmD0KRy_sCw,hA03QM1dEu5DLU0TB9rx4g,3.0,2017-02-17 13:08:39
-G7Zkl1wIWBBmD0KRy_sCw,hlS7wJQ650VrIZ1X0O2iOA,3.0,2018-12-06 18:35:10
-G7Zkl1wIWBBmD0KRy_sCw,iCVrRHR_Yxr6mHCpObnE1g,4.0,2016-06-28 11:37:26
-G7Zkl1wIWBBmD0KRy_sCw,iMw_LReFjEsvhFGrU1EKqQ,4.0,2017-10-27 18:06:53
-G7Zkl1wIWBBmD0KRy_sCw,iZ9fg8Dm3SsHa5BqXktGtw,2.0,2020-02-24 17:06:20
-G7Zkl1wIWBBmD0KRy_sCw,jGgUfiMg0_a6ehbz_ucDkQ,3.0,2016-04-14 14:02:48
-G7Zkl1wIWBBmD0KRy_sCw,k5ODiSuPem4rHsBgi-iCSA,4.0,2015-05-29 16:38:13
-G7Zkl1wIWBBmD0KRy_sCw,k9CwhDTFoInTVUvmvYKZPg,4.0,2020-10-27 01:00:52
-G7Zkl1wIWBBmD0KRy_sCw,kQRB8RNwd7cEMcURTS-I7A,2.0,2020-02-16 17:01:11
-G7Zkl1wIWBBmD0KRy_sCw,kjIyHGVbVpQYK_UzetPShg,5.0,2017-04-03 16:44:47
-G7Zkl1wIWBBmD0KRy_sCw,kxX2SOes4o-D3ZQBkiMRfA,5.0,2017-04-28 13:32:57
-G7Zkl1wIWBBmD0KRy_sCw,mOk3D7VczrDapNuUgLxUQw,4.0,2019-12-29 23:28:18
-G7Zkl1wIWBBmD0KRy_sCw,nGOYzNwIjWBufuaW4kEvUw,5.0,2019-10-22 15:56:33
-G7Zkl1wIWBBmD0KRy_sCw,nTkJq7iDAcPyoe2zP5NhyA,4.0,2016-05-02 19:22:35
-G7Zkl1wIWBBmD0KRy_sCw,qDEcJ48kXdWxQGZefgG94w,5.0,2021-11-15 00:22:22
-G7Zkl1wIWBBmD0KRy_sCw,rDh6j39BYX4IL9RSZDGs2A,3.0,2016-04-16 15:25:04
-G7Zkl1wIWBBmD0KRy_sCw,s9ceDy-cVHe0uzvZpWq87Q,4.0,2013-10-11 17:01:52
-G7Zkl1wIWBBmD0KRy_sCw,sf-KdXHB5nxfNjl2uUpI6Q,5.0,2016-02-15 20:26:53
-G7Zkl1wIWBBmD0KRy_sCw,tUkv0ZxUAdpyv8qhgRU5TA,3.0,2019-08-24 23:54:39
-G7Zkl1wIWBBmD0KRy_sCw,uIlFxzyoJy7ud9j12aK7MA,4.0,2020-02-01 00:51:55
-G7Zkl1wIWBBmD0KRy_sCw,uP42QDUxC2lxz15BUDbFnA,4.0,2018-12-23 16:20:50
-G7Zkl1wIWBBmD0KRy_sCw,up5Czl7yXI1LpZ_6Ys2Ahw,5.0,2020-10-25 15:45:48
-G7Zkl1wIWBBmD0KRy_sCw,vgNNwYjdZ_waBvgUcwtefA,3.0,2019-01-04 18:16:14
-G7Zkl1wIWBBmD0KRy_sCw,we1k41J13buaXeLrPlYFyg,3.0,2018-07-09 15:50:43
-G7Zkl1wIWBBmD0KRy_sCw,yYwZWTgSoweD0YNh2p9QRw,3.0,2022-01-01 15:36:12
-G7Zkl1wIWBBmD0KRy_sCw,ynOYkpRAQIEGI-GGTByBKA,3.0,2017-12-04 17:24:15
-G7Zkl1wIWBBmD0KRy_sCw,z5GlwQqwr4H8ruCjpnE_BA,3.0,2019-10-15 20:40:39
-G7Zkl1wIWBBmD0KRy_sCw,zJoT9gFvGtZAhbdcIF4Xmw,3.0,2017-03-13 16:27:29
-GlcLdmC44mF-5xQfLbLvw,rTXNiH-RROF1OQHVIn5qJQ,5.0,2014-03-12 15:12:26
-GowNe73gDZs9MfS3ugJDQ,e1l1IlKpL7FJlM4ivnoO2g,5.0,2018-12-10 16:45:59
-GowNe73gDZs9MfS3ugJDQ,gltppHhVxJN9ETmQM6BFxg,4.0,2017-08-07 20:51:20
-Ixl2LZt_uy3A2Jp9-MEKg,VVH6k9-ycttH3TV_lk5WfQ,1.0,2017-05-06 23:18:17
-NDurCQ1u3CbUd05M7MaIA,zSDqW5cZq9Bg7O9vMpJ6Tg,5.0,2015-10-15 03:23:22
-NbeVN5tnwdyYAvdNkKMjw,PP3BBaVxZLcJU54uP_wL6Q,3.0,2016-06-03 03:46:51
-NbeVN5tnwdyYAvdNkKMjw,U2y7fsqDgxAXskoJNVxbwg,4.0,2016-06-25 11:41:46
-NycZLw5rPxqwrkKKI-83w,pKONQc8eYlnF0L54YpJdQQ,4.0,2019-10-07 03:34:36
-OZPBHH7RzyPIai4AlPWKA,6OC8ErU_m06KABnfSXTJEA,5.0,2015-08-11 18:19:58
-OZPBHH7RzyPIai4AlPWKA,K7KHmHzxNwzqiijSJeKe_A,5.0,2014-08-18 15:15:43
-OZPBHH7RzyPIai4AlPWKA,QWqKTWQ2OiDgo3dzNkpung,5.0,2014-06-15 22:31:10
-OZPBHH7RzyPIai4AlPWKA,dXYmCOVFSsKBkRq_0-tIaw,5.0,2014-04-23 23:56:31
-OZPBHH7RzyPIai4AlPWKA,iUZEGx29miZObLd6_lt7Vg,5.0,2014-11-20 23:06:00
-SO_K8oLVH_9J23z2MtjGg,O0r7Ocj9XmXvwm8p4I4Nqw,4.0,2017-04-03 03:13:13
-SO_K8oLVH_9J23z2MtjGg,e-fXMT8R3j7BKMTh8xn8aw,5.0,2017-11-24 17:55:31
-SigNCNItQDtSq27j0t_tw,e_MDOxwYA6b8XThonDDI_g,2.0,2014-11-30 23:31:48
-TBFZ48Er0nXjSZpG4BmBA,SBtjW_pKw3XaOKtKAavWZg,5.0,2018-09-18 04:19:18
-THLGnsYKu3yQAsy_tt1fw,ipZ7neK1bjBAUrCqyCvB_Q,2.0,2013-05-14 23:53:49
-TLXQfY2lZ6DVWQj4BosxQ,KHe6HAqmyioITwTvg9Bbcg,4.0,2015-10-19 15:46:58
-TdnnNdi7xAW-xR7lcEXXQ,eoN0GAIRV0WmwUm7FmzKgQ,5.0,2016-03-09 05:52:26
-V7frksbFjKQYVhrPnnlPw,0vi741BLMGl2QPeTXWeG2w,4.0,2015-12-22 20:00:54
-VOCFO1QSCjAxl_0LIrZ9Q,K7KHmHzxNwzqiijSJeKe_A,5.0,2018-01-02 01:20:48
-YAXThScggsREXhutAHkAA,6-5hbU746kMNgim0YOOg6w,3.0,2021-09-05 19:03:13
-YAXThScggsREXhutAHkAA,ei7oceWOL-u1hXsraus7ng,4.0,2021-04-02 00:42:07
-YAXThScggsREXhutAHkAA,jL251AHFcygyUEfAAF3h2Q,4.0,2021-09-05 17:02:14
-ZYBcGGfcm6EZo4ABH2jcA,OR7VJQ3Nk1wCcIbPN4TCQQ,5.0,2020-10-08 15:16:04
-_Lfm5bztNCYXaBmrqY7tA,2HxkdqHmbYGj_BH1bLaiSw,5.0,2016-07-24 22:58:55
-__Mk4KYnfGnyYEi9NKfPg,0jpFptAehZhLl3nkhHDanA,4.0,2018-09-12 05:28:30
-__Mk4KYnfGnyYEi9NKfPg,8_r9EZL6vX5fPBoVh3gUrA,4.0,2018-09-13 20:35:15
-__Mk4KYnfGnyYEi9NKfPg,KelJcIYD7uOzQ2lIrVZpUA,4.0,2021-11-18 16:30:23
-atOO0PvfIN8GTX5K-kdgQ,Nhci37qY0HPCNWc5UQul9w,3.0,2017-06-02 02:30:22
-cX6CW0hntz6LUF-nJsOUQ,6Aa0t9YWJNknGP9tHWmG5Q,5.0,2015-05-11 18:58:58
-cbyeeELqS0YdOLSEhUKEw,WrZaL6BxHqVqt3sAcJ-5Rg,5.0,2021-06-10 14:07:59
-crYXMtwfUdACKUiyA1eqA,oBNrLz4EDhiscSlbOl8uAw,4.0,2011-05-09 02:24:47
-dbvRNHhBPs4eXhu2k0_xA,dYYkzkiAQoOtRjdR0kcspw,5.0,2018-12-18 09:57:33
-dnERQYQCDVZFMMuh7bBDg,LtLbT776NOAjva1ttA2h3w,4.0,2016-09-28 03:16:50
-dnERQYQCDVZFMMuh7bBDg,kZ1q0K13tFYG_ZJrVvsJHA,5.0,2017-05-22 00:56:34
-exvXUUTiQeHhtvpzhKq7A,GXFMD0Z4jEVZBCsbPf4CTQ,4.0,2018-10-28 02:34:43
-exvXUUTiQeHhtvpzhKq7A,WY7Umhuv9jcQ6fOoOFa4lQ,5.0,2018-11-12 03:27:45
-exvXUUTiQeHhtvpzhKq7A,pIvX_Kw4f82baMUhRO6WxQ,5.0,2018-10-31 00:02:03
-fnNvqHxi1xuIrMEp_xiTw,8A5LSwsKK5vXDH1M3_Tf1w,1.0,2020-08-25 19:20:59
-gCzk8T456FFJpHo2DKJbg,3WC9HidyqFisiDxP1dcFCA,5.0,2019-05-15 20:22:04
-gqZly_I4PBDPnrt7tnqSQ,RfeNJDEt0AV9gPab9-A17Q,3.0,2016-11-08 01:57:42
-hnRXNqY9bccnMlc87elZg,8_r9EZL6vX5fPBoVh3gUrA,4.0,2020-03-24 06:14:18
-iNN4s230lAs9fZTBtx1Tg,f3eve2cxUIzyanWnHdMtFQ,5.0,2021-12-24 15:56:09
-iNN4s230lAs9fZTBtx1Tg,s4k1P9FHfPUzw3dqXRp7eA,3.0,2021-12-24 02:00:10
-ibb_cZiaht_DjkIqDUF_Q,ee-2Z5tuo9bUbe9ZDgNgbQ,3.0,2016-06-04 13:11:45
-iidloktekXhKlhoyYFgTw,16zHT7zp6K9IEQZ1oW6xXg,2.0,2014-11-28 20:01:30
-j_XG8sSIxT7cDPWl47gNg,IAgeKx3Z3_JqMjcAOCy2dQ,1.0,2012-09-24 23:34:58
-k-pB4kluJwRF4-c2gp3pA,-FM4CxOg4XXmX_Ebky_SiQ,1.0,2017-06-27 20:53:59
-kLVfaJytOJY2-QdQoCcNQ,-81BXpO5Fuk-RqCabS7LMw,5.0,2017-10-13 12:28:31
-kLVfaJytOJY2-QdQoCcNQ,0ZsqqzHu1HHkDdIKoivi5g,4.0,2017-07-29 13:29:08
-kLVfaJytOJY2-QdQoCcNQ,1ymFs_vuos2IsTvWAvQv5Q,5.0,2018-06-05 13:26:00
-kLVfaJytOJY2-QdQoCcNQ,2KIDQyTh-HzLxOUEDqtDBg,5.0,2019-07-31 13:32:56
-kLVfaJytOJY2-QdQoCcNQ,2oh4NJDtqTUO5ZuvCe0hWw,5.0,2018-03-16 16:42:13
-kLVfaJytOJY2-QdQoCcNQ,33zxFqIOe6Yg8qPXKkhUjg,5.0,2017-04-25 12:25:03
-kLVfaJytOJY2-QdQoCcNQ,4gszBjoouIzfi1ltSQZ2BQ,5.0,2019-08-16 17:12:58
-kLVfaJytOJY2-QdQoCcNQ,8m3-Xrqr2dkF-lLz5H1ZrA,5.0,2021-02-07 19:14:54
-kLVfaJytOJY2-QdQoCcNQ,9EoNx6yHsmiCe43XscJzDA,5.0,2018-10-17 08:35:55
-kLVfaJytOJY2-QdQoCcNQ,9xCprW96TZFLajnnN-w8Pg,5.0,2018-05-10 16:02:01
-kLVfaJytOJY2-QdQoCcNQ,AAQ3g1ufbkOEuPg4JJ3YnQ,4.0,2020-06-08 19:15:45
-kLVfaJytOJY2-QdQoCcNQ,AP_sb7dETsflRNNkJinYUQ,5.0,2018-10-09 13:48:50
-kLVfaJytOJY2-QdQoCcNQ,Af6nr1cb6_HwKGUUBDvCKQ,5.0,2017-10-05 13:10:38
-kLVfaJytOJY2-QdQoCcNQ,B1OjiK9Bx5t_mIm9I6mZ-Q,4.0,2018-01-09 16:25:06
-kLVfaJytOJY2-QdQoCcNQ,B2SeIqe17wywK_a8kfrTPQ,4.0,2019-12-04 13:36:50
-kLVfaJytOJY2-QdQoCcNQ,B3tLDhsfgQIQ7T9u3K9-uw,5.0,2018-03-08 14:02:53
-kLVfaJytOJY2-QdQoCcNQ,Bii6sQO2QNinBq9vdakNBg,5.0,2019-08-02 15:45:32
-kLVfaJytOJY2-QdQoCcNQ,D2kZP7jvrWTuRzcPY6NbqA,4.0,2018-01-26 15:07:38
-kLVfaJytOJY2-QdQoCcNQ,DE7oNZUBOkAQ4zhA8tZQLg,4.0,2019-03-05 15:26:43
-kLVfaJytOJY2-QdQoCcNQ,Dkd-YyNmNwVs8PzmEaTIXQ,3.0,2017-08-31 12:51:08
-kLVfaJytOJY2-QdQoCcNQ,DsPomqfQZ44v5wD-My6dIQ,5.0,2018-10-31 10:24:22
-kLVfaJytOJY2-QdQoCcNQ,E3Qk7xTznkT0SABL2ltpHA,5.0,2018-11-30 14:13:37
-kLVfaJytOJY2-QdQoCcNQ,EUkh0Qyf_Y4-B69w_z8n6Q,4.0,2018-11-29 14:15:05
-kLVfaJytOJY2-QdQoCcNQ,EqxVp4_9Up1HNgpU2pH3WQ,4.0,2020-11-10 22:11:32
-kLVfaJytOJY2-QdQoCcNQ,EurtMI6FITq7KHmmO94pnA,5.0,2020-06-23 19:25:43
-kLVfaJytOJY2-QdQoCcNQ,FSTLTRc_7BTgv99kWSnhIw,5.0,2019-09-12 15:25:14
-kLVfaJytOJY2-QdQoCcNQ,GTEWqK6UFJasMsA3e_OAyw,5.0,2020-06-30 13:37:00
-kLVfaJytOJY2-QdQoCcNQ,H5Rk-aunuEzGANXCBu-NPQ,4.0,2019-01-22 14:30:27
-kLVfaJytOJY2-QdQoCcNQ,HDkjdWPwMX9d2G-5QYUq0Q,4.0,2017-03-06 14:43:21
-kLVfaJytOJY2-QdQoCcNQ,IjtKwA7njLjTvZr0nFSLeA,2.0,2018-04-23 14:23:28
-kLVfaJytOJY2-QdQoCcNQ,KP5OncF2jhT7_J1phHPPww,5.0,2019-10-16 15:47:22
-kLVfaJytOJY2-QdQoCcNQ,KiwskluQ7tMqZqvuf872vg,4.0,2019-05-06 15:11:26
-kLVfaJytOJY2-QdQoCcNQ,KlA5iqcX7fWeftUZzD3qwQ,4.0,2017-11-19 10:00:56
-kLVfaJytOJY2-QdQoCcNQ,LkskzKzo_S8YmG1dGn4hag,4.0,2020-01-27 20:31:14
-kLVfaJytOJY2-QdQoCcNQ,O1Cw2yzf4bCuKjbVTljqUQ,5.0,2021-01-17 00:05:52
-kLVfaJytOJY2-QdQoCcNQ,OR1jehTozILIG4FzoxJcUw,5.0,2019-03-21 12:15:49
-kLVfaJytOJY2-QdQoCcNQ,Oo2QSeBVkx8HJQm8SIL1Fg,4.0,2019-07-09 15:29:33
-kLVfaJytOJY2-QdQoCcNQ,Ps7Q7BOKzJO4nDTUhbk43Q,5.0,2019-07-15 21:03:57
-kLVfaJytOJY2-QdQoCcNQ,QGUj9Za0iG_OJz0CqujE_Q,5.0,2018-01-11 13:45:19
-kLVfaJytOJY2-QdQoCcNQ,QN38TkkGzF5vB1urbvi5nQ,5.0,2019-05-16 14:03:56
-kLVfaJytOJY2-QdQoCcNQ,RRCgIohWjaeGtlbpcYJBbw,5.0,2018-02-08 13:46:05
-kLVfaJytOJY2-QdQoCcNQ,SKKiHIOPKD3wdf0heTBfZw,5.0,2019-12-10 20:25:00
-kLVfaJytOJY2-QdQoCcNQ,SxbqEgEwrGmtgvQAgM6kIg,5.0,2018-10-02 14:24:47
-kLVfaJytOJY2-QdQoCcNQ,T6c7iPO8Y4t_GQiyevZbiQ,3.0,2019-11-04 18:21:33
-kLVfaJytOJY2-QdQoCcNQ,TjBvLFDUj2Hz6bkELIJbng,3.0,2018-12-07 19:54:50
-kLVfaJytOJY2-QdQoCcNQ,UfWjaifeYmyldKxlEYI9cg,5.0,2019-06-28 12:13:24
-kLVfaJytOJY2-QdQoCcNQ,W57360g1e7xMGerm7wPW0Q,5.0,2019-03-07 21:39:52
-kLVfaJytOJY2-QdQoCcNQ,WB-eQAgw88fbr15eY761CA,5.0,2018-06-14 17:59:27
-kLVfaJytOJY2-QdQoCcNQ,WO5nr-4sjVs506BdCLL0aA,4.0,2019-04-12 15:58:51
-kLVfaJytOJY2-QdQoCcNQ,a6J0Jq1GJ6Shk-L10Bp6Cw,4.0,2017-07-31 01:25:35
-kLVfaJytOJY2-QdQoCcNQ,aQFQIlyHasaTz5DtjV57nQ,5.0,2019-07-01 17:20:39
-kLVfaJytOJY2-QdQoCcNQ,f4PA-f1tcN1bIpZJLdFsQQ,4.0,2018-05-18 12:56:43
-kLVfaJytOJY2-QdQoCcNQ,fCDMLD21ypv1XZ_EyafCkQ,4.0,2017-09-21 12:47:46
-kLVfaJytOJY2-QdQoCcNQ,fgboXnRdTBPfiBMzpuQu1A,5.0,2017-12-11 18:01:05
-kLVfaJytOJY2-QdQoCcNQ,gytqFU8j-b6dpNcLEwMDYQ,5.0,2021-04-07 21:23:34
-kLVfaJytOJY2-QdQoCcNQ,hV0rmTB2S2fYzjQKlHtKuw,4.0,2018-10-22 12:57:49
-kLVfaJytOJY2-QdQoCcNQ,kCV9CwW28Uz1ln4IXGhGwg,5.0,2019-10-08 14:59:58
-kLVfaJytOJY2-QdQoCcNQ,kKPJLiHIr9Gd9sYs3GhxDQ,5.0,2017-06-16 13:03:07
-kLVfaJytOJY2-QdQoCcNQ,lRPOodYgeRScvDDDO8_Qjg,5.0,2018-10-05 15:39:03
-kLVfaJytOJY2-QdQoCcNQ,mIxVPAdKyICXbllwtzWzow,5.0,2021-07-18 17:34:19
-kLVfaJytOJY2-QdQoCcNQ,n5i09tgSuzv9ZeIN9Qe5oQ,4.0,2017-01-04 22:17:42
-kLVfaJytOJY2-QdQoCcNQ,oMTXtSJzEiHudUY3T68sPg,4.0,2019-12-05 14:57:40
-kLVfaJytOJY2-QdQoCcNQ,otJAPyE7thHcLuFCM8Wtvw,5.0,2018-05-31 13:12:28
-kLVfaJytOJY2-QdQoCcNQ,ovLgaPIMrx7PDZPrEpTMvg,5.0,2019-05-10 15:03:24
-kLVfaJytOJY2-QdQoCcNQ,p3-FsWgkrRlT18Mw5Z1tHg,5.0,2017-06-20 12:22:32
-kLVfaJytOJY2-QdQoCcNQ,qHJbcBFjNM2Pf-cmWw7OqQ,4.0,2018-04-04 19:49:07
-kLVfaJytOJY2-QdQoCcNQ,q_PFmdGcKx2H7z2ze8H26w,4.0,2019-03-13 12:27:21
-kLVfaJytOJY2-QdQoCcNQ,r4bi-XadaNC4CTs_QbPpyA,4.0,2019-12-18 12:44:26
-kLVfaJytOJY2-QdQoCcNQ,rKx-J2H54p2eZIdn8JvJuA,4.0,2019-10-15 11:53:32
-kLVfaJytOJY2-QdQoCcNQ,rzLJskZrSPj6hJHOPmJ0TA,3.0,2019-04-16 16:12:40
-kLVfaJytOJY2-QdQoCcNQ,syZwSaIJ-Hh6mQAu9JRVnQ,3.0,2020-03-04 14:18:40
-kLVfaJytOJY2-QdQoCcNQ,tkY5BJVXxUmP4jsKavkf2g,4.0,2020-11-05 22:20:06
-kLVfaJytOJY2-QdQoCcNQ,tmB7B9n_9ZW-I7-ONaAG9A,4.0,2018-04-10 13:28:05
-kLVfaJytOJY2-QdQoCcNQ,vXQLdqB-stL2JTP5AsPVaA,5.0,2019-01-11 16:38:58
-kLVfaJytOJY2-QdQoCcNQ,x8-sTKZG59RUhgGj_kcyVg,4.0,2018-12-06 16:57:07
-kLVfaJytOJY2-QdQoCcNQ,xh7mQ46QUMswpugKJFmppQ,5.0,2021-05-06 20:54:43
-kLVfaJytOJY2-QdQoCcNQ,zFcE7bQ2oDfwpPgl_PxOTA,4.0,2021-06-12 01:20:50
-kLVfaJytOJY2-QdQoCcNQ,zjqh_qoBS1BWVSbC51BNjw,4.0,2017-09-20 12:24:18
-kr_HD5Urr5ZXkF3ngkr-g,RQAF6a0akMiot5lZZnMNNw,5.0,2020-03-04 15:41:38
-lGwMGHMC_XihFJNKCJNRg,65wbUrdLo5IdslsnAmWmJA,5.0,2018-09-28 15:10:23
-lGwMGHMC_XihFJNKCJNRg,GST3wg-wej15vHeCvaXE6w,5.0,2018-09-25 15:36:05
-lGwMGHMC_XihFJNKCJNRg,V7dXBEowSa53mOVaDtnj_A,2.0,2018-09-25 15:22:45
-lo0OqppDkzH8PglfYjymw,tV46IhCfHbsx_af-pMupiw,1.0,2014-04-17 14:50:02
-mm2-9291QyM1zpbnJRfsA,cBp1fn2LXpSHe4VbTXLYEw,4.0,2020-02-23 19:11:05
-ns4OcYy2LLIfSGBZQDZAw,jChBkBfOg2dsMV1atEaxgw,5.0,2018-07-22 23:16:02
-ns4OcYy2LLIfSGBZQDZAw,krWsMdrE_uglWwOF5BcJcQ,5.0,2018-08-03 18:26:43
-ns4OcYy2LLIfSGBZQDZAw,vVfy055EfLMdd0yJYHxiMQ,5.0,2018-08-05 20:46:13
-oI5PHKVRsWJzbBXJjIkEw,EwYzIWSC-w81qZwUwVDoIQ,5.0,2019-01-28 01:10:23
-oI5PHKVRsWJzbBXJjIkEw,I4GAOtrRYbinmI3zEwqxVQ,4.0,2019-12-03 19:27:00
-p1JEqQ4iH05yKNMjuiqvQ,Oh3Q3QfhMl2DArFiLUrT9Q,1.0,2013-01-05 15:34:34
-qMPPIyUxYMa0UZezcyn3A,nnZ1l_f443CHSP1udiRUew,4.0,2011-12-10 00:56:14
-rBPL3ntdbLnTw3uwZLfQw,BrrDVqLEjh28tXFJYclIFQ,1.0,2011-07-06 15:20:39
-rBPL3ntdbLnTw3uwZLfQw,celJoKvziNB7tgeih7NIbg,5.0,2013-06-03 15:55:30
-rGU3wo4fgEnGRboYdMTjw,Y4Ur3avr_tGMyQaDHMUdhw,4.0,2014-12-12 16:26:55
-sa7xyGx09l8ESrpWlHC0g,EsV50Yt0y2y5PDYfTzmGCA,5.0,2017-07-29 16:53:11
-sac-sCaPLUR8llnx7HEUg,J8S7cPPlTgsQnXKVfTyN8g,1.0,2014-09-09 11:36:37
-sg-8Z_pPd6bqLGrV31OFg,B-TzVynfb5vUoWWJGEWi-Q,1.0,2020-11-09 02:29:00
-sg-8Z_pPd6bqLGrV31OFg,MeQSPeGqXGa0HvweoRJzSw,4.0,2020-11-19 23:48:04
-soQ5IY73WpWvnv-98efLw,o6S4BEydpftLqzCLZk8dqw,4.0,2016-12-30 12:10:09
-szffXRDPunwOj4oJsLP8w,dGUyXgFW1WSYMgRypKaYew,5.0,2014-08-16 15:38:02
-t16WTKzFVzbC3sJ2EW3Uw,b36EeutJRvowZMr9TpQm0w,5.0,2020-07-24 04:43:24
-t9fNao9prbGC3oEpjt4aA,HoKH4Rk7wHfVT-60aYIYwA,1.0,2015-05-19 16:46:41
-uGMDCVbBk1gH4miepwNIA,ZPFdJgzPjEUM6BoFfoV-ZA,3.0,2016-07-11 03:42:32
-vOrUeANnlPrhd5yMV5COA,m8O_40RlYTs1rk_AOnLjFA,5.0,2014-02-21 15:16:39
-vPtYuV_dMPb0Bbzg9ECVw,-hVMfjPPEsSnga_gnYJx2w,4.0,2016-12-10 22:33:46
-vPtYuV_dMPb0Bbzg9ECVw,4_OXOjAUA9Q8L6VdZz692w,4.0,2015-07-10 01:48:03
-vPtYuV_dMPb0Bbzg9ECVw,DRFYfzBf-WzQUjN0eUo1HA,4.0,2017-05-07 07:36:37
-vPtYuV_dMPb0Bbzg9ECVw,hgPKpBdUOx2hVyGrzY70yQ,3.0,2017-06-13 22:18:10
-vPtYuV_dMPb0Bbzg9ECVw,qBWOIod1dYHSitfWfWMlbA,5.0,2015-11-22 18:53:51
-vPtYuV_dMPb0Bbzg9ECVw,y7pKM3eFDZ9eRchC6SNMsA,5.0,2015-06-14 07:02:44
-wpVvizeougpdYxPgklDRA,Oh3Q3QfhMl2DArFiLUrT9Q,1.0,2009-01-06 19:26:36
-x1516ZG5GllZiBjDQlRkA,3gVSrS4kffGGZT8oXHsIcw,5.0,2009-08-19 03:30:55
-x1516ZG5GllZiBjDQlRkA,R17gwW6zn9ilslbdvKdgsg,5.0,2013-04-07 01:39:18
-x1516ZG5GllZiBjDQlRkA,RQAF6a0akMiot5lZZnMNNw,5.0,2012-08-31 18:15:00
-x1516ZG5GllZiBjDQlRkA,SHYPQbYqbfK4CwTDjtBH7Q,5.0,2012-02-21 06:40:38
-x1516ZG5GllZiBjDQlRkA,Y2Pfil51rNvTd_lFHwzb_g,5.0,2016-12-30 05:43:44
-x1516ZG5GllZiBjDQlRkA,sTPueJEwcRDj7ZJmG7okYA,3.0,2011-04-22 21:22:24
-y4O_E79Z6QwEI1p4OU_0w,Qf4e6amvsjdKgz-b02gvUg,1.0,2015-08-15 23:29:15
-yqCTPAK9e9lxM90NQAlHQ,c-IgS6Pk6vMyax7Rbr38eA,5.0,2021-09-04 23:18:58
-yw_7u1YuE2W3GQfgXK8eQ,o4IiNbNybcy-L4vzTSoDJw,5.0,2020-02-17 22:26:08
-zG47SEyhX_R0xHtOVqnnA,WN4vWgb7tmm-N7rdjFwJVw,4.0,2017-09-30 12:43:37
-zS6gscDrNefSAo_vgvXhQ,SZDWdgb6tgskSlFolkzEdw,1.0,2014-08-09 05:18:57
0-9YVzOkL51P7rtlaLBp9g,4wq9bzoCe3Mh0cPbYH1eDg,5.0,2018-11-19 16:12:55
0-hb63A9uWjR1YIyVMu6rg,ReVpjIDupK_VMPn7ZxPvOQ,4.0,2014-09-02 00:51:22
0-hb63A9uWjR1YIyVMu6rg,ggNLqZxILZgGabRT_NPS_A,5.0,2019-06-23 23:17:27
0-hb63A9uWjR1YIyVMu6rg,sjueAFshWHWkKn5a1AymuQ,4.0,2016-01-26 20:06:36
0-rEsSSEvV9eEBGCt1Fl4w,Eqfks4GEn5dsI4ZGiPrCVQ,1.0,2014-08-19 02:04:57
005GchcM1HWBH3SFKrIxBA,-psZLTe6IJTQUB-bZF7Zyg,4.0,2014-03-29 17:03:25
005GchcM1HWBH3SFKrIxBA,EmJF-xSIOaEEOWcK8UOBqg,5.0,2017-04-25 01:08:31
005GchcM1HWBH3SFKrIxBA,W3vh-SwbjqvTWczrDOsKgA,4.0,2013-03-09 16:10:02
00Qa_og-BQOKiQ1Gse0LDA,fSx8zLSP_LBtIm_mfQRbTQ,4.0,2008-05-27 01:39:58
01AE8ppCbqQ6-k-pqhruPA,pWuoHHu0LuVrD0HjadDygg,1.0,2018-05-08 01:23:29
01IhGl0XmthVaN1n0yVpfQ,-Dg2pJigtydnPUUW5XBamQ,5.0,2014-09-12 16:30:05
01IhGl0XmthVaN1n0yVpfQ,GuHvOgWX4LaVYhSjyuGvyA,5.0,2016-02-01 19:09:52
01IhGl0XmthVaN1n0yVpfQ,cQIh4YJlVtZI9TLF5_smOg,4.0,2014-07-15 14:54:36
01IhGl0XmthVaN1n0yVpfQ,hCepXKyaJ4dQb2WX3KcUpA,5.0,2013-03-12 16:42:25
01IhGl0XmthVaN1n0yVpfQ,n5ckluP3guLVOMBwVS7tXA,5.0,2018-03-10 14:33:21
01IhGl0XmthVaN1n0yVpfQ,q2rR-v9ZStix89t7ihyuqg,5.0,2015-03-12 15:17:20
01IhGl0XmthVaN1n0yVpfQ,u4M4SxqehnyMI5vs9HaW7Q,4.0,2014-04-30 16:06:36
01IhGl0XmthVaN1n0yVpfQ,zM73Lntxy3Qgpm_jWmmTzw,5.0,2013-05-06 16:45:46
01hffAZz_g1sceUoAQ9U1g,Q6UGtl17sUJVk9i5ey3ioA,1.0,2015-08-21 01:37:09
01jTmNPL9OM_2tvUrIbg1Q,iay91CweEOzRIW6wjcOjuA,5.0,2018-03-24 01:00:24
033vQdWDVUgBR4gzTUuSvA,amqruwbDGCcyu55p2pTjMA,1.0,2017-06-08 02:28:42
03TKD0ESJVDIIeBoinGDXQ,XgehM3pBZWuXi45J2dqRJQ,2.0,2017-12-27 20:02:36
03ywGcD8aQraY8zInfqknQ,zvcyW3ZtPYWziX7k9tCFBg,5.0,2016-10-04 02:01:07
06LdtHvxpe_u-JlR_uAP8A,F_p-pLonAAzzOSnTLdJMtw,5.0,2018-04-01 15:40:58
06LdtHvxpe_u-JlR_uAP8A,oziGQYLaEWOpNmPKrZP86g,5.0,2018-03-25 14:09:22
07XFQb4jG8sNESQ1uCWykQ,vWjME92WddneF98IqzaNfQ,2.0,2013-07-27 02:45:04
07aVWNhBhpwqW3MdqoKDKQ,GmXC3CBu172Bkb0c6RnO7w,4.0,2014-04-08 15:32:07
07zgPowZ9npflBPiBf7otg,gK9CdFaCXmHoW8aLfXiSqg,5.0,2019-01-23 03:18:01
08_HyvY9dnDtW47QwosmzA,dGUyXgFW1WSYMgRypKaYew,5.0,2014-02-10 21:33:43
09h1XNAyxVkG_R5ZKZqf1g,8MzF1Tlgz0pOkxmhP5dYzA,1.0,2017-12-13 02:21:04
0Bu7_bXX4dCssG0-OWd_jQ,YSL06t6e2iKo4ZHZnCZIxw,3.0,2018-03-11 03:47:32
0C65lVj_ujVYDs7b2yYBAA,HCN3XWVqv04fws8vkC4H7w,5.0,2012-02-09 15:27:33
0C65lVj_ujVYDs7b2yYBAA,Oun4NN-u5yiHIxDqtJnxgA,5.0,2012-01-24 15:25:58
0C65lVj_ujVYDs7b2yYBAA,Qw7tz-UkPrpXaVidWuab4Q,5.0,2012-02-07 15:43:08
0C65lVj_ujVYDs7b2yYBAA,ws7z5fLdaVgwxZ9ex3cKxw,5.0,2012-02-08 15:18:47
0CKo5RHHoN6AI7vSMnKV_g,9u79dIXLQzmt9rnOZEnBaQ,4.0,2018-10-09 13:55:29
0CKo5RHHoN6AI7vSMnKV_g,w8AxfAjNq7wU5jHmpLSpNg,5.0,2018-10-04 13:58:29
0CL7ncIULe96NbkFCMi6cQ,dIpTuL2T1L98GQGU17IeSw,5.0,2010-10-24 02:34:19
0DK-fg2ZBnpkMKnU9SgPMQ,BWh8oUADBbFTefhBZg5trw,4.0,2016-06-06 19:26:38
0DK-fg2ZBnpkMKnU9SgPMQ,EpREWeEpmR8f1qLHzzF0AA,4.0,2016-12-27 19:50:23
0DK-fg2ZBnpkMKnU9SgPMQ,L4mb344-MC_M4rX8weA3WA,5.0,2016-06-02 15:54:32
0EZ2Gh2ZHijQH9v7iHzxYw,o6S4BEydpftLqzCLZk8dqw,5.0,2016-10-10 13:09:10
0EzVaafewdhxnn0i2WR5lA,zWfzgYe2nT9mHYm_vl1Ukw,5.0,2018-03-12 01:18:48
0FDxFFTJ6K-j1slywkNPeA,dGUyXgFW1WSYMgRypKaYew,4.0,2014-04-01 14:54:03
0FMte0z-repSVWSJ_BaQTg,eIKjxqdMduIeIqzPg7yc-Q,3.0,2016-03-09 07:44:56
0FyfxrAMHm7AlrAkAXZQ9Q,_EqGhRXzlUaTpu5eToC8MA,2.0,2013-02-01 17:13:58
0G-QF457q_0Z_jKqh6xWiA,-VlBFlHwX-Pt6Xyzs9roGw,4.0,2020-03-24 16:49:08
0G-QF457q_0Z_jKqh6xWiA,06NHXjVHiGKNpZ2XeajVkA,5.0,2012-08-09 21:51:37
0G-QF457q_0Z_jKqh6xWiA,0JlxuzzDo1Sv89S9ApI9Ng,4.0,2012-07-12 16:53:55
0G-QF457q_0Z_jKqh6xWiA,0M1l6p96IffjQi9EZsdVhw,4.0,2020-03-05 15:04:39
0G-QF457q_0Z_jKqh6xWiA,1Mmo93UBNsaVW7OnpWDuQg,5.0,2020-03-17 14:59:09
0G-QF457q_0Z_jKqh6xWiA,1ddqdY_piKp-abaZ-bGRSA,5.0,2013-01-14 18:55:34
0G-QF457q_0Z_jKqh6xWiA,2R3VHZy6yys7iS8SuSMbbQ,3.0,2013-07-18 19:49:57
0G-QF457q_0Z_jKqh6xWiA,2VFytje8_davOPXcHFx_ow,2.0,2016-08-06 18:16:04
0G-QF457q_0Z_jKqh6xWiA,4WdDY97x4GdMYtyk1KQMnw,5.0,2014-01-30 16:32:02
0G-QF457q_0Z_jKqh6xWiA,5CbJgHWgvjyDRw9Sl4BXhg,4.0,2013-01-28 18:09:28
0G-QF457q_0Z_jKqh6xWiA,6ixTweh-QM88GDrHTjegGA,3.0,2017-07-03 16:20:55
0G-QF457q_0Z_jKqh6xWiA,6jKFWxE2fJIhfwbYgwqcfg,5.0,2012-09-17 16:56:40
0G-QF457q_0Z_jKqh6xWiA,79OES-kMb3VGsdy0nG6G2g,5.0,2012-01-14 16:33:49
0G-QF457q_0Z_jKqh6xWiA,7D5-a53BLau19RpMu-L3zg,5.0,2017-10-18 15:27:13
0G-QF457q_0Z_jKqh6xWiA,8jXmNMrGJ2acUG1R-D5e6w,4.0,2015-11-05 18:17:59
0G-QF457q_0Z_jKqh6xWiA,8lkst0bYgdXr8CRQv6NloA,5.0,2013-02-10 23:39:48
0G-QF457q_0Z_jKqh6xWiA,9cybDNxJ7cyNVkmwm-ktcg,4.0,2013-02-27 21:25:05
0G-QF457q_0Z_jKqh6xWiA,9kv9JpLhzkN3UeWZDrsmEA,5.0,2013-05-15 20:45:21
0G-QF457q_0Z_jKqh6xWiA,CMh5bkpgksnDq9itn-FlHw,4.0,2012-01-27 18:34:12
0G-QF457q_0Z_jKqh6xWiA,EBonJ5tjkxBEUezwosVlLg,5.0,2017-11-27 15:46:57
0G-QF457q_0Z_jKqh6xWiA,EC20rN7JtmAPIxcw3MTzcQ,3.0,2012-09-22 18:28:47
0G-QF457q_0Z_jKqh6xWiA,EagkHaaC-kUozD3MPzbRIw,2.0,2013-05-07 01:18:35
0G-QF457q_0Z_jKqh6xWiA,G4kmb7lGpbER5Jd2Al2TLw,5.0,2013-02-01 20:31:46
0G-QF457q_0Z_jKqh6xWiA,GM6j5hDNqra0pVfTcpTMMw,4.0,2016-11-08 15:46:54
0G-QF457q_0Z_jKqh6xWiA,HEf0QXnhxrcIWxRfAbQ2iA,5.0,2020-03-23 15:28:37
0G-QF457q_0Z_jKqh6xWiA,IGrnxa9v6C1mTwWMjt3_9w,5.0,2012-08-21 01:25:20
0G-QF457q_0Z_jKqh6xWiA,JsRBXqGj0qeMv77sNXha2Q,4.0,2013-12-06 19:05:17
0G-QF457q_0Z_jKqh6xWiA,Jy1ivHnSRtNNA6snZSAKBw,4.0,2014-12-10 16:45:19
0G-QF457q_0Z_jKqh6xWiA,KLCb0nSVjH5er1Ui6bZWdA,3.0,2012-06-02 16:04:54
0G-QF457q_0Z_jKqh6xWiA,L_P-FSan8ln6Kiybel7Yrw,4.0,2012-02-11 17:44:09
0G-QF457q_0Z_jKqh6xWiA,Nhci37qY0HPCNWc5UQul9w,3.0,2012-09-21 15:30:38
0G-QF457q_0Z_jKqh6xWiA,QD48BhLk7lDTgOL_NiVCCw,3.0,2011-12-30 17:51:23
0G-QF457q_0Z_jKqh6xWiA,RQpOPNHJReRnrsCD-2qEoA,4.0,2018-02-05 16:33:18
0G-QF457q_0Z_jKqh6xWiA,Ro1I-E9gwe3t67_jz2cMkA,2.0,2012-05-26 16:12:47
0G-QF457q_0Z_jKqh6xWiA,SbuLL-8eSaUs-huaYR5_IQ,3.0,2012-01-30 19:57:10
0G-QF457q_0Z_jKqh6xWiA,SyKHFYhRzW1hlwDga5EWWw,5.0,2013-02-25 17:33:53
0G-QF457q_0Z_jKqh6xWiA,UpoQYI2d03qy8R82VCRnQg,4.0,2012-01-12 15:18:54
0G-QF457q_0Z_jKqh6xWiA,V1XS9HMe9bzEuW4RZFycBA,5.0,2021-05-17 14:42:58
0G-QF457q_0Z_jKqh6xWiA,Vnob_w_Aohf7ZDqxcJ9z2A,5.0,2016-06-15 15:00:48
0G-QF457q_0Z_jKqh6xWiA,W3vh-SwbjqvTWczrDOsKgA,5.0,2013-07-26 17:41:36
0G-QF457q_0Z_jKqh6xWiA,WOdqMURCc0CHXUllPZwpqQ,4.0,2013-08-22 16:57:56
0G-QF457q_0Z_jKqh6xWiA,WzEzUDTWr4UQSQykujMwyg,5.0,2014-11-21 17:04:48
0G-QF457q_0Z_jKqh6xWiA,XNllgtbX8Er5sixIrJMEoQ,3.0,2012-07-31 20:07:40
0G-QF457q_0Z_jKqh6xWiA,Z4PF4EtM12L7nwOHZHFJNA,2.0,2014-05-13 13:34:59
0G-QF457q_0Z_jKqh6xWiA,Zi-F-YvyVOK0k5QD7lrLOg,3.0,2022-01-08 00:58:40
0G-QF457q_0Z_jKqh6xWiA,_h94BxrrFKPvzUIRx3Xkhg,4.0,2013-05-02 16:39:20
0G-QF457q_0Z_jKqh6xWiA,aPs-Pf4_CLWcFQcMnbfcUw,3.0,2014-07-16 20:56:27
0G-QF457q_0Z_jKqh6xWiA,al3Ri6TEqa2rBzjHsn0T_g,4.0,2011-12-20 15:02:01
0G-QF457q_0Z_jKqh6xWiA,bMpKXcKFetJQsa42UR25cQ,3.0,2013-03-15 17:59:42
0G-QF457q_0Z_jKqh6xWiA,cnpwVLlQbalDWPWquUvWgg,5.0,2011-12-10 03:41:20
0G-QF457q_0Z_jKqh6xWiA,cpsdgiE7hmOw8UtymGTkCQ,4.0,2014-02-06 16:13:22
0G-QF457q_0Z_jKqh6xWiA,e-fXMT8R3j7BKMTh8xn8aw,5.0,2020-03-30 15:53:49
0G-QF457q_0Z_jKqh6xWiA,eCikDKFbaeYVNdCD2beX0Q,4.0,2020-01-29 19:37:11
0G-QF457q_0Z_jKqh6xWiA,eT1nr9nFklcUg8hefYcQJA,4.0,2012-05-11 17:27:24
0G-QF457q_0Z_jKqh6xWiA,g-IXI3v3fOudMsyLPKb-eQ,4.0,2013-02-18 19:54:27
0G-QF457q_0Z_jKqh6xWiA,h8h1QvEQruTkBI50NlWsyA,4.0,2016-12-20 19:10:13
0G-QF457q_0Z_jKqh6xWiA,iJiNZw2TEwB579dr6LyVZQ,3.0,2012-01-08 04:06:07
0G-QF457q_0Z_jKqh6xWiA,j4kYliTkKf7k-oDqVgyXYA,4.0,2013-04-13 19:27:29
0G-QF457q_0Z_jKqh6xWiA,j8JOZvfeHEfUWq3gEz6ABQ,5.0,2013-05-16 17:01:48
0G-QF457q_0Z_jKqh6xWiA,jLerIZFpe25jOUf722qzBA,4.0,2012-04-23 14:43:50
0G-QF457q_0Z_jKqh6xWiA,jMZ56S8Y1t7cA1Ob-d-qeA,4.0,2013-01-24 19:10:00
0G-QF457q_0Z_jKqh6xWiA,joCDK7kg-03uo4rZK5X0_A,4.0,2016-04-18 14:30:21
0G-QF457q_0Z_jKqh6xWiA,joxy9N8aJv3_6h0aaYuTzA,4.0,2012-11-09 23:36:06
0G-QF457q_0Z_jKqh6xWiA,jrGaVL6KIwYpwivse_eKXw,4.0,2013-02-19 19:21:26
0G-QF457q_0Z_jKqh6xWiA,lSwPJt2ZPX03tEpfXE1BFw,4.0,2012-04-28 21:51:21
0G-QF457q_0Z_jKqh6xWiA,ltBBYdNzkeKdCNPDAsxwAA,3.0,2012-09-14 20:15:35
0G-QF457q_0Z_jKqh6xWiA,me3mlZsR26fV89fMw2uR6Q,5.0,2017-11-22 16:35:32
0G-QF457q_0Z_jKqh6xWiA,now2TRoUla_5u_tmH4HGig,3.0,2015-05-13 14:57:01
0G-QF457q_0Z_jKqh6xWiA,o3hDZ2nv80tApZMNQw2aZA,4.0,2011-04-07 16:11:05
0G-QF457q_0Z_jKqh6xWiA,qF8jkN4q4SajC4p4nKwjgQ,3.0,2013-01-25 21:46:49
0G-QF457q_0Z_jKqh6xWiA,rrNF0siUBVQOOgsFVfGpKA,2.0,2012-10-22 16:23:20
0G-QF457q_0Z_jKqh6xWiA,sMhdwnrxQd8NWPCxLKqG2A,4.0,2012-06-22 06:25:37
0G-QF457q_0Z_jKqh6xWiA,sMwK2RWL3vpkAH2nCmSV6g,5.0,2013-07-11 16:16:27
0G-QF457q_0Z_jKqh6xWiA,stqWlKEgXweNQSsxOsHjVA,4.0,2011-11-08 14:51:44
0G-QF457q_0Z_jKqh6xWiA,sy9erwW0yTpjsTQ1eLtnUQ,2.0,2015-05-29 18:39:26
0G-QF457q_0Z_jKqh6xWiA,tLVnL8CqQYiMU6E_aayYog,5.0,2017-09-12 20:32:46
0G-QF457q_0Z_jKqh6xWiA,tkehxQ-wmJk7xZ_op1r1nQ,3.0,2013-02-09 18:41:44
0G-QF457q_0Z_jKqh6xWiA,vN6v8m4DO45Z4pp8yxxF_w,4.0,2013-07-23 15:07:34
0G-QF457q_0Z_jKqh6xWiA,vxLV9tci88Hsr1G01uleag,4.0,2017-11-13 19:55:49
0G-QF457q_0Z_jKqh6xWiA,wHnk0H_5RGBSYCC32SmkIQ,4.0,2018-03-19 16:01:03
0G-QF457q_0Z_jKqh6xWiA,wqXxljKfGErIHz3LQfuQlg,1.0,2011-04-01 17:16:20
0G-QF457q_0Z_jKqh6xWiA,wrT5DbuM24B9ExBdSSz2_g,4.0,2012-07-16 20:28:16
0G-QF457q_0Z_jKqh6xWiA,xZileQFJ7h-0QKjtGc9xgg,5.0,2012-07-27 17:22:42
0G-bcpdR48tfZy6koGUiTQ,CQD7-sfUiADa6KyTYJT2NQ,3.0,2016-08-02 01:02:14
0G-bcpdR48tfZy6koGUiTQ,b3tI8ODMieXSflFHLFA92A,5.0,2016-04-10 01:23:00
0G-bcpdR48tfZy6koGUiTQ,iWjwJ6IC5ImlmT00KEs0Iw,4.0,2017-03-12 17:29:52
0G-bcpdR48tfZy6koGUiTQ,j2YLhPQg-3TDUAy6mWoBtQ,2.0,2016-09-24 22:34:27
0G-bcpdR48tfZy6koGUiTQ,lzuHckPzwYCnf8Pk3hIr-w,3.0,2017-01-28 21:11:57
0Go6CDxYoLWF47jdmYFX5A,zC_2cSAkMKkSAykOk72LcA,5.0,2011-08-29 00:40:05
0H2ggT37lK8hsbH8aGR1Ug,AW81jJyQA8264WcUT-4JzA,3.0,2017-12-10 21:40:10
0H2ggT37lK8hsbH8aGR1Ug,EagkHaaC-kUozD3MPzbRIw,3.0,2018-09-30 21:12:07
0H2ggT37lK8hsbH8aGR1Ug,VVH6k9-ycttH3TV_lk5WfQ,3.0,2017-12-01 14:41:42
0H2ggT37lK8hsbH8aGR1Ug,wjZwXKDiFBQXlO8-TjQTXA,2.0,2018-01-17 01:55:21
0H2ggT37lK8hsbH8aGR1Ug,ww3YJXu5c18aGZXWmm00qg,4.0,2018-01-17 21:28:36
0Hl2BwAIz3Gi3Jhlx7AYZA,Tj-sKlbJR5M7Rpe9Cykk9w,3.0,2016-02-12 00:07:32
0Igx-a1wAstiBDerGxXk2A,4WdDY97x4GdMYtyk1KQMnw,4.0,2012-10-17 15:45:05
0Igx-a1wAstiBDerGxXk2A,6RDGvdukSq3YHPYvG8sIEQ,4.0,2015-01-26 21:37:13
0Igx-a1wAstiBDerGxXk2A,82bYVTfEpApVNMcmz4pMeA,4.0,2011-08-11 00:47:12
0Igx-a1wAstiBDerGxXk2A,EmJF-xSIOaEEOWcK8UOBqg,5.0,2017-03-27 15:24:51
0Igx-a1wAstiBDerGxXk2A,IGrnxa9v6C1mTwWMjt3_9w,4.0,2013-05-17 04:15:01
0Igx-a1wAstiBDerGxXk2A,RCvzFRJoc4RZPwUSey1MeA,4.0,2014-03-21 14:43:46
0Igx-a1wAstiBDerGxXk2A,W3vh-SwbjqvTWczrDOsKgA,4.0,2012-06-02 15:00:29
0Igx-a1wAstiBDerGxXk2A,drepaTu9BS0qCof5mMpfqA,4.0,2014-05-05 04:34:25
0Igx-a1wAstiBDerGxXk2A,e1WJ1qcgF2TBkoYzopeTgQ,4.0,2017-04-26 15:13:17
0Igx-a1wAstiBDerGxXk2A,geuZssQDB8yblCpFYwoqAw,5.0,2016-07-18 18:48:41
0Igx-a1wAstiBDerGxXk2A,h2DidMy9Q9qyGlQ5xaecMA,4.0,2018-01-05 16:23:12
0Igx-a1wAstiBDerGxXk2A,j8JOZvfeHEfUWq3gEz6ABQ,4.0,2012-06-06 14:05:47
0Igx-a1wAstiBDerGxXk2A,nTBStZYJfHGdSZJbpaBiPA,4.0,2014-08-25 15:36:58
0Igx-a1wAstiBDerGxXk2A,wHnk0H_5RGBSYCC32SmkIQ,4.0,2018-11-09 16:33:21
0J0iZoR4FJZpUwazxUjuJQ,E1R-xslwl7XeTN5lQ7mWPg,4.0,2019-04-02 08:18:04
0JOY3EZh_BfD_n3MvqWAEA,YKFGSDwaJx1qNYoNf3BarA,4.0,2018-01-11 06:26:13
0JOY3EZh_BfD_n3MvqWAEA,a6J0Jq1GJ6Shk-L10Bp6Cw,3.0,2017-12-27 14:07:50
0JOY3EZh_BfD_n3MvqWAEA,oBNrLz4EDhiscSlbOl8uAw,5.0,2017-01-25 08:54:55
0JiIRjH5WM8qFs8iO3Tang,wj8XtPyuREj8_0GQz3LZ6w,1.0,2017-07-23 01:47:00
0KUbWJfYyoN6MPgDGNFF-g,-tDmeO1Q5aqThVY3AFJJ7A,5.0,2018-10-13 05:39:17
0KUbWJfYyoN6MPgDGNFF-g,4_OXOjAUA9Q8L6VdZz692w,1.0,2016-03-15 02:46:55
0KUbWJfYyoN6MPgDGNFF-g,6bfas5osLwyvyWcwwDg6XA,4.0,2017-11-05 19:40:14
0KUbWJfYyoN6MPgDGNFF-g,Mr0Ph0NoO7l-r8uXReUOwQ,5.0,2016-03-06 05:57:37
0KUbWJfYyoN6MPgDGNFF-g,OR7VJQ3Nk1wCcIbPN4TCQQ,5.0,2016-08-29 05:03:38
0KUbWJfYyoN6MPgDGNFF-g,Pr-OrQ0-hNPFdp8bVZN6Lg,5.0,2020-06-05 07:54:44
0KUbWJfYyoN6MPgDGNFF-g,RYfl2IphOq0xFN0N8pzXQQ,4.0,2017-08-05 17:01:11
0KUbWJfYyoN6MPgDGNFF-g,W9y4JkMqy2dFNwYc3Y5cKQ,5.0,2016-09-17 06:09:32
0KUbWJfYyoN6MPgDGNFF-g,bEw98BIWaAUjL7VNpZ7Crg,2.0,2018-03-09 00:02:38
0KUbWJfYyoN6MPgDGNFF-g,eIKjxqdMduIeIqzPg7yc-Q,4.0,2017-03-07 21:30:00
0KUbWJfYyoN6MPgDGNFF-g,jmtDnQIeTgkjbGgazIJxFw,5.0,2016-02-21 05:56:27
0KUbWJfYyoN6MPgDGNFF-g,lau2jbBCG3XohoAvCRIm1Q,4.0,2017-04-23 04:40:44
0KUbWJfYyoN6MPgDGNFF-g,rAytSQU5RQHvXe1Wl_j37w,4.0,2019-05-20 03:21:27
0KUbWJfYyoN6MPgDGNFF-g,tARGnkAmgliIesQLh8tpBw,1.0,2018-11-24 20:45:13
0KUbWJfYyoN6MPgDGNFF-g,vSuBdRP57QxIvURlZV-6FA,5.0,2020-04-29 18:47:15
0KUbWJfYyoN6MPgDGNFF-g,xmRuCnMaXldWXkYnlCo-fg,4.0,2021-07-16 23:37:30
0KUbWJfYyoN6MPgDGNFF-g,y7pKM3eFDZ9eRchC6SNMsA,5.0,2017-01-05 20:56:18
0KY9UhIFfmrBg83jezsJUQ,6c8eIawbCBu3FLp2kDraBA,1.0,2020-10-12 23:38:15
0Lr1srDYn7AkcoBkCAGN-Q,W3gP7qMcwHUpz_hz69L5vQ,5.0,2019-01-22 16:53:31
0Lr1srDYn7AkcoBkCAGN-Q,hV0rmTB2S2fYzjQKlHtKuw,4.0,2020-05-16 02:38:53
0MJ5sKX5uq7Ma5hbl4l3BQ,8-AIbFaP6GP9BwHZdclBog,5.0,2011-01-24 14:28:50
0P7kqgeFLjAX8ewAmT2jMA,H5Rk-aunuEzGANXCBu-NPQ,5.0,2015-06-24 16:30:11
0PkCxX5PeubHdkOLnvSVaA,642IgLN1a8kjDIeAkaps1A,4.0,2017-11-07 20:35:39
0PkCxX5PeubHdkOLnvSVaA,BrrDVqLEjh28tXFJYclIFQ,4.0,2016-03-29 03:19:24
0PkCxX5PeubHdkOLnvSVaA,C3RFTpNj8_4Yz9gtmGeH5Q,5.0,2016-11-16 23:49:53
0PkCxX5PeubHdkOLnvSVaA,IvaYjcuPXzgutKanTeHSRw,5.0,2021-05-23 18:00:27
0PkCxX5PeubHdkOLnvSVaA,LjuVfaLEIqbHF6l8hU-kxg,3.0,2016-04-20 09:54:43
0PkCxX5PeubHdkOLnvSVaA,PP650SbpMnbHB75tJ45yqQ,5.0,2016-08-06 06:26:21
0PkCxX5PeubHdkOLnvSVaA,Sa09GY2yv5gn15qfZ5JKsA,4.0,2016-11-06 00:52:16
0PkCxX5PeubHdkOLnvSVaA,chHeUcGN6mSDzRvoSwtFxA,5.0,2017-10-20 21:27:03
0PkCxX5PeubHdkOLnvSVaA,hXvf5a798WvQtFn0Zbh2yw,4.0,2017-09-05 15:15:22
0PkCxX5PeubHdkOLnvSVaA,kfqgGm2hJUj4NXEkkk1qIA,4.0,2016-05-02 05:48:55
0PkCxX5PeubHdkOLnvSVaA,v3HQ6t5IB2_m19GiaJD7rA,3.0,2016-11-06 00:59:22
0PkCxX5PeubHdkOLnvSVaA,vJTPB_SzizizBs8P-wV2cA,5.0,2021-05-23 18:02:56
0PkCxX5PeubHdkOLnvSVaA,xJIeT5--AiPdvPb5BRflyQ,4.0,2019-05-13 00:19:59
0PkCxX5PeubHdkOLnvSVaA,xxNDE2H1ih-gNbAJyvCvRw,5.0,2016-06-22 03:59:17
0PkCxX5PeubHdkOLnvSVaA,yyvFGYfw0azW5mA_th8ndQ,5.0,2016-03-22 20:08:18
0PkCxX5PeubHdkOLnvSVaA,zobY3ws9R2pgbcP0gOImcg,4.0,2016-05-02 18:52:53
0Q1FC3rbRJeHIsYsqxuuww,Mr7Aov2n7wPCpwaUxk8lCw,5.0,2016-01-08 22:37:51
0Q1FC3rbRJeHIsYsqxuuww,c_xAbBTeiIHqPm1zMOvQcg,2.0,2011-05-28 23:23:20
0QbByQUNJB7ByoxJe1klbQ,Pr-OrQ0-hNPFdp8bVZN6Lg,5.0,2020-04-15 21:52:40
0QbByQUNJB7ByoxJe1klbQ,gndi4-wzu66Mtp4E0zHt7g,5.0,2018-12-20 04:23:43
0RmgSJgWsCOufPdp1lWLVQ,2pBNVsJo3a3CPbInUu9lvQ,2.0,2018-08-05 18:05:38
0RmgSJgWsCOufPdp1lWLVQ,U3grYFIeu6RgAAQgdriHww,2.0,2018-08-16 17:25:44
0S6EI51ej5J7dgYz3-O0lA,v1Uesklh8DpEufYOhTq4iA,4.0,2014-06-30 17:50:56
0SMx6NDTWmS51FNP5QZApg,GNo1zeiPKErB7Ww_j3IlOg,2.0,2017-02-02 00:01:07
0T7D52kX1PSqUtYMudBT3Q,ObkVEcYUuf3efg-0V_WYfQ,5.0,2016-04-02 03:33:35
0TGbNCAp8O2zK5IVQ5UnMA,KHe6HAqmyioITwTvg9Bbcg,4.0,2018-08-04 17:42:22
0TWObqyUNKaI1IQUlTOh5Q,L5LLN0RafiV1Z9cddzvuCw,5.0,2021-11-20 06:32:58
0UFu4fCvBeM0Mojs5NL14w,-mDAFyX5kZHXhxjELeMhiQ,2.0,2010-01-03 23:41:05
0VEa2DL9eO1llMk4wj3Lfg,2E5fh57OvOQMWwxxEOkN8A,5.0,2016-11-19 14:43:49
0VEa2DL9eO1llMk4wj3Lfg,TF3qNGUBUgIYp6u0j79JHQ,5.0,2016-01-30 20:24:33
0VVEy3yNkRsmdmqYaJl_Iw,Gekeq1c-fuezmx0PSGQvzw,1.0,2013-12-17 22:57:46
0XK0W8Az6c4ZSnMeXtzgIg,KHe6HAqmyioITwTvg9Bbcg,5.0,2019-02-06 06:29:05
0YXnCPPqtIvuhhXv58Z41w,U3grYFIeu6RgAAQgdriHww,4.0,2021-08-17 21:31:59
0ZM9HbYhZCeXB-Mwbwj21w,KSYONgGtrK0nKXfroB-bwg,5.0,2021-03-09 23:38:24
0_1ASp-C2cIdSM3EjkJDWA,zFcE7bQ2oDfwpPgl_PxOTA,5.0,2015-07-26 22:29:51
0cHEkFahUqJiobK3vo8BbA,W57360g1e7xMGerm7wPW0Q,4.0,2019-01-04 23:14:16
0cHEkFahUqJiobK3vo8BbA,rLMRRaLhgxH2cU2XuJf_BQ,1.0,2017-11-10 12:33:36
0d7XAQU_2j0ZFI4TtOe0EQ,tXf6TpqHOLiwyMNbYAOOCQ,5.0,2020-08-19 14:42:29
0dAclgpNIO90XCNwplkhmw,AbUMLNaW9DzYelM4AGK3Xg,5.0,2018-09-10 12:29:35
0dAclgpNIO90XCNwplkhmw,C-oyGb6TZDP0IVd1NQNnoQ,4.0,2011-02-08 23:28:07
0du93EkEwKuxRG_x6hqVUg,pFoS41r45N2VL0sHIGdJ-g,4.0,2011-11-14 17:20:56
0dxR_Q8PCOOWNkfpvI4t3w,UM6XgOtTX4DWWcGDTWtjEg,5.0,2013-08-23 04:33:58
0fcXVDi6zmRYs7t3hTpYkQ,MDtu8_LFbbkCgzCzIoEWng,5.0,2021-10-21 18:37:37
0fcXVDi6zmRYs7t3hTpYkQ,PGd06nrseC2YAIqP6S9gUA,5.0,2016-08-15 04:13:15
0fcXVDi6zmRYs7t3hTpYkQ,yoQBK3OUDqWEFoUDE5lM4w,2.0,2021-10-21 19:33:40
0gjhJz1pS47DfOmvL_9Ixw,-6JdVK-DHB4_43PEksbg1A,5.0,2015-09-26 21:21:03
0gjhJz1pS47DfOmvL_9Ixw,HKIy1NZM5C8R4QA9S_rU1g,5.0,2015-10-14 13:54:00
0gjhJz1pS47DfOmvL_9Ixw,fux8aN2h-uvuDUKCQMhCLw,2.0,2015-09-26 21:15:47
0hUf3i0kkRhpuQGpOZbLWg,Gekeq1c-fuezmx0PSGQvzw,1.0,2016-10-30 01:33:13
0i8pCmYDTotfBS_MTr6WXw,kAOn-rLmNnm0YM9x6mZ_6g,4.0,2019-01-10 17:33:20
0ikReUVUjKPtxajKx494ug,-Dg2pJigtydnPUUW5XBamQ,5.0,2018-10-31 00:42:00
0ikReUVUjKPtxajKx494ug,9qXZSFq9vPdX4F6kGjXC-g,5.0,2017-08-28 17:32:49
0ikReUVUjKPtxajKx494ug,S6tR7vBAg-3b9mGLB13-Ug,4.0,2018-01-09 02:41:59
0jkLS0JLIqeGDXleUw-cDQ,ZQ1xusCuRoHneUw_PfZM3w,5.0,2016-01-25 00:14:34
0jkLS0JLIqeGDXleUw-cDQ,ZYoKsoyfRuxqJPwsKtzqFQ,3.0,2015-04-12 07:28:33
0jkLS0JLIqeGDXleUw-cDQ,pWuoHHu0LuVrD0HjadDygg,4.0,2015-11-12 21:12:37
0juzbrgcLHqobdK-OZAyiw,OZcl2HOUXAHuICrh5d2WjQ,5.0,2011-12-06 02:09:40
0juzbrgcLHqobdK-OZAyiw,bq0n3CQy1CkE_WUe76zQvg,3.0,2014-09-26 15:09:35
0juzbrgcLHqobdK-OZAyiw,cQIh4YJlVtZI9TLF5_smOg,3.0,2011-11-08 04:59:16
0juzbrgcLHqobdK-OZAyiw,s9ceDy-cVHe0uzvZpWq87Q,4.0,2014-07-19 08:09:57
0kSXMbNFo7mdwTPj4iQv9A,R17gwW6zn9ilslbdvKdgsg,3.0,2009-11-17 22:34:53
0kSXMbNFo7mdwTPj4iQv9A,WxB8498ejPtHE7wFa89_fA,4.0,2009-11-17 22:26:14
0kSXMbNFo7mdwTPj4iQv9A,ZVFGfG-BuiCT0RBRFSdx3Q,4.0,2015-08-25 22:02:56
0kSXMbNFo7mdwTPj4iQv9A,cGX-1IUwXOjkUqZbkKYcjw,5.0,2009-11-13 22:06:27
0kSXMbNFo7mdwTPj4iQv9A,sTPueJEwcRDj7ZJmG7okYA,2.0,2009-11-20 18:45:33
0m-jyhZjlqfM6O4-QMWdlg,CGNccuDSFO9ZtqhQ46msOA,2.0,2014-04-29 18:00:45
0nuuk84GKG8yYIyyuYqvCA,gXiWHYBuPLWWXZJPOP1uKw,4.0,2019-04-14 23:26:09
0oLUvJnNu2RzFwXLsuaqYQ,SwBhaxfQPbyhsi0QHUAN0A,5.0,2019-10-20 10:31:01
0oLUvJnNu2RzFwXLsuaqYQ,hYnMeAO77RGyTtIzUSKYzQ,5.0,2019-10-31 17:31:19
0pOKVRMUwdIQOraWIqfPrA,O6RCCmz8-x4NhWJpI8KQug,1.0,2016-07-21 15:26:08
0pgYDWcqMiiHUln2JUux3A,WBbHaxP600hEN02-UDtHmA,2.0,2014-04-06 05:21:31
0qOmON6hMNJQIUUwsMt9Bw,grVoVN3n0M7IV1jRUiHWHQ,1.0,2020-01-05 02:43:17
0r2O0VYy9MTKn7UvThSIEQ,tUkv0ZxUAdpyv8qhgRU5TA,1.0,2017-01-15 21:54:00
0r5ziLTmKo7YbGxDAL6XcQ,VgAKmXE8B7J0I_O_R13UKQ,4.0,2018-03-30 05:58:06
0r5ziLTmKo7YbGxDAL6XcQ,bbEXAEFr4RYHLlZ-HFssTA,5.0,2019-01-08 05:34:19
0tvCcnfJnSs55iB6mqPk3w,WCdSajl5Q0qywpv7K5jHdQ,3.0,2018-09-28 01:42:05
0uopgaSN9jYvHOcogfxaWA,FXsu9JqnLl2D0wqeQP4QKw,2.0,2014-05-08 01:20:07
0us9bFdds4rqm117K-DCHw,dpiaAGgEMm9Lf8dbx0yEJQ,5.0,2011-09-03 22:53:32
0uzkllJlOk0a--cCRYm8uw,0tRU8Qsaxax-Mht2WsFxIQ,5.0,2021-04-24 15:41:14
0vRfiwQ4UpUNtzkFe-gpxg,egDsfkn6ZYrYRnlGe4I94g,2.0,2017-08-30 23:58:55
0vg3lFMGU-A9rwTQxL8TJw,qqtGFnjyZWV--_YqabSb8A,1.0,2015-05-22 20:43:39
0wYuREI8lQncPuDw5ztWIA,mOk3D7VczrDapNuUgLxUQw,5.0,2019-01-30 00:21:53
0wYuREI8lQncPuDw5ztWIA,xrsxGPM30L7-AkB9rPyJVA,5.0,2020-10-17 02:01:01
0x9xu_b0Ct_6hG6jaxpztw,1FURjeGJi_LBXcJQg8eskw,3.0,2018-10-28 19:42:43
0x9xu_b0Ct_6hG6jaxpztw,CTmAWi-W8_Id00EjHF5Uwg,4.0,2018-10-09 14:29:33
0x9xu_b0Ct_6hG6jaxpztw,E7RtIisUoRMcADSebBgNAA,4.0,2017-03-09 20:39:02
0x9xu_b0Ct_6hG6jaxpztw,G0rJD85hUDQ0Omz0rOFeOQ,3.0,2017-01-29 17:09:42
0x9xu_b0Ct_6hG6jaxpztw,l_slvEnh4v3W8BXF1gYlcQ,3.0,2017-02-05 10:37:44
0xKEd3EArYyZo9K7KkqIFA,HiGSwE3dV_u5OnLok3jfKw,5.0,2021-09-02 13:20:48
0xLek5Zgnp4k6nsbI66YZw,NVeyGc17JTCxbfyvPMa1Hg,5.0,2021-01-22 21:03:23
0xZucjnNt2beD1veIAWLwA,dGUyXgFW1WSYMgRypKaYew,5.0,2013-11-23 14:30:50
0yrF14nWVAFeI0fG29a63g,wj8XtPyuREj8_0GQz3LZ6w,4.0,2015-06-08 14:23:06
0yrF14nWVAFeI0fG29a63g,yjcIKn2T2QY_DjXWACsAFw,5.0,2014-11-07 22:34:21
0z6Bp7siNkijAsRUVbqQpw,mcr1lAEdvGLMJhuPwI3I2A,5.0,2021-09-09 01:56:34
0zDHiDbj79uBOy3OAcE25A,-H5v2-mADBj8_n2yeACjLA,2.0,2018-05-29 23:44:17
0zDHiDbj79uBOy3OAcE25A,GBTPC53ZrG1ZBY3DT8Mbcw,3.0,2018-06-16 07:09:16
0zDHiDbj79uBOy3OAcE25A,iwmW2mgcn2YdirXUHCsgXQ,3.0,2018-05-28 02:13:51
0zVNLGyQ1PS_AQQUEJTN4A,f5S8fr9DruZNwSev1gyFWQ,3.0,2019-05-15 06:37:56
1-0A9rlR2hX-5-_PMG0EFA,aoBQW6IKzgE-Hst2r_oAEg,1.0,2015-05-01 19:05:47
1-bhzZio7xrNjb86P4wT6Q,c1xuic_qvUfSIr-if6nSUQ,5.0,2013-01-05 17:52:53
1-qqa-l9hVZFYDaGQTtRJg,SJPnC_1BEXUxvU2Xvn9rug,1.0,2016-02-19 01:24:01
110pflSC-iEVhRjPZKxhBw,8E2--KcyOrJx8my51jid2w,5.0,2015-11-14 12:53:25
12sooTbJEj4K95X5uBWL_Q,nm--zdNL0zWvUNE2uMK5_Q,4.0,2014-03-05 20:30:39
135DbbQnr3BEkQbBzZ9T1A,3wghyH3V0jmAQKOnBTdrUQ,5.0,2015-06-30 21:40:30
135DbbQnr3BEkQbBzZ9T1A,HTqXI5S2XcSlh_ylx9sE6g,5.0,2014-12-27 16:18:24
135DbbQnr3BEkQbBzZ9T1A,Qw7tz-UkPrpXaVidWuab4Q,5.0,2015-08-12 20:45:06
135DbbQnr3BEkQbBzZ9T1A,SHYPQbYqbfK4CwTDjtBH7Q,4.0,2014-12-26 16:08:13
135DbbQnr3BEkQbBzZ9T1A,Zqd_DHAtrdzRJ8u3zwrvEA,4.0,2014-12-25 18:10:58
135DbbQnr3BEkQbBzZ9T1A,atZ_olNKXOG4rEr6mccN8g,5.0,2014-12-03 18:18:46
135DbbQnr3BEkQbBzZ9T1A,iCfB58Cvb_rw_SDAgPXLfA,5.0,2014-07-04 23:01:10
135DbbQnr3BEkQbBzZ9T1A,lFs4LIQn_kbsLozQzk-4Qg,4.0,2016-01-04 05:49:17
135DbbQnr3BEkQbBzZ9T1A,nsH0hQ7xB5LS2_Ba3mqHTQ,3.0,2016-01-06 04:56:33
135DbbQnr3BEkQbBzZ9T1A,ytynqOUb3hjKeJfRj5Tshw,5.0,2014-11-27 15:42:19
13COO4Z2KewhKwN6st2J1w,UQ9zn4jcjkTDOw0OwIOaxQ,5.0,2016-12-22 17:34:56
14WeUBavXkLZg-p_HLNIbA,rZ6i69fbbLdgiIgmU5sFUg,3.0,2018-03-04 04:27:23
17i3e5QMOyYVsbUIx8mhRA,XgehM3pBZWuXi45J2dqRJQ,4.0,2018-09-28 21:48:40
19m3hhoGeu395bstp0HlIQ,Cjwb7VQGP0u2eWYj1wnO3g,1.0,2015-02-16 01:22:43
1AM1Sv4hzVUjIeMKNxDTYw,v17tgCRjuPQiFOq4uvEI-w,5.0,2016-02-17 01:26:39
1BB5y4sZG6mp_rPA7_QxPA,fSx8zLSP_LBtIm_mfQRbTQ,4.0,2012-03-14 12:18:57
1Bg0CcXE_6RMl5nnLGT4sg,Aew5uJRpT8Bhr_VT46S1WQ,5.0,2013-09-22 21:34:29
1ByswKsCK_Ca2THpqfAVRQ,YZ7aP01qExBoF4f0LWnNEw,5.0,2012-10-14 20:38:35
1DPqAfdderptd1l60drkQA,8rpTqJOgmOCqLN5OCxaVOw,4.0,2014-04-05 13:32:35
1EJYgQ-ja_UbTWR_FDj4_A,L5LLN0RafiV1Z9cddzvuCw,2.0,2015-07-04 02:22:51
1EJYgQ-ja_UbTWR_FDj4_A,SwBhaxfQPbyhsi0QHUAN0A,1.0,2015-01-16 01:02:11
1F-IPccT6oLshLicNT6aow,WxB8498ejPtHE7wFa89_fA,3.0,2019-09-28 13:23:59
1F5wbSbtUBzxS8IsM7fWsA,7PbJjm9Oeq9LqM9zKsF-8g,4.0,2017-12-15 03:43:55
1F5wbSbtUBzxS8IsM7fWsA,8CC7IN8NeWlm5PeZVWvcRQ,3.0,2018-03-04 22:18:22
1F5wbSbtUBzxS8IsM7fWsA,FMLrzIBYlEB70KjwTMQMEw,1.0,2017-10-01 04:07:28
1F5wbSbtUBzxS8IsM7fWsA,JFteGsQlrJeJjur6cA1RhA,4.0,2018-03-22 21:19:56
1F5wbSbtUBzxS8IsM7fWsA,PTnahBSnLT1jeok9tmedHA,2.0,2017-12-12 16:12:54
1F5wbSbtUBzxS8IsM7fWsA,PeLF6SmS6LrIztSnjiZdwg,3.0,2018-01-16 23:48:48
1F5wbSbtUBzxS8IsM7fWsA,SCPXVj5VXRvXWU6r8tDLRg,4.0,2018-01-21 21:30:05
1F5wbSbtUBzxS8IsM7fWsA,UjQnH-pElJZ9jD51vOt5Rw,3.0,2018-02-15 05:24:43
1F5wbSbtUBzxS8IsM7fWsA,bN7-A2GlVz2Job3frIPy9w,4.0,2018-01-19 15:30:52
1F5wbSbtUBzxS8IsM7fWsA,gQ5_wcFqhplc9xrnSCt6-Q,4.0,2018-04-21 21:06:17
1F5wbSbtUBzxS8IsM7fWsA,h_d4fcmFsRFQYmvYaS2bzw,3.0,2018-04-24 03:03:24
1F5wbSbtUBzxS8IsM7fWsA,hyeo7JQr5uLp-St1MibYAA,4.0,2017-07-04 16:01:05
1F5wbSbtUBzxS8IsM7fWsA,yjcIKn2T2QY_DjXWACsAFw,3.0,2017-12-22 12:33:14
1GH6Hnh6jLfCT951zmcUYw,07i5EdI8v2FBhVV-rya8Wg,4.0,2020-02-11 04:34:07
1GH6Hnh6jLfCT951zmcUYw,1u2IlvwOMndfuRk9EVcieQ,5.0,2019-01-25 02:45:48
1GH6Hnh6jLfCT951zmcUYw,26107Pz4hjESgQ8J2c81rA,3.0,2018-07-20 12:48:48
1GH6Hnh6jLfCT951zmcUYw,6Md7LjLUqf0scKfl78CQDg,4.0,2020-03-10 02:22:03
1GH6Hnh6jLfCT951zmcUYw,7zVlXkudkfhE9oZjtp_1IA,2.0,2019-02-25 03:43:39
1GH6Hnh6jLfCT951zmcUYw,I5jxUHS1Dp2rg40eDzyiCA,4.0,2021-10-04 16:39:24
1GH6Hnh6jLfCT951zmcUYw,IC1mLUQ_FmBEECFYjrDRfA,3.0,2021-02-13 15:57:19
1GH6Hnh6jLfCT951zmcUYw,InS2FvXYgG1cm4CRWlWzYw,3.0,2020-03-15 12:35:27
1GH6Hnh6jLfCT951zmcUYw,LAtPOWQ6fUvaU64Yp9hyIg,2.0,2018-10-10 23:09:25
1GH6Hnh6jLfCT951zmcUYw,LWstcv6F48ouIEW8RGUDjw,5.0,2019-01-25 01:01:00
1GH6Hnh6jLfCT951zmcUYw,O0CyCnSFr7cYK78nH2w25Q,3.0,2019-06-15 21:29:20
1GH6Hnh6jLfCT951zmcUYw,PigxRedNhAogtfXW2h0t5A,3.0,2019-01-20 02:35:57
1GH6Hnh6jLfCT951zmcUYw,T6c7iPO8Y4t_GQiyevZbiQ,5.0,2019-02-20 17:19:43
1GH6Hnh6jLfCT951zmcUYw,W57360g1e7xMGerm7wPW0Q,3.0,2019-06-05 02:17:35
1GH6Hnh6jLfCT951zmcUYw,Xit0e7j_t2Sl0-sx6Fq-BQ,3.0,2019-06-15 15:35:18
1GH6Hnh6jLfCT951zmcUYw,_oRpJmQchbbEGEn3Xo8OPg,4.0,2020-03-11 20:55:27
1GH6Hnh6jLfCT951zmcUYw,a6J0Jq1GJ6Shk-L10Bp6Cw,3.0,2018-06-20 15:50:54
1GH6Hnh6jLfCT951zmcUYw,aQFQIlyHasaTz5DtjV57nQ,1.0,2021-06-07 16:54:35
1GH6Hnh6jLfCT951zmcUYw,al3Ri6TEqa2rBzjHsn0T_g,4.0,2018-06-22 15:55:38
1GH6Hnh6jLfCT951zmcUYw,dvTQNq-EGH1Omt318rlt1g,3.0,2018-09-27 02:38:16
1GH6Hnh6jLfCT951zmcUYw,hV0rmTB2S2fYzjQKlHtKuw,4.0,2019-01-27 21:02:50
1GH6Hnh6jLfCT951zmcUYw,i_kM6kP4u4Wxr3o3_9XN_A,4.0,2018-12-18 15:19:10
1GH6Hnh6jLfCT951zmcUYw,sCkBUXw-GrMvRRxcun-Alg,4.0,2018-09-18 17:26:47
1GH6Hnh6jLfCT951zmcUYw,sankqYOVWpYX_T5kGZRRKQ,4.0,2020-01-02 01:56:43
1GH6Hnh6jLfCT951zmcUYw,slO-qEE0z8-BLRTvMYW6HA,4.0,2020-03-11 21:00:58
1GH6Hnh6jLfCT951zmcUYw,vWdBOZdE8KwxAxyE3LcJRw,5.0,2018-11-10 23:55:47
1GH6Hnh6jLfCT951zmcUYw,ysbTBbwqtqoA-37H4CW18Q,4.0,2020-03-09 23:59:38
1GgldkdtUkRfl3_84w3-Aw,ZYxGiEyHD17kd80zUzaOQA,4.0,2014-09-01 19:06:06
1HM81n6n4iPIFU5d2Lokhw,-VlBFlHwX-Pt6Xyzs9roGw,4.0,2012-01-23 20:01:39
1HM81n6n4iPIFU5d2Lokhw,06NHXjVHiGKNpZ2XeajVkA,2.0,2012-02-26 03:26:38
1HM81n6n4iPIFU5d2Lokhw,4WdDY97x4GdMYtyk1KQMnw,3.0,2012-03-30 00:48:14
1HM81n6n4iPIFU5d2Lokhw,8NyDM-FDoWEEeEG9XUwnbg,4.0,2015-01-23 22:24:26
1HM81n6n4iPIFU5d2Lokhw,GmXC3CBu172Bkb0c6RnO7w,3.0,2013-11-05 15:30:59
1HM81n6n4iPIFU5d2Lokhw,LVRRjPZZ2pRrOUbBN1rRCA,3.0,2013-08-16 13:02:54
1HM81n6n4iPIFU5d2Lokhw,QUEWdnmVCv2Ri8xJATTrIQ,3.0,2013-06-03 15:54:01
1HM81n6n4iPIFU5d2Lokhw,Zi-F-YvyVOK0k5QD7lrLOg,5.0,2011-08-25 13:31:56
1HM81n6n4iPIFU5d2Lokhw,aIVk0IEUj7rPaAMeAmBSGg,3.0,2016-11-24 00:02:30
1HM81n6n4iPIFU5d2Lokhw,bMpKXcKFetJQsa42UR25cQ,2.0,2013-02-25 14:26:07
1HM81n6n4iPIFU5d2Lokhw,e-fXMT8R3j7BKMTh8xn8aw,2.0,2014-12-08 14:04:31
1HM81n6n4iPIFU5d2Lokhw,kdqoDMuvyNedsouc1i33vQ,3.0,2014-08-16 01:49:26
1HM81n6n4iPIFU5d2Lokhw,lPx8jUBfK1K6u3UgowU5mg,4.0,2020-06-17 00:52:34
1HM81n6n4iPIFU5d2Lokhw,qt_E6txwQ1h62wyv8701UQ,2.0,2015-03-24 15:46:49
1HQ3yuhqVJPqjCz1P6fDeA,-6JdVK-DHB4_43PEksbg1A,5.0,2015-07-14 02:26:21
1HQ3yuhqVJPqjCz1P6fDeA,9ggiKdqsyuY2pqVcbIQ-tA,5.0,2019-09-05 02:08:06
1HQ3yuhqVJPqjCz1P6fDeA,LttC5xNMFcgOg3bt_MlXTg,4.0,2017-05-30 03:29:36
1HQ3yuhqVJPqjCz1P6fDeA,br6Cc1K0_otT9bc_b3mPdA,4.0,2019-03-18 01:12:00
1HQ3yuhqVJPqjCz1P6fDeA,tTNGEXBBOg5fLAfxLKBFPw,4.0,2016-06-15 04:13:10
1HQ3yuhqVJPqjCz1P6fDeA,zjqh_qoBS1BWVSbC51BNjw,5.0,2019-03-03 03:04:12
1IFmYXHFQwewawjtaoyBGQ,jS3affmkXWrBnidXA-DIfQ,4.0,2021-02-22 18:35:54
1JLeCtVa2-i7aH5aC4bF2w,IkY2ticzHEn4QFn8hQLSWg,3.0,2008-02-19 21:56:44
1JLeCtVa2-i7aH5aC4bF2w,ytynqOUb3hjKeJfRj5Tshw,5.0,2008-02-20 06:52:57
1JlOo8MoX4e67l34aRulrg,Jxe_xzKI4vFNHG_mG-04jg,4.0,2017-03-26 14:58:31
1JtpcHELRrSDoWS80WtzuQ,5ZXmpIVqjGB9cqEUDJ7Reg,5.0,2016-02-06 15:57:27
1JtpcHELRrSDoWS80WtzuQ,9V0LMtO1riRw9-pUuG4NFg,5.0,2015-07-12 16:00:55
1JtpcHELRrSDoWS80WtzuQ,9_m_iA3VAqGBJEW5XLc-5w,5.0,2013-09-02 00:58:59
1JtpcHELRrSDoWS80WtzuQ,Kr5f8dNEwOJXyRhzdMTvtg,2.0,2016-07-06 23:31:03
1JtpcHELRrSDoWS80WtzuQ,lXFpW475fKlACmyyw9_UYA,4.0,2018-03-25 13:29:16
1JtpcHELRrSDoWS80WtzuQ,sr-5EY6bmp4jINhea06MjA,5.0,2014-12-07 21:07:52
1Ko1CajA-khSe6OZH4AtDA,Qw7tz-UkPrpXaVidWuab4Q,3.0,2016-12-16 15:05:05
1Ko1CajA-khSe6OZH4AtDA,lX50JpkI4TCttcsyMYOcKw,2.0,2015-12-05 16:04:12
1LIf1KxsMpwXSUMrEDQGog,v17tgCRjuPQiFOq4uvEI-w,5.0,2017-01-15 00:33:30
1MMNPLixXF9JNQvu1UqYyg,c8BFvdscjkhieg0C_rx6vg,5.0,2016-01-23 00:43:24
1MwoiUajN2l54d4K9uTycA,1Fs3_bjPQwvSXZHGGlFE-A,3.0,2019-03-03 22:33:10
1MwoiUajN2l54d4K9uTycA,5AwQnUJKugSSv_TekCzORg,4.0,2018-05-05 11:11:47
1MwoiUajN2l54d4K9uTycA,_jM0lxArSLUdq6ogkRhzbA,4.0,2017-03-10 17:22:47
1MwoiUajN2l54d4K9uTycA,gK9CdFaCXmHoW8aLfXiSqg,4.0,2018-03-13 17:45:10
1MwoiUajN2l54d4K9uTycA,m_WAtarb_zHe4uFCT8wNyA,1.0,2020-01-21 13:39:50
1MwoiUajN2l54d4K9uTycA,mf1udZPfiikBAND9upDdoQ,4.0,2017-11-14 14:39:55
1MwoiUajN2l54d4K9uTycA,nfa_qLZeaDKI80h3TS0wcg,5.0,2018-05-17 14:26:14
1MwoiUajN2l54d4K9uTycA,oziGQYLaEWOpNmPKrZP86g,5.0,2018-03-02 18:48:18
1MwoiUajN2l54d4K9uTycA,qwmlqH4blnTNTFDhUaCBXw,3.0,2019-01-14 16:30:02
1MwoiUajN2l54d4K9uTycA,t4kx25BuJ1MOvX3JrETzCg,4.0,2018-07-22 17:04:01
1MwoiUajN2l54d4K9uTycA,xb5NsCqvQw2uE5HoQyDr0g,5.0,2021-05-29 15:19:12
1N4HNCbMIead4r_22jseHw,124Fu856b1a3ySEymbI3zw,5.0,2019-01-20 13:10:58
1N4HNCbMIead4r_22jseHw,DWVh69pl7bV3tBT0UV1stA,3.0,2021-10-30 19:13:30
1N4HNCbMIead4r_22jseHw,ICFaAH2U_nw7eJUvzHBK4w,3.0,2019-05-12 19:35:57
1N4HNCbMIead4r_22jseHw,U9hqhH3gn7yGaSue3gQUUw,4.0,2019-06-23 12:31:19
1N4HNCbMIead4r_22jseHw,f8MSbvd5JotxsFsS6fbl-Q,4.0,2017-09-06 16:01:21
1NSyGbNykvyBTZqgrE2vxQ,6Aa0t9YWJNknGP9tHWmG5Q,5.0,2015-05-11 18:35:00
1NUiS8Qjmz5fuDBxvzPvuQ,zjqh_qoBS1BWVSbC51BNjw,2.0,2019-04-17 00:48:25
1NXoQbVnUKPxQdmA-KfYfw,a32M9H9nkkPGKTKB5W27NA,5.0,2015-09-06 22:31:48
1Nhad2oChryPMqTxOaOMkw,v17tgCRjuPQiFOq4uvEI-w,4.0,2016-04-24 13:53:06
1OMTcgeVcV0nmqVMCnoeIg,MAIfD4kJDCydgoD1l2b_vw,4.0,2015-12-19 02:49:46
1PGf83F_sJvouqVvLAZwdg,dYYkzkiAQoOtRjdR0kcspw,5.0,2016-05-29 21:18:05
1QPePrACeJJog1dypTQJ3A,fDkOfC0t9coGC34o8Nnjow,1.0,2012-12-03 15:18:38
1ST7FJwQgr3kOJOho5OfPQ,Et2yOijYQbWyR-mE0-z40w,1.0,2017-04-06 16:47:42
1SpwWS6TyPKp5pgtFp8vFQ,HSv0Pe45yPAs6PgwlcTPcg,5.0,2014-08-27 21:15:14
1T6HR7ezF-pMod0LWNL8tg,hXvf5a798WvQtFn0Zbh2yw,1.0,2009-06-01 18:03:13
1T6wtVScjstJDtZnqQbpYg,COZbEsySsjS1d3mJ6cXeTA,1.0,2020-01-01 04:43:48
1VrVi57muPT4yfnuBkJr7Q,Fj16uG6BNZOq5K8mS2HHiQ,1.0,2018-08-11 23:54:39
1Vy_oI6JUFD-H7-91Q1Njw,hwcPLznPbsW8ghC20OluRQ,5.0,2014-06-11 02:58:36
1WgJN1I971Ddno30nQPBVQ,MgJ_P-xlnTorvkW7l7fXKg,5.0,2018-07-19 01:17:16
1XM9mue9DS16xxlsrRNawA,SG7g4cJFjgWtODi28W4eaw,5.0,2019-06-12 03:32:15
1ZfTuwipogg1pL4ICvHHoQ,k_AcP_k0CqjstNNe5QrJSg,4.0,2019-12-09 19:22:08
1_RvWzeD5Pd3Sc9_DmsCtA,-mDAFyX5kZHXhxjELeMhiQ,1.0,2013-05-09 17:46:56
1bjo-xG3tKF5rQjRx5zW4Q,4R2KR_-FybS7oegGrXjHVg,4.0,2015-12-17 03:14:33
1bjo-xG3tKF5rQjRx5zW4Q,HW5LkI9qeqVDwHqhd00_8A,1.0,2016-06-10 20:15:44
1bjo-xG3tKF5rQjRx5zW4Q,rLRw73bopdUf4spMxIAhIQ,5.0,2017-10-01 19:15:33
1bjo-xG3tKF5rQjRx5zW4Q,vCHNWdW-ys-nWUx3Cpvk8Q,4.0,2016-01-11 14:52:29
1cvHek57wGceg2MJr4eF4A,TDKBPcViJQDMrdUm6a9XZA,5.0,2019-04-07 01:36:32
1dHuy_UMlHOvdNkjfW5l8A,P2XJbQZmf1zvWp9L_THdjQ,5.0,2015-11-19 07:01:44
1duFSC3IrnnywjUnWKjl8Q,QOyQSgog61fY8kI4IxIBuA,1.0,2017-10-15 19:09:43
1dwJK21zm7cuhUKdROWJXQ,poruVZH9V5p3u170Pi3iYg,2.0,2013-02-19 02:25:16
1eijL2sT-sVhAdYf7MfKbA,iZNR8-rqsBL2afDk4Zxe8A,1.0,2009-05-24 02:16:43
1fXS4UoB6VPPPiKISWb6uQ,AtQLrRpQan7UtJcIAo9hsA,2.0,2012-11-09 03:40:08
1gwPSkcQ6xwvAIen0TDi1Q,Hh8jUR0mtVXkAnv8XDZjyA,1.0,2021-07-17 21:58:39
1hQjdoDUQwHB3kFdffMA6Q,trwHwsXOVV-ZmF-MtP98BA,5.0,2014-11-13 15:38:48
1iMtOlXd7BRaCDejF1wZIA,vhDWGF-8BfsxvS7Zo5Wv2w,5.0,2017-09-25 02:26:45
1k2ilG84PtPAm9cP_EQHjQ,Cjwb7VQGP0u2eWYj1wnO3g,5.0,2016-05-15 01:07:51
1k2ilG84PtPAm9cP_EQHjQ,dlFdjPUJI1eqRs8WVPE3QA,5.0,2016-06-15 11:48:31
1k36zEvbfj3HEHEnqcLAUg,Bp2AWqJLBJoBjBwh85rDAw,3.0,2019-06-09 14:52:32
1k4GFvMYN6678nhe8eGqlA,5XJsZt4HFjSbAdc4dkWVKQ,5.0,2016-02-02 14:29:50
1kaJCZQBg0R1eCRk3j_rJQ,4JsMdrc-zs_3ZhTipMmUqw,5.0,2020-12-09 04:05:55
1knSph4uT0U2TMnpNoGmKg,EnGnfn_6KMTY2enUD3hqdw,2.0,2017-11-11 19:32:36
1kpMAKRZuAz3OzxBav3XTg,wB1Tin0OW1JRpaKM-E3ZYA,4.0,2008-04-20 02:53:48
1lad9hCBGpHAS2uMSrKCPw,05GLPgaqx5y4H9dBU6CP2w,5.0,2021-11-24 16:20:24
1lad9hCBGpHAS2uMSrKCPw,GXFMD0Z4jEVZBCsbPf4CTQ,5.0,2021-11-24 16:10:17
1lad9hCBGpHAS2uMSrKCPw,SJIQFKTW6uUsOo29w9IHxw,2.0,2019-08-21 03:55:56
1lad9hCBGpHAS2uMSrKCPw,lrowppSl2sk3hU4tSUaS6Q,3.0,2021-11-24 16:32:28
1lfaNzMa7xj--SdnUyJ0Ag,GmXC3CBu172Bkb0c6RnO7w,5.0,2015-11-18 22:38:48
1mmkkH61MKELSn4VgJB2Wg,jtgBkAQuchDYgkdsebzLsQ,1.0,2021-04-27 00:03:42
1msVg_B-Ef6K814sQDOTPA,vuE1iseFrgNPumUEfHIZZQ,4.0,2018-02-20 06:07:06
1nu-A4nccwVmBmp06dMvTA,dgyKoIYEYrmRK_hktWBZdA,2.0,2020-03-16 00:32:17
1nzwZCGXWJ_sZ24KuW-VtQ,PUDDBW0MfpSFI2XEMv_g3Q,5.0,2019-06-26 21:20:51
1orfwtwIaqCbLgfs3W1i6Q,-FM4CxOg4XXmX_Ebky_SiQ,4.0,2017-11-20 08:40:53
1orfwtwIaqCbLgfs3W1i6Q,8A5LSwsKK5vXDH1M3_Tf1w,4.0,2017-08-15 12:31:37
1orfwtwIaqCbLgfs3W1i6Q,KSYONgGtrK0nKXfroB-bwg,4.0,2017-01-15 02:26:01
1orfwtwIaqCbLgfs3W1i6Q,MAIfD4kJDCydgoD1l2b_vw,5.0,2017-01-15 23:48:57
1orfwtwIaqCbLgfs3W1i6Q,S3QHy1sshUeZwXOYviVsXQ,4.0,2017-11-17 10:35:21
1orfwtwIaqCbLgfs3W1i6Q,Slg6Ec2D7vEBRmgVUfwkzQ,5.0,2018-01-18 17:52:32
1orfwtwIaqCbLgfs3W1i6Q,TzNk1TcWLZn0JCpO83hBAA,3.0,2017-11-17 12:12:25
1orfwtwIaqCbLgfs3W1i6Q,VAIOtbsxdNmuhUKkQZFRlA,4.0,2018-01-18 18:30:42
1orfwtwIaqCbLgfs3W1i6Q,bPVPZeqMuYtU_yGCb4P-jg,5.0,2018-01-18 16:43:59
1orfwtwIaqCbLgfs3W1i6Q,eikRexw04kC6siBDkFnayQ,5.0,2018-01-18 11:47:53
1orfwtwIaqCbLgfs3W1i6Q,kZtl_NJjUnlIQgzFrBhXyQ,4.0,2018-01-18 12:24:32
1orfwtwIaqCbLgfs3W1i6Q,oktohqIGhMQxOP7h5ugHlg,5.0,2018-05-10 00:52:41
1orfwtwIaqCbLgfs3W1i6Q,syuKX2pH3JJhOOppzNI6SA,5.0,2017-01-16 07:34:54
1orfwtwIaqCbLgfs3W1i6Q,wl7rFbvRUstwyB2vRDW6IQ,2.0,2015-01-23 19:41:45
1p8Pu1pvAsuNtuZDtn2OkQ,NT5S6JV5wPwKOd3s3Yh1zQ,1.0,2010-09-26 03:56:18
1pzP58PeWictHQzctMU0nQ,aI3B47Y_AUYFP5K5JAYrlA,4.0,2021-02-19 22:56:37
1pzP58PeWictHQzctMU0nQ,p_6THXiGLViyxYnOY8BzZQ,4.0,2021-02-19 21:54:44
1pzP58PeWictHQzctMU0nQ,xP5o6PVU3tWOixLJTIdVVA,5.0,2021-02-19 23:12:24
1q-8pWAaKvqZRYoPbq6m9A,ToHu5wSC8LSMYigsSlkFfQ,3.0,2019-08-08 02:33:04
1rYIPlscRVhE0KDkefAQzA,xJyp6RLqNRv3tSu6njPKxQ,2.0,2016-05-26 17:58:00
1s1J_yyl4Auhf2oi6ge5Iw,0QYWhij_YZ7Lyk9F6213Sg,3.0,2012-07-22 02:57:49
1s1J_yyl4Auhf2oi6ge5Iw,DKyJMM2209QrTgclzoCUpw,4.0,2012-07-22 00:30:55
1s1J_yyl4Auhf2oi6ge5Iw,cQIh4YJlVtZI9TLF5_smOg,4.0,2012-07-21 00:45:21
1sGYXSkJHPhJ6wQtc-RbZw,5BKoBlat3aRv0IaaPuScBw,3.0,2018-10-30 13:34:09
1sGYXSkJHPhJ6wQtc-RbZw,5Z_KrsEQsPE0ibKwhYn3ZQ,5.0,2016-10-31 21:38:38
1sGYXSkJHPhJ6wQtc-RbZw,Rv8bW3pkzpi5dZu5ckbgtA,5.0,2016-04-24 23:57:37
1sH89m2CFbR703kjJ2vA9w,h82_S_QDq8V1htf30pZq2w,2.0,2008-02-03 01:39:13
1sMZdqmCa_X2Lf_x6XOCFw,WzEzUDTWr4UQSQykujMwyg,5.0,2015-02-05 19:55:52
1sMZdqmCa_X2Lf_x6XOCFw,lo3zYtvPB6-iVok2C7HsGw,5.0,2015-06-24 12:35:49
1sMz13ENhI0l8aycRqRYFw,1UNJeHTsS7WS9RxRzHw06g,1.0,2013-01-19 16:03:22
1uWt3rL2GJiptcflQa35Jg,26jYcdFR5oLqKDKpTH0JIQ,4.0,2017-12-12 21:16:03
1vXJWH7L0IMEz5-8aU3SOA,tELoGj2QJYYFQ1jo_XXbpA,5.0,2012-04-26 22:43:24
1w-EM0mPtqoIZAgrB2N5MA,U1Gao2oKgFaggpksDIctiQ,4.0,2019-11-12 20:49:24
1w3rhVXB_n6-bVIWFv8TcQ,SfV5jicDlU_9hNVINxmPpg,5.0,2017-07-27 16:38:30
1xFpt3S7c-8wkE18oG6QqA,36_FvBjdMXC949XVYDUb6A,5.0,2020-03-16 11:57:19
1xFpt3S7c-8wkE18oG6QqA,KyDcAU41QDQpYAFyK6Q6hg,5.0,2020-05-13 01:18:13
1yuV6loIL1aWgOsJJicQWg,aREOVt958pzJsuNmX1-LUQ,5.0,2016-01-12 15:03:26
1zG4q1xZuZkN6Szs-XwwhA,2EWsaJdeedx_-my5fYEg9A,3.0,2016-06-10 07:34:44
1zG4q1xZuZkN6Szs-XwwhA,EAPAK_XoJMXtUADVkB3xoA,2.0,2016-01-21 07:34:34
1zaBvrsRh5txOgsByrmLEQ,WBKSV2LxPJvKRPxEfDbVrg,5.0,2017-06-21 16:47:37
1zaBvrsRh5txOgsByrmLEQ,ksFVaF5TatgsVGXk7Yyw9A,5.0,2016-09-01 23:42:45
2--3--v8yHU3a3FljCcBRg,IkY2ticzHEn4QFn8hQLSWg,1.0,2011-04-29 03:35:49
20CpNhzRe-VxXiemO8eFqw,IDjYyBrPW5C2CT9mXsyuBA,1.0,2012-05-19 15:44:08
235W87YggWprtBY9jKXQTg,zC_2cSAkMKkSAykOk72LcA,5.0,2011-07-25 18:38:20
23Q0Mw3XtJe7nDkGynOj8Q,-ZXjWCTxItm-3wPkgsf8zQ,5.0,2020-12-10 20:04:51
24acrDAjaWVQLuxIhM1XpQ,_EqGhRXzlUaTpu5eToC8MA,4.0,2013-08-30 03:33:12
24n-CeWJiJMTV1cYvNmezQ,kZ1q0K13tFYG_ZJrVvsJHA,4.0,2013-08-28 15:26:38
27M0B4ENG7sI-Z2gCuqANA,aNNCjIDnTxn3YXRa4SnzYA,3.0,2015-10-27 02:25:49
27wY36k_bVHmEbKoLkh1wg,fUlCcUBeYRC80S8iWgccAw,2.0,2017-05-01 03:09:59
29K-usmZfVDeIaQ85EG54A,p-MSh95si_sDdih94gyKuw,5.0,2019-10-22 03:20:38
2ADNNGZf6VHNd9QQLu1PCA,BOq6aYbFAyCYNv_7O2mIMg,5.0,2019-11-08 14:34:52
2ALlFDz06SO1Ap2bmEKfOg,9KHTQiXutn-W51EjAfrodw,1.0,2018-11-12 05:33:00
2ASSfvbV7lPeqbQlWQgMVA,fgTOJRkc703E4XRdcr5zRA,5.0,2015-09-24 20:25:06
2BZSt66JP1QzbxFc51_f2w,vnSfFFE5iWT7oUzG3MUx6w,3.0,2012-01-10 02:00:08
2BbbCoN0EPKbv18n_tMJeA,j8JOZvfeHEfUWq3gEz6ABQ,5.0,2013-08-21 11:42:07
2CCJdupLxjqxthneSuuScQ,LHaG-Sg8crReTPNW33pauQ,5.0,2013-09-24 15:13:49
2DiEYMcbzJwCYxCRNaRoDw,dYYkzkiAQoOtRjdR0kcspw,5.0,2018-09-09 17:05:27
2Ds8R2prlyRsUAPRnXZnyA,HSv0Pe45yPAs6PgwlcTPcg,5.0,2014-03-22 01:07:23
2E1733GhitBksZJZb6AgvA,I_3LMZ_1m2mzR0oLIOePIg,5.0,2017-02-24 18:35:03
2E1733GhitBksZJZb6AgvA,onLwomlGswMhhmOEAeAVEg,3.0,2015-02-17 19:43:56
2EFP4V-WIFi5JTzG8aKZWg,Bda92vtAuK-FcXAw_D0Pxw,4.0,2015-08-04 17:15:19
2GAuonmY5GQ3PR6mUXpvMg,y36s2lDcimRho8sh73UYFg,1.0,2018-06-30 17:01:47
2HA_Ub0s2qACtlOkrTe1DQ,fgTOJRkc703E4XRdcr5zRA,5.0,2015-10-13 02:20:46
2HL93UioyvdJn73KeKCpig,-9r8nAzWyRSLxBWt8uQOdA,1.0,2014-10-06 03:00:47
2HegIXvPh0OQ4M-J5wiCrg,Df60BZXw3Kj9Xt1UlAidqA,5.0,2016-02-10 18:23:38
2HegIXvPh0OQ4M-J5wiCrg,oUgmm76-UCd5N0z4xwDOYw,5.0,2017-01-06 01:46:42
2HlffM3Y62OpEKNlbDmnyQ,Tj-sKlbJR5M7Rpe9Cykk9w,4.0,2015-11-02 23:40:21
2IFJzxhyqIiXOdClKiI-Jw,VwZ5NDbIu3elGQI6MzcXBA,5.0,2021-07-20 09:28:01
2JfNOO7Cv5eTVOTeIYKkaQ,c1xuic_qvUfSIr-if6nSUQ,5.0,2012-11-04 22:10:55
2KON5owYFewXngGLkeXKfQ,v17tgCRjuPQiFOq4uvEI-w,5.0,2017-02-21 14:44:47
2LevVWSroAYmQXOJ0iY6Ww,ZiEnbtECCJjvBegWMFLs1g,5.0,2019-04-16 19:30:46
2LfAnsDKkf32TKkk9vixww,zC_2cSAkMKkSAykOk72LcA,2.0,2014-05-08 02:21:33
2LfAnsDKkf32TKkk9vixww,zOtbdSGCVYRLiaSCokZDbA,5.0,2020-07-08 00:33:41
2LfozZiejXfQHcS52-Fv5w,znx1v_c2IPKOXlYAbqFYvg,4.0,2010-11-14 20:20:47
2LnvZ-_vEKqsyzBuZ9cfng,X4kLBCoQeS-x6zVH7fnOvw,5.0,2015-04-13 01:02:45
2LxlkB5qMnRsT_bNbXJQSQ,8-AIbFaP6GP9BwHZdclBog,5.0,2010-04-24 22:30:39
2M2B_X-VDVbzGX_iTEMVEQ,J8S7cPPlTgsQnXKVfTyN8g,1.0,2014-09-11 19:34:57
2M3Kp9kA2gDRl6WYZRAbPg,9CRWWbw3iOo4-9FMAO6nKw,5.0,2020-05-21 22:01:10
2M5nrxf_CBlu-y0lKoqGhQ,IL-wbqkMgqVGr9mxve3s1w,2.0,2015-11-26 13:14:20
2M5nrxf_CBlu-y0lKoqGhQ,qu2XI51ZjlTR1relPGrK8w,5.0,2019-02-14 15:05:30
2M5nrxf_CBlu-y0lKoqGhQ,sCkBUXw-GrMvRRxcun-Alg,4.0,2016-10-11 17:04:22
2MBf3TnpIg2HOxIjU-BGDQ,JIpEYwaAM2XO1s8KHF5-EA,2.0,2015-05-29 01:29:09
2NoXQ26_VVZhhzV2LWAowA,FHNIvNgh3fS7VZQq2Y3dsA,2.0,2015-10-13 02:21:24
2OLohmwFrl8ru4w1mUXtyw,9b-LZWsj75mmfMYuChXDkg,2.0,2013-03-23 02:15:10
2P4crOrfs2ZbAoizhWt9eA,OZcl2HOUXAHuICrh5d2WjQ,5.0,2019-02-23 23:52:29
2PAgIziW2mFW1W0fkWAZVw,E7RtIisUoRMcADSebBgNAA,3.0,2012-07-30 00:18:59
2PAgIziW2mFW1W0fkWAZVw,OrU9wTeHJSLMwyGqYg4FAA,4.0,2012-07-30 00:33:33
2PAgIziW2mFW1W0fkWAZVw,VAIOtbsxdNmuhUKkQZFRlA,5.0,2012-07-29 23:50:51
2Pwzml8GbxNmMc2uWRg_8Q,47Xuiwsv_YsJIm7Px_mNWQ,5.0,2008-11-21 13:01:27
2QHflvZzPC72WEH7pFoRbQ,9u4_k8-XC4RFETCeiQdO8w,3.0,2013-03-19 05:48:41
2RFyJnbJ5AHT9hQp_tMeYw,EZLor0K7Ei6nwK5lQ2YtMg,5.0,2020-07-11 01:03:47
2RFyJnbJ5AHT9hQp_tMeYw,hfbZ97Te3T4jeWN6GgsGrQ,5.0,2017-09-28 02:13:55
2S_TNGTL1gDTDu3T2GYuXQ,BZUlza2S5sfavO6UsS5mNQ,4.0,2019-01-11 22:05:52
2S_TNGTL1gDTDu3T2GYuXQ,ILvJAuSP0sYWJKAQ-Goh4Q,4.0,2015-12-22 18:41:55
2S_TNGTL1gDTDu3T2GYuXQ,J-ciDDEdIHMcChGIyKZnOg,4.0,2018-01-31 11:40:42
2S_TNGTL1gDTDu3T2GYuXQ,ktMvtPI3TBkTOpSf1sTXWw,4.0,2017-11-02 11:30:10
2S_nDJQ0Zj8oQ8vQkjPnIw,_nqrmx5xKLQyrbmjhwiiuA,2.0,2015-01-04 10:00:42
2T8cxl3Y_JhCE8o80BSp0A,pcqHaOUL50eh7CYBqQ1XEA,5.0,2019-11-15 02:57:18
2VXHp4TFrTl_nJV_EMzU8w,OuJ9rEv3NbMOSndjQyqtGw,5.0,2020-01-07 10:34:56
2WWFXM2wpFtBQRG6hGOkmA,bMratNjTG5ZFEA6hVyr-xQ,2.0,2013-05-10 02:29:14
2Wf4lnq91S6V8NmH33X3eA,ZQ-Sg1tJXCKD6Dw9DF4X9g,1.0,2015-02-20 01:11:33
2X8Yg1sQbd_uoB_ZbI8MeA,6vWKezveJpsWgjl5Cd3l-g,1.0,2019-05-18 01:40:48
2X8Yg1sQbd_uoB_ZbI8MeA,M9s1QoMF8AHqsB9j58bKtA,4.0,2020-02-02 15:03:54
2XBgzcnG2aPdkCrxY0RGng,Cjwb7VQGP0u2eWYj1wnO3g,1.0,2010-05-24 00:25:29
2XKlUjHGk9z-2ckFMcBEHw,IhrTLL6az3q192ik4P05IQ,4.0,2018-01-25 01:44:29
2XKlUjHGk9z-2ckFMcBEHw,NB5XTBuLVCn7c9Lu5SUqKg,5.0,2014-11-19 14:34:38
2XKlUjHGk9z-2ckFMcBEHw,_UaTldka1sodVkg-pcNlZg,2.0,2018-08-07 03:35:33
2XKlUjHGk9z-2ckFMcBEHw,nlOC7iDnF8me-BT-SpA86w,4.0,2014-11-12 16:03:09
2XKlUjHGk9z-2ckFMcBEHw,poruVZH9V5p3u170Pi3iYg,3.0,2013-02-19 23:13:42
2YImmGvnWmUgNc_Ro0iOtw,W_SQ6CfxAZFx6liHLPyajg,2.0,2014-04-29 20:28:58
2YKkLFeOx-0zRcWp0KUv_Q,535HzcJ9JTj6tCaZbA0uBA,4.0,2014-12-10 03:37:59
2YKkLFeOx-0zRcWp0KUv_Q,9u4_k8-XC4RFETCeiQdO8w,4.0,2013-06-23 00:36:53
2YKkLFeOx-0zRcWp0KUv_Q,HdiWY4WV6laZflpfcLyo8A,4.0,2014-01-09 03:40:01
2YKkLFeOx-0zRcWp0KUv_Q,KuVtxfIJu4qRscngMsVcxg,3.0,2012-10-27 01:51:39
2YKkLFeOx-0zRcWp0KUv_Q,LQcGL4hfJAeK6bk2ZdhmXw,4.0,2012-10-14 08:24:01
2YKkLFeOx-0zRcWp0KUv_Q,eaNouTpxnIu7M80xdeLxFw,4.0,2013-03-15 03:34:33
2YKkLFeOx-0zRcWp0KUv_Q,hzXAxu35F32Ob9uVCh-dIQ,4.0,2011-12-29 16:30:07
2YYHBpN8idzZK6uAOvqDvw,82_lGisVlstS_ojKZw9qNw,5.0,2015-11-07 20:58:48
2aqjbuRVv5iyvJP8dUCWTw,u9vhzYtXpfyvAOAMnyy-Cw,5.0,2010-07-04 22:09:14
2auWtKkDG_i5JCctQ44oug,8Vo6LN9gqULhXzoxj5k6kQ,5.0,2017-11-05 01:15:05
2auWtKkDG_i5JCctQ44oug,XgehM3pBZWuXi45J2dqRJQ,5.0,2017-07-15 00:26:30
2auWtKkDG_i5JCctQ44oug,Y0izXh4Dv1_YU68tn43Xiw,5.0,2020-11-21 21:03:05
2auWtKkDG_i5JCctQ44oug,f3eve2cxUIzyanWnHdMtFQ,4.0,2017-11-07 01:05:58
2auWtKkDG_i5JCctQ44oug,hVKH5oED9NgGaZeIiF547A,3.0,2019-09-16 01:50:07
2b2J7kW1nTVTtiZtizw-tw,1gbTusC1PP8S84lp7TUxrA,4.0,2018-04-22 02:14:48
2b2J7kW1nTVTtiZtizw-tw,HKIy1NZM5C8R4QA9S_rU1g,5.0,2014-03-16 20:40:17
2bHSZhM0huV8LRh3YHaOSQ,Qw7tz-UkPrpXaVidWuab4Q,4.0,2008-05-16 20:47:51
2btMPwEpuFtaXLhQg3s_sg,4fUrcm8sFSprCbHqa8pdog,1.0,2012-06-09 12:08:54
2daYFot2hTbBdayKPrv-aA,ezB8e2rijjViprrcTdIiQQ,3.0,2017-02-27 00:15:56
2db7UH7qOD35M__0wZKt4w,9PZxjhTIU7OgPIzuGi89Ew,3.0,2017-11-09 16:14:52
2db7UH7qOD35M__0wZKt4w,ytynqOUb3hjKeJfRj5Tshw,4.0,2017-11-09 18:34:55
2ddiuuhyg2artFmgdrSdNQ,CxXYiJBkq9kqsgtdagqVgw,5.0,2013-10-12 02:49:00
2dlEgB61BbJLyyq2xZgn3Q,gC8i-lxwvGhVpOXM5eYdtA,5.0,2014-01-26 20:03:26
2dyfZNhtyuHdestczTgWjQ,ev8KX9xeLe9fP9y-vV81tQ,2.0,2011-09-14 15:52:54
2fkmnpfTs6jABoRPLqWg7Q,4ADeBcc3O4zmTrp60H4O_A,1.0,2019-09-08 02:16:36
2g2cEcb8QltsCqjZLj9hyg,RYfl2IphOq0xFN0N8pzXQQ,1.0,2017-03-17 00:28:52
2iS1vg5TYpV_iEiNC8osTg,Xm3fazqrD-Fi4tVPlc4i6Q,5.0,2014-04-11 13:22:51
2iW5PV_cQkoU_HZIAQJkKw,GmXC3CBu172Bkb0c6RnO7w,5.0,2014-02-06 21:30:46
2iZxGbWU71q02DME9leSxw,QoezRbYQncpRqyrLH6Iqjg,5.0,2020-07-27 23:43:45
2iZxGbWU71q02DME9leSxw,q_PFmdGcKx2H7z2ze8H26w,5.0,2019-10-08 23:33:43
2ikAFXxvWfFZOUHS-9AC4A,ORVWMFwF5qTWy9Cbahf0Pg,5.0,2016-12-11 17:38:55
2jCrH48LDG4c3ja4CLh0qg,-VlBFlHwX-Pt6Xyzs9roGw,4.0,2020-05-19 16:08:52
2jCrH48LDG4c3ja4CLh0qg,3n2FIVhxAjG6fjju4wdzXw,5.0,2021-10-13 01:47:23
2jCrH48LDG4c3ja4CLh0qg,6_OAIFxSk3YjNdRJv59Saw,5.0,2019-11-18 18:40:32
2jCrH48LDG4c3ja4CLh0qg,79OES-kMb3VGsdy0nG6G2g,4.0,2019-05-12 17:52:14
2jCrH48LDG4c3ja4CLh0qg,7D5-a53BLau19RpMu-L3zg,5.0,2020-03-19 00:16:51
2jCrH48LDG4c3ja4CLh0qg,7dLQkwWU2fRqTlvplg0iMw,4.0,2019-08-13 21:58:56
2jCrH48LDG4c3ja4CLh0qg,7gtWQMLOEwCxh1I5j6uB4g,4.0,2021-10-22 02:19:35
2jCrH48LDG4c3ja4CLh0qg,854d-ziK_hQFmbNdvF3ZsA,5.0,2020-03-26 02:46:11
2jCrH48LDG4c3ja4CLh0qg,8uF-bhJFgT4Tn6DTb27viA,5.0,2020-04-16 16:42:57
2jCrH48LDG4c3ja4CLh0qg,9CRWWbw3iOo4-9FMAO6nKw,4.0,2017-05-19 21:21:30
2jCrH48LDG4c3ja4CLh0qg,9kv9JpLhzkN3UeWZDrsmEA,4.0,2019-07-26 20:06:17
2jCrH48LDG4c3ja4CLh0qg,Apz4sB97NRa7iTPpznQLFA,4.0,2018-12-07 18:23:23
2jCrH48LDG4c3ja4CLh0qg,BjeHLwKOlHyV6DJgmZxAjA,5.0,2020-03-19 00:44:14
2jCrH48LDG4c3ja4CLh0qg,EBonJ5tjkxBEUezwosVlLg,4.0,2018-12-27 20:49:58
2jCrH48LDG4c3ja4CLh0qg,FEXhWNCMkv22qG04E83Qjg,4.0,2015-10-13 04:59:42
2jCrH48LDG4c3ja4CLh0qg,I0I2mkCOPTYVSLpc8A8VVw,5.0,2020-06-05 17:36:50
2jCrH48LDG4c3ja4CLh0qg,IGna30iAQJa6RMbsv-9tWg,5.0,2020-02-27 19:03:53
2jCrH48LDG4c3ja4CLh0qg,MG_wIwRBwyNnCAEMXe9Jqw,5.0,2020-02-27 19:14:47
2jCrH48LDG4c3ja4CLh0qg,MIKYzWkBnbo3YUhqZUWlEw,5.0,2020-05-14 19:01:56
2jCrH48LDG4c3ja4CLh0qg,NHdE_ObFj7OjQBB3jjqBNQ,5.0,2020-09-14 21:11:15
2jCrH48LDG4c3ja4CLh0qg,OSrZ4BMMXaLSb5sxFpmA-g,5.0,2020-01-23 16:57:40
2jCrH48LDG4c3ja4CLh0qg,QUEWdnmVCv2Ri8xJATTrIQ,5.0,2020-06-02 21:50:53
2jCrH48LDG4c3ja4CLh0qg,R2_2-KMIlpQ9besSEnWxfw,5.0,2018-11-19 21:56:01
2jCrH48LDG4c3ja4CLh0qg,SBtjW_pKw3XaOKtKAavWZg,5.0,2020-11-10 16:17:30
2jCrH48LDG4c3ja4CLh0qg,SJIQFKTW6uUsOo29w9IHxw,5.0,2020-04-06 16:11:28
2jCrH48LDG4c3ja4CLh0qg,TvbJq1a1Xto5w6t4zMUYHQ,5.0,2021-01-30 20:13:03
2jCrH48LDG4c3ja4CLh0qg,Vnob_w_Aohf7ZDqxcJ9z2A,4.0,2019-05-10 15:02:41
2jCrH48LDG4c3ja4CLh0qg,WO_5ViN3KaeYZaAxTSRjdg,5.0,2021-10-06 15:34:36
2jCrH48LDG4c3ja4CLh0qg,XCDXN4xJh3-DauaO88CZHQ,5.0,2021-07-23 18:23:08
2jCrH48LDG4c3ja4CLh0qg,Xh08NmHdB86LexgXrIxr2Q,5.0,2019-09-16 22:03:44
2jCrH48LDG4c3ja4CLh0qg,Y2NFeGtConx1qciSPKcRlA,4.0,2020-02-20 05:09:55
2jCrH48LDG4c3ja4CLh0qg,YuTrJL0BStMGlvJR2QZebg,5.0,2019-11-11 02:16:38
2jCrH48LDG4c3ja4CLh0qg,Z4qfMpj8jymG3_XjTBKN0A,5.0,2019-12-23 21:36:59
2jCrH48LDG4c3ja4CLh0qg,ZmvCkhsCOWqA7ikXlbIr2g,4.0,2020-08-25 16:00:02
2jCrH48LDG4c3ja4CLh0qg,aeIWVa6G54UUo6yloJkyJg,4.0,2019-04-29 17:14:44
2jCrH48LDG4c3ja4CLh0qg,boKv2_AvOSF2JRwrSoRI3g,2.0,2019-03-12 01:40:25
2jCrH48LDG4c3ja4CLh0qg,dYYkzkiAQoOtRjdR0kcspw,5.0,2016-03-29 18:11:31
2jCrH48LDG4c3ja4CLh0qg,eLjXnfYwkr8zz0VhwMhOGw,4.0,2020-11-19 15:33:57
2jCrH48LDG4c3ja4CLh0qg,h8h1QvEQruTkBI50NlWsyA,4.0,2019-03-19 04:13:46
2jCrH48LDG4c3ja4CLh0qg,hfbZ97Te3T4jeWN6GgsGrQ,4.0,2017-12-28 21:17:08
2jCrH48LDG4c3ja4CLh0qg,j8JOZvfeHEfUWq3gEz6ABQ,5.0,2019-04-30 18:02:28
2jCrH48LDG4c3ja4CLh0qg,nePr9450kf-eEGYD-Qn21w,5.0,2020-03-19 00:51:41
2jCrH48LDG4c3ja4CLh0qg,oCbJpGl8IkH1WdYa25TDBA,5.0,2020-08-11 15:10:29
2jCrH48LDG4c3ja4CLh0qg,sMwK2RWL3vpkAH2nCmSV6g,5.0,2020-06-23 14:18:54
2jCrH48LDG4c3ja4CLh0qg,vN6v8m4DO45Z4pp8yxxF_w,5.0,2020-03-19 00:37:11
2jCrH48LDG4c3ja4CLh0qg,vT1zrTTIji2JDhUHjFKopg,4.0,2019-10-30 01:20:24
2jCrH48LDG4c3ja4CLh0qg,yLh19zRsOYbs2ukRTEhkpA,5.0,2021-04-22 16:47:39
2jCrH48LDG4c3ja4CLh0qg,zHoIBH6nIh_Hs8YkSJii5Q,5.0,2020-07-20 16:50:28
2jHXlagPsLtmRi4Nsr49LA,HhD8DLES5ZeULKDXmfkOOg,1.0,2011-10-14 01:59:29
2khAy7DTp3dUmeDJ4ZYw6Q,tc_nZBQ46584iOXQgdlBtg,4.0,2021-06-03 15:46:34
2kicwiHD5Nj3PxKuseKDtA,2r8K64zBf81zBanmxniMkQ,5.0,2018-08-27 20:55:42
2kicwiHD5Nj3PxKuseKDtA,3iR4vRtg9yc55_OnMdGQLw,3.0,2020-02-18 00:21:07
2kicwiHD5Nj3PxKuseKDtA,IaQEUsz-a4NEZyTg4PiaTA,5.0,2018-08-15 01:05:33
2kicwiHD5Nj3PxKuseKDtA,JXhIz744GI7U_ereD9Nf8g,3.0,2018-08-01 04:56:23
2kicwiHD5Nj3PxKuseKDtA,N2n_nuiXb64ak0BNvIYEcQ,4.0,2018-01-14 00:11:02
2kicwiHD5Nj3PxKuseKDtA,W8Z4rXYkmZlEVSaxIVjyvg,5.0,2020-02-18 00:08:42
2kicwiHD5Nj3PxKuseKDtA,YPkJdsaCgW_qjB_fLU_G9Q,4.0,2019-01-27 03:37:18
2kicwiHD5Nj3PxKuseKDtA,fI1dmyphGZ6S2-bu6jCuFw,4.0,2017-11-24 22:04:08
2kqZZ0doU2LvcDcveLCgOg,qV3D9d2UteZ4-Mq0hqlcBw,1.0,2014-03-21 02:13:03
2md4AYkBRDKvoH8YWkdgXg,8E2--KcyOrJx8my51jid2w,5.0,2014-02-17 21:01:16
2mehWDiaP-8CcZRtLGlYIA,Lpuvf-1pHW1Roh6bPm1fPw,4.0,2015-11-17 16:52:42
2mehWDiaP-8CcZRtLGlYIA,R8t9g5nvi7VFyS8zsgmj8Q,5.0,2017-06-21 20:46:29
2mehWDiaP-8CcZRtLGlYIA,j3E_vGw47XpiEgTr-KiJUg,5.0,2018-11-24 23:33:53
2mehWDiaP-8CcZRtLGlYIA,oFxKFiDkP_lGaFAzvnzZfA,5.0,2015-09-08 20:58:19
2mmNeOXBP_NAvJXAgx1-IA,VSpseb6oijtKffRRL_xfgQ,1.0,2012-03-27 02:56:55
2nqGiiUKwHyihyx-T1TRKQ,zTIOa5RufkL3NNKXwrBKLQ,3.0,2017-01-16 06:41:23
2olRSHL7vRftreBjf-vO1w,KHe6HAqmyioITwTvg9Bbcg,4.0,2013-08-26 18:04:41
2otXDEiKDqUbox4BS6uK0g,GXFMD0Z4jEVZBCsbPf4CTQ,4.0,2020-12-06 00:44:53
2p7rae7haJRDBgMLiS4bbA,fusQg9Pj0xUC8CzbO2IHrA,4.0,2019-02-19 02:24:24
2qKOL7C7WbG_M3EOWvTFxA,26107Pz4hjESgQ8J2c81rA,4.0,2014-10-29 15:09:29
2qKOL7C7WbG_M3EOWvTFxA,9xCprW96TZFLajnnN-w8Pg,5.0,2018-08-02 16:32:05
2qKOL7C7WbG_M3EOWvTFxA,BWkiW0r0h7ytdbWMhay7wA,5.0,2015-01-21 22:00:54
2qKOL7C7WbG_M3EOWvTFxA,H5Rk-aunuEzGANXCBu-NPQ,2.0,2019-01-04 17:59:18
2qKOL7C7WbG_M3EOWvTFxA,kKPJLiHIr9Gd9sYs3GhxDQ,5.0,2017-02-24 05:28:16
2qKOL7C7WbG_M3EOWvTFxA,vXQLdqB-stL2JTP5AsPVaA,5.0,2014-10-13 15:11:45
2rRBlueVM9vvuuZp__s5-w,ObkVEcYUuf3efg-0V_WYfQ,4.0,2017-02-26 18:55:17
2s2aFCsSHZ9coxLSjE05qg,Fj16uG6BNZOq5K8mS2HHiQ,1.0,2019-06-22 02:52:50
2tAVBVwMF2KqQNVfpT_Ulw,GM6j5hDNqra0pVfTcpTMMw,2.0,2019-12-30 19:04:40
2tOuj29YKvQ2kRDxnujrGA,DRFYfzBf-WzQUjN0eUo1HA,3.0,2018-05-17 17:33:45
2tOuj29YKvQ2kRDxnujrGA,DZYSb9amfB3EAh1IdwtbEA,5.0,2017-05-08 16:17:44
2uMrW-A0mvSQboA1aLKnew,gVw224_IlTrx3KHEgFBtMg,2.0,2016-02-11 04:56:52
2uSQbWdY-Hg4vnU_lbXI1Q,vGa5Xwkp1zw4kmANvL54Zw,4.0,2019-07-15 20:20:45
2vEgbfyF4CvnnzBuazDAOw,Oh3Q3QfhMl2DArFiLUrT9Q,1.0,2012-08-19 03:01:10
2vFUeQGnG8zdLSQkwfChog,PP3BBaVxZLcJU54uP_wL6Q,2.0,2012-03-21 15:12:20
2y3yEU8ZZn0tvp6T3uOAjQ,of-GVqY0G_UDHXT9Xg_ADQ,3.0,2014-06-09 20:49:15
3-t_uaPKVQQmOUAIu7C-PA,1FURjeGJi_LBXcJQg8eskw,5.0,2018-06-25 05:51:33
3-t_uaPKVQQmOUAIu7C-PA,6RBZfirnzE4NahJTn1UPNA,3.0,2011-03-07 00:25:30
3-t_uaPKVQQmOUAIu7C-PA,KobS8yqBelXH11gaIhZJSg,4.0,2011-11-04 13:56:52
3-t_uaPKVQQmOUAIu7C-PA,tthy48ZIX_wfY8Dy0Dvg6w,5.0,2011-11-04 15:05:42
31KeLNzW5c8gAhAC8aDFqw,icGg8xgDJVufg-xptMrDGw,5.0,2021-02-11 03:34:35
31tuwmE9VJG7DM14y8pRVw,Sz3sBE4sb4gambo5LDgjPA,1.0,2017-05-12 22:53:57
31upTybYlUCW1YCz6HmL3Q,5bjdjgtF_I5XE3H5Yyb6Rw,1.0,2011-10-03 16:47:58
31waNaA_W9uTuLlS0z8Y0A,WIY7S0HgG-pnHPARn8gFkg,5.0,2020-03-18 03:11:37
33Wq0fN27tdcEG-hvIRmwg,J8S7cPPlTgsQnXKVfTyN8g,2.0,2009-10-05 13:16:54
34g3RXqTPqqguo1MvEtCNA,fEfGvg0vKsKel9nvUdBTMQ,1.0,2013-03-27 05:40:51
34g3RXqTPqqguo1MvEtCNA,gqMRM12j5mder76t3bPxJw,4.0,2018-07-20 03:44:08
35to6xbEZjGRy8asMVJ-YA,dYYkzkiAQoOtRjdR0kcspw,5.0,2016-06-05 15:37:36
360xDtP6tR5zj-3qXi2hCQ,yE6aDcbbK8pmvNroXnQYQA,5.0,2018-10-18 13:04:15
36Tsd9SS8B5k4Nb6rcG84Q,uJZgom8HpK74xz8IojpT0A,2.0,2015-07-04 05:12:00
37Hc8hr3cw0iHLoPzLK6Ow,IkY2ticzHEn4QFn8hQLSWg,2.0,2010-08-30 19:30:04
37HswRimgBEf7_US-c3CDA,Qw7tz-UkPrpXaVidWuab4Q,4.0,2011-06-21 13:29:35
37HswRimgBEf7_US-c3CDA,TzkVUJab9Sh0CqDk2sCF-w,4.0,2014-05-13 14:55:24
37HswRimgBEf7_US-c3CDA,YqmClmk7oLcDzPWKHzgA-Q,3.0,2011-06-17 14:55:10
37HswRimgBEf7_US-c3CDA,dN7AMKUhwTa4Kk0bdMRPgA,5.0,2014-05-15 14:58:37
37HswRimgBEf7_US-c3CDA,oGDGlUbOjHxmmCh8ZYcDCg,5.0,2016-01-22 16:03:47
37HswRimgBEf7_US-c3CDA,ytynqOUb3hjKeJfRj5Tshw,5.0,2011-06-22 14:45:54
37cpUoM8hlkSQfReIEBd-Q,8NyDM-FDoWEEeEG9XUwnbg,5.0,2013-02-09 13:00:31
37cpUoM8hlkSQfReIEBd-Q,RQAF6a0akMiot5lZZnMNNw,5.0,2013-11-08 00:56:52
37cpUoM8hlkSQfReIEBd-Q,VVH6k9-ycttH3TV_lk5WfQ,3.0,2013-02-09 12:57:57
37cpUoM8hlkSQfReIEBd-Q,ytynqOUb3hjKeJfRj5Tshw,5.0,2013-11-07 23:55:32
37ztQXVgezRc6qnYGp--hg,QLHgjBHBoeIUoEvIPvjHnw,4.0,2017-05-22 23:30:40
38u6Umpnj9s4QobruUH0nA,427weUnxju_Sbh4SabYdJw,5.0,2011-02-08 06:47:28
393M4uM_4GBLPbhQIQtF9g,v1Uesklh8DpEufYOhTq4iA,4.0,2016-01-30 13:23:33
393M4uM_4GBLPbhQIQtF9g,yw3vRR7XLIjEnlhMnVzR7w,1.0,2015-11-06 16:30:05
3Av38uh8aHDvZMV_1eojQA,I_3LMZ_1m2mzR0oLIOePIg,5.0,2013-08-20 20:06:16
3BEKgNBLKRL8VzenhgKw-A,Cjwb7VQGP0u2eWYj1wnO3g,1.0,2009-12-30 22:39:44
3Brc8vhk5dwtBAZHeUZ-OQ,SJPnC_1BEXUxvU2Xvn9rug,1.0,2015-11-15 16:37:42
3CRXmJ5QAUxre_MgXzXjQQ,evxhNYa77dxWZabIpGQCkg,5.0,2018-10-01 21:07:44
3CYDgFXGK5M8qfF8COrXGQ,gcLHVHLDOozjllD-yiAnlQ,2.0,2018-02-18 20:26:27
3CwMwbY9UgP-qvTDxNs_0g,3X2pmXKqaMQ6xZjJHlKn8w,5.0,2021-05-02 18:39:39
3CwMwbY9UgP-qvTDxNs_0g,3tf6oHkhN22mqFNMSPsZlQ,4.0,2016-08-11 23:13:08
3CwMwbY9UgP-qvTDxNs_0g,49QeUC0W3mGJTxmg-bECTA,3.0,2014-10-24 22:51:41
3CwMwbY9UgP-qvTDxNs_0g,6djwQL1FOoe0SZONQHjhrw,4.0,2020-11-05 22:30:21
3CwMwbY9UgP-qvTDxNs_0g,6hBy3r_MQTIf29DfM2y8_Q,3.0,2016-04-06 23:52:45
3CwMwbY9UgP-qvTDxNs_0g,A_AEG20YPuVW7Ao7gkHicg,4.0,2017-04-22 13:27:17
3CwMwbY9UgP-qvTDxNs_0g,B65v5G8kMbOz16YdLITHcA,2.0,2014-12-18 00:20:45
3CwMwbY9UgP-qvTDxNs_0g,Cb6tGAb2wcFYOg8WvT5X2w,4.0,2019-09-24 16:30:10
3CwMwbY9UgP-qvTDxNs_0g,Hp1nkc3c3Q7_8oKXFn0vbw,4.0,2015-05-27 23:57:42
3CwMwbY9UgP-qvTDxNs_0g,KXGJZQam4Qa9omxMH1U3JQ,5.0,2019-03-06 17:30:27
3CwMwbY9UgP-qvTDxNs_0g,MNnCUYhi8JGEF7isbLXAFg,2.0,2019-01-04 15:04:00
3CwMwbY9UgP-qvTDxNs_0g,O4p1gp7ywsCaMxw_jgO34A,2.0,2019-10-11 16:24:25
3CwMwbY9UgP-qvTDxNs_0g,Ojo9FRfQ5Ruuv35RK2D1AQ,4.0,2015-03-14 14:01:59
3CwMwbY9UgP-qvTDxNs_0g,OqysWiDpJJbeZpmk5QOdgA,4.0,2018-07-25 20:48:02
3CwMwbY9UgP-qvTDxNs_0g,R_eXVjWKjlrf_HjJpmFmdg,3.0,2019-01-20 20:17:19
3CwMwbY9UgP-qvTDxNs_0g,T68Akn9hKT4thebIeBuUJg,4.0,2017-11-17 15:29:29
3CwMwbY9UgP-qvTDxNs_0g,U61GVlMhdnMPri2NJXHayQ,4.0,2016-12-14 02:07:07
3CwMwbY9UgP-qvTDxNs_0g,Yx0JhWt7aeF1PZlRiOptqw,3.0,2021-08-07 13:51:23
3CwMwbY9UgP-qvTDxNs_0g,awOKeCwbzutECzI4R6JGFg,5.0,2020-05-14 18:36:01
3CwMwbY9UgP-qvTDxNs_0g,bHPq-vQesglrIsvtkVdHrw,4.0,2015-04-15 18:22:40
3CwMwbY9UgP-qvTDxNs_0g,bW7NaKBJQ1MPzwyPLODpdg,3.0,2018-01-11 22:09:41
3CwMwbY9UgP-qvTDxNs_0g,e1P-sfC54cO7WoAYRXvBxA,4.0,2014-12-29 16:52:58
3CwMwbY9UgP-qvTDxNs_0g,fhtqwbSZLUH1s2NK2Vabvw,4.0,2015-01-11 22:29:41
3CwMwbY9UgP-qvTDxNs_0g,g3LweOTJlJoALtaShN4SLA,2.0,2018-05-04 13:51:14
3CwMwbY9UgP-qvTDxNs_0g,h92UZsNRbC5jwmfugnBqDg,4.0,2018-05-22 20:51:10
3CwMwbY9UgP-qvTDxNs_0g,jX4IFqmG4mvoQ90AiEk9vw,4.0,2018-10-19 04:08:12
3CwMwbY9UgP-qvTDxNs_0g,jbJTF1zVmZsk4hea8hoeVA,3.0,2013-10-23 22:50:46
3CwMwbY9UgP-qvTDxNs_0g,k66N-4OusE74AAbUR9L1Tg,4.0,2014-07-20 20:37:53
3CwMwbY9UgP-qvTDxNs_0g,k7Vo9nadGJg0glGOGVCKzg,4.0,2020-12-20 19:14:00
3CwMwbY9UgP-qvTDxNs_0g,l6cY2ndR-6GmqhVeuA0VgQ,5.0,2014-02-26 14:12:10
3CwMwbY9UgP-qvTDxNs_0g,m_12lKiQ1EkdwRN3ufKs2A,5.0,2021-07-23 15:13:37
3CwMwbY9UgP-qvTDxNs_0g,ncyt6jLL3iAICPRGFe7Ihw,2.0,2018-12-08 19:08:09
3CwMwbY9UgP-qvTDxNs_0g,o3zL4kvolP3CCAMf9lGE6g,1.0,2016-05-02 15:35:42
3CwMwbY9UgP-qvTDxNs_0g,peomsQ8wq84wK1j2RjZnjQ,4.0,2018-12-04 21:45:41
3CwMwbY9UgP-qvTDxNs_0g,qhRq6HPGNn1BYojzDdkgRA,3.0,2017-09-01 14:28:29
3CwMwbY9UgP-qvTDxNs_0g,t6n3wv1VtZpp7HD4ouWonw,3.0,2018-12-29 16:49:52
3CwMwbY9UgP-qvTDxNs_0g,yd6ZulvZinZJbmD7Vg3XAA,5.0,2021-05-07 17:40:01
3CwMwbY9UgP-qvTDxNs_0g,z-G-WVOJoY8QVNfATkMxGw,4.0,2020-01-24 23:23:44
3CwMwbY9UgP-qvTDxNs_0g,zSDqW5cZq9Bg7O9vMpJ6Tg,5.0,2014-11-20 23:31:50
3DbINcPH5PI0DGEQp5mwbA,8cvkk0HB-F2Irctug1h3SA,5.0,2015-04-01 03:03:31
3EPb2G4oTVqxqBU7YP86wQ,VXh9So-7ZyLot5wjXkTanA,2.0,2016-03-20 21:38:37
3FQu1N5o6ebrWvJ3VBdnnA,EDm3KWvGdERKcr3e2CPe1w,5.0,2017-05-03 07:21:48
3FQu1N5o6ebrWvJ3VBdnnA,JIf1gHuAp_abYX7i1b2Y-w,4.0,2018-09-24 15:53:50
3FQu1N5o6ebrWvJ3VBdnnA,LCpHFLUQhVMhfpNngtf_Ew,4.0,2017-06-14 04:27:28
3FQu1N5o6ebrWvJ3VBdnnA,SVSafDWg9r2Q5XEVOLPSSA,5.0,2018-03-03 02:06:57
3FQu1N5o6ebrWvJ3VBdnnA,TDKBPcViJQDMrdUm6a9XZA,4.0,2015-11-22 01:41:21
3FQu1N5o6ebrWvJ3VBdnnA,y7pKM3eFDZ9eRchC6SNMsA,4.0,2017-09-06 23:19:53
3HYMGGvS6mG0aoZohy0tTw,PGd06nrseC2YAIqP6S9gUA,5.0,2017-09-14 15:09:53
3HYMGGvS6mG0aoZohy0tTw,X6_5_b4gVKo83VPn0FyONw,2.0,2017-02-23 02:04:35
3HZKZ5EEkkPmc7baT6zcbw,IkY2ticzHEn4QFn8hQLSWg,3.0,2014-08-24 16:03:37
3HZKZ5EEkkPmc7baT6zcbw,Mw4IoBY_CXr8oFhbF7WcAQ,4.0,2014-04-22 02:51:53
3HZKZ5EEkkPmc7baT6zcbw,VwDrUaY7PPkvfD6M1dAVBQ,5.0,2014-08-24 15:14:35
3HZKZ5EEkkPmc7baT6zcbw,Ylc02u7HhDj0mnxeGt0y5Q,4.0,2014-04-20 22:55:18
3J1IfbsYGXfw05s_pX-MFQ,hqm2zJ1WY5UaVGZ6j07NNA,3.0,2021-09-27 01:07:28
3KK7L2Q6NMfJA1Ky4Ntmdg,OrU9wTeHJSLMwyGqYg4FAA,3.0,2013-03-28 14:39:22
3KK7L2Q6NMfJA1Ky4Ntmdg,x8JcV7sAyDN5k9qbnlfGdA,1.0,2013-03-28 12:29:16
3LDHxerWB7cJSv1c94q1MA,ww3YJXu5c18aGZXWmm00qg,5.0,2021-03-15 02:32:08
3MRfdDj65Y5tku59cy7GLA,fgTOJRkc703E4XRdcr5zRA,5.0,2015-05-14 04:14:22
3NfRXlnjONrz1y5zq37WWg,BN3LFoIi1AFQ4IZhvrMXsw,1.0,2013-02-05 01:26:06
3QnoTcrxuafMCoTzW_AH7A,-RckAAIJ-_KH0AzqrekYuw,5.0,2018-06-27 23:53:48
3QnoTcrxuafMCoTzW_AH7A,02qFLwwFi8T804rHcYh7Zw,4.0,2017-01-10 11:18:08
3QnoTcrxuafMCoTzW_AH7A,0OsR9lO16jxa0xWUY57s9g,5.0,2017-12-19 11:54:01
3QnoTcrxuafMCoTzW_AH7A,1qw5dIsQPNGLOwnuP7Wj1g,4.0,2016-07-08 10:46:34
3QnoTcrxuafMCoTzW_AH7A,2HxkdqHmbYGj_BH1bLaiSw,4.0,2017-10-24 10:56:35
3QnoTcrxuafMCoTzW_AH7A,2SevIwjgGdDdkIfs3Peu-Q,4.0,2017-02-24 11:23:53
3QnoTcrxuafMCoTzW_AH7A,4eZ-elvoXx4m65uoz7ymzQ,4.0,2017-09-06 19:43:27
3QnoTcrxuafMCoTzW_AH7A,7mpYTDb24SywNMRn3yeakQ,4.0,2018-01-23 15:27:14
3QnoTcrxuafMCoTzW_AH7A,7pwZZVVlYCxQvVdd8Q03wg,4.0,2016-09-20 10:40:27
3QnoTcrxuafMCoTzW_AH7A,8xTHtLoNIwdpf0FEvIpQIw,4.0,2017-02-01 12:32:50
3QnoTcrxuafMCoTzW_AH7A,9D0aKRGsutg8S0ClIanmrA,5.0,2017-05-13 13:00:49
3QnoTcrxuafMCoTzW_AH7A,9PZxjhTIU7OgPIzuGi89Ew,4.0,2017-01-27 11:42:43
3QnoTcrxuafMCoTzW_AH7A,BpIwDr5mG6wG5-Pxu3yxSg,4.0,2017-07-12 13:21:16
3QnoTcrxuafMCoTzW_AH7A,CYSPKiVdoPX3erovujnE9Q,4.0,2017-08-17 12:21:28
3QnoTcrxuafMCoTzW_AH7A,Dv6RfXLYe1atjgz3Xf4GGw,4.0,2017-09-25 22:48:38
3QnoTcrxuafMCoTzW_AH7A,EreYgrQPuR7Sk_FKeZZg9g,4.0,2017-02-13 11:35:25
3QnoTcrxuafMCoTzW_AH7A,FHNIvNgh3fS7VZQq2Y3dsA,5.0,2016-06-16 10:59:20
3QnoTcrxuafMCoTzW_AH7A,F_p-pLonAAzzOSnTLdJMtw,4.0,2018-01-06 13:35:48
3QnoTcrxuafMCoTzW_AH7A,GUuX7S-cF-iPLyJ01ZxKZA,4.0,2017-11-19 23:24:52
3QnoTcrxuafMCoTzW_AH7A,HPqTJ_yF2ZJw87yHWnSzSg,4.0,2016-06-18 14:19:12
3QnoTcrxuafMCoTzW_AH7A,J-ciDDEdIHMcChGIyKZnOg,4.0,2017-09-15 19:14:28
3QnoTcrxuafMCoTzW_AH7A,KQgCflC8eqJU5kvJkByXzw,4.0,2017-03-19 22:16:00
3QnoTcrxuafMCoTzW_AH7A,KyDcAU41QDQpYAFyK6Q6hg,5.0,2019-12-06 11:39:58
3QnoTcrxuafMCoTzW_AH7A,LfrCUDzg66jncxLvNxBnlg,5.0,2018-03-25 13:39:01
3QnoTcrxuafMCoTzW_AH7A,Mfvk9uEEhdCqj8S2u7dWgQ,4.0,2017-10-01 01:51:38
3QnoTcrxuafMCoTzW_AH7A,Mwc3n5Psw9wRaQ22vZWDYQ,5.0,2017-02-04 13:08:05
3QnoTcrxuafMCoTzW_AH7A,OMpHvwN3cxkbldKbKskc5g,4.0,2019-06-21 15:07:15
3QnoTcrxuafMCoTzW_AH7A,OoFCe8VbzzCr88SGC08omw,4.0,2018-11-29 14:00:13
3QnoTcrxuafMCoTzW_AH7A,QJOC6Uz-RCpzPB6aMjtP9Q,4.0,2017-09-10 12:03:58
3QnoTcrxuafMCoTzW_AH7A,Qw7tz-UkPrpXaVidWuab4Q,5.0,2016-08-25 12:08:36
3QnoTcrxuafMCoTzW_AH7A,RUWCx8WPhq4JwQjv_eGZ8g,5.0,2017-03-20 10:45:27
3QnoTcrxuafMCoTzW_AH7A,RrrqJ2XY0CXNBot7zsdXPQ,5.0,2016-10-15 17:25:37
3QnoTcrxuafMCoTzW_AH7A,S1FwTmCAwv5ulu5gToWi_w,5.0,2019-12-31 12:10:38
3QnoTcrxuafMCoTzW_AH7A,SHYPQbYqbfK4CwTDjtBH7Q,4.0,2017-02-07 21:38:51
3QnoTcrxuafMCoTzW_AH7A,T0GS1FEYQBy2xlxWGWamBw,4.0,2019-04-19 11:59:28
3QnoTcrxuafMCoTzW_AH7A,T3tiN6g7G2XUoDjRv3d8Cw,5.0,2019-01-13 13:55:14
3QnoTcrxuafMCoTzW_AH7A,TsoCCouCudxL2mwn86SFiQ,5.0,2020-07-27 15:48:46
3QnoTcrxuafMCoTzW_AH7A,VvqYQ98FjO0iYpKHgu91fw,5.0,2017-03-17 10:52:57
3QnoTcrxuafMCoTzW_AH7A,W6k6b-bUaX0goySzl-zgTg,4.0,2018-01-24 10:56:42
3QnoTcrxuafMCoTzW_AH7A,W_SQ6CfxAZFx6liHLPyajg,4.0,2020-11-15 12:14:32
3QnoTcrxuafMCoTzW_AH7A,Wr2k0Vz8RbcumYulp-jIrA,4.0,2019-11-27 13:25:40
3QnoTcrxuafMCoTzW_AH7A,XXVie9MI2oQz1OzfzSAOhw,3.0,2019-02-22 11:24:50
3QnoTcrxuafMCoTzW_AH7A,YqmClmk7oLcDzPWKHzgA-Q,4.0,2019-09-06 11:03:24
3QnoTcrxuafMCoTzW_AH7A,Zqd_DHAtrdzRJ8u3zwrvEA,4.0,2017-01-28 13:03:32
3QnoTcrxuafMCoTzW_AH7A,_9MTM7D67Up6A_5uTv1Ucw,4.0,2018-05-03 10:30:42
3QnoTcrxuafMCoTzW_AH7A,_Q3XmBesceFqn9Dk-w6tlA,5.0,2016-12-04 13:37:03
3QnoTcrxuafMCoTzW_AH7A,_kaXQwnlsnfpUsKr3otCBg,4.0,2017-10-31 01:55:53
3QnoTcrxuafMCoTzW_AH7A,aRb_ToTRcHa9BICLLj8n-A,4.0,2017-05-18 12:04:56
3QnoTcrxuafMCoTzW_AH7A,atZ_olNKXOG4rEr6mccN8g,4.0,2017-12-20 21:43:57
3QnoTcrxuafMCoTzW_AH7A,auwFZzfhe2pvFw43OfsAfw,5.0,2019-10-29 00:01:27
3QnoTcrxuafMCoTzW_AH7A,cbr2Db20L6P50CsxsX6c2A,5.0,2017-06-17 11:30:26
3QnoTcrxuafMCoTzW_AH7A,dBCNUSbz5-8nQNrxWo5deg,5.0,2016-12-22 12:55:10
3QnoTcrxuafMCoTzW_AH7A,dbq2TOIs7moyrY1sfo2iFQ,4.0,2016-12-04 13:33:35
3QnoTcrxuafMCoTzW_AH7A,dlFdjPUJI1eqRs8WVPE3QA,4.0,2016-05-13 10:51:03
3QnoTcrxuafMCoTzW_AH7A,eCikDKFbaeYVNdCD2beX0Q,4.0,2018-03-22 12:49:16
3QnoTcrxuafMCoTzW_AH7A,eoN0GAIRV0WmwUm7FmzKgQ,5.0,2020-02-05 11:05:29
3QnoTcrxuafMCoTzW_AH7A,fneeyCOYV5-oVeQP0TACog,5.0,2018-02-16 13:30:25
3QnoTcrxuafMCoTzW_AH7A,g2zwbLIqxtN9nGGuL43trg,5.0,2017-01-19 12:05:40
3QnoTcrxuafMCoTzW_AH7A,gMMB9h6NErOo9MlDBRJkXw,3.0,2017-01-08 14:01:39
3QnoTcrxuafMCoTzW_AH7A,gdklkhsq4C7KANfnXaTlWg,5.0,2017-02-05 12:36:49
3QnoTcrxuafMCoTzW_AH7A,geuZssQDB8yblCpFYwoqAw,2.0,2018-03-23 10:30:39
3QnoTcrxuafMCoTzW_AH7A,hvr1FhvVqDKkDCoS0GKvyQ,4.0,2017-02-07 21:35:36
3QnoTcrxuafMCoTzW_AH7A,iUZEGx29miZObLd6_lt7Vg,4.0,2017-12-15 00:11:37
3QnoTcrxuafMCoTzW_AH7A,jySVipAqMqczPzOPLMnJpw,4.0,2017-07-04 17:55:33
3QnoTcrxuafMCoTzW_AH7A,kkgaPaqs3VKdlPUCwCv3kw,4.0,2017-06-12 10:22:38
3QnoTcrxuafMCoTzW_AH7A,krWsMdrE_uglWwOF5BcJcQ,5.0,2018-01-04 13:25:01
3QnoTcrxuafMCoTzW_AH7A,kxX2SOes4o-D3ZQBkiMRfA,5.0,2017-03-24 10:55:39
3QnoTcrxuafMCoTzW_AH7A,l4AjbrjS91Z70AYQbABxvA,4.0,2016-12-28 13:28:31
3QnoTcrxuafMCoTzW_AH7A,lpDOqBhkJlxACzKQGAj_uA,3.0,2017-09-05 16:29:46
3QnoTcrxuafMCoTzW_AH7A,mHFqZUNucaIsFFF_DDmsQQ,4.0,2017-06-06 12:04:21
3QnoTcrxuafMCoTzW_AH7A,o45O8DI0MJXYsHnoIkP0jg,4.0,2020-01-05 14:54:31
3QnoTcrxuafMCoTzW_AH7A,rgSHLh2Le0Un82FDxbq0mg,5.0,2017-02-06 13:27:56
3QnoTcrxuafMCoTzW_AH7A,tELoGj2QJYYFQ1jo_XXbpA,5.0,2016-07-14 04:26:51
3QnoTcrxuafMCoTzW_AH7A,vF_QwGltBpVesMMGclzB9Q,4.0,2017-10-22 12:39:21
3QnoTcrxuafMCoTzW_AH7A,vUrTGX_7HxqeoQ_6QCVz6g,5.0,2018-05-10 10:30:09
3QnoTcrxuafMCoTzW_AH7A,vq73W-SHrwBgXzQ__0yV2w,5.0,2017-03-12 16:41:41
3QnoTcrxuafMCoTzW_AH7A,yMeC2ltA33lJ-nBIQP4sJQ,5.0,2018-04-16 10:42:57
3QnoTcrxuafMCoTzW_AH7A,yYwZWTgSoweD0YNh2p9QRw,3.0,2017-09-17 19:06:43
3QxuPPw9XvlZkmnhlKctsw,6c8eIawbCBu3FLp2kDraBA,1.0,2020-10-24 02:49:41
3QyhIS6_hq20E-7WMJaMkQ,vWjME92WddneF98IqzaNfQ,1.0,2018-08-01 23:40:44
3RWxayWZMY1L1yLX4vXXUw,SxbqEgEwrGmtgvQAgM6kIg,2.0,2014-12-25 15:13:04
3RuPbLjp9EDWlb1eTiNYsw,L5LLN0RafiV1Z9cddzvuCw,4.0,2015-08-31 17:29:33
3TFhgimVNz1Mh4SwhVNZqQ,EaOpoKLdqNwZ2q5owQ6LDA,1.0,2013-08-24 20:10:21
3UFFy3y9sYiVFJCJoaROgw,8zJYnVNKD7XUHaKFMMREBg,4.0,2021-03-10 12:54:14
3UXXvi4021V_ckejIQf9Jg,khnNWa_my3oQQghGPuILhg,2.0,2014-07-13 00:00:40
3VYEhHRd2oVbzaZR6VRpbQ,pWuoHHu0LuVrD0HjadDygg,1.0,2019-10-25 17:30:40
3Voa7rRjH1K00Xse-PjmVA,xP5o6PVU3tWOixLJTIdVVA,1.0,2019-07-07 03:47:13
3WCbKPke3NMPrNvgBnLMhg,l6SCfDSkeFdD5ccMK0ZwlQ,1.0,2014-01-12 16:07:36
3WQABqoadQJoE_jADNNYHA,0M1l6p96IffjQi9EZsdVhw,4.0,2017-10-22 00:05:32
3WQABqoadQJoE_jADNNYHA,7pwFfnB6FH4lflXWrQ2Tqw,4.0,2018-10-04 16:30:09
3WQABqoadQJoE_jADNNYHA,8NyDM-FDoWEEeEG9XUwnbg,5.0,2017-10-20 20:38:00
3WQABqoadQJoE_jADNNYHA,LkCFcD-5QyNIUnEfO78npw,4.0,2017-10-22 00:27:30
3WQABqoadQJoE_jADNNYHA,bLnC1_-Kd_Z5qhHNQXCUfQ,4.0,2017-12-01 04:55:37
3WQABqoadQJoE_jADNNYHA,oBNrLz4EDhiscSlbOl8uAw,5.0,2017-10-20 19:35:37
3WQABqoadQJoE_jADNNYHA,sitve7-2mPUQQ2bV8jLCRg,5.0,2017-10-21 23:02:55
3WQABqoadQJoE_jADNNYHA,tELoGj2QJYYFQ1jo_XXbpA,4.0,2018-10-04 17:11:41
3WSgEXBS9SQkLg37rF9G3g,jMZ56S8Y1t7cA1Ob-d-qeA,5.0,2012-02-07 16:44:48
3Wfh4Qf_C70JQcE0ku3pUQ,pWuoHHu0LuVrD0HjadDygg,1.0,2018-05-11 15:21:45
3XlkocqX1OjcpWOuBL2Mqw,wCluBbW9nzS7MEMFltMwJw,2.0,2014-06-04 01:27:15
3YHtQhSU0Zq6ktdeeuemeg,5zldWFm-ExDsDfQ9Frb_3g,1.0,2017-04-12 16:17:38
3Y_gz3wb7T5ur9FHqxBcgQ,_nqrmx5xKLQyrbmjhwiiuA,5.0,2016-08-14 06:43:33
3Yrg08UMw4MvLnF5kS74sA,MFxRPt8-B2xTYmon3s84kg,4.0,2020-11-12 02:57:37
3Yrg08UMw4MvLnF5kS74sA,vHr8qhM4CXYB3Ol_9yS6QQ,5.0,2021-04-14 23:57:52
3ZVL-kkYKLJY_E5xK9a6eg,0jpFptAehZhLl3nkhHDanA,1.0,2016-10-14 22:34:34
3ZrNpwmVcnenLVkFWzvSPg,YBq6blbEs3Vc43x-G0mC8w,5.0,2014-03-14 15:58:02
3_inIIto4ZaKsuOqEaJazw,poUBW6Ssag7DeRzecF1ojw,5.0,2017-07-16 18:55:01
3aA4uaGPgK_5_ZlYbVs9rg,ReVpjIDupK_VMPn7ZxPvOQ,1.0,2017-12-17 03:29:59
3aTssc6xCvdZrRNmwjopJg,znx1v_c2IPKOXlYAbqFYvg,2.0,2010-02-07 02:11:17
3aq21qi-02821S_j5Q4jjw,p1qo4mvmgO_FFFuHwHFuCg,5.0,2012-09-07 12:13:03
3bdVKDG-dCmAj6WeRU9qcQ,Ju25XEGy_NWi9heJX3FuZw,1.0,2012-06-18 14:23:23
3c3uj4KIExrxmbSLOkzLWg,Nvy1jETQItFjG0oyjpGk7w,5.0,2020-03-13 22:23:09
3eC333QR9BkSeb2fP7XDQg,dGUyXgFW1WSYMgRypKaYew,5.0,2014-06-24 21:11:50
3gRfkaVcEWri-Ju7OQX7uQ,-nC9g_6S8kPXFNyee315hA,5.0,2021-08-17 17:52:54
3gRfkaVcEWri-Ju7OQX7uQ,898K8ftMbdWe2Dc67QMC_Q,2.0,2019-07-20 03:19:55
3gRfkaVcEWri-Ju7OQX7uQ,O1Cw2yzf4bCuKjbVTljqUQ,5.0,2019-07-19 01:28:33
3gRfkaVcEWri-Ju7OQX7uQ,QGUj9Za0iG_OJz0CqujE_Q,4.0,2020-12-15 07:50:38
3gRfkaVcEWri-Ju7OQX7uQ,SwBhaxfQPbyhsi0QHUAN0A,5.0,2019-07-30 19:19:15
3gRfkaVcEWri-Ju7OQX7uQ,TUCqijHJjzFJhtYhAzzDzQ,3.0,2020-12-13 14:54:24
3gRfkaVcEWri-Ju7OQX7uQ,bdJXwEREaJTeZrDHIo276Q,4.0,2019-07-17 22:35:20
3gRfkaVcEWri-Ju7OQX7uQ,h7zTzXGy7CGNTUaNtr_RTg,3.0,2020-12-11 06:04:43
3g_3mhLpWzL5bQNYl2uTJg,zssISv4ZdplRT_Zcw8drPQ,1.0,2017-12-04 17:51:20
3h8syvP0p47XvLHQT1atLA,95d60_mjUg2kLy-bhDLC6w,5.0,2018-09-18 19:07:13
3hANLGwpP5tXgHOes2XheA,G847k0tO-0iDLRM9m8Rgcw,5.0,2014-03-05 15:35:18
3j50d_OtZ5gCTW4uZIFw9Q,_pzBF2sn806Zm-tRLCPXEg,5.0,2016-02-01 17:47:56
3j50d_OtZ5gCTW4uZIFw9Q,gBGD0dNvfLlQOAaZzCU1NQ,5.0,2016-07-14 21:56:28
3jZ7W7ZPXBCX7opq1IUdPw,QpTf9MU5EgYfm6bscRxaqw,2.0,2018-06-10 16:21:13
3kpn_e7BKSiQsXCa1FJUdg,2WHu0k5VVM1Pn9AFzkSBlA,5.0,2018-02-28 21:31:01
3lTgW6aoFiOzoadal2taWQ,ZpgVL2z1kgRi954c9m9INw,2.0,2015-06-18 19:01:54
3ltfkfYn_cSPubFmc7BdTQ,Xm3fazqrD-Fi4tVPlc4i6Q,5.0,2014-01-29 03:16:12
3m6cDI0qhaTiCGAHLAy-dg,iLdVQodnexGgwcJYuW3mYw,5.0,2021-05-05 19:50:22
3mNz5nQFTIBQm0oU5mBR0w,15BlJKQfD-SLJTebWa14EQ,5.0,2016-07-27 19:48:50
3mNz5nQFTIBQm0oU5mBR0w,GST3wg-wej15vHeCvaXE6w,5.0,2014-06-08 05:12:02
3mNz5nQFTIBQm0oU5mBR0w,Hh8jUR0mtVXkAnv8XDZjyA,4.0,2018-06-08 00:16:52
3mNz5nQFTIBQm0oU5mBR0w,Jzb2IQSwPfULWzdl9Bq5fg,5.0,2014-05-18 03:02:09
3mNz5nQFTIBQm0oU5mBR0w,K8O71Tb6xcza0g1MU608ag,5.0,2013-06-15 20:05:38
3mNz5nQFTIBQm0oU5mBR0w,LmRyuir7orBNN43fyp8buQ,4.0,2014-05-24 22:35:38
3mNz5nQFTIBQm0oU5mBR0w,QCsVilspu6TxuwZMUTabFQ,3.0,2018-06-12 16:59:41
3mNz5nQFTIBQm0oU5mBR0w,TDKBPcViJQDMrdUm6a9XZA,3.0,2018-05-28 23:43:12
3mNz5nQFTIBQm0oU5mBR0w,dYYkzkiAQoOtRjdR0kcspw,5.0,2014-06-08 23:47:09
3mNz5nQFTIBQm0oU5mBR0w,eUxD-l-Ddr1iMmzV6prNFw,5.0,2018-07-03 22:24:44
3mNz5nQFTIBQm0oU5mBR0w,g-IXI3v3fOudMsyLPKb-eQ,5.0,2013-05-13 10:52:01
3mNz5nQFTIBQm0oU5mBR0w,jSYu2apG1uYq3eNzSA-OHw,5.0,2014-05-19 05:16:24
3mNz5nQFTIBQm0oU5mBR0w,lo3zYtvPB6-iVok2C7HsGw,5.0,2013-05-17 02:30:37
3mNz5nQFTIBQm0oU5mBR0w,tELoGj2QJYYFQ1jo_XXbpA,5.0,2014-06-26 06:30:26
3mWPo1H3HjIgjKWZt3NjcQ,2I0GtFcDwEQv6-fruMxNng,1.0,2016-07-01 16:42:48
3mZrXEDBw4tZviWX0SDCoQ,H5Rk-aunuEzGANXCBu-NPQ,3.0,2019-01-07 22:38:43
3mZrXEDBw4tZviWX0SDCoQ,_gjlYp7xd4NiEosu6GHusg,5.0,2019-06-19 21:53:03
3mZrXEDBw4tZviWX0SDCoQ,xlMQBBt9wrtahdqiRDcVSg,4.0,2021-10-08 23:05:43
3mZrXEDBw4tZviWX0SDCoQ,yY3kq6_2m1FyY9MgaiHgoQ,5.0,2017-10-10 21:54:00
3mfsaxkuiLRdGNnoPAnKLQ,SkjUwG0FerzrxnIV8N56CA,4.0,2011-06-29 20:34:05
3mfsaxkuiLRdGNnoPAnKLQ,TzkVUJab9Sh0CqDk2sCF-w,5.0,2012-01-06 20:55:28
3mfsaxkuiLRdGNnoPAnKLQ,Z4D9fzsrlNX8O9rkJuEo6A,5.0,2011-05-20 20:18:25
3mfsaxkuiLRdGNnoPAnKLQ,aPs-Pf4_CLWcFQcMnbfcUw,5.0,2012-05-10 17:31:02
3mfsaxkuiLRdGNnoPAnKLQ,lo3zYtvPB6-iVok2C7HsGw,5.0,2011-05-01 23:17:08
3n5UEZtP96GBNpRXNF0QNA,WWAMlOhMaD8df2clXWcTPQ,5.0,2017-04-17 18:44:23
3p8ue8wIF7Cr7kUlFi9CAQ,koU-NJTb-CSoCK-UI1uCjQ,4.0,2012-04-08 14:01:30
3pBa2YsTbTsjod5ScNgTrw,g2zwbLIqxtN9nGGuL43trg,1.0,2015-06-10 19:47:43
3tAW8YObI7gpFggazZEsOg,cQIh4YJlVtZI9TLF5_smOg,5.0,2014-10-12 21:49:42
3tHXp6s9wsNYBs40C75qvw,WHLM6UhwSV0tN3CrmSgsUA,4.0,2017-09-22 22:23:43
3v7hHcdcBHLB8knfHfBNzA,m4kvY0viCwxqRtgOycnKVQ,4.0,2019-06-28 03:31:57
3vofzamIMkrS0PPf5aSmRQ,GNo1zeiPKErB7Ww_j3IlOg,5.0,2011-10-03 18:08:27
3w-w38cbycI09ewVVfxy5Q,mMnkbIMG9MUW-rb5a5Q8Og,1.0,2013-02-08 23:14:00
3x-kbXQUhrsWOcp8mUimbw,ZUPnWlLgqnU1PVtF6Q9-HQ,5.0,2012-02-03 00:29:03
3x7Zrwu8ugUjCpU6AbJDEw,4bvQThX0cJxlx67PU9nmLQ,1.0,2009-11-22 15:43:41
3xBFFH866WoySDG7uuwBSQ,Y2Pfil51rNvTd_lFHwzb_g,4.0,2020-01-18 17:32:26
3xBFFH866WoySDG7uuwBSQ,kBgiy6ulQRiATWFPZjTPKA,4.0,2021-08-01 18:47:57
3x_OqLY1XM75wHAohiyxSQ,Cmw00BFD1l-_DJHPuKi2Rw,4.0,2015-06-29 18:32:22
3zc9PS_da-DbdvUiGOQ4SA,KHe6HAqmyioITwTvg9Bbcg,4.0,2013-01-05 15:29:18
3zxy3LVBV3ttxoYbY4rQ8A,RA5E6BDiAzgSmsxdc1A4tw,4.0,2009-08-10 04:52:50
3zxy3LVBV3ttxoYbY4rQ8A,j8JOZvfeHEfUWq3gEz6ABQ,5.0,2019-05-03 06:45:59
3zxy3LVBV3ttxoYbY4rQ8A,r926yelr_EJAKQCjdD6AWA,4.0,2018-11-28 07:51:50
4-Sx8oZ4hwXR5YNWJHnAMw,8Ck78FmeRO7W9iy1-5eCeg,3.0,2013-09-07 02:12:47
408hwioZ-qUozGrKzoqKqQ,UTXwFoe-KOo0SqnBqtbyhQ,5.0,2018-12-10 00:41:19
40AouWLnY0pQDwJUcidqiA,sjosv3U_wxN3Zigr7gIx2g,5.0,2014-01-24 07:39:14
417svAEVHreK6c3SK4M8Tw,0MhxvTys2ADYa3sOO91ldQ,4.0,2018-09-11 11:58:02
417svAEVHreK6c3SK4M8Tw,3Ym00dQ_oqZ0zunGMLhX3Q,5.0,2020-08-23 14:59:01
417svAEVHreK6c3SK4M8Tw,4SpzVEc2FNJi4P1PG5M1Lw,2.0,2019-05-25 15:50:42
417svAEVHreK6c3SK4M8Tw,56M2bwaaSzcmzr2dyEfYQw,4.0,2019-12-05 13:54:15
417svAEVHreK6c3SK4M8Tw,6Ty-KKWq6hLZYW8DWEHYvg,5.0,2022-01-16 14:21:38
417svAEVHreK6c3SK4M8Tw,94Kq5YyU6C8cwgdh4_ozjw,5.0,2020-08-13 13:23:20
417svAEVHreK6c3SK4M8Tw,ILAaYiFUQHXPQlo_0kfD-w,2.0,2019-06-02 17:00:31
417svAEVHreK6c3SK4M8Tw,PCKC8qjaEUHIm8yN9v9Juw,4.0,2020-10-11 14:11:21
417svAEVHreK6c3SK4M8Tw,S6L5hB5r9_j6UeanowxRvw,5.0,2019-02-17 04:43:39
417svAEVHreK6c3SK4M8Tw,U0sjKBnSMN5SnWd_xU4GrQ,5.0,2021-11-12 17:56:14
417svAEVHreK6c3SK4M8Tw,VSTZS_Rd_R6NFBwjRVPlJA,5.0,2019-03-08 02:16:38
417svAEVHreK6c3SK4M8Tw,cwUYrV2rG4k2dZmspqaRlQ,4.0,2020-01-25 03:08:42
417svAEVHreK6c3SK4M8Tw,dNC6G1FhDVQA5D58Oyg06g,5.0,2021-08-07 20:12:51
417svAEVHreK6c3SK4M8Tw,iGudoXTmbAmz1gg3H7omyA,3.0,2018-04-15 03:29:24
417svAEVHreK6c3SK4M8Tw,kWrBJ6E8aKhfGkvsXQwxZQ,4.0,2020-11-30 17:46:11
417svAEVHreK6c3SK4M8Tw,r4OWweOI9CAKk38pw_lSJA,5.0,2019-06-09 15:06:55
417svAEVHreK6c3SK4M8Tw,v_AbyvMdKUi_ac4A8nkG-A,4.0,2020-12-31 02:53:04
417svAEVHreK6c3SK4M8Tw,vgUCHA9janT7JJ6ZoUHN2w,4.0,2020-02-23 15:01:25
417svAEVHreK6c3SK4M8Tw,xP5o6PVU3tWOixLJTIdVVA,4.0,2020-01-19 16:53:40
417svAEVHreK6c3SK4M8Tw,zymvTQ12tRy3bzmP4tPgOg,5.0,2019-05-15 17:30:19
42K9jFAChkohSELA6ooMaA,TI3Rydw47yBMzY1oW2wJUg,1.0,2013-12-09 08:55:25
42UZQy8RjzrOorRXIUDgJw,rZovLZwbox_O2Qk9x7Uuew,1.0,2014-03-10 18:31:35
46Wi08T5D3phf3SMgi7U3w,183RrwDm8mmdKCX1E9dUVQ,4.0,2019-12-31 00:37:53
46Wi08T5D3phf3SMgi7U3w,B6Lvq3sOYwhKxPzadDka9g,4.0,2019-10-24 03:18:40
46Wi08T5D3phf3SMgi7U3w,BtXXYIQosyO8SbO718tXVQ,5.0,2021-10-14 04:00:47
46Wi08T5D3phf3SMgi7U3w,DWVh69pl7bV3tBT0UV1stA,4.0,2020-09-30 00:45:35
46Wi08T5D3phf3SMgi7U3w,KxgoNsTwdurBn7gkIL8BZg,5.0,2020-12-20 15:36:50
46Wi08T5D3phf3SMgi7U3w,NYj8uB9-u0SmRMNDNktb1g,4.0,2020-03-10 02:38:20
46Wi08T5D3phf3SMgi7U3w,OMpHvwN3cxkbldKbKskc5g,4.0,2019-10-24 02:28:50
46Wi08T5D3phf3SMgi7U3w,UQssxfQY7LcLEtagk9ecog,5.0,2020-11-13 03:13:11
46Wi08T5D3phf3SMgi7U3w,cNua7EAP7aoHTEp734VqWA,4.0,2020-11-13 03:02:16
46Wi08T5D3phf3SMgi7U3w,dDUWJGi3ZeTs5Xv81nLukA,4.0,2019-10-24 01:49:40
46Wi08T5D3phf3SMgi7U3w,jNxvJeAUzzpC7zW3UN78HA,4.0,2021-01-17 13:01:05
46Wi08T5D3phf3SMgi7U3w,zCELc_Vqc0EbnTwbkpUIEA,5.0,2020-02-09 23:01:02
46cIhWXP-6801eRTR7F_AQ,c-iKAO2GBzSKjm7y1Oljcw,5.0,2011-03-21 17:41:05
46usODzkmddlBw-likcaDw,Ro7opPbuSZdL1igdatdTMw,5.0,2014-08-05 17:14:58
47oIw-CN1guUKx2_vUdsgw,3XXt0s_SDC9SyFTiIPNSgA,5.0,2014-06-21 23:22:42
47zMh_WgunwRDf7Cx2WyYw,26107Pz4hjESgQ8J2c81rA,4.0,2013-03-04 18:56:48
47zMh_WgunwRDf7Cx2WyYw,OVbuOxR3zXExZCKLXewaVg,5.0,2016-04-18 21:35:20
48frnroabupeTYxrZZvbIA,GXFMD0Z4jEVZBCsbPf4CTQ,5.0,2019-04-28 12:37:51
49gp473HvrhnCNed2mKPWA,qxRTFagnexBZgDe055CjkQ,1.0,2015-03-31 02:47:05
49sNJ1cHVRW4ao2tAUL9Ng,q-m9__XyqMhuX5cValqS2w,5.0,2020-03-10 15:28:47
4DN9WS2gf7Y2SYh0LaqDqA,JvawJ9bSr22xn4R9oLvl_w,4.0,2014-02-24 06:56:19
4DN9WS2gf7Y2SYh0LaqDqA,VaO-VW3e1kARkU9bP1E7Fw,5.0,2014-01-29 23:25:04
4DNVY2SgiNhpbhFj8mAhXQ,tXf6TpqHOLiwyMNbYAOOCQ,5.0,2016-12-31 21:35:11
4DVjcB5OjnxLyT6sQqX1_w,GXFMD0Z4jEVZBCsbPf4CTQ,5.0,2018-11-21 07:23:54
4DyMRBKrokax6d8LCI3GAw,-r6nmLB5Vi2TLQCxh0_dtw,5.0,2020-05-15 00:58:55
4DyMRBKrokax6d8LCI3GAw,18eWJFJbXyR9j_5xfcRLYA,5.0,2020-02-13 02:26:55
4DyMRBKrokax6d8LCI3GAw,45D7B9CqiUTTPUFcqmLx5Q,5.0,2020-11-28 04:26:25
4DyMRBKrokax6d8LCI3GAw,6aUb_f9C7a2oOxaIfRGSdA,5.0,2019-10-21 19:04:01
4DyMRBKrokax6d8LCI3GAw,8A5LSwsKK5vXDH1M3_Tf1w,5.0,2021-05-29 16:40:36
4DyMRBKrokax6d8LCI3GAw,9xW7LsJpyhVZFRb6z9xorg,5.0,2021-01-10 18:53:52
4DyMRBKrokax6d8LCI3GAw,B2Mpi0gW4-oFFVKkDpIxvg,3.0,2021-08-03 03:22:27
4DyMRBKrokax6d8LCI3GAw,CUWituEeIX3xA0xU7X82Ow,5.0,2020-01-21 18:02:28
4DyMRBKrokax6d8LCI3GAw,D1OT9vuepvXJrn5VDgm4YA,5.0,2020-01-23 18:42:55
4DyMRBKrokax6d8LCI3GAw,EZc2myE2mYk2h9JK9qu8gw,5.0,2021-09-01 19:38:10
4DyMRBKrokax6d8LCI3GAw,NCMTfUJYTasYZ64UuGC-rg,4.0,2019-05-29 16:29:37
4DyMRBKrokax6d8LCI3GAw,Qkg16mN-8QR66gjzg6gMyw,5.0,2019-01-15 22:22:51
4DyMRBKrokax6d8LCI3GAw,Rl42JbSMsmNW3LRjsTMYAg,5.0,2021-09-13 03:56:08
4DyMRBKrokax6d8LCI3GAw,U3grYFIeu6RgAAQgdriHww,4.0,2019-01-29 01:33:07
4DyMRBKrokax6d8LCI3GAw,VAIOtbsxdNmuhUKkQZFRlA,5.0,2019-01-22 03:11:46
4DyMRBKrokax6d8LCI3GAw,Y0izXh4Dv1_YU68tn43Xiw,5.0,2017-09-28 02:16:55
4DyMRBKrokax6d8LCI3GAw,Z0mBsgDzDnFAEC5o4X6G9g,5.0,2022-01-01 17:21:55
4DyMRBKrokax6d8LCI3GAw,bXrQejeR66IwebuhxPS7GA,5.0,2020-04-05 18:02:07
4DyMRBKrokax6d8LCI3GAw,bbEXAEFr4RYHLlZ-HFssTA,5.0,2020-03-26 21:24:38
4DyMRBKrokax6d8LCI3GAw,f3eve2cxUIzyanWnHdMtFQ,5.0,2019-01-04 03:22:53
4DyMRBKrokax6d8LCI3GAw,jtgBkAQuchDYgkdsebzLsQ,5.0,2018-08-05 21:44:17
4DyMRBKrokax6d8LCI3GAw,nMn4CTJQPXqpgLltYQrxMA,5.0,2019-07-20 22:48:55
4DyMRBKrokax6d8LCI3GAw,oGDGlUbOjHxmmCh8ZYcDCg,5.0,2020-06-23 04:41:54
4DyMRBKrokax6d8LCI3GAw,q36uZc2hQml10YGHazJaoQ,3.0,2020-12-08 20:46:37
4DyMRBKrokax6d8LCI3GAw,s4k1P9FHfPUzw3dqXRp7eA,5.0,2020-03-06 18:15:50
4DyMRBKrokax6d8LCI3GAw,uO39--k_hrCFgZh-Bl8m8A,5.0,2019-11-20 23:08:04
4DyMRBKrokax6d8LCI3GAw,vj6AetpADpHOYtMRZsXX3g,5.0,2021-09-20 21:59:28
4DyMRBKrokax6d8LCI3GAw,vyyr3G874jpRYSQo2KPZow,5.0,2019-12-13 15:12:24
4DyMRBKrokax6d8LCI3GAw,xkS_mRHVHuX0ko6kVIyBdA,5.0,2020-04-15 17:37:49
4ELHL5eD02qqnm5VMqEmaA,xxvgV_6FrRzXPhpT8EWXUg,1.0,2018-10-17 15:51:32
4F59l8scDgg6BQx0HGRtcQ,4LG0U_Gxc45-FanbjwoBvw,4.0,2016-11-06 15:23:06
4F59l8scDgg6BQx0HGRtcQ,7pN4cTiJ73R1K2jc410pWA,5.0,2015-07-07 21:40:14
4F59l8scDgg6BQx0HGRtcQ,CSRJYftc_THPHSJQAqghCg,4.0,2018-02-01 02:13:44
4F59l8scDgg6BQx0HGRtcQ,LalGsMdQmJeIvCgqHVZZsg,3.0,2020-01-03 16:16:59
4F59l8scDgg6BQx0HGRtcQ,bWGFzosyIbhoU-jBMEEHKg,5.0,2015-03-01 05:09:08
4F59l8scDgg6BQx0HGRtcQ,dRKztV_Vtl7AvZg052SgRQ,4.0,2016-08-12 00:25:27
4F59l8scDgg6BQx0HGRtcQ,ekYEnQ5xKIGjdWIXwE98zg,5.0,2015-06-11 22:51:24
4F59l8scDgg6BQx0HGRtcQ,lXFpW475fKlACmyyw9_UYA,5.0,2015-09-25 15:35:20
4F59l8scDgg6BQx0HGRtcQ,trDDjiD1PVRcNx36GQCKcw,4.0,2016-10-17 22:50:04
4I3HYPOqzOJYDS7pzR3bzw,dGUyXgFW1WSYMgRypKaYew,5.0,2014-07-18 00:43:49
4IZUE6ojBjC0reTOed3FGw,Hh8jUR0mtVXkAnv8XDZjyA,1.0,2020-11-05 19:33:42
4JI0_UJXW619p6ukZzTA1Q,Dc9UvOn_v9-BU9Rn6l4ejQ,2.0,2015-12-10 21:23:20
4KYNUsdA-tPe-iKKudb0uQ,GXFMD0Z4jEVZBCsbPf4CTQ,5.0,2019-02-27 20:28:20
4KYNUsdA-tPe-iKKudb0uQ,UFCN0bYdHroPKu6KV5CJqg,5.0,2018-07-06 21:19:43
4MI-FchE3HrvleeN5H9ZBQ,Zi-F-YvyVOK0k5QD7lrLOg,1.0,2018-08-06 22:53:16
4MMD4bqTfwbx6F-G7v_DMA,6c8eIawbCBu3FLp2kDraBA,1.0,2020-10-11 17:58:44
4MeyfdyeJ38A_wOKLapRMQ,COZbEsySsjS1d3mJ6cXeTA,2.0,2019-12-14 00:13:53
4Mw__5UeTEW5L1B7nriYqw,JwS1qdmkA9S6muZBsdemBQ,5.0,2020-09-24 18:41:20
4Mw__5UeTEW5L1B7nriYqw,OSrZ4BMMXaLSb5sxFpmA-g,5.0,2018-03-17 15:27:35
4Mw__5UeTEW5L1B7nriYqw,iC12uB5WlrarJg55hVqieg,4.0,2019-05-02 18:28:52
4O9tKXW-DS8Amo2hYNf40g,znx1v_c2IPKOXlYAbqFYvg,5.0,2010-01-11 20:18:54
4Oen5wWrR0UT6q1qRAM0fg,uTEvgnFfZk6s-apf1j5Dnw,5.0,2021-03-07 23:23:59
4P8qDuDy3C8s6Rkm5wEI4Q,xYEeA5rK8nQxSbETixCQbQ,5.0,2009-08-09 23:00:29
4PE0tDvV9Lo8VW8kDW1SFQ,8-AIbFaP6GP9BwHZdclBog,5.0,2009-02-12 04:08:22
4TTzhcKAYaFdfnfFDOE-qg,KHe6HAqmyioITwTvg9Bbcg,5.0,2016-05-19 14:10:06
4TgQWEWaUkrsGqtG2UJFRg,TAUGnIQDR9-m23DWLZ0dow,4.0,2016-05-18 21:31:40
4TgQWEWaUkrsGqtG2UJFRg,cOdEq7xqSFko6Gp8Ro9H8Q,5.0,2017-08-18 06:31:13
4U6Bns5iuERf5aC3rihAuQ,TF3qNGUBUgIYp6u0j79JHQ,5.0,2021-07-21 08:58:14
4U6Bns5iuERf5aC3rihAuQ,hjRxa6xpKOwnbUgGvVCE5Q,5.0,2017-03-23 08:55:34
4U6Bns5iuERf5aC3rihAuQ,offiWjhY-INp-m6dEGi80g,2.0,2020-11-04 11:14:01
4U6Bns5iuERf5aC3rihAuQ,rEQ82fSKZBbVtk9h14whog,4.0,2018-12-30 04:01:21
4UAqdgiCe1jwI1IQl96MIA,poruVZH9V5p3u170Pi3iYg,1.0,2013-12-16 19:53:57
4UPqs_cq5ov3mf6xqRAdqA,35jNPbB_-8oh-LHb9GEIQg,2.0,2016-10-26 01:42:55
4XFNw3L6cngk9AdEUtX73g,KXGJZQam4Qa9omxMH1U3JQ,2.0,2012-08-22 00:42:53
4XkCIgOE0EJ_q5WwgNX3pQ,-kfHz1kimX62QEceFkkB_g,1.0,2014-05-25 16:21:52
4Y81J2Tdq5XAnkeYmCZ2ow,Esf3-D_44pArPd9GqysoCg,5.0,2013-11-22 17:53:52
4Y81J2Tdq5XAnkeYmCZ2ow,HLh0we-7JQ322p6a7z5hAA,5.0,2016-11-14 23:14:52
4Y81J2Tdq5XAnkeYmCZ2ow,HpmsY3JJ4gIuS8EiVHwMJw,5.0,2016-11-17 00:08:59
4Y81J2Tdq5XAnkeYmCZ2ow,XCHMsIpz2htBIvE7dxXL0g,5.0,2013-11-20 20:26:04
4YUabV9xHtvtxw2BLfl1AQ,_EqGhRXzlUaTpu5eToC8MA,5.0,2010-09-26 21:00:31
4YUabV9xHtvtxw2BLfl1AQ,cJ_sT_0cHrAP5SgKJDpSnQ,5.0,2014-03-04 19:29:17
4YyJpeAr6jsY0FaIbLiTSQ,06NHXjVHiGKNpZ2XeajVkA,5.0,2020-12-06 01:47:36
4YyJpeAr6jsY0FaIbLiTSQ,1-2o_s9TE1auWIivBjdL5g,5.0,2019-10-03 12:10:08
4YyJpeAr6jsY0FaIbLiTSQ,1ddqdY_piKp-abaZ-bGRSA,5.0,2020-12-26 00:37:19
4YyJpeAr6jsY0FaIbLiTSQ,2MHNvEPEGxvBxZLXM5ESpg,5.0,2018-10-28 16:54:24
4YyJpeAr6jsY0FaIbLiTSQ,4-_I1gz5Jne4z4SN3J5Zhg,3.0,2021-03-21 03:41:34
4YyJpeAr6jsY0FaIbLiTSQ,4ADeBcc3O4zmTrp60H4O_A,4.0,2019-06-22 21:03:06
4YyJpeAr6jsY0FaIbLiTSQ,5uPdoWQNjYkrpRmy9AonSw,3.0,2019-06-30 14:16:21
4YyJpeAr6jsY0FaIbLiTSQ,6_OAIFxSk3YjNdRJv59Saw,4.0,2020-12-26 01:06:40
4YyJpeAr6jsY0FaIbLiTSQ,6jKFWxE2fJIhfwbYgwqcfg,4.0,2018-12-16 16:08:58
4YyJpeAr6jsY0FaIbLiTSQ,A-8K66Kx7fMXkayG_3zdJQ,4.0,2018-11-04 01:43:22
4YyJpeAr6jsY0FaIbLiTSQ,A5ku_fGQaKR28kQJ2lGqcA,5.0,2019-09-21 12:53:04
4YyJpeAr6jsY0FaIbLiTSQ,E48H5Zpw3ndlu7KLHGRyHg,5.0,2018-07-24 03:51:40
4YyJpeAr6jsY0FaIbLiTSQ,EZLor0K7Ei6nwK5lQ2YtMg,5.0,2019-09-03 03:25:57
4YyJpeAr6jsY0FaIbLiTSQ,EmJF-xSIOaEEOWcK8UOBqg,4.0,2020-08-17 23:42:19
4YyJpeAr6jsY0FaIbLiTSQ,HEf0QXnhxrcIWxRfAbQ2iA,5.0,2020-02-09 22:38:47
4YyJpeAr6jsY0FaIbLiTSQ,IZ6vx85mSdC2zp0STFzTIw,5.0,2021-10-25 08:18:39
4YyJpeAr6jsY0FaIbLiTSQ,PcAMh9bjVHVB2dscm1F4FQ,4.0,2020-12-18 22:38:55
4YyJpeAr6jsY0FaIbLiTSQ,SyKHFYhRzW1hlwDga5EWWw,5.0,2019-06-27 12:23:02
4YyJpeAr6jsY0FaIbLiTSQ,TUTQeLjq1UbkR5r8mOvMqw,5.0,2018-12-06 00:32:23
4YyJpeAr6jsY0FaIbLiTSQ,UH1Baremef79qGhPQ0Ef3A,5.0,2018-12-15 23:35:02
4YyJpeAr6jsY0FaIbLiTSQ,YuTrJL0BStMGlvJR2QZebg,5.0,2019-02-11 03:29:17
4YyJpeAr6jsY0FaIbLiTSQ,Z4D9fzsrlNX8O9rkJuEo6A,5.0,2019-09-07 22:28:42
4YyJpeAr6jsY0FaIbLiTSQ,aeIWVa6G54UUo6yloJkyJg,5.0,2020-07-24 19:06:15
4YyJpeAr6jsY0FaIbLiTSQ,bSJczuohHVko33UT82hnfA,5.0,2019-06-07 12:39:01
4YyJpeAr6jsY0FaIbLiTSQ,boKv2_AvOSF2JRwrSoRI3g,4.0,2019-06-27 12:11:25
4YyJpeAr6jsY0FaIbLiTSQ,eLjXnfYwkr8zz0VhwMhOGw,4.0,2019-04-20 12:58:54
4YyJpeAr6jsY0FaIbLiTSQ,f4vbnGoGo3eWorVekctVGQ,4.0,2019-10-14 22:38:35
4YyJpeAr6jsY0FaIbLiTSQ,g5ogvPhw3PSobtaZFkdEXg,5.0,2019-02-14 12:55:25
4YyJpeAr6jsY0FaIbLiTSQ,hGsITEITVK7LkZQeNv-Fpw,4.0,2021-07-03 15:00:27
4YyJpeAr6jsY0FaIbLiTSQ,iSRTaT9WngzB8JJ2YKJUig,1.0,2017-09-27 11:23:40
4YyJpeAr6jsY0FaIbLiTSQ,n8NLEmKuhUr4fplfjJdTjw,4.0,2019-08-06 18:12:29
4YyJpeAr6jsY0FaIbLiTSQ,nePr9450kf-eEGYD-Qn21w,4.0,2018-08-17 02:04:44
4YyJpeAr6jsY0FaIbLiTSQ,qi2MFcotB3YgiC0SJr2FmQ,4.0,2019-09-07 22:12:41
4YyJpeAr6jsY0FaIbLiTSQ,rsMbMeW7IbXxPFh4WwbddQ,5.0,2019-10-25 14:50:44
4YyJpeAr6jsY0FaIbLiTSQ,sB4xcTwwCO8IHiK15VDC_A,5.0,2019-07-27 03:33:14
4YyJpeAr6jsY0FaIbLiTSQ,suVYxo-uPNTlpkJ7w7J-wg,5.0,2019-03-31 20:13:15
4YyJpeAr6jsY0FaIbLiTSQ,xv_U__GI9gmzKIHT_TANnw,5.0,2019-11-20 22:46:24
4YyJpeAr6jsY0FaIbLiTSQ,zHoIBH6nIh_Hs8YkSJii5Q,5.0,2019-06-05 19:42:14
4Z-h5qycjy6yY_g_LrjsXg,vXhrovlPWEnPKCbZMcsZDA,1.0,2014-01-21 05:57:39
4ZLvFHo_XF4WyMOdht_MIw,rBdG_23USc7DletfZ11xGA,1.0,2013-05-13 00:11:39
4ZfcCa4m5RWvO4EFzfYm1A,5CbJgHWgvjyDRw9Sl4BXhg,4.0,2009-12-02 19:55:10
4ZfcCa4m5RWvO4EFzfYm1A,B4QPxY5mZzkZhTyBGCPQQQ,3.0,2009-06-23 23:09:06
4ZfcCa4m5RWvO4EFzfYm1A,RQAF6a0akMiot5lZZnMNNw,5.0,2011-09-09 15:47:33
4ZfcCa4m5RWvO4EFzfYm1A,oktohqIGhMQxOP7h5ugHlg,5.0,2010-06-30 15:52:10
4Zs2fHWWqClNlK031GibRQ,XJEFTd2db-PGXPgFyl3Qkw,5.0,2016-03-11 04:55:04
4_4GjejbzMJ_IwrLAPTeAw,Z4PF4EtM12L7nwOHZHFJNA,4.0,2017-08-15 18:56:46
4aCF363Weu2RNAtl3mJ2eg,aIVk0IEUj7rPaAMeAmBSGg,5.0,2016-12-23 16:13:22
4aMXPlufEmRgTxE2NGrQXw,KHe6HAqmyioITwTvg9Bbcg,5.0,2021-02-20 23:04:52
4af7IWHRc890BUKcAGlyLQ,w9grvGu-5bHNucOeReHzfA,5.0,2018-03-08 16:23:27
4cZ3f3i0Slv2W9mLN_VZBw,aI58hxqbyOX6irFfljXfQA,4.0,2018-11-13 21:36:49
4d5oNL9oHazgXmXyunVTQw,Yu401DtSmkXpJhgXnQcFrg,1.0,2014-11-02 17:40:53
4eAT7o1kMCWg3J36jVJnMA,9gObo5ltOMo6UgsaXaHPWA,1.0,2014-10-19 22:27:07
4eh6XJPrsEEn_R9KXQ7lOA,HoKH4Rk7wHfVT-60aYIYwA,1.0,2015-08-24 01:31:51
4eh6XJPrsEEn_R9KXQ7lOA,hJ3LjSxb2gYuVKOHbS8duQ,5.0,2009-06-21 22:13:21
4hWBfXwEtgewKJKecHzNYw,Hh8jUR0mtVXkAnv8XDZjyA,1.0,2021-02-22 16:09:36
4hj-rUKdY20Un_h37RptjQ,8cjw0td9VVUmhQTLpeFgRA,3.0,2009-03-07 16:20:26
4i-EfAtUfzH1sWCoRenp7g,HV7AHORTkLqIfhR-tpRmzg,5.0,2013-11-12 22:07:40
4iRGLZ0pbCgI9zUefSlOiA,2f6NaQVGTM59OGvsdT9pxg,4.0,2013-08-19 20:12:24
4iRGLZ0pbCgI9zUefSlOiA,PP3BBaVxZLcJU54uP_wL6Q,1.0,2017-01-06 17:45:31
4kAKOaQL3W5z5nFXhhdvyQ,8rpTqJOgmOCqLN5OCxaVOw,5.0,2018-10-14 22:53:10
4kKngcDGjuzo18pxx5jHog,HoKH4Rk7wHfVT-60aYIYwA,1.0,2014-07-03 18:00:46
4kmxJjJLAxDiTXoxHG-iIw,d4ZPdoYxDnT6f70AZPGrcw,5.0,2018-11-27 04:32:05
4lXwcTkAaoZoO17y9eOljQ,mLdqrqgEXuUrCdgHLr30QQ,4.0,2018-03-23 01:43:16
4lXwcTkAaoZoO17y9eOljQ,poviu-6n3iaRE4gdQz6OYw,4.0,2019-02-12 03:29:26
4lXwcTkAaoZoO17y9eOljQ,t6g6Lj8WzjIXXucCl9jdTQ,5.0,2017-06-29 04:00:03
4lXwcTkAaoZoO17y9eOljQ,uTUTULYSAmHGK7w5DDw5iA,5.0,2017-07-03 04:56:11
4lXwcTkAaoZoO17y9eOljQ,vP6BGF8IqbXlLQiDP5n6dA,5.0,2021-03-23 05:21:58
4n3kVPGJjm0hAWlWOJyBKg,kRowQIUMYRNno_Rk5LkRgw,1.0,2018-11-20 14:42:19
4nQfNTpRvt3bigYvnfNhrw,wl7rFbvRUstwyB2vRDW6IQ,5.0,2014-11-05 01:46:48
4nQfNTpRvt3bigYvnfNhrw,yatKUn6nlBp3HA0KBFV_PQ,4.0,2015-03-15 22:07:46
4nuhIUmFHzlnRf-VjYa8xg,LbhraX3qY94g3Xn2Havbpg,4.0,2012-01-23 04:15:16
4nuhIUmFHzlnRf-VjYa8xg,ksFVaF5TatgsVGXk7Yyw9A,2.0,2012-01-11 21:14:43
4paWpLov6LjpsNNgE1fhSg,D00oq_GL2RzcSiHh2QLP3A,3.0,2018-04-27 01:07:09
4paWpLov6LjpsNNgE1fhSg,H5Rk-aunuEzGANXCBu-NPQ,4.0,2018-12-04 03:32:40
4paWpLov6LjpsNNgE1fhSg,bPGzgqDIbFAhSLo4GAT-Kw,3.0,2018-11-27 00:09:07
4pmi_-u2xM3yeXhXds6I1Q,TDKBPcViJQDMrdUm6a9XZA,5.0,2018-11-05 06:43:10
4pmi_-u2xM3yeXhXds6I1Q,djeYYE2MIT36obh5mcZn8A,5.0,2019-05-24 19:38:08
4pmi_-u2xM3yeXhXds6I1Q,q7mKAD93-EeSpeOa9Hu4BQ,5.0,2021-04-28 03:42:07
4pntxnXXeIc-OMg5KcTRTQ,QVqLR6SJZP9DyeYVR9esUg,5.0,2020-04-14 16:31:58
4s9GXeD6bPBED0cy6HwQ_A,zwd4dyQ5ovnjVojWfAuhMw,1.0,2017-10-16 20:21:10
4sKwbWAL75oIWTyIuPz-fQ,TUhRukcZb3tG0cB_X68FCQ,1.0,2010-06-09 17:52:28
4u0Pqm4gsu-QqDcPDM5RmQ,_EqGhRXzlUaTpu5eToC8MA,2.0,2013-09-24 01:41:24
4vHGyT0L4c1OIfhVZXyD6g,gQ5_wcFqhplc9xrnSCt6-Q,1.0,2016-06-13 02:24:34
4vT5_5ncmaqf54ABWzJN2Q,7hpUoYdAVToZXwuPRgoqdA,1.0,2013-08-13 18:31:27
4vW7jQycAZP9XY8O8-rqGQ,Aes-0Q_guDeYewMapFs_vg,2.0,2019-11-21 17:19:09
4w-p3TE0xBDK0NhMVSAPsg,nlVLzktT0RfgSw-ZL4qPRA,1.0,2017-03-17 23:02:39
4wN4iM2Wirf6cLRWduKsDg,nXJzfrrR0GAeCm1fUxTapQ,5.0,2020-08-26 14:32:56
4wp4XI9AxKNqJima-xahlg,WxB8498ejPtHE7wFa89_fA,4.0,2011-08-06 01:32:57
4wp4XI9AxKNqJima-xahlg,trwHwsXOVV-ZmF-MtP98BA,5.0,2019-02-04 20:44:17
4x3x0oGs9gcHCoQpqoI9hw,Eo0psaCr_gcty9QqyUy46Q,2.0,2016-05-10 16:01:03
4xcjS_64MEHfO4sngneFEQ,pCqAtxJDMv7ha57hOkB11w,4.0,2018-04-12 00:12:29
4ytePGIcw-_k0bY43kMmng,4fUrcm8sFSprCbHqa8pdog,2.0,2015-10-27 17:21:39
4ze4uBVjl9wK3Bl3lqYKDg,zS_iBFOBbZSNC1edaijD3A,2.0,2016-10-13 22:35:50
4ztiYhecx0Cmd8i2AUNsSA,GTS97x6mFLjGXn3ITKaQuw,5.0,2016-02-22 16:05:52
50lBjqPyg0qRDzWeDlc-aQ,v8IbZ6wcvdyGqWpbDKDvfA,5.0,2015-10-28 13:21:40
51MT2EldvR7fMTvU1MYxWg,8q25GCkL0PngPIlCu2j4Vw,4.0,2020-02-11 01:55:12
53dkR4-xyhjsCVHfrwiGaQ,f3eve2cxUIzyanWnHdMtFQ,5.0,2018-03-29 06:31:34
53dkR4-xyhjsCVHfrwiGaQ,uGo0TCVNOcDQxMArUU0Jrw,4.0,2018-03-23 03:58:55
54-9e0S8JkMC4OZDPIdHgw,Qf4e6amvsjdKgz-b02gvUg,1.0,2011-07-06 09:49:04
55MM82IMaz-xSrYPueWzcg,tixiynQF8-KztXQLpyctJA,2.0,2011-01-17 01:39:30
56KDPHut4_YJI0C4vVlGOA,6h7C53qLfwM7v3zKRqG0yA,5.0,2012-01-13 16:41:18
56igibRHPWdSBA2HysZd4w,8gY3LGFUMIQubovGbSd7Nw,5.0,2020-11-30 02:01:20
58yXn5Y4409kc9q88YwU6w,5ln4ESCi6mnfTBx4bYr4dw,3.0,2018-04-26 14:22:10
58yXn5Y4409kc9q88YwU6w,ReVpjIDupK_VMPn7ZxPvOQ,5.0,2018-04-19 14:34:51
58yXn5Y4409kc9q88YwU6w,SvB4Z0pan7IKy0IrfNw2rQ,4.0,2014-05-23 18:49:30
59GSwMflQFllOAWvw0F5mw,3cT6KPlkOQGZv2Lk7p9_1A,5.0,2017-03-07 21:17:04
59GSwMflQFllOAWvw0F5mw,8uF-bhJFgT4Tn6DTb27viA,5.0,2016-04-03 06:26:54
59GSwMflQFllOAWvw0F5mw,BjeHLwKOlHyV6DJgmZxAjA,5.0,2017-03-09 01:57:32
59i48dJ1Y-7xhG8d4SuHCg,t6n3wv1VtZpp7HD4ouWonw,1.0,2015-02-15 04:55:46
5B2n52V_wJwajEaOpQ8U7g,fgnHM4VT-n1VjFL3YeBJsg,5.0,2016-10-02 02:07:11
5BQC23O_CWmE-AtyOSEMMw,fgTOJRkc703E4XRdcr5zRA,4.0,2014-09-15 19:37:24
5BcHiekf8vqEka35NcoW5g,J8S7cPPlTgsQnXKVfTyN8g,2.0,2011-04-17 01:52:19
5BdNULD8aeRNoIlTZR211w,syuKX2pH3JJhOOppzNI6SA,5.0,2015-07-09 04:39:49
5BdPcd1BAIGbhNTcSr4aJQ,maOMGu_2dSHKydBgZdTsvQ,4.0,2019-09-20 19:43:37
5BpJEC8YVi80ecWT5CtlfQ,1OfhM-ZKvcpxyxptCCzEwA,4.0,2019-06-12 01:30:55
5BpJEC8YVi80ecWT5CtlfQ,BTblqXsOHMXjcgcYkdzuqg,4.0,2015-08-14 06:54:15
5BpJEC8YVi80ecWT5CtlfQ,VSjoo6kJ9MU4G0cfO_-CRA,4.0,2015-07-10 01:05:56
5BpJEC8YVi80ecWT5CtlfQ,Zqd_DHAtrdzRJ8u3zwrvEA,4.0,2019-06-12 01:42:24
5BpJEC8YVi80ecWT5CtlfQ,nMn4CTJQPXqpgLltYQrxMA,5.0,2019-12-13 05:54:44
5DgaLb4H1KF_tSDhfgvJuA,ZQ-Sg1tJXCKD6Dw9DF4X9g,1.0,2015-02-22 20:15:41
5DiE5A1boonscvI0eu9t2w,FaY_9x8ZtsuHe5wS2iJM1Q,1.0,2017-02-18 10:47:15
5ELiQunNWF1pmcnb2YJz_g,dGUyXgFW1WSYMgRypKaYew,5.0,2014-08-27 16:26:12
5GHo1J581bj1RU9mZQDTjg,EFci0tbSrb7wko6tpVDnbA,2.0,2018-04-13 23:00:06
5GJ5aLTtTjGIiBz7i9GssQ,fneeyCOYV5-oVeQP0TACog,5.0,2017-02-15 15:15:29
5GJ5aLTtTjGIiBz7i9GssQ,jS3affmkXWrBnidXA-DIfQ,5.0,2017-01-13 14:43:02
5GJ5aLTtTjGIiBz7i9GssQ,mf0OyZ6DX2iKUFIV9TqFRQ,4.0,2016-02-05 20:25:31
5GLB61xLOP6T-pNsr7rslg,oXr3EhnQCqA8SNWIZ3H4Fg,5.0,2016-07-03 03:51:20
5GLB61xLOP6T-pNsr7rslg,tf2nzjkP8XGIeU-lg767XA,5.0,2016-03-19 13:36:28
5GLB61xLOP6T-pNsr7rslg,zU5PPd9j4bYC_MepNSEDcA,4.0,2018-10-19 02:47:51
5IaHGddT0RLq1-S5LbP1iw,IkY2ticzHEn4QFn8hQLSWg,1.0,2013-05-16 22:08:36
5JRAEvsO_MmIU9DTppPdKg,o3zL4kvolP3CCAMf9lGE6g,2.0,2015-09-11 13:55:57
5JRAEvsO_MmIU9DTppPdKg,t6n3wv1VtZpp7HD4ouWonw,1.0,2017-07-22 15:14:45
5L4QEmVmeiriQQmMw6gDKQ,gKPWC7F219oEbu5NXPzH4g,5.0,2012-07-22 05:47:41
5L6rlDKGIiftsB1HLtUMlQ,WIY7S0HgG-pnHPARn8gFkg,4.0,2019-06-23 07:28:25
5MCBLBxr10NLUKZ4AboAMg,3XirYkP9PJvVXIEDPNNXLA,5.0,2010-01-08 15:02:55
5MCBLBxr10NLUKZ4AboAMg,FryXEasH74MQDnj5Bvz3QA,5.0,2010-01-10 04:31:23
5MCBLBxr10NLUKZ4AboAMg,KLCb0nSVjH5er1Ui6bZWdA,5.0,2008-12-22 16:06:56
5MYa3BbBU359oqcEYwY94w,1pi4PuZxgSnRRNLnyMCD4w,3.0,2019-08-11 01:22:43
5MYa3BbBU359oqcEYwY94w,xYDO35xImuSEGO5fKk6UtA,5.0,2020-08-28 13:15:16
5Nl6vX1LSbd3K1KBkOVtxQ,dgyKoIYEYrmRK_hktWBZdA,2.0,2020-02-17 01:13:18
5NrM6LjqJPRYj1zs6xHneA,1FURjeGJi_LBXcJQg8eskw,5.0,2021-03-30 00:59:30
5O0ejMUB7XHzyTf1rLu2zQ,sB4xcTwwCO8IHiK15VDC_A,3.0,2014-06-14 14:48:35
5O3VvfDu_HDvgUviAqmTEA,0ZsqqzHu1HHkDdIKoivi5g,3.0,2016-10-18 19:18:07
5O3VvfDu_HDvgUviAqmTEA,Djdg_JBVHKgGNckbEV27UA,5.0,2016-06-15 15:07:42
5O3VvfDu_HDvgUviAqmTEA,OR1jehTozILIG4FzoxJcUw,5.0,2019-01-09 19:52:31
5O3VvfDu_HDvgUviAqmTEA,x5NLYIRLdhFBaNLLvl8Afg,3.0,2013-02-01 14:55:32
5PxsVSduL8JrOgg-JqXXbg,Jo2zJoA818OmbiE-6HfghA,1.0,2008-06-26 02:11:37
5R3m-2idPFpYq0oRwCK0TQ,Hrc3ZSMRw2arQHaDUo61MA,5.0,2018-04-01 15:17:47
5SKqQa8vE5tGeB8qm4YTOA,Ou-_OQUNvBcaAoRU0XPtaQ,4.0,2018-04-14 15:26:50
5Si-3Rt03p8r7fGYd-1EVw,6MnkLl8FIEYiWKViqZLMyg,4.0,2013-03-06 15:56:36
5Sw_mzGYZPqjzj6w_hRe5A,znx1v_c2IPKOXlYAbqFYvg,5.0,2010-01-31 04:48:55
5UDpc2CMOgbf3GePS6SGVA,V55PSC6ffUzXTsv7JFVOqQ,5.0,2016-02-23 23:01:01
5UDpc2CMOgbf3GePS6SGVA,yaEC_LAfaoY4yZyubF-4Jw,5.0,2016-02-24 15:29:44
5UMeYM52Gog6Z6I9W0oTuA,Hi4AgS-uR-lEOF4oZl546g,5.0,2017-03-14 02:07:06
5UQhhMwm9R3MMZB5IF_qZw,dgyKoIYEYrmRK_hktWBZdA,1.0,2020-03-06 03:12:26
5UowAg35JaQX5DBQ4v7_Vw,69ccjOpx2iFvr1y2qas9uA,5.0,2021-08-19 05:41:24
5VFQdMIC5tpp2bxine0sXw,g2zwbLIqxtN9nGGuL43trg,2.0,2013-05-01 17:02:09
5Xilnsae0t_00ZkBgRKV3A,VVH6k9-ycttH3TV_lk5WfQ,5.0,2016-06-05 05:11:19
5Y5KbsI5buMcNh2hTFaRpA,8FE4V7Y5HliQ2bP-szn_sA,3.0,2013-05-17 05:32:09
5Y5KbsI5buMcNh2hTFaRpA,EnGnfn_6KMTY2enUD3hqdw,5.0,2010-11-11 05:55:23
5Y5KbsI5buMcNh2hTFaRpA,N5ekxQd7wGHWJJK-p9qqXw,5.0,2014-04-16 22:47:25
5Y5KbsI5buMcNh2hTFaRpA,NT5S6JV5wPwKOd3s3Yh1zQ,5.0,2011-08-09 17:28:40
5Y5KbsI5buMcNh2hTFaRpA,OZi0fOn8-ISUwhEAWC_8Gg,4.0,2014-02-25 03:27:53
5Y5KbsI5buMcNh2hTFaRpA,P1Oxdcr6lZtzg2onGYXAww,4.0,2012-09-10 20:47:26
5Y5KbsI5buMcNh2hTFaRpA,ReX09lhufLTAx19krkltDA,3.0,2011-02-22 04:01:22
5Y5KbsI5buMcNh2hTFaRpA,S2n_06z4lGLZfdJ53XAXQQ,5.0,2012-10-13 20:40:57
5Y5KbsI5buMcNh2hTFaRpA,VRGYwKE_Z77frm5NwLvJhw,4.0,2014-06-02 15:57:06
5Y5KbsI5buMcNh2hTFaRpA,dGUyXgFW1WSYMgRypKaYew,4.0,2013-09-25 18:16:34
5Y5KbsI5buMcNh2hTFaRpA,ltBBYdNzkeKdCNPDAsxwAA,3.0,2011-02-03 03:09:31
5Y5KbsI5buMcNh2hTFaRpA,nlOC7iDnF8me-BT-SpA86w,5.0,2014-11-20 03:28:59
5Y5KbsI5buMcNh2hTFaRpA,ow7hDGkfVJH65nniXH1a0g,5.0,2014-04-24 20:53:53
5Y5KbsI5buMcNh2hTFaRpA,s3FRhtaNU8dt-mKkLKUQaQ,2.0,2010-12-08 04:08:11
5Y5KbsI5buMcNh2hTFaRpA,vAoCutZiiFsaZ7i8EQromg,5.0,2016-02-28 23:21:03
5Y5KbsI5buMcNh2hTFaRpA,w9grvGu-5bHNucOeReHzfA,5.0,2012-06-05 19:14:38
5Yi2xQ51bh7l5TOe682BCg,_357-ycTGX1t0Pla4ShVAA,1.0,2016-01-24 04:27:32
5ZrFDFPJe8Qq3Zgue315oA,EBonJ5tjkxBEUezwosVlLg,4.0,2018-12-09 19:37:30
5ZrFDFPJe8Qq3Zgue315oA,IGna30iAQJa6RMbsv-9tWg,3.0,2018-12-20 18:26:27
5bGqbvqOgs7LLqVbctGtPw,uvRatMC-cQA8cq1nnPWknQ,3.0,2014-05-02 19:30:41
5bJpDx4c7x9fYzdltOhfbw,6h7C53qLfwM7v3zKRqG0yA,4.0,2013-03-24 22:33:52
5c6wU41gy9U6wOsWdzEX0g,jyZQWgKCXtGLf2j81OzQLw,5.0,2018-02-25 20:11:04
5cR3exj8eTghhSrX4rIJyw,Nhci37qY0HPCNWc5UQul9w,2.0,2020-02-16 02:03:21
5chkr5OMb94HdUsWndghkA,G-p4c4MRyLRXi4D4XEKFLg,4.0,2012-03-31 19:04:09
5cnL1iIxz7rLhl0IwgIhAQ,9ocQBw69M6V3N9LUafw2dg,4.0,2016-02-02 15:33:32
5cnL1iIxz7rLhl0IwgIhAQ,Gi4ex2Tq7ggRlpN0S7k5Xg,5.0,2016-02-08 16:50:17
5cnL1iIxz7rLhl0IwgIhAQ,MOhvznYP1n1iuwtnsnEzEw,4.0,2016-02-02 19:26:17
5cnL1iIxz7rLhl0IwgIhAQ,yK5WnMiXZe5hmNFx0xXb-w,5.0,2016-02-09 16:20:45
5diFcJgs6UvIAV39W8BnDw,4R2KR_-FybS7oegGrXjHVg,1.0,2008-12-18 13:57:39
5eXfxJK607Q1RtToOKMwbQ,R4NUjB9RLfaZr2OcFfxB2Q,5.0,2019-01-04 08:45:10
5eXfxJK607Q1RtToOKMwbQ,n5i09tgSuzv9ZeIN9Qe5oQ,5.0,2018-04-06 12:25:46
5eiLUiKhnbVteCkqKGYl8Q,Nvx2MceKWAtikcAxk_TBMg,3.0,2015-10-03 23:43:53
5erwXKnINqZim9we9S9Z-Q,1LUZupYFJ6CxSKU37qDSXw,2.0,2009-07-23 21:26:14
5g-zg_Mq1RfWzas37dqcZw,OWOOc0YjU_kioLeEgo5VCA,5.0,2014-05-13 01:03:05
5gQi2KTmdCvJSVkBRLIKvQ,NVeyGc17JTCxbfyvPMa1Hg,5.0,2015-06-25 02:56:25
5gl_burMJJMH66kTyuztIA,HoKH4Rk7wHfVT-60aYIYwA,2.0,2016-03-12 06:42:49
5gmAqRYbqqDaayg4vq6y1w,1N-Sd-4UQTwM-nCD0sfs7Q,5.0,2021-05-10 23:52:04
5hLPR6eZlNsjK_KInqMLVQ,1Hd-0f0gWvI7y9CI_3kFVg,1.0,2012-12-06 22:37:26
5hn4BFBJnrqaBiTXC0lWLA,JDv3h1xRFIW8fXckqgTdRg,4.0,2016-09-10 03:22:16
5i-nwtUBzji5An5fr4cpgA,znx1v_c2IPKOXlYAbqFYvg,5.0,2009-12-26 21:25:11
5ihnq137aoYrZ-nYyElmKg,UxNB5QSIiLepKdMHeU0qig,1.0,2013-05-23 13:06:11
5isALx5RtvA8A_GvQQavTg,14Mth2EHCYDRDfJ0ngsWfg,5.0,2019-09-26 16:53:05
5isALx5RtvA8A_GvQQavTg,en9sRChY9wYY9DoRioodNg,5.0,2019-10-28 18:13:25
5isALx5RtvA8A_GvQQavTg,mg7c4-H5oU3fE-jDSUlfNw,2.0,2016-10-11 17:35:26
5jJjY5_R06Og56VfjIc66A,4ifNI4ZdFQqBpWpJyLRULA,3.0,2017-04-26 20:59:55
5jJjY5_R06Og56VfjIc66A,FHDuu5Mv1bEkusxEuhptZQ,5.0,2017-05-04 20:59:48
5jJjY5_R06Og56VfjIc66A,K4wVovK22PnUpCNgy30KSA,5.0,2019-06-01 11:53:39
5jJjY5_R06Og56VfjIc66A,NnIrd_1O9QyuCLigoxYv3g,4.0,2019-05-31 12:13:42
5jJjY5_R06Og56VfjIc66A,PvWUpIHqV13Qe9crQ6MOsA,4.0,2017-06-19 20:44:15
5jJjY5_R06Og56VfjIc66A,Wir0Sqj_M_XH1xr1eBqrUg,3.0,2017-04-26 17:11:53
5jQLuYRva-H8qYMwnwyS2A,Yu401DtSmkXpJhgXnQcFrg,1.0,2015-03-17 03:59:22
5l3vzl3snZzbM3w9hWKRDA,BiwzXBmuQX5-P5dW9ZjCMA,4.0,2021-04-24 23:32:38
5mEwCZQS-EmYLnw-g94sHw,Gekeq1c-fuezmx0PSGQvzw,1.0,2017-02-26 21:20:14
5mQ07sjYVm2iJVArj7AFrA,eX7o_-s5TmDT-DMfTV4cmw,1.0,2012-02-13 19:05:12
5nGMPVyeDkOqXuynHMrkJw,HgPTy_OGoaxllb2EXkC1sQ,5.0,2016-01-30 02:48:19
5nLsZ3ouFAlysZ8QICEaTA,33zxFqIOe6Yg8qPXKkhUjg,5.0,2018-04-10 00:38:13
5nLsZ3ouFAlysZ8QICEaTA,8WNQxb0CiROek9SW7PopDQ,4.0,2018-06-16 11:55:50
5nd9UFG5AY_PEsUYZoCKJg,5qWdftveruKnOJ9FKXcGcA,2.0,2017-05-23 04:43:21
5p2AaP46--ErxV2wKHnvZQ,2KIDQyTh-HzLxOUEDqtDBg,5.0,2015-04-11 21:16:34
5p2AaP46--ErxV2wKHnvZQ,Bs0JwJEUdfhL-FtLjuu3vA,4.0,2015-02-28 21:10:32
5r-pkPw9be_41YB6l3KhOQ,4ADeBcc3O4zmTrp60H4O_A,1.0,2018-05-24 21:09:34
5rXm9JMg9kNYpPdqWbxZpg,FaY_9x8ZtsuHe5wS2iJM1Q,5.0,2016-11-04 20:07:59
5rnK2upoec_Nor0R-QQI3w,_EqGhRXzlUaTpu5eToC8MA,3.0,2013-06-20 15:56:34
5sHW8Ptz55XCkeMehWKOSw,_L7J17x-lh4OSxvluqrP7Q,2.0,2019-03-16 21:59:47
5t1YEbadtnEDyKmNriC-Ig,ryhPJ8yVzy7W_25lWOyPdg,1.0,2019-02-23 20:18:08
5tXRxr4T24Awl7vjyCvIcQ,-VlBFlHwX-Pt6Xyzs9roGw,4.0,2017-10-11 05:19:49
5tXRxr4T24Awl7vjyCvIcQ,0UJqTczta018RoktahC0jw,5.0,2018-08-23 01:05:30
5tXRxr4T24Awl7vjyCvIcQ,1NvzccBgS0Xg3MWqN8Hw6Q,4.0,2015-12-22 04:23:59
5tXRxr4T24Awl7vjyCvIcQ,4WdDY97x4GdMYtyk1KQMnw,5.0,2018-02-22 19:46:02
5tXRxr4T24Awl7vjyCvIcQ,5fCpIolPWznGdz3D6hjrvg,4.0,2015-05-05 23:12:16
5tXRxr4T24Awl7vjyCvIcQ,6RDGvdukSq3YHPYvG8sIEQ,4.0,2015-02-06 21:03:58
5tXRxr4T24Awl7vjyCvIcQ,7D5-a53BLau19RpMu-L3zg,5.0,2015-04-17 03:44:46
5tXRxr4T24Awl7vjyCvIcQ,8jXmNMrGJ2acUG1R-D5e6w,4.0,2013-12-09 21:24:14
5tXRxr4T24Awl7vjyCvIcQ,8uF-bhJFgT4Tn6DTb27viA,5.0,2013-12-04 16:03:20
5tXRxr4T24Awl7vjyCvIcQ,9cybDNxJ7cyNVkmwm-ktcg,5.0,2014-01-07 01:47:37
5tXRxr4T24Awl7vjyCvIcQ,EmJF-xSIOaEEOWcK8UOBqg,4.0,2018-07-31 20:29:04
5tXRxr4T24Awl7vjyCvIcQ,FlDkxuO6MGrW7x1OJTtJew,5.0,2018-04-04 03:43:53
5tXRxr4T24Awl7vjyCvIcQ,GBTPC53ZrG1ZBY3DT8Mbcw,4.0,2014-12-15 23:26:11
5tXRxr4T24Awl7vjyCvIcQ,GEfM4uB9j6oIr2_XEaAArQ,3.0,2016-04-13 01:55:50
5tXRxr4T24Awl7vjyCvIcQ,GM6j5hDNqra0pVfTcpTMMw,4.0,2017-03-27 19:06:34
5tXRxr4T24Awl7vjyCvIcQ,GXFMD0Z4jEVZBCsbPf4CTQ,3.0,2017-10-09 05:24:44
5tXRxr4T24Awl7vjyCvIcQ,I0I2mkCOPTYVSLpc8A8VVw,5.0,2016-04-04 14:51:17
5tXRxr4T24Awl7vjyCvIcQ,IjtQu81tebi_pLWdubVBeA,5.0,2018-01-08 17:41:25
5tXRxr4T24Awl7vjyCvIcQ,Meww6RIE4cFL_kG0aRlbAA,4.0,2016-07-05 23:21:14
5tXRxr4T24Awl7vjyCvIcQ,OZcl2HOUXAHuICrh5d2WjQ,5.0,2017-01-17 17:39:41
5tXRxr4T24Awl7vjyCvIcQ,PKZwdGTapRvFsBYh0zQXpw,4.0,2016-03-29 18:55:28
5tXRxr4T24Awl7vjyCvIcQ,RQpOPNHJReRnrsCD-2qEoA,4.0,2015-11-24 04:26:34
5tXRxr4T24Awl7vjyCvIcQ,SBtjW_pKw3XaOKtKAavWZg,4.0,2016-05-18 04:18:13
5tXRxr4T24Awl7vjyCvIcQ,SbuLL-8eSaUs-huaYR5_IQ,4.0,2014-02-13 05:58:45
5tXRxr4T24Awl7vjyCvIcQ,TUTQeLjq1UbkR5r8mOvMqw,4.0,2017-08-30 16:19:57
5tXRxr4T24Awl7vjyCvIcQ,TvbJq1a1Xto5w6t4zMUYHQ,5.0,2016-07-18 22:06:38
5tXRxr4T24Awl7vjyCvIcQ,UGefDZNmnBztS0eoXWtHyQ,4.0,2014-11-10 18:26:28
5tXRxr4T24Awl7vjyCvIcQ,Udkoo_WdRpHtVAWbALCvjw,4.0,2013-12-26 21:13:39
5tXRxr4T24Awl7vjyCvIcQ,WOdqMURCc0CHXUllPZwpqQ,4.0,2015-04-07 00:50:00
5tXRxr4T24Awl7vjyCvIcQ,XNllgtbX8Er5sixIrJMEoQ,5.0,2015-11-06 16:13:22
5tXRxr4T24Awl7vjyCvIcQ,Y2Pfil51rNvTd_lFHwzb_g,4.0,2017-10-26 03:25:12
5tXRxr4T24Awl7vjyCvIcQ,YuTrJL0BStMGlvJR2QZebg,4.0,2018-06-12 15:47:01
5tXRxr4T24Awl7vjyCvIcQ,al3Ri6TEqa2rBzjHsn0T_g,5.0,2017-03-16 16:14:34
5tXRxr4T24Awl7vjyCvIcQ,bkxtuHXCL7GR51FiNdextA,4.0,2015-10-06 07:33:35
5tXRxr4T24Awl7vjyCvIcQ,boKv2_AvOSF2JRwrSoRI3g,5.0,2014-11-06 06:00:06
5tXRxr4T24Awl7vjyCvIcQ,dGUyXgFW1WSYMgRypKaYew,2.0,2017-09-27 17:22:51
5tXRxr4T24Awl7vjyCvIcQ,e-fXMT8R3j7BKMTh8xn8aw,4.0,2016-01-04 04:03:25
5tXRxr4T24Awl7vjyCvIcQ,f4vbnGoGo3eWorVekctVGQ,3.0,2017-12-06 21:29:52
5tXRxr4T24Awl7vjyCvIcQ,gC8i-lxwvGhVpOXM5eYdtA,3.0,2014-07-31 22:48:33
5tXRxr4T24Awl7vjyCvIcQ,ga7jZd-JccpMqdSTgY2lUA,5.0,2017-09-12 03:27:04
5tXRxr4T24Awl7vjyCvIcQ,h2DidMy9Q9qyGlQ5xaecMA,5.0,2017-11-14 00:06:46
5tXRxr4T24Awl7vjyCvIcQ,hfbZ97Te3T4jeWN6GgsGrQ,4.0,2015-09-23 15:28:02
5tXRxr4T24Awl7vjyCvIcQ,iJiNZw2TEwB579dr6LyVZQ,4.0,2017-06-05 21:44:46
5tXRxr4T24Awl7vjyCvIcQ,iSRTaT9WngzB8JJ2YKJUig,2.0,2014-06-06 15:36:10
5tXRxr4T24Awl7vjyCvIcQ,iYUwyARgC_RNPA1rTlL3-Q,4.0,2014-09-08 02:12:47
5tXRxr4T24Awl7vjyCvIcQ,isuOwjnrPrr1bRELgQM0aA,4.0,2018-03-21 18:47:39
5tXRxr4T24Awl7vjyCvIcQ,j8JOZvfeHEfUWq3gEz6ABQ,5.0,2017-01-24 17:56:28
5tXRxr4T24Awl7vjyCvIcQ,joCDK7kg-03uo4rZK5X0_A,5.0,2016-06-17 14:37:25
5tXRxr4T24Awl7vjyCvIcQ,jrGaVL6KIwYpwivse_eKXw,5.0,2014-08-05 01:45:15
5tXRxr4T24Awl7vjyCvIcQ,kAOn-rLmNnm0YM9x6mZ_6g,4.0,2016-11-04 19:03:13
5tXRxr4T24Awl7vjyCvIcQ,l5cKnwfmnaG4QRZl7ZyNuA,5.0,2014-12-09 21:56:45
5tXRxr4T24Awl7vjyCvIcQ,lSwPJt2ZPX03tEpfXE1BFw,4.0,2014-06-05 22:25:52
5tXRxr4T24Awl7vjyCvIcQ,ltBBYdNzkeKdCNPDAsxwAA,4.0,2017-09-30 02:20:10
5tXRxr4T24Awl7vjyCvIcQ,mzZ_WTb2zvyJMBkm84B-WA,5.0,2014-02-18 17:59:25
5tXRxr4T24Awl7vjyCvIcQ,s4r3OEFu8q1HAB06CnEPCA,4.0,2018-03-16 14:52:50
5tXRxr4T24Awl7vjyCvIcQ,sMwK2RWL3vpkAH2nCmSV6g,5.0,2013-09-20 18:16:34
5tXRxr4T24Awl7vjyCvIcQ,uR7G8I4Cef9D9R340TN24Q,5.0,2017-03-30 02:39:58
5tXRxr4T24Awl7vjyCvIcQ,vN6v8m4DO45Z4pp8yxxF_w,4.0,2015-04-20 22:35:27
5tXRxr4T24Awl7vjyCvIcQ,wHnk0H_5RGBSYCC32SmkIQ,5.0,2016-03-01 14:59:05
5u1zadBE1VY0Wv-kEqy2wg,2r8K64zBf81zBanmxniMkQ,5.0,2020-05-25 21:33:03
5uO8L24O3XkKKVUZnrPvYQ,Meww6RIE4cFL_kG0aRlbAA,5.0,2018-01-24 13:52:19
5uO8L24O3XkKKVUZnrPvYQ,ej2kU6KU2TEL7uY_EB_zVQ,5.0,2016-11-03 21:53:07
5v8AnPSXUdDLs6196RYnZA,1Efjww8n7WtKtKTgDqjgdA,4.0,2018-02-28 02:05:34
5v8AnPSXUdDLs6196RYnZA,5rryuz2myZJI0EfWtrTMxw,4.0,2018-09-16 21:42:11
5v8AnPSXUdDLs6196RYnZA,FIFi_8eNmc-jPHZVHPS3NQ,4.0,2019-01-20 00:00:03
5vbWzMFsoOOPKj5Iuh4xkw,Bp2AWqJLBJoBjBwh85rDAw,3.0,2012-09-27 15:26:20
5we1bxMdhxBPWAgOlRNZsg,ZU3LP5gHs3UybWmh9J13NA,5.0,2013-05-20 06:33:04
5wkw8oWWumsncnyfdH56qw,kZ1q0K13tFYG_ZJrVvsJHA,5.0,2020-10-08 22:36:46
5wt0NtyLf-n9ZAP09v9ksQ,inpHHalmEPkTMBg9yOWfLg,1.0,2017-06-01 20:46:40
5xZHQ1O3bt0sOB7IKyup3w,znx1v_c2IPKOXlYAbqFYvg,4.0,2010-07-27 15:37:17
5yELiLhZv8aCNI1_Qpb3kA,C9UylQTOh7uwZo4a7QhLyg,5.0,2018-04-19 15:14:19
5ylIKMA-zoXZvH_-X26YOg,bN7-A2GlVz2Job3frIPy9w,5.0,2018-03-11 22:25:51
60RKNAZwY5EUooJf624aKw,3zI7Ka2_ZsKh4UwbSFnXdw,5.0,2019-10-09 01:50:29
60RKNAZwY5EUooJf624aKw,ay9zMsFHhwD483o8Zwdc_A,5.0,2014-04-24 01:43:00
60RKNAZwY5EUooJf624aKw,cOdEq7xqSFko6Gp8Ro9H8Q,4.0,2016-03-28 02:33:18
60RKNAZwY5EUooJf624aKw,oUgmm76-UCd5N0z4xwDOYw,5.0,2015-12-28 04:13:21
60RKNAZwY5EUooJf624aKw,wpmuB2jeDkczlmT0SNIFPA,2.0,2016-01-26 03:00:57
60l5-fzapRvbq7xZphC_1A,pDR3n7cjtbTrkgDxfUUDtw,1.0,2012-12-15 15:52:25
616rg1PNASXCnULIG1H9eQ,AjxjKRNin477A7nKAZciGg,5.0,2014-09-27 16:44:13
616rg1PNASXCnULIG1H9eQ,cQIh4YJlVtZI9TLF5_smOg,5.0,2013-12-05 18:34:51
616rg1PNASXCnULIG1H9eQ,nkzhe-nViX6e-lBdhDLbGg,5.0,2013-06-03 22:04:16
616rg1PNASXCnULIG1H9eQ,oFxKFiDkP_lGaFAzvnzZfA,5.0,2016-05-13 13:18:33
61AymMi8D4RTQ2aa1w41ew,I42Ebt8haptL_Wew3r9wLA,4.0,2019-03-10 03:28:54
61AymMi8D4RTQ2aa1w41ew,LgWlFdHfW2ZD8M-2vaMULg,3.0,2019-01-27 03:26:08
61AymMi8D4RTQ2aa1w41ew,Qw7tz-UkPrpXaVidWuab4Q,5.0,2018-03-24 22:13:03
61AymMi8D4RTQ2aa1w41ew,u7_3L1NBWgxhBM_B-cmmnA,4.0,2018-03-25 01:33:30
61Bxlr3tbJrtxDpiPbybvg,dGUyXgFW1WSYMgRypKaYew,5.0,2014-06-23 23:21:45
61FNJUiDqXReViksOYiILQ,5hvO_zH7B1n2humawoPHrw,4.0,2011-02-19 22:26:29
61FNJUiDqXReViksOYiILQ,8kUh6TROemLfbVR_ewVVLg,5.0,2011-07-11 01:15:44
61FNJUiDqXReViksOYiILQ,Bp2AWqJLBJoBjBwh85rDAw,1.0,2014-01-29 13:17:12
61FNJUiDqXReViksOYiILQ,BsnP3lXh-QaOSgAw2t-omA,3.0,2011-02-19 22:14:54
61FNJUiDqXReViksOYiILQ,GXqzvoBm9iEZ_R6Ubeqzrw,5.0,2011-02-04 19:38:04
61FNJUiDqXReViksOYiILQ,L_Rwy6oSAnMUY3NCDspxmA,5.0,2015-11-03 14:39:12
61FNJUiDqXReViksOYiILQ,YzluF3FNGjnW-tOrLZt8JA,4.0,2014-01-27 14:53:49
61FNJUiDqXReViksOYiILQ,bdteJqgoj0OaALhj9RFtmw,4.0,2013-05-01 00:26:35
61FNJUiDqXReViksOYiILQ,c3a5La0D2L51qXVE7DIJLg,5.0,2014-12-08 17:53:54
61FNJUiDqXReViksOYiILQ,eoN0GAIRV0WmwUm7FmzKgQ,4.0,2011-05-24 14:24:13
61FNJUiDqXReViksOYiILQ,i6DlLLxZ2iwQRxhUDx3TTg,5.0,2020-12-10 15:27:20
61FNJUiDqXReViksOYiILQ,m5ne44a3Vu7-zILKGxc4SQ,1.0,2011-02-06 17:43:00
61FNJUiDqXReViksOYiILQ,rK4MQ-vybY5KXI73o-0mlw,4.0,2011-02-23 04:31:02
61FNJUiDqXReViksOYiILQ,swcfmflnWlhnbvPOHvPq_A,4.0,2010-12-02 03:26:55
61FNJUiDqXReViksOYiILQ,tBO9ttcLUjsQzpCApeWu-g,5.0,2020-06-04 15:00:46
61FNJUiDqXReViksOYiILQ,vuE1iseFrgNPumUEfHIZZQ,4.0,2017-05-25 13:56:11
61FNJUiDqXReViksOYiILQ,y6-J_UjNk69VNLb39c_5CA,1.0,2011-07-06 02:47:56
61yERKmEa_0mkZYy_3PNAg,-r6nmLB5Vi2TLQCxh0_dtw,5.0,2019-01-30 22:39:34
61yERKmEa_0mkZYy_3PNAg,8_r9EZL6vX5fPBoVh3gUrA,5.0,2019-03-26 20:20:34
61yERKmEa_0mkZYy_3PNAg,D1OT9vuepvXJrn5VDgm4YA,5.0,2019-06-19 22:06:27
61yERKmEa_0mkZYy_3PNAg,EZc2myE2mYk2h9JK9qu8gw,5.0,2019-05-15 19:21:28
61yERKmEa_0mkZYy_3PNAg,QLHgjBHBoeIUoEvIPvjHnw,5.0,2018-11-30 23:07:27
61yERKmEa_0mkZYy_3PNAg,U3grYFIeu6RgAAQgdriHww,5.0,2019-05-16 14:34:27
61yERKmEa_0mkZYy_3PNAg,XyYsl2OyoMi6OMvzsdcVoQ,5.0,2018-06-25 21:39:14
61yERKmEa_0mkZYy_3PNAg,bXrQejeR66IwebuhxPS7GA,5.0,2019-07-24 20:28:25
61yERKmEa_0mkZYy_3PNAg,f3eve2cxUIzyanWnHdMtFQ,5.0,2018-11-01 01:33:59
61yERKmEa_0mkZYy_3PNAg,jtgBkAQuchDYgkdsebzLsQ,5.0,2018-09-20 05:19:38
61yERKmEa_0mkZYy_3PNAg,nMn4CTJQPXqpgLltYQrxMA,5.0,2019-06-13 19:08:18
61yERKmEa_0mkZYy_3PNAg,q-1ICFSqs2MwDGfe5tX-SQ,4.0,2018-10-17 20:03:50
629zIpQCFaHgVZZVQKdpew,xmRuCnMaXldWXkYnlCo-fg,4.0,2017-03-14 07:18:37
62zgueoJm3JARclC7zHGAg,CxXYiJBkq9kqsgtdagqVgw,4.0,2008-01-27 22:58:40
65bME4JAnx7fFnlPSTeqow,H3Tmgv94pbGvBIKZ4Rs9Cw,5.0,2016-01-07 05:28:15
65bME4JAnx7fFnlPSTeqow,Sf_hAk2T3_3-sgpF0gl2lw,5.0,2016-01-21 16:56:02
65bME4JAnx7fFnlPSTeqow,dGUyXgFW1WSYMgRypKaYew,5.0,2013-04-09 00:16:10
66hi75oEWJPHj7_pGPrBiw,Z4D9fzsrlNX8O9rkJuEo6A,1.0,2013-04-30 16:37:42
66jLAUGqXMx06wmipvUVbA,4UDm69SbXGjjlbVVy3GNcQ,2.0,2014-04-15 19:33:48
66zqLdIdsOt1UEPqJILWJA,EaOpoKLdqNwZ2q5owQ6LDA,1.0,2014-03-28 23:07:36
67MIlXhSlz1NoXGxRPFFwg,PC7155v05U9Mg412MDQEKg,1.0,2019-10-16 17:53:17
67MIlXhSlz1NoXGxRPFFwg,e-fXMT8R3j7BKMTh8xn8aw,4.0,2019-01-22 01:29:08
67MIlXhSlz1NoXGxRPFFwg,jHrp-GQ2iSKUgHd_dvnWqg,5.0,2015-12-14 03:14:31
67TmH2-MrYt2pF3tmSf9ww,v17tgCRjuPQiFOq4uvEI-w,5.0,2016-07-30 03:17:08
67jznGBPOlZiZfC71RipQA,2XYPFRm7teCUr3eGsB2-qw,5.0,2015-10-22 21:57:21
67jznGBPOlZiZfC71RipQA,QU5SwQ7NxIJdueL_M3u8dA,5.0,2016-04-09 15:09:19
67jznGBPOlZiZfC71RipQA,STwdgdVYWm-pBDF1JIpAVA,5.0,2015-10-09 03:34:37
67jznGBPOlZiZfC71RipQA,rLRw73bopdUf4spMxIAhIQ,4.0,2017-06-20 12:36:13
684GOcQGwY7b0kuXzhrVEA,QCsVilspu6TxuwZMUTabFQ,5.0,2017-04-09 21:23:20
68du_wD3fw1XXQSOSts7yg,JK0dQu47K-eYqW9e2CrzXQ,2.0,2014-01-20 17:47:16
693jtVYzvhwbATcoGxTgaw,1qw5dIsQPNGLOwnuP7Wj1g,5.0,2016-01-09 19:23:32
693jtVYzvhwbATcoGxTgaw,l4YoHcvnsK7ICDrTqL7EEg,5.0,2019-08-19 17:34:00
6977VSn6-T4nOF1R3aHrGw,m6ZcOrHJHYmIPhjgh8cycw,5.0,2020-06-27 00:20:19
6BZMGaiBMQSZ639VfjbVaA,bLnC1_-Kd_Z5qhHNQXCUfQ,4.0,2017-02-16 04:13:21
6C4XX-vG7Pq2tFnhpqzl6Q,AtQLrRpQan7UtJcIAo9hsA,3.0,2015-02-23 18:23:29
6C8Ne6yRu6TzBLbhfhdduw,FHNIvNgh3fS7VZQq2Y3dsA,4.0,2019-03-22 02:51:28
6C8Ne6yRu6TzBLbhfhdduw,ZKPrXH_GNW_AtZ31tP3NmA,3.0,2019-04-20 20:19:39
6C8Ne6yRu6TzBLbhfhdduw,bN_9QgxdOIk4oK-6fBDJtQ,4.0,2019-04-09 01:42:33
6C8Ne6yRu6TzBLbhfhdduw,jS3affmkXWrBnidXA-DIfQ,2.0,2019-02-03 20:25:37
6C8Ne6yRu6TzBLbhfhdduw,jySVipAqMqczPzOPLMnJpw,5.0,2019-05-11 18:46:06
6C8Ne6yRu6TzBLbhfhdduw,vVfy055EfLMdd0yJYHxiMQ,5.0,2019-02-09 20:28:04
6C8Ne6yRu6TzBLbhfhdduw,zRjUMHQJ5gAmFhcXZtLacA,5.0,2019-01-31 12:34:11
6CFozKX_jLeGrleFQGl8-Q,5OK71bsZ3UndLeTXUE5mKw,5.0,2021-07-08 02:29:54
6CFozKX_jLeGrleFQGl8-Q,6_OAIFxSk3YjNdRJv59Saw,5.0,2021-08-06 19:30:16
6CFozKX_jLeGrleFQGl8-Q,8rpTqJOgmOCqLN5OCxaVOw,4.0,2018-09-16 12:37:35
6CFozKX_jLeGrleFQGl8-Q,EmJF-xSIOaEEOWcK8UOBqg,5.0,2019-06-04 00:43:54
6CFozKX_jLeGrleFQGl8-Q,Et2yOijYQbWyR-mE0-z40w,4.0,2021-08-22 02:20:33
6CFozKX_jLeGrleFQGl8-Q,_zU8uJthn3o5swP0LmfuqQ,3.0,2020-01-25 19:00:57
6CFozKX_jLeGrleFQGl8-Q,dBOVfp8Ub8uO9qUPtw92_w,2.0,2015-07-26 16:58:25
6CFozKX_jLeGrleFQGl8-Q,e1S4RgmEpIJ2iONMV4oxeQ,4.0,2018-12-21 18:01:33
6CFozKX_jLeGrleFQGl8-Q,kAOn-rLmNnm0YM9x6mZ_6g,4.0,2018-03-21 22:27:38
6CFozKX_jLeGrleFQGl8-Q,lOipP8dh4Daqid9uro4xNA,1.0,2019-07-23 02:13:40
6CFozKX_jLeGrleFQGl8-Q,qi2MFcotB3YgiC0SJr2FmQ,4.0,2019-08-10 22:15:23
6CFozKX_jLeGrleFQGl8-Q,s4r3OEFu8q1HAB06CnEPCA,5.0,2019-04-05 15:52:04
6DR4LS9hxlGcPYVho-FOQQ,e0WnUHCMQBdSFQXFqGwXAQ,4.0,2020-11-10 22:55:57
6DR4LS9hxlGcPYVho-FOQQ,oO_g1nb30W2or1swQAe3nQ,5.0,2020-02-18 21:38:46
6FasnS3e53f3fW_zwVv-sw,EagkHaaC-kUozD3MPzbRIw,5.0,2016-03-15 14:34:56
6He7CwCnjxeCN9Cs-X8i7g,1Hd-0f0gWvI7y9CI_3kFVg,1.0,2014-07-23 00:32:55
6I042PLRiYub7RvufcqjZQ,GBTPC53ZrG1ZBY3DT8Mbcw,5.0,2014-06-14 01:31:10
6I6zQ1F_GYd3BBYndsoEIw,mLdqrqgEXuUrCdgHLr30QQ,4.0,2020-01-13 20:56:53
6I6zQ1F_GYd3BBYndsoEIw,qY-BUQY-SFBaSrFHowF3nA,4.0,2020-01-13 20:51:02
6IeGk4i1BPl2PS5jWZ5OxA,V5wqGto1Lyv_CUdoRsfCwA,4.0,2013-09-01 04:39:40
6InyxxWLYI0J9y4342o12Q,jHP7LKR1LheZy8rcdrOE3Q,2.0,2019-11-07 18:46:31
6InyxxWLYI0J9y4342o12Q,oyJ3gXNkV0DO0YxcaTgtTg,1.0,2014-12-09 13:53:20
6J31l4aDNNGG5JpYeflKPw,AMIEPDGK0AhOCmWKmRruwA,3.0,2012-04-04 16:12:14
6JehEvdoCvZPJ_XIxnzIIw,YXaecOFzGVPMQIwx2mq7uQ,5.0,2017-12-30 00:51:37
6JehEvdoCvZPJ_XIxnzIIw,vXQLdqB-stL2JTP5AsPVaA,5.0,2016-06-18 00:05:03
6JsEeA-Z-nWl3awrR6n9ZA,tV764PZN2iq2PbirfnwWlQ,4.0,2018-01-08 15:32:52
6KxHt1BnwkhMDGJZkEUW-Q,of-GVqY0G_UDHXT9Xg_ADQ,2.0,2014-06-24 13:41:46
6MDnzuORh6de9hICw8M9fA,uJZgom8HpK74xz8IojpT0A,1.0,2014-05-23 01:13:58
6Mv-qMJyxSokCu8YFM1o0A,4rG4tJF2EC2CfYvBu_uqpQ,2.0,2020-09-18 15:31:08
6NagSmaahFhlt3LEpnVXoQ,GoGss2SqsUPwP0xcI9IUuw,5.0,2014-09-08 21:18:22
6ObFF8-uKnOAlXuSH4TlyQ,-OX0MJDPRHV0RCRvwYnvBQ,5.0,2021-05-30 05:29:37
6ObFF8-uKnOAlXuSH4TlyQ,008FLyatMEsZzmmKALIgDg,4.0,2018-08-30 05:43:53
6ObFF8-uKnOAlXuSH4TlyQ,3qsHL1xuMPlPqQciHNYkeg,5.0,2018-05-02 04:53:31
6ObFF8-uKnOAlXuSH4TlyQ,4QMIJJWQOh7zpEwOXhFJqw,5.0,2014-06-18 06:59:28
6ObFF8-uKnOAlXuSH4TlyQ,535HzcJ9JTj6tCaZbA0uBA,4.0,2014-09-05 06:35:13
6ObFF8-uKnOAlXuSH4TlyQ,5s7I0Khg7ReVzfO7niJtKg,4.0,2015-08-12 06:46:55
6ObFF8-uKnOAlXuSH4TlyQ,6OwxdpajDSJi3DkMqkr2sw,5.0,2020-01-18 20:55:15
6ObFF8-uKnOAlXuSH4TlyQ,9u4_k8-XC4RFETCeiQdO8w,5.0,2013-06-05 06:59:18
6ObFF8-uKnOAlXuSH4TlyQ,AVBqx8FaXza6x-bb_FLOTQ,5.0,2014-06-05 06:59:09
6ObFF8-uKnOAlXuSH4TlyQ,BTblqXsOHMXjcgcYkdzuqg,5.0,2015-04-10 07:00:28
6ObFF8-uKnOAlXuSH4TlyQ,DVBJRvnCpkqaYl6nHroaMg,5.0,2018-09-20 06:19:01
6ObFF8-uKnOAlXuSH4TlyQ,Eqfks4GEn5dsI4ZGiPrCVQ,5.0,2021-02-08 06:09:00
6ObFF8-uKnOAlXuSH4TlyQ,EwWcloIMj8zflH5Dc16-nw,5.0,2016-03-19 06:22:58
6ObFF8-uKnOAlXuSH4TlyQ,HLh0we-7JQ322p6a7z5hAA,4.0,2013-03-31 16:44:09
6ObFF8-uKnOAlXuSH4TlyQ,Hi4AgS-uR-lEOF4oZl546g,4.0,2013-01-03 21:24:37
6ObFF8-uKnOAlXuSH4TlyQ,JFteGsQlrJeJjur6cA1RhA,4.0,2018-05-04 06:52:41
6ObFF8-uKnOAlXuSH4TlyQ,Jcm-2RZWIcF0E4V6kekBsQ,4.0,2019-12-19 07:18:02
6ObFF8-uKnOAlXuSH4TlyQ,JkQz12i_Eubd_xQdLLkDxQ,5.0,2021-05-25 05:28:14
6ObFF8-uKnOAlXuSH4TlyQ,K1r1fGmCbrmC_V6Aj22Zew,5.0,2021-08-08 14:50:28
6ObFF8-uKnOAlXuSH4TlyQ,LIcsCCOYqBO9k2tiO4Mrow,3.0,2019-04-02 19:18:41
6ObFF8-uKnOAlXuSH4TlyQ,LQcGL4hfJAeK6bk2ZdhmXw,5.0,2012-05-28 23:15:18
6ObFF8-uKnOAlXuSH4TlyQ,MSKQTsQvBKfLRtkni9icSA,5.0,2020-07-07 06:17:37
6ObFF8-uKnOAlXuSH4TlyQ,MXNEFOi2wO8Zk6s5-5yaEw,5.0,2021-07-27 05:38:58
6ObFF8-uKnOAlXuSH4TlyQ,RmShOF-8MxNjlXATWs_2Dg,3.0,2021-06-23 05:08:45
6ObFF8-uKnOAlXuSH4TlyQ,Tj-sKlbJR5M7Rpe9Cykk9w,5.0,2017-04-07 06:59:20
6ObFF8-uKnOAlXuSH4TlyQ,UjQnH-pElJZ9jD51vOt5Rw,5.0,2012-06-28 06:54:41
6ObFF8-uKnOAlXuSH4TlyQ,WSx9-iYYyST_umny9sJBFg,4.0,2013-04-23 06:59:23
6ObFF8-uKnOAlXuSH4TlyQ,WbA5ud4InNWkizW7HE5kRQ,4.0,2013-05-24 06:25:39
6ObFF8-uKnOAlXuSH4TlyQ,XyGRDrgCK0z4CiA6nhwEaw,5.0,2020-12-30 19:42:45
6ObFF8-uKnOAlXuSH4TlyQ,ZCF-HvfbITnNcaomqT5XRw,5.0,2013-04-09 04:50:58
6ObFF8-uKnOAlXuSH4TlyQ,dtWFuvupLrMmPb09uy6wVw,4.0,2013-05-22 06:59:45
6ObFF8-uKnOAlXuSH4TlyQ,eUoV6GeeP3GPm9Q3LK3apg,5.0,2012-06-06 18:39:09
6ObFF8-uKnOAlXuSH4TlyQ,elP0Xn9HyP6cRBuzbJdTpw,5.0,2015-10-28 06:13:57
6ObFF8-uKnOAlXuSH4TlyQ,gQ5_wcFqhplc9xrnSCt6-Q,3.0,2020-12-16 18:27:59
6ObFF8-uKnOAlXuSH4TlyQ,gciMEyy9sIcwSMREEvNiXA,5.0,2015-09-17 06:59:29
6ObFF8-uKnOAlXuSH4TlyQ,irbp3bTab2D2OL7p8D0huw,5.0,2016-03-29 07:00:06
6ObFF8-uKnOAlXuSH4TlyQ,ltmenUcFgNv7fPOU2BiwKw,3.0,2015-08-13 05:34:13
6ObFF8-uKnOAlXuSH4TlyQ,muxda1cSVtplETqTfYVgZA,2.0,2012-12-10 06:35:52
6ObFF8-uKnOAlXuSH4TlyQ,o3woQWQ-0HxFftItIEeNdw,5.0,2021-07-08 18:51:57
6ObFF8-uKnOAlXuSH4TlyQ,tV46IhCfHbsx_af-pMupiw,3.0,2012-09-11 04:32:24
6ObFF8-uKnOAlXuSH4TlyQ,tpvHimO4BBn1QMPQL02B7A,5.0,2021-04-13 06:11:40
6ObFF8-uKnOAlXuSH4TlyQ,u6P6I5PZnSlnILY5nFWBJA,5.0,2013-05-10 20:29:32
6ObFF8-uKnOAlXuSH4TlyQ,uRYoY6ycuZUAO88dM6sauw,2.0,2013-03-29 04:40:18
6ObFF8-uKnOAlXuSH4TlyQ,vSS_H_9mEARWnQe7NtFNSg,4.0,2012-04-11 16:50:39
6ObFF8-uKnOAlXuSH4TlyQ,whi0nRqdeKE8FGuIzdkYvQ,5.0,2016-05-24 06:56:34
6ObFF8-uKnOAlXuSH4TlyQ,wj8XtPyuREj8_0GQz3LZ6w,3.0,2013-04-24 06:38:02
6ObFF8-uKnOAlXuSH4TlyQ,zJpBMqVuAzcBhHZSe0-18w,3.0,2018-10-17 05:49:29
6PWUTlb2hRu0SlzcE3IX0A,O0CyCnSFr7cYK78nH2w25Q,5.0,2020-02-03 18:19:45
6QisM8Z_09QPEe__NIcNUw,TDRw3TX_lMAqwsHRfVOiRQ,4.0,2021-06-23 20:38:59
6RprIXnJO7MGzeohTnYxPg,oXr3EhnQCqA8SNWIZ3H4Fg,5.0,2018-10-15 15:30:16
6TAa3ViO9EcAznbWza0aPw,2KIDQyTh-HzLxOUEDqtDBg,4.0,2017-10-10 17:42:06
6TAa3ViO9EcAznbWza0aPw,5JALyrPLmMkJ97FVxiOApw,4.0,2018-02-25 01:27:16
6TAa3ViO9EcAznbWza0aPw,Wf9Ir1pvAmQL5GXgBEvCcA,4.0,2019-01-21 00:46:59
6UMnwkazW4KYC-C4yl8PWg,W57360g1e7xMGerm7wPW0Q,5.0,2021-02-22 01:56:55
6VQZtC97AE3xImIJIJvakA,hp9h_Cq-W0ki7JMArSvYSQ,5.0,2018-05-09 03:10:58
6VQZtC97AE3xImIJIJvakA,zIAYfpeYbnADNwJzVcGE8A,5.0,2016-03-22 15:24:58
6VjLDddIe4N3vZbtSNww8g,f_E5dlBz-78uL8tTQYNPew,5.0,2016-01-17 20:45:05
6W3Q7wpC9IU0xgLIMNs0Jw,oGDGlUbOjHxmmCh8ZYcDCg,3.0,2013-10-23 16:02:50
6WG2IGTVr-xKn0pYQZJGjw,0oSSjekU-3GR8gselReWnA,4.0,2009-01-12 00:31:57
6WG2IGTVr-xKn0pYQZJGjw,5ICrDkwtX4ykKOLVJ1tFJA,5.0,2010-08-17 12:53:58
6WG2IGTVr-xKn0pYQZJGjw,5bjdjgtF_I5XE3H5Yyb6Rw,4.0,2009-03-18 16:01:22
6WG2IGTVr-xKn0pYQZJGjw,HS5CfzQ_gOJHgqwtv9rvNQ,4.0,2010-06-01 14:35:58
6WG2IGTVr-xKn0pYQZJGjw,Iyopb5uFIBT_HOgp8ipSfw,4.0,2010-05-29 14:57:59
6WG2IGTVr-xKn0pYQZJGjw,JrDLf5e-awIC0suNlK39Zw,5.0,2010-10-27 16:23:07
6WG2IGTVr-xKn0pYQZJGjw,KTGEa8V9ec0QBYM_uk1YLQ,5.0,2010-10-29 14:40:36
6WG2IGTVr-xKn0pYQZJGjw,LzVvcVm48zYIcQnwLKt1oA,5.0,2010-09-28 15:34:30
6WG2IGTVr-xKn0pYQZJGjw,NYj8uB9-u0SmRMNDNktb1g,4.0,2008-07-30 14:30:05
6WG2IGTVr-xKn0pYQZJGjw,YqmClmk7oLcDzPWKHzgA-Q,5.0,2010-07-26 21:37:08
6WG2IGTVr-xKn0pYQZJGjw,eLAd1Jw-g1NKymBx1XPDoA,4.0,2010-07-01 12:50:38
6WG2IGTVr-xKn0pYQZJGjw,lFs4LIQn_kbsLozQzk-4Qg,4.0,2010-05-26 21:18:05
6WG2IGTVr-xKn0pYQZJGjw,poviu-6n3iaRE4gdQz6OYw,5.0,2014-02-13 20:01:51
6WG2IGTVr-xKn0pYQZJGjw,y6-J_UjNk69VNLb39c_5CA,2.0,2010-06-18 13:34:32
6WG2IGTVr-xKn0pYQZJGjw,zwd4dyQ5ovnjVojWfAuhMw,4.0,2010-11-08 18:51:16
6WiwqW1UorLCKYMiCuKALA,-8oIIpYJAXWg-G3glapMmQ,5.0,2016-12-21 01:47:00
6YshIhj35cYLgCz3Y-fgNA,6Aa0t9YWJNknGP9tHWmG5Q,5.0,2015-05-07 22:55:36
6ZNnGHBEk2ZZctdC0fX8vw,-pyobEWdpZ6jUp42f3I2xw,5.0,2017-11-11 03:10:00
6_ARKHUvP8WIF1rjSlQgjg,gowa-c0fpgvosQnRWF9V3g,3.0,2019-10-12 21:56:45
6_VZC1O_WcmoEg54M-hCFQ,4WdDY97x4GdMYtyk1KQMnw,5.0,2018-08-06 21:10:33
6bVqgocLbgPxTFEpGl0j7Q,LHSTtnW3YHCeUkRDGyJOyw,3.0,2015-03-18 01:36:47
6bxzJaXxGCqApmJsyIlr9w,hHs2Ytn2QSHnFscnALsLlQ,5.0,2016-11-16 03:09:14
6ce1NSAUt1Kr7efrLI8XQA,5KV72HrGjraMn9w5_FugDw,5.0,2017-07-06 15:38:34
6ce1NSAUt1Kr7efrLI8XQA,Qo14LZITJ4fIhSdqOVsm6w,4.0,2019-02-06 22:49:14
6ce1NSAUt1Kr7efrLI8XQA,W57360g1e7xMGerm7wPW0Q,4.0,2019-10-12 14:43:40
6ce1NSAUt1Kr7efrLI8XQA,tRrwvG_26qqzMlNIYyz-TQ,5.0,2017-05-20 14:45:34
6dUHOzfvZMLP26nb9xkwiw,VwDrUaY7PPkvfD6M1dAVBQ,2.0,2014-01-16 15:14:28
6eE1uVdsj-d3_ABwoeJKGg,fC03dk7N8XV-RzGh0UJgmA,4.0,2020-12-31 19:47:26
6eI0CK2S2zdibLXonD6exQ,LporxuZB4AEg4mhLYhfpDw,1.0,2018-04-22 19:15:40
6gpEjxZfnPqgZbriLbvSew,J8S7cPPlTgsQnXKVfTyN8g,1.0,2014-09-12 20:54:26
6hROs5UJ9p12sAaJb8BxVg,XBRQ_MpGrRq8IeeNO_bYEw,4.0,2015-08-05 15:10:22
6i7XsIdjmExkLJJ8RggRyg,6iqDIQCE8sq7Xq1xvhG1Tg,4.0,2015-02-24 00:45:21
6i7XsIdjmExkLJJ8RggRyg,Pr-OrQ0-hNPFdp8bVZN6Lg,5.0,2014-09-14 15:25:26
6i7XsIdjmExkLJJ8RggRyg,ZTkUPKhgLBpEbNDo8Mi2xQ,5.0,2019-07-18 16:02:37
6i7XsIdjmExkLJJ8RggRyg,hjRxa6xpKOwnbUgGvVCE5Q,5.0,2016-12-05 16:33:34
6igxK233DYciD6qSItS2-Q,eX7o_-s5TmDT-DMfTV4cmw,1.0,2019-04-25 17:24:46
6j5Y9Q8wgJXl--AIMKaH8A,Aews7EoMh_crFva-uNbVYQ,4.0,2013-08-19 18:56:05
6j5Y9Q8wgJXl--AIMKaH8A,Yz4BD3vf8-d14j2T2FgYxA,4.0,2017-03-22 11:48:48
6j5Y9Q8wgJXl--AIMKaH8A,dtU_DsHVOCi-2-mWe7gabw,5.0,2013-06-04 20:33:24
6j5Y9Q8wgJXl--AIMKaH8A,oUgmm76-UCd5N0z4xwDOYw,4.0,2013-04-17 13:13:29
6jjHo9Lilv3kTy87pm2ycw,6LAp-gSP9Kk4ZvxijXaxIw,4.0,2020-09-21 20:23:00
6jjHo9Lilv3kTy87pm2ycw,9n-1LQLX3ntBfBtMwgSpig,4.0,2020-08-12 14:55:33
6jjHo9Lilv3kTy87pm2ycw,FXsu9JqnLl2D0wqeQP4QKw,5.0,2021-04-13 02:26:58
6jjHo9Lilv3kTy87pm2ycw,H1lSVZSPz-Mz0P3g7o-SYQ,4.0,2021-01-01 23:31:11
6jjHo9Lilv3kTy87pm2ycw,HNMN7NhEvA64Z0FDEA2Twg,4.0,2020-11-01 19:21:57
6jjHo9Lilv3kTy87pm2ycw,HgPTy_OGoaxllb2EXkC1sQ,5.0,2021-09-07 22:21:26
6jjHo9Lilv3kTy87pm2ycw,I5jxUHS1Dp2rg40eDzyiCA,5.0,2020-10-08 09:08:37
6jjHo9Lilv3kTy87pm2ycw,JtY9OkVp8lfdFVTahNjHdw,4.0,2020-09-26 03:14:56
6jjHo9Lilv3kTy87pm2ycw,L5LLN0RafiV1Z9cddzvuCw,5.0,2020-01-13 02:22:36
6jjHo9Lilv3kTy87pm2ycw,MXTV7gLn1GcgBIskfIXwMg,4.0,2021-03-17 05:02:46
6jjHo9Lilv3kTy87pm2ycw,NB5XTBuLVCn7c9Lu5SUqKg,3.0,2021-07-16 05:01:42
6jjHo9Lilv3kTy87pm2ycw,OWOOc0YjU_kioLeEgo5VCA,5.0,2021-07-18 05:42:23
6jjHo9Lilv3kTy87pm2ycw,Pud2rnFwby48KD1qSaAAXg,3.0,2020-02-09 18:13:37
6jjHo9Lilv3kTy87pm2ycw,S2n_06z4lGLZfdJ53XAXQQ,5.0,2021-07-23 00:47:02
6jjHo9Lilv3kTy87pm2ycw,UUDGbu6-nK97evc2LaevGQ,4.0,2021-04-26 02:56:45
6jjHo9Lilv3kTy87pm2ycw,U_xXDEstWkdhmQR8IWHVCw,3.0,2020-09-23 23:04:48
6jjHo9Lilv3kTy87pm2ycw,Ucl9Vo5lwrUmYbV8Dv8X5g,4.0,2019-08-09 22:17:50
6jjHo9Lilv3kTy87pm2ycw,UoDicg0wO3Q1JPUymA-91w,5.0,2021-05-01 08:13:54
6jjHo9Lilv3kTy87pm2ycw,Vn6fOha6UZ2HGyZoAcxPkw,4.0,2021-03-15 04:53:00
6jjHo9Lilv3kTy87pm2ycw,W2lEjwsnCqm3SmjleJ0xlw,2.0,2021-02-08 03:54:17
6jjHo9Lilv3kTy87pm2ycw,aAjOFpX5SBSoDkAsBSZeZw,5.0,2021-06-08 22:06:23
6jjHo9Lilv3kTy87pm2ycw,aQFQIlyHasaTz5DtjV57nQ,4.0,2020-01-19 03:43:17
6jjHo9Lilv3kTy87pm2ycw,cXm3EXarmMkvcoEwQgqilg,5.0,2020-09-01 01:55:41
6jjHo9Lilv3kTy87pm2ycw,chxWW42Y3lB3dGCxSRvxsg,5.0,2021-03-19 05:45:18
6jjHo9Lilv3kTy87pm2ycw,dYYkzkiAQoOtRjdR0kcspw,5.0,2020-12-25 13:14:06
6jjHo9Lilv3kTy87pm2ycw,ei7oceWOL-u1hXsraus7ng,5.0,2021-07-23 03:48:10
6jjHo9Lilv3kTy87pm2ycw,gP_oWJykA2RocIs_GurKWQ,5.0,2021-11-24 10:54:03
6jjHo9Lilv3kTy87pm2ycw,j5siJykDq7GWzgSdpOjhdw,5.0,2021-03-14 12:06:39
6jjHo9Lilv3kTy87pm2ycw,j6dvIfAzbHccoySvaqjT4w,4.0,2020-08-20 19:56:08
6jjHo9Lilv3kTy87pm2ycw,oO_g1nb30W2or1swQAe3nQ,3.0,2020-08-12 23:13:33
6jjHo9Lilv3kTy87pm2ycw,pqcYTOo8kMYoNt4fjOm_vQ,3.0,2021-12-28 02:29:48
6jjHo9Lilv3kTy87pm2ycw,s2OLYBa-s3crujHbzO3Wcg,3.0,2020-12-26 00:03:55
6jjHo9Lilv3kTy87pm2ycw,sankqYOVWpYX_T5kGZRRKQ,5.0,2020-05-30 17:06:01
6jjHo9Lilv3kTy87pm2ycw,t99FUZpRk5eMd1G33T-05Q,5.0,2021-06-11 17:18:59
6jjHo9Lilv3kTy87pm2ycw,tEHgpkQT50Z-M0XafS8YoQ,5.0,2021-06-17 20:56:38
6jjHo9Lilv3kTy87pm2ycw,tkY5BJVXxUmP4jsKavkf2g,5.0,2021-08-19 00:54:57
6jjHo9Lilv3kTy87pm2ycw,yXJsY6k67TfO7du7UJVWCg,4.0,2020-09-01 21:13:56
6jjHo9Lilv3kTy87pm2ycw,ysWG1Hwm21UWCSlc_frXBg,4.0,2020-09-19 12:25:09
6kJFLAHV-tNsBEZaRTqEWQ,4RMHlggaIdNibPUJPVEd6w,5.0,2019-02-22 19:00:42
6kJFLAHV-tNsBEZaRTqEWQ,6GXMHrB8u-3nq87zE1Av0w,5.0,2021-11-29 19:25:55
6kJFLAHV-tNsBEZaRTqEWQ,7mpYTDb24SywNMRn3yeakQ,5.0,2019-05-02 11:12:55
6kJFLAHV-tNsBEZaRTqEWQ,7xckZSLRWf5uf3L1IsF1Kg,5.0,2021-12-23 12:59:02
6kJFLAHV-tNsBEZaRTqEWQ,CYSPKiVdoPX3erovujnE9Q,5.0,2018-10-13 19:21:20
6kJFLAHV-tNsBEZaRTqEWQ,DOl21AqtT74dUZ3kvXNNcA,4.0,2018-09-22 01:34:34
6kJFLAHV-tNsBEZaRTqEWQ,E1gf1YIWOo1BgzMUwJtEZg,5.0,2020-04-18 21:09:08
6kJFLAHV-tNsBEZaRTqEWQ,Gn_e8TJFSMcV1rzklJ9gLA,5.0,2019-03-07 12:28:21
6kJFLAHV-tNsBEZaRTqEWQ,HPqTJ_yF2ZJw87yHWnSzSg,5.0,2018-08-04 19:13:35
6kJFLAHV-tNsBEZaRTqEWQ,Iyopb5uFIBT_HOgp8ipSfw,5.0,2018-09-05 10:43:31
6kJFLAHV-tNsBEZaRTqEWQ,JDv3h1xRFIW8fXckqgTdRg,5.0,2021-12-12 01:21:03
6kJFLAHV-tNsBEZaRTqEWQ,Q9poenJ9SS3agpPo4Pgyyg,5.0,2020-12-23 22:54:26
6kJFLAHV-tNsBEZaRTqEWQ,RRIJlZUVvz2CkMrDn2UziQ,4.0,2018-06-13 01:44:16
6kJFLAHV-tNsBEZaRTqEWQ,SsdCrUeZlHqqGOWTfZ95Cw,5.0,2019-01-26 18:23:05
6kJFLAHV-tNsBEZaRTqEWQ,YN4Kk751tmdvoarGo8z7_A,4.0,2018-08-09 11:05:29
6kJFLAHV-tNsBEZaRTqEWQ,ZfAILO2iad90fCDtratcKg,5.0,2018-10-04 00:42:23
6kJFLAHV-tNsBEZaRTqEWQ,bLJP0fVgscuUQy0hE_CRXA,4.0,2018-11-07 00:49:09
6kJFLAHV-tNsBEZaRTqEWQ,d5fAUl4lKaNxGfiXj4Kygg,5.0,2018-12-18 13:42:18
6kJFLAHV-tNsBEZaRTqEWQ,fN12ywQpLXQ93bpwe1N_Ww,5.0,2019-04-14 12:44:36
6kJFLAHV-tNsBEZaRTqEWQ,hT9weRMZuJjl6Ca1EskmNA,5.0,2022-01-19 03:36:28
6kJFLAHV-tNsBEZaRTqEWQ,iZNR8-rqsBL2afDk4Zxe8A,5.0,2018-12-01 20:40:29
6kJFLAHV-tNsBEZaRTqEWQ,jS3affmkXWrBnidXA-DIfQ,4.0,2018-08-07 00:28:52
6kJFLAHV-tNsBEZaRTqEWQ,lYloPAiaWJwWgno4SdxD0Q,3.0,2018-08-18 12:23:41
6kJFLAHV-tNsBEZaRTqEWQ,nKK8tgjteduOIxALbfJNgg,5.0,2019-12-25 15:21:26
6kJFLAHV-tNsBEZaRTqEWQ,p1257iwsyKj00D_145O03w,5.0,2018-08-21 01:48:42
6kJFLAHV-tNsBEZaRTqEWQ,qBwOLby0sOJd3QG1o76W2w,3.0,2018-12-05 12:42:28
6kJFLAHV-tNsBEZaRTqEWQ,v1msvs2bf_LwGUnIcCgSEg,4.0,2019-04-18 22:36:37
6kJFLAHV-tNsBEZaRTqEWQ,vUrTGX_7HxqeoQ_6QCVz6g,4.0,2021-08-24 23:20:36
6knga-vNLcCxdQmhevWjTA,17MK8qagV374AuUA4sXuIA,4.0,2017-03-16 19:43:32
6knga-vNLcCxdQmhevWjTA,Yu401DtSmkXpJhgXnQcFrg,1.0,2015-03-02 13:26:07
6knga-vNLcCxdQmhevWjTA,sy7ADvpBA7SfHwbY-Y_5gw,5.0,2015-07-31 13:07:19
6lNZaM3sUwBpJ_2q9r-3Og,HoKH4Rk7wHfVT-60aYIYwA,1.0,2015-03-31 22:45:21
6mG7JJlJZBitRBKIWSlW3w,U3grYFIeu6RgAAQgdriHww,5.0,2015-10-02 20:56:11
6mgYTBGN1Ig2thDBCjmLwQ,bdteJqgoj0OaALhj9RFtmw,3.0,2008-01-03 06:07:01
6nRRjS8c9IhTAaImF14lFQ,Nvx2MceKWAtikcAxk_TBMg,1.0,2016-05-25 05:18:42
6nqjpmb3oK_CsJsOLJtIJA,OMpHvwN3cxkbldKbKskc5g,1.0,2020-12-19 22:30:15
6nwKICMjYAlK_yRM9YxpHg,NHb6QTrJOnyIj-Zd0fYzFg,5.0,2015-08-12 13:39:25
6owzFdzFSbsZzOL_kIp6cg,9KHTQiXutn-W51EjAfrodw,1.0,2017-01-19 18:35:29
6pbNMgTnSYrtPHDN07IXwA,5qWdftveruKnOJ9FKXcGcA,5.0,2021-08-04 12:44:56
6pbNMgTnSYrtPHDN07IXwA,D00oq_GL2RzcSiHh2QLP3A,4.0,2018-05-30 16:57:33
6pbNMgTnSYrtPHDN07IXwA,QWia-PVZBnIyIXFYtt0Orw,2.0,2019-07-02 20:33:13
6pbNMgTnSYrtPHDN07IXwA,QkyEr9j7il9lJqseTbPe5w,4.0,2018-11-26 20:20:48
6pbNMgTnSYrtPHDN07IXwA,ZslqrrUvqh7gzSPSShgmDA,5.0,2018-04-02 14:03:06
6pbNMgTnSYrtPHDN07IXwA,ckF4SrqKfSm8ndr88on1dA,1.0,2020-02-14 15:57:13
6pbNMgTnSYrtPHDN07IXwA,dA1NubF15yiyEoI1Sm_6gQ,4.0,2020-08-23 23:29:30
6pbNMgTnSYrtPHDN07IXwA,gR2MRPHvSYY1pLV1CCLVaQ,2.0,2018-03-20 20:05:24
6pbNMgTnSYrtPHDN07IXwA,gdklkhsq4C7KANfnXaTlWg,4.0,2017-01-25 12:52:09
6pbNMgTnSYrtPHDN07IXwA,n5Fdf9RzooS7obq0NecOWw,3.0,2019-04-07 19:59:56
6pbNMgTnSYrtPHDN07IXwA,pWzrmh1oiU9ngWXGHKnnwQ,4.0,2018-04-21 12:42:51
6qZBWG97olYq6HIwIzIj3Q,RQAF6a0akMiot5lZZnMNNw,3.0,2020-10-05 14:38:40
6rLcSCokJDCpwSjdiZty3g,SGPYov8J5Yl-UTo8Yogl1w,5.0,2019-06-10 13:18:47
6rvaULevZEp2OM_b7cxFeg,HTqXI5S2XcSlh_ylx9sE6g,5.0,2008-09-27 19:43:31
6s-g2vFu12OemhiK3FJuOQ,-v8dtO9BZmKidXLMohiQhQ,3.0,2010-06-29 03:18:58
6s-g2vFu12OemhiK3FJuOQ,1Fs3_bjPQwvSXZHGGlFE-A,5.0,2018-02-18 23:42:34
6s-g2vFu12OemhiK3FJuOQ,1UNJeHTsS7WS9RxRzHw06g,4.0,2010-07-21 22:02:20
6s-g2vFu12OemhiK3FJuOQ,2XYPFRm7teCUr3eGsB2-qw,5.0,2007-04-26 03:50:07
6s-g2vFu12OemhiK3FJuOQ,2pLIQ0RHSmUbF0eIRT0LYg,4.0,2011-01-26 19:09:29
6s-g2vFu12OemhiK3FJuOQ,2zocwC7qMq3LsivPn9Z-Eg,5.0,2010-06-04 17:06:08
6s-g2vFu12OemhiK3FJuOQ,3lsE-1hRI526KHKbeytPcg,3.0,2009-02-21 21:20:02
6s-g2vFu12OemhiK3FJuOQ,4_W5pstoN1166TGjjPOrMg,5.0,2008-11-13 15:04:21
6s-g2vFu12OemhiK3FJuOQ,7hpUoYdAVToZXwuPRgoqdA,5.0,2010-07-22 14:23:45
6s-g2vFu12OemhiK3FJuOQ,7lwe7n-Yc-V9E_HfLAeylg,4.0,2010-09-08 20:01:50
6s-g2vFu12OemhiK3FJuOQ,8crVeVL3pi8OFRj9c_3vxQ,4.0,2014-01-25 18:01:46
6s-g2vFu12OemhiK3FJuOQ,BsnP3lXh-QaOSgAw2t-omA,3.0,2010-02-03 05:58:45
6s-g2vFu12OemhiK3FJuOQ,CYSPKiVdoPX3erovujnE9Q,5.0,2018-07-29 15:57:52
6s-g2vFu12OemhiK3FJuOQ,CftOliRKBvSPABNzt49pdQ,4.0,2010-06-02 04:45:16
6s-g2vFu12OemhiK3FJuOQ,F_p-pLonAAzzOSnTLdJMtw,5.0,2010-08-16 19:30:02
6s-g2vFu12OemhiK3FJuOQ,HCN3XWVqv04fws8vkC4H7w,5.0,2011-01-25 17:11:30
6s-g2vFu12OemhiK3FJuOQ,IFFuw9ZIzpcWSqu2OHmjZA,3.0,2010-01-27 16:09:42
6s-g2vFu12OemhiK3FJuOQ,IkY2ticzHEn4QFn8hQLSWg,1.0,2008-03-22 15:02:43
6s-g2vFu12OemhiK3FJuOQ,JKR09pJneafnwpUg0FNEzw,4.0,2011-01-15 15:20:07
6s-g2vFu12OemhiK3FJuOQ,JrDLf5e-awIC0suNlK39Zw,4.0,2010-07-28 16:19:36
6s-g2vFu12OemhiK3FJuOQ,KWMdCTrepsB8YFBC8JBQsA,5.0,2008-08-25 01:54:49
6s-g2vFu12OemhiK3FJuOQ,LImOqXSWUq-E_eNZhTUzmQ,4.0,2011-01-12 03:54:35
6s-g2vFu12OemhiK3FJuOQ,MM_v-KIUJiXLCxnkIqPKWA,5.0,2010-02-11 14:54:34
6s-g2vFu12OemhiK3FJuOQ,QVqLR6SJZP9DyeYVR9esUg,4.0,2011-03-07 00:02:17
6s-g2vFu12OemhiK3FJuOQ,QuU-a6FEcC_aZTgZkYFeLA,4.0,2011-02-21 18:26:19
6s-g2vFu12OemhiK3FJuOQ,REiAM73RkOxFqCVlEFiRWA,4.0,2010-07-25 21:14:04
6s-g2vFu12OemhiK3FJuOQ,Rmx12lwZbs94MkPaS2o7vw,4.0,2010-05-09 04:05:33
6s-g2vFu12OemhiK3FJuOQ,SHYPQbYqbfK4CwTDjtBH7Q,4.0,2011-01-18 13:42:22
6s-g2vFu12OemhiK3FJuOQ,XVBhNSpKCMz1yJcFtgL2ng,4.0,2010-01-30 21:40:48
6s-g2vFu12OemhiK3FJuOQ,Zqd_DHAtrdzRJ8u3zwrvEA,4.0,2011-02-06 01:04:52
6s-g2vFu12OemhiK3FJuOQ,bdteJqgoj0OaALhj9RFtmw,4.0,2011-06-07 13:20:37
6s-g2vFu12OemhiK3FJuOQ,bffLbfi1IEAff5C2IHJvFA,5.0,2014-02-01 06:09:07
6s-g2vFu12OemhiK3FJuOQ,cOXc8c85Ms6dMEAJazLXHQ,3.0,2011-01-18 03:11:35
6s-g2vFu12OemhiK3FJuOQ,eLt-dwl-xxXj9nklhs2eOw,4.0,2010-01-31 06:18:40
6s-g2vFu12OemhiK3FJuOQ,eoN0GAIRV0WmwUm7FmzKgQ,5.0,2010-02-21 23:05:53
6s-g2vFu12OemhiK3FJuOQ,fBnki9kkjTfepj0HPiUMGQ,4.0,2010-07-10 18:49:52
6s-g2vFu12OemhiK3FJuOQ,fOhnSqmO4XY5vSI8whVKSA,4.0,2010-01-29 17:32:51
6s-g2vFu12OemhiK3FJuOQ,kZ1q0K13tFYG_ZJrVvsJHA,4.0,2010-09-02 14:02:56
6s-g2vFu12OemhiK3FJuOQ,luv3Y2AjoOhxYRY_u5tRJA,4.0,2011-02-06 20:13:28
6s-g2vFu12OemhiK3FJuOQ,mF8czpMukj36ovHb3lGSeg,4.0,2010-02-13 13:03:12
6s-g2vFu12OemhiK3FJuOQ,mK5gu18whrKEG8aojSzpbA,5.0,2011-02-22 18:01:32
6s-g2vFu12OemhiK3FJuOQ,oziGQYLaEWOpNmPKrZP86g,4.0,2012-11-25 19:38:20
6s-g2vFu12OemhiK3FJuOQ,pJtvP5aHophr2gjIVvX-YA,4.0,2009-07-14 11:39:48
6s-g2vFu12OemhiK3FJuOQ,poviu-6n3iaRE4gdQz6OYw,4.0,2011-02-07 14:11:19
6s-g2vFu12OemhiK3FJuOQ,sDi3UPW6imj4wGHUg7CgXg,4.0,2010-06-03 13:39:51
6s-g2vFu12OemhiK3FJuOQ,scotX4dcVT8Co0Nyy1pDYA,4.0,2011-01-29 05:10:55
6s-g2vFu12OemhiK3FJuOQ,t4kx25BuJ1MOvX3JrETzCg,3.0,2011-02-08 16:58:07
6s-g2vFu12OemhiK3FJuOQ,vCHNWdW-ys-nWUx3Cpvk8Q,4.0,2010-02-16 12:01:37
6s-g2vFu12OemhiK3FJuOQ,wopwoiKIllIzcggK7HkTmw,4.0,2010-06-28 21:47:30
6s-g2vFu12OemhiK3FJuOQ,ws7z5fLdaVgwxZ9ex3cKxw,5.0,2010-04-27 02:29:13
6s-g2vFu12OemhiK3FJuOQ,x5T4yJGM3m94btiepuZe4w,4.0,2011-01-12 13:00:55
6s-g2vFu12OemhiK3FJuOQ,xYEeA5rK8nQxSbETixCQbQ,5.0,2010-03-24 02:55:43
6s-g2vFu12OemhiK3FJuOQ,xhBnVZhXeJx_Ys9Q4vvOmA,4.0,2010-02-13 12:38:39
6s-g2vFu12OemhiK3FJuOQ,ytynqOUb3hjKeJfRj5Tshw,4.0,2011-01-18 20:39:48
6s5whJLSvZFIF0Am4RyjUg,3R-DJGoG2IPzr_SiPMtmeA,5.0,2019-03-30 19:27:12
6s5whJLSvZFIF0Am4RyjUg,3WC9HidyqFisiDxP1dcFCA,4.0,2016-02-16 18:31:19
6s_WPgmk98JxDpkVW6hgvA,qBhtpgS-GxNk38CgRVCJLw,5.0,2019-06-03 03:34:45
6tDMGnbO4m8ENlUvG7r0eA,Qkg16mN-8QR66gjzg6gMyw,5.0,2017-06-05 16:18:32
6tDMGnbO4m8ENlUvG7r0eA,v1Uesklh8DpEufYOhTq4iA,4.0,2016-04-08 20:38:32
6tItMlME4VDVBF_IypbLDw,pWuoHHu0LuVrD0HjadDygg,2.0,2020-06-20 19:48:57
6tbXpUIU6upoeqWNDo9k_A,16tjKOvMw_nOgNViq2LwOQ,5.0,2016-05-09 15:20:27
6uNH0CIK0uNGpCTg_O9HMw,9b-LZWsj75mmfMYuChXDkg,5.0,2019-07-17 00:18:13
6uX6AiQn6p1hrH_Se_VNvQ,GE-e4isVqXF3dugLO09D0g,1.0,2011-11-30 02:22:03
6urS-vMeMNMw1ogB577H7w,NHUKQ8XbbVt4Nhy7oUeGpA,3.0,2017-07-09 18:20:23
6xQRFiUE-1icDPR0uAaRIw,1FURjeGJi_LBXcJQg8eskw,5.0,2017-05-01 04:30:20
6xl9EVLg1MTwq4gw21e4Nw,wl7rFbvRUstwyB2vRDW6IQ,4.0,2010-08-18 04:53:35
6yw_4m8IBhdPeAvQNbFMDw,PGd06nrseC2YAIqP6S9gUA,3.0,2018-11-25 01:07:43
70y7ExiEHrawld5lruwUVw,YzluF3FNGjnW-tOrLZt8JA,4.0,2016-09-26 01:41:35
73DZUFYAXuycbJ_eEAox1Q,sy9erwW0yTpjsTQ1eLtnUQ,3.0,2013-01-08 14:10:01
73DZUFYAXuycbJ_eEAox1Q,ww3YJXu5c18aGZXWmm00qg,5.0,2013-01-06 17:22:21
73MRrt4TT5PUWkNwoOvhWA,KHe6HAqmyioITwTvg9Bbcg,5.0,2016-01-18 22:08:21
73kIryVqqekf3-mlBd4ocQ,Z4qfMpj8jymG3_XjTBKN0A,2.0,2011-01-22 20:06:09
75RntWgoKzw9hOnAG61lUw,6h7C53qLfwM7v3zKRqG0yA,4.0,2013-05-19 22:31:56
76rU5U1DGxDsXu93y3i0Uw,Sf_hAk2T3_3-sgpF0gl2lw,5.0,2016-02-01 18:18:18
76rU5U1DGxDsXu93y3i0Uw,rMtVhAJN1GVoO23o686hcQ,5.0,2013-10-30 17:06:13
76vIFZcC7owykCBjMfGVXg,6RBZfirnzE4NahJTn1UPNA,3.0,2021-12-07 04:32:35
76vIFZcC7owykCBjMfGVXg,U3grYFIeu6RgAAQgdriHww,5.0,2021-11-12 05:04:11
76vIFZcC7owykCBjMfGVXg,sor6oj-nuslOcSx7di4urA,5.0,2021-11-11 05:11:07
77Qa_ftGGDtTY7Ui3BFpiA,Qw7tz-UkPrpXaVidWuab4Q,5.0,2020-01-28 19:36:05
7A04Fxlfr7bXsjGZDGJ0IA,rR30b1XWbxZFFgLyGbfNAw,5.0,2021-04-18 21:12:07
7A92EOqBTOfKL1gZpVB_sw,hkh5iyDeGLNhu-JUQFRE1Q,5.0,2021-11-21 02:36:30
7AW6gRG2UFaISkq-IX56lg,ytynqOUb3hjKeJfRj5Tshw,5.0,2011-08-02 18:38:27
7CaE5e_7THHMsJ4zFsDkhg,9xW7LsJpyhVZFRb6z9xorg,5.0,2020-11-25 16:44:32
7DUrZclovHlOwuJdMybnCQ,NFzfuIFghE-HnrodHpaT6A,4.0,2010-02-16 18:24:56
7EeBxspAPtgKGWCBKaPsIA,gwOiwfeHxBemcMV6u1dI_w,2.0,2012-01-05 07:49:39
7EyrrSCcXdgU8cgyKHaiFA,nlVLzktT0RfgSw-ZL4qPRA,1.0,2016-04-11 01:19:07
7FupRoituTA0xi9fznQkKw,49QeUC0W3mGJTxmg-bECTA,1.0,2015-01-02 17:13:57
7GS3Hf6gYRWJNICk0t_zuA,W_SQ6CfxAZFx6liHLPyajg,1.0,2014-06-15 04:21:34
7IGJBFup9tseum6orRJ-1g,-Uzw3Hvy1KBNxak9vWsYyQ,3.0,2014-04-13 21:57:07
7IGJBFup9tseum6orRJ-1g,-pyobEWdpZ6jUp42f3I2xw,2.0,2011-08-20 00:52:24
7IGJBFup9tseum6orRJ-1g,8-AIbFaP6GP9BwHZdclBog,3.0,2011-04-08 18:03:01
7IGJBFup9tseum6orRJ-1g,B6Lvq3sOYwhKxPzadDka9g,5.0,2013-04-09 19:39:20
7IGJBFup9tseum6orRJ-1g,CSnu-FS1eNNx6dGyOuSoNA,3.0,2012-08-05 16:04:14
7IGJBFup9tseum6orRJ-1g,DRMEopD9Td8OoDk-JWm1Rw,4.0,2013-11-16 02:34:17
7IGJBFup9tseum6orRJ-1g,J179GmDalU-NgZ7nhRwBYQ,1.0,2012-02-17 19:45:39
7IGJBFup9tseum6orRJ-1g,Mfvk9uEEhdCqj8S2u7dWgQ,3.0,2011-06-26 15:16:44
7IGJBFup9tseum6orRJ-1g,ObDQDZEAyFCw8Dy803_O6Q,2.0,2013-09-02 00:58:21
7IGJBFup9tseum6orRJ-1g,T-uphPk44OFt6sR8F-0uHA,2.0,2013-12-09 17:02:49
7IGJBFup9tseum6orRJ-1g,V3Gh4rItcAgvsAHnXPBxWg,2.0,2014-09-19 21:43:23
7IGJBFup9tseum6orRJ-1g,VnpokM7AD0zYXfyDNEDe6g,1.0,2010-12-22 15:24:22
7IGJBFup9tseum6orRJ-1g,Wr2k0Vz8RbcumYulp-jIrA,2.0,2013-02-02 00:50:28
7IGJBFup9tseum6orRJ-1g,Ylc02u7HhDj0mnxeGt0y5Q,1.0,2010-12-18 00:59:03
7IGJBFup9tseum6orRJ-1g,p6c70_FsgpmSPGTWdOOuxg,3.0,2012-12-10 03:17:56
7ISXEuIIQK31kTfidTmizQ,zC_2cSAkMKkSAykOk72LcA,4.0,2012-01-11 23:06:18
7IV3JXTXufasWNSkDEdrcQ,4fUrcm8sFSprCbHqa8pdog,4.0,2017-06-06 15:57:15
7IV3JXTXufasWNSkDEdrcQ,Y-phVflbb6RjFCDPEH_DoA,2.0,2017-11-17 15:09:00
7IV3JXTXufasWNSkDEdrcQ,tf6S06LD09IFDHUpOPqPaw,5.0,2018-01-04 18:49:26
7IV3JXTXufasWNSkDEdrcQ,xlMQBBt9wrtahdqiRDcVSg,4.0,2017-06-08 14:41:45
7IiqZbckugoEK1x8E-l5jQ,l_slvEnh4v3W8BXF1gYlcQ,4.0,2021-03-22 05:35:19
7IqbpBg0CJuHB-WKb9fu0g,sPy8XUOJ0ax5Zh2yEsl4cA,4.0,2017-02-03 03:48:14
7JWraNnAa0yUtac3SmjvYw,KHe6HAqmyioITwTvg9Bbcg,5.0,2016-01-15 22:00:14
7JhpYlphHU46gxWBhzeo_A,lWedWkinrM5j13pyimbpbA,3.0,2016-12-06 18:54:14
7Kso9wv3ipyWVMcGDGwEyg,KHe6HAqmyioITwTvg9Bbcg,4.0,2010-02-22 15:05:31
7MZPab6F0nProEJbDwdR3w,mcr1lAEdvGLMJhuPwI3I2A,1.0,2018-12-31 07:42:46
7MzCB87Irf_hwfvZmDufsQ,-FM4CxOg4XXmX_Ebky_SiQ,4.0,2018-06-15 04:25:05
7NV6kcM2Mq5qY1drWD7LIg,0R2yKDNMUztQwgo8pG4z-Q,5.0,2011-05-21 03:37:11
7NV6kcM2Mq5qY1drWD7LIg,Y2Pfil51rNvTd_lFHwzb_g,4.0,2015-01-08 01:06:09
7Oe6ikklTjVBbEFw9emLcA,6dDC5PSmPEoJYuM8r8dN_A,4.0,2017-12-20 12:52:11
7OhUDTt1udbQwhJj0aD_FQ,9uRj85PviKNiMCYPwiJyIw,5.0,2020-02-16 00:28:37
7PAZfef0WttxWZpjtsjzMw,Qw5K3z-ZNHorToMHoCqZQQ,4.0,2016-06-20 12:44:58
7QWZWPt9HnwOBBtz1zuqDw,L1sWL793cmy_AFcMRzB4GQ,1.0,2015-07-06 17:27:22
7R1t5Hw5yKPpeYdIpPUtfg,k_AcP_k0CqjstNNe5QrJSg,5.0,2019-10-25 17:42:02
7RlmJFtraL6HqNMlHvnmsA,KY5ndIM2KL0ViL5s6pnNYg,2.0,2019-10-10 14:26:15
7RlmJFtraL6HqNMlHvnmsA,Q_XR65cLnHn7sz7aez5L-Q,5.0,2016-09-06 16:25:31
7RlmJFtraL6HqNMlHvnmsA,U_hgCCf3CZs1no_BYXU8zg,5.0,2021-01-13 20:07:27
7RlmJFtraL6HqNMlHvnmsA,hOVphvLElFBXKDArFRgUvQ,2.0,2018-08-07 18:18:02
7Swyec_XWQUSuPWDdfMiug,dBCNUSbz5-8nQNrxWo5deg,5.0,2010-01-18 14:45:30
7TBcjUjjnthRZrxOgSrtLg,Rl1NN7QH08h5h0XO00lPFA,1.0,2017-04-30 08:56:25
7UKX16IlVZ5vXCO0rfxbsQ,nlVLzktT0RfgSw-ZL4qPRA,3.0,2014-07-05 13:24:34
7XQmsxxSQfZwflNVrLV9UA,_Q3XmBesceFqn9Dk-w6tlA,5.0,2018-11-20 12:56:27
7XXKi6pgXeX1uJZcGjKNRQ,ZwCvURKz4l5OBp5trIR02A,5.0,2015-08-30 03:11:47
7Z3QZnc9CFRH_bPRGN-Oiw,9cybDNxJ7cyNVkmwm-ktcg,2.0,2011-12-13 04:01:54
7Z3QZnc9CFRH_bPRGN-Oiw,ObZu0-S1VAqAuCbAF5AFvw,5.0,2018-03-28 06:16:32
7Z3QZnc9CFRH_bPRGN-Oiw,aIVk0IEUj7rPaAMeAmBSGg,2.0,2017-09-06 13:16:42
7Z3QZnc9CFRH_bPRGN-Oiw,l5cKnwfmnaG4QRZl7ZyNuA,4.0,2011-08-30 02:01:49
7ZAIFmz5fBaCvCGXrJZBkg,g0cUlBQ2pGRxWtL6qwyeIg,4.0,2018-08-14 10:50:59
7ZAIFmz5fBaCvCGXrJZBkg,ztnYPn2w0R4lEJL266apzg,5.0,2018-01-27 23:35:52
7ZQ_ttWRp-3_EfpwPAqSww,tlmxMUrk9xRvYzH0xo1Olg,4.0,2021-12-11 23:53:58
7ZauzmeTHuR-8FqnmJbOtA,55gCXlWDDCdttR3yRss1xw,5.0,2016-12-28 16:25:34
7ZauzmeTHuR-8FqnmJbOtA,aNNCjIDnTxn3YXRa4SnzYA,4.0,2016-01-14 12:26:58
7ZauzmeTHuR-8FqnmJbOtA,j-qtdD55OLfSqfsWuQTDJg,4.0,2014-02-28 19:18:53
7ZauzmeTHuR-8FqnmJbOtA,j7LZM6rf4Bf33exo6XXKGA,2.0,2018-09-09 12:24:40
7ZauzmeTHuR-8FqnmJbOtA,rWjFmr0hhi2w8IwMu162-Q,5.0,2013-12-28 16:13:23
7ZauzmeTHuR-8FqnmJbOtA,r_oscENLKdrF2KNyWP4oow,2.0,2017-01-20 04:02:13
7ZauzmeTHuR-8FqnmJbOtA,zp9OcdUq2CWtQuI9FFBOQQ,5.0,2014-12-07 21:08:36
7_cyx6mQQIeOqa0MORcgZQ,L6LiIjKsMcxguEGnr5ilqQ,2.0,2014-12-24 17:26:07
7_zsgbji6dRTota2oHa7AA,ZKKaP4Lx-dexf4T1aCsBKw,5.0,2021-04-09 14:13:48
7aTUpTOyJ7glAN-zrtiY7w,LQZdcwfqneUIrZTy1VvWfg,5.0,2020-10-11 23:48:39
7aUF31hoPn-u5kMVJ7BonQ,LHSTtnW3YHCeUkRDGyJOyw,5.0,2015-05-31 16:23:02
7an-zIbFKvGxjpeNN9H9ow,GBTPC53ZrG1ZBY3DT8Mbcw,4.0,2015-04-09 18:24:06
7an-zIbFKvGxjpeNN9H9ow,tthy48ZIX_wfY8Dy0Dvg6w,5.0,2013-02-20 00:47:23
7eYcx398TH6wRmoXIs_A4A,J8S7cPPlTgsQnXKVfTyN8g,2.0,2014-09-09 19:34:44
7fDqaGdUMccXQ4bnPwR6yg,FpwmIq3Gpo6hGIrOOv8lTw,1.0,2015-12-02 17:09:34
7iFUtwc9hhgGCThohNFwtw,WB-eQAgw88fbr15eY761CA,2.0,2013-09-01 03:26:10
7igTVTgqI3WiqZp8hrgaMA,wuH4TPUo8oJo4E59xZKsNg,5.0,2017-01-20 18:01:59
7iiyW82qCBMXS9Oa0GrxBQ,xZileQFJ7h-0QKjtGc9xgg,4.0,2017-05-09 10:11:43
7ite986xNsA8fljUjfewyg,KHe6HAqmyioITwTvg9Bbcg,5.0,2021-04-06 00:03:09
7j7qRFmV3wLX85U37RW_0w,f3eve2cxUIzyanWnHdMtFQ,4.0,2018-09-25 18:34:02
7j7qRFmV3wLX85U37RW_0w,r926yelr_EJAKQCjdD6AWA,4.0,2016-03-22 19:08:55
7jCURQuKWnO3R-_dONQGCg,9kv9JpLhzkN3UeWZDrsmEA,1.0,2015-06-03 18:04:05
7jsU7dynGSzotWQKl_a0LA,dGUyXgFW1WSYMgRypKaYew,4.0,2014-08-09 00:56:17
7ktyPHE-NGnWxarOqjIQiQ,t4kx25BuJ1MOvX3JrETzCg,5.0,2013-11-10 04:39:07
7lTCFIslGM0MXlMvd2Mu9w,854d-ziK_hQFmbNdvF3ZsA,5.0,2016-06-17 18:12:11
7lhvuvBA__BKtWSrNfbpBA,-cEFKAznWmI0cledNOIQ7w,5.0,2014-12-28 00:26:36
7mL9cvICl8fuCQTM89a-SA,znx1v_c2IPKOXlYAbqFYvg,5.0,2010-03-01 14:12:38
7nCxSDrHS8MiulzAaYT5gg,cbr2Db20L6P50CsxsX6c2A,5.0,2016-12-24 02:02:23
7n_Z6Du3NrZB1GhxpQDW7Q,Bs0JwJEUdfhL-FtLjuu3vA,4.0,2015-02-27 01:44:42
7n_Z6Du3NrZB1GhxpQDW7Q,NBjZWsD9C-JwjsQ2mQlmNg,5.0,2017-02-08 02:06:15
7n_Z6Du3NrZB1GhxpQDW7Q,gLhl-yhJ8v15Bt8edl4T3g,4.0,2016-07-24 02:24:06
7n_Z6Du3NrZB1GhxpQDW7Q,nDpgdmULZKgRgOypj-jWuA,5.0,2014-07-12 02:55:00
7n_Z6Du3NrZB1GhxpQDW7Q,sankqYOVWpYX_T5kGZRRKQ,5.0,2017-05-06 22:33:33
7nq09jiKpW9xw9J9iKUbpg,0oSSjekU-3GR8gselReWnA,5.0,2017-02-18 22:00:38
7qIexXeKPcBqOz2efAYuEA,_EqGhRXzlUaTpu5eToC8MA,5.0,2010-09-09 19:01:09
7qUqAQ-6UeomfddXPa7How,vZG0BDPGDJxMGiXcGoVU6w,1.0,2020-12-28 07:39:54
7qhFY9Sb2MWXhFX8RECKGg,XBlwldJfMJPzgEatHKFx8w,1.0,2015-05-05 17:28:47
7soXrwyv77LnqKhr9nV-Iw,J8S7cPPlTgsQnXKVfTyN8g,1.0,2014-09-12 13:55:28
7t9Jadm-u0NdR_SuurLJ9Q,SJPnC_1BEXUxvU2Xvn9rug,2.0,2017-04-08 04:31:27
7tIaG0p7viFi0QNIgkqCyg,cOXc8c85Ms6dMEAJazLXHQ,1.0,2013-03-19 21:19:13
7uHfPgiMyD7FDDES8_HLlQ,pmuErkYawbYttiGdmuzxTQ,5.0,2009-03-05 15:57:45
7v1tOdllZM1vsjGIt8SbHg,00ZHPWYGtJTY8zqfTfP_2Q,1.0,2014-05-28 21:12:45
7vw3vTKYGQDNYLIWrDxZUA,dGUyXgFW1WSYMgRypKaYew,3.0,2013-03-21 13:22:17
7xo7tlew977EDs7MM0loMA,J8S7cPPlTgsQnXKVfTyN8g,1.0,2010-05-30 23:34:23
7zkTZXYZqI5UCVSVrIaZ5Q,T0GS1FEYQBy2xlxWGWamBw,4.0,2017-03-10 15:02:44
7zkTZXYZqI5UCVSVrIaZ5Q,mNXfzN6L3GPJdUJXbSsmfw,5.0,2017-06-19 22:33:11
7zkTZXYZqI5UCVSVrIaZ5Q,wkIc7MTnnGkqZC5aJyKimA,4.0,2020-02-25 19:58:48
8-T33ahwX9JjEyPzyv7xiQ,sy7ADvpBA7SfHwbY-Y_5gw,5.0,2018-06-05 03:58:52
8-USJV6gNEmTC3Li4dEw6Q,JbACN82QLDl_D00A5cmLlQ,1.0,2013-09-13 01:40:14
8-i75x_p9RqErZ5LJgny2g,zmlmjmcJL29v_gl348Dnhg,2.0,2017-08-19 20:24:07
806piRS5Ueod_7oNHQDW-Q,6JFMbFYVbl8ufz74NSDgOA,5.0,2009-08-18 19:09:59
806piRS5Ueod_7oNHQDW-Q,HW5LkI9qeqVDwHqhd00_8A,3.0,2010-01-19 15:31:26
806piRS5Ueod_7oNHQDW-Q,Q-prSTdggNlxAEFV88BZOw,5.0,2013-01-18 16:14:13
806piRS5Ueod_7oNHQDW-Q,RnhLCG4N9MPy6ZRzq787Cg,4.0,2010-04-12 18:48:25
806piRS5Ueod_7oNHQDW-Q,fOhnSqmO4XY5vSI8whVKSA,3.0,2009-10-05 18:58:26
806piRS5Ueod_7oNHQDW-Q,sy7ADvpBA7SfHwbY-Y_5gw,4.0,2010-01-11 21:45:31
806piRS5Ueod_7oNHQDW-Q,vpNJJNVgVmf2u1lfdFh81w,5.0,2009-08-13 15:12:48
80MwQEQ7TDXRQNY1xvm2nw,3Ym00dQ_oqZ0zunGMLhX3Q,1.0,2013-09-11 18:07:30
80MwQEQ7TDXRQNY1xvm2nw,C6KP0hSutumHzLDCFyjvJQ,1.0,2014-07-06 04:33:21
81M9MYz6Z_IiEPshrkhGrQ,PlaECqs3oPBRo47p85zkzw,4.0,2018-12-19 18:01:07
81M9MYz6Z_IiEPshrkhGrQ,SGPYov8J5Yl-UTo8Yogl1w,3.0,2017-09-07 21:56:32
81M9MYz6Z_IiEPshrkhGrQ,sB45WFgysT617bKWP_WJwA,4.0,2019-05-13 18:57:46
81f0mlg4mZrzVIkNKKEYtQ,D00oq_GL2RzcSiHh2QLP3A,1.0,2012-10-12 15:28:04
82UbpDEPMGJ9Sod8a1U-cg,MM_v-KIUJiXLCxnkIqPKWA,4.0,2011-12-19 21:46:41
83Yma9AkPprHOGc8OgQ9uA,zSDqW5cZq9Bg7O9vMpJ6Tg,4.0,2012-06-16 02:23:25
84HvpQDxcHWmbMDfs8IEYw,kn0-Tc4JFnpnlCyqG-3X9A,3.0,2009-08-30 10:51:36
84lcVCz48xx5Jpfi4rB2Zg,617w8MQE3z1szmLvs0WfCw,5.0,2018-07-04 07:27:42
84t6jpyclA55TMfMV0X0kA,23qa5SsahSsVhqAVmX6aow,5.0,2017-09-25 14:01:50
84t6jpyclA55TMfMV0X0kA,6Ty-KKWq6hLZYW8DWEHYvg,4.0,2016-03-08 17:56:30
84t6jpyclA55TMfMV0X0kA,ChlcxTEoWBQJXJ2Xb2vm5g,3.0,2016-03-09 18:23:23
84t6jpyclA55TMfMV0X0kA,Mwc3n5Psw9wRaQ22vZWDYQ,5.0,2017-06-08 14:14:19
84t6jpyclA55TMfMV0X0kA,OMpHvwN3cxkbldKbKskc5g,5.0,2017-11-28 18:40:45
84t6jpyclA55TMfMV0X0kA,t6g6Lj8WzjIXXucCl9jdTQ,5.0,2017-12-05 15:06:34
84t6jpyclA55TMfMV0X0kA,yuIhKvOjgDbYCkgw-j55sA,3.0,2019-04-22 13:09:59
85MGG8JzI85ilc12PDDhyA,e8rmWzn0xD34dslXQ3pj5w,1.0,2019-08-26 00:43:23
85rGU0L7rS1AoSdtxQIKag,FTFaEinJgzqY0ZHQMUSpQQ,5.0,2015-11-23 03:03:35
85yyAqkW8xvwKuDHNODI-w,SVSafDWg9r2Q5XEVOLPSSA,1.0,2018-05-21 21:42:13
864nL0po2ldN8TPgbSiwOQ,VVH6k9-ycttH3TV_lk5WfQ,4.0,2015-08-22 23:20:15
8690gLMZkjXU3xzV-DObTA,zxuVnNVAUm16Sro0dS_lmg,4.0,2016-08-28 17:30:15
89aoy6WORObOOdU5yPQxoQ,uJZgom8HpK74xz8IojpT0A,3.0,2014-11-03 16:34:26
8Akq8sh1LSmJbqa6Jjxxqg,ZgsAlMs5S-TsViLcy9CVhQ,5.0,2010-09-29 03:51:06
8Akq8sh1LSmJbqa6Jjxxqg,Zx05t1cRAipPrpQOtzd9RQ,5.0,2010-06-24 03:19:36
8B-aHZo5c5_Hje1FQm2vPQ,fgTOJRkc703E4XRdcr5zRA,5.0,2014-08-28 22:59:05
8CSd-C5PgFTVv2SZtrujPw,Bda92vtAuK-FcXAw_D0Pxw,4.0,2016-11-12 01:49:54
8DSmRfg6P1KzyH41u1LHUQ,ZRSVqYaoo3VMvthb2QEJmw,5.0,2010-01-31 01:39:55
8Daz-3479FRw0wFUAr71pA,GmaZOaUG47DRbfzKAGKwcA,4.0,2020-05-03 13:46:15
8DhezGja4jrOAIn-ueQUcw,uJZgom8HpK74xz8IojpT0A,1.0,2015-07-30 01:51:52
8EEMp5zd4GAV_tmwE0QxJA,9FiiDY8Nrmdn81jHHvJSlA,4.0,2015-10-09 10:58:26
8EIZ1e5drpdN1agO1t5EmA,HqIDCsKbkVLSQPzXp6eSew,3.0,2016-09-25 07:20:47
8EMU7d4pCkdqUnvlIW40CA,4UDm69SbXGjjlbVVy3GNcQ,3.0,2021-05-12 14:23:45
8EMU7d4pCkdqUnvlIW40CA,4rG4tJF2EC2CfYvBu_uqpQ,4.0,2020-02-17 16:35:21
8EMU7d4pCkdqUnvlIW40CA,90aL9Gyqo2fv8wcy7bTvDQ,5.0,2019-01-21 16:27:37
8EMU7d4pCkdqUnvlIW40CA,AAvoBxeUwDnD5ThE9Cz6Fg,4.0,2020-01-06 23:37:26
8EMU7d4pCkdqUnvlIW40CA,AvzL0RmCg5YrLKlBit664A,5.0,2016-11-30 23:24:09
8EMU7d4pCkdqUnvlIW40CA,EaXVdMGDs3_SPt5A4mQ5fg,5.0,2019-03-25 20:31:16
8EMU7d4pCkdqUnvlIW40CA,Iyopb5uFIBT_HOgp8ipSfw,5.0,2018-03-19 16:56:07
8EMU7d4pCkdqUnvlIW40CA,JrDLf5e-awIC0suNlK39Zw,5.0,2020-01-15 00:52:34
8EMU7d4pCkdqUnvlIW40CA,K0Mb7ebSa4DRUpEmfDZVuw,5.0,2018-05-03 15:44:55
8EMU7d4pCkdqUnvlIW40CA,K0lttiVfWWP1u5JmsVp4cA,4.0,2017-03-09 17:06:39
8EMU7d4pCkdqUnvlIW40CA,KTGEa8V9ec0QBYM_uk1YLQ,5.0,2018-05-05 16:19:40
8EMU7d4pCkdqUnvlIW40CA,N_6lpdW1jhAx1EVcHJPK5g,5.0,2020-02-25 21:05:29
8EMU7d4pCkdqUnvlIW40CA,OoFCe8VbzzCr88SGC08omw,4.0,2019-02-23 16:02:07
8EMU7d4pCkdqUnvlIW40CA,Oz7c0QA1C18Cb6tTdoehwQ,5.0,2020-01-17 01:11:31
8EMU7d4pCkdqUnvlIW40CA,RRIJlZUVvz2CkMrDn2UziQ,4.0,2018-07-30 18:18:44
8EMU7d4pCkdqUnvlIW40CA,SHYPQbYqbfK4CwTDjtBH7Q,5.0,2019-01-04 15:27:21
8EMU7d4pCkdqUnvlIW40CA,aca4m9TSqTxQsEQ2H0KSwA,4.0,2019-08-16 20:59:34
8EMU7d4pCkdqUnvlIW40CA,auwFZzfhe2pvFw43OfsAfw,4.0,2020-02-06 18:36:10
8EMU7d4pCkdqUnvlIW40CA,bdteJqgoj0OaALhj9RFtmw,3.0,2018-08-16 16:21:02
8EMU7d4pCkdqUnvlIW40CA,eLAd1Jw-g1NKymBx1XPDoA,4.0,2020-08-25 02:36:11
8EMU7d4pCkdqUnvlIW40CA,gEX_kEhYgvLKGJtlY45BmQ,5.0,2019-01-02 16:05:16
8EMU7d4pCkdqUnvlIW40CA,h82_S_QDq8V1htf30pZq2w,4.0,2018-08-06 16:04:28
8EMU7d4pCkdqUnvlIW40CA,hvr1FhvVqDKkDCoS0GKvyQ,4.0,2019-01-17 16:51:11
8EMU7d4pCkdqUnvlIW40CA,jOgXXZdODiH-drcJYZkDnA,5.0,2020-02-04 22:43:50
8EMU7d4pCkdqUnvlIW40CA,k6xc8FiZp2hppWcQJzNVpQ,3.0,2020-03-18 17:48:02
8EMU7d4pCkdqUnvlIW40CA,uJZgom8HpK74xz8IojpT0A,5.0,2019-08-25 20:42:14
8EMU7d4pCkdqUnvlIW40CA,vUrTGX_7HxqeoQ_6QCVz6g,4.0,2019-02-25 19:29:13
8EMU7d4pCkdqUnvlIW40CA,waWvlZPOgPkfSTsnCju4aA,4.0,2019-02-27 18:08:58
8EMU7d4pCkdqUnvlIW40CA,xppn6ViiUkZT_K_OswcB7g,5.0,2018-09-25 21:02:32
8EMU7d4pCkdqUnvlIW40CA,y1HgVnt4K5owmYXC5yXLGg,3.0,2018-09-06 15:48:30
8EMU7d4pCkdqUnvlIW40CA,yMeC2ltA33lJ-nBIQP4sJQ,4.0,2019-02-04 19:26:53
8EU6Sj6vrh--AS7kUAjVNw,g1y0pKT3L80JNjvobavoeg,5.0,2021-04-18 14:26:05
8FilOF3rJfF3MktgqpsvMA,HDGTOksawKXEPeoCUrH96g,5.0,2019-10-13 21:49:38
8FilOF3rJfF3MktgqpsvMA,NVeyGc17JTCxbfyvPMa1Hg,5.0,2019-02-10 02:52:03
8FilOF3rJfF3MktgqpsvMA,P4FbQGEWTp73MXjG1N-e_g,5.0,2020-08-31 14:30:29
8FilOF3rJfF3MktgqpsvMA,QkOLTKmHsr2sDWlKxNuvCw,5.0,2016-10-22 01:34:57
8FilOF3rJfF3MktgqpsvMA,vUrTGX_7HxqeoQ_6QCVz6g,5.0,2019-01-10 02:16:22
8FilOF3rJfF3MktgqpsvMA,y1Z9tymuBGVDZnYZoLk-2Q,1.0,2013-07-25 19:55:13
8GY8byecEEz4U1QfAfsV5Q,3zI7Ka2_ZsKh4UwbSFnXdw,5.0,2016-12-04 19:53:26
8HSqfkfOT-eT9U8xDWxsZw,0M1l6p96IffjQi9EZsdVhw,3.0,2018-07-15 16:52:13
8HSqfkfOT-eT9U8xDWxsZw,x8JcV7sAyDN5k9qbnlfGdA,4.0,2021-07-10 15:45:04
8HTLLRW71WTdZdwDZhDMSQ,AlnAoqsqChTn1Eg3dzLmMw,5.0,2017-06-10 23:58:58
8HTLLRW71WTdZdwDZhDMSQ,SNxUXrSr-XkEkSQIdjmjhA,4.0,2016-09-30 20:59:33
8HwPq5UkE-TX9jr8Di92eQ,ICi5Kv1jbgypI-XdrY_87A,4.0,2016-01-04 00:44:15
8InzGRRwbY-NJ0sPgBOZGw,6FvC6w810uf6O7Ocd6Wpog,5.0,2021-05-23 15:32:56
8IsUKXmHKn8exCpsWmnqZA,Z4qfMpj8jymG3_XjTBKN0A,3.0,2012-03-14 01:34:26
8JaJl5ZRMT4o2q10DVIZGg,now2TRoUla_5u_tmH4HGig,4.0,2013-12-06 22:24:18
8MkZ6bpdP7x8Vlm_uEWDqw,yjcIKn2T2QY_DjXWACsAFw,5.0,2014-10-07 20:42:30
8MrHNUT0QBpD5vHxn1rD2w,0oSSjekU-3GR8gselReWnA,4.0,2017-07-23 20:11:30
8MrHNUT0QBpD5vHxn1rD2w,9_B5sCqKBOKDAmYpByiFFg,4.0,2014-10-01 23:38:26
8MrHNUT0QBpD5vHxn1rD2w,Xat8Yhqly9GdM7kYcfQJyA,4.0,2016-07-25 03:59:02
8MrHNUT0QBpD5vHxn1rD2w,bugqlf02nwjIY1F8lozzKQ,4.0,2017-10-02 01:44:58
8MrHNUT0QBpD5vHxn1rD2w,un0xxX785wfQfprryh0TjQ,5.0,2015-03-11 04:19:49
8MrHNUT0QBpD5vHxn1rD2w,ytynqOUb3hjKeJfRj5Tshw,5.0,2011-12-11 21:04:48
8Nd-oRuDp_4U5vwd715iCg,eqie9blpl8t2vBGQc7D4ig,1.0,2014-10-29 02:53:16
8Nd-oRuDp_4U5vwd715iCg,q_PFmdGcKx2H7z2ze8H26w,5.0,2017-05-17 03:03:10
8OU4OBV7w65MzrZd4G8eFg,b05wsdAVzpZlf7Tg_Ewpww,1.0,2014-01-14 07:51:06
8PmYg12cee5WiVvVwxOXCQ,16tjKOvMw_nOgNViq2LwOQ,5.0,2016-02-08 14:07:50
8PmYg12cee5WiVvVwxOXCQ,UGefDZNmnBztS0eoXWtHyQ,5.0,2014-12-27 02:55:23
8Q7IkpjSdGrU0y1rw3e6LQ,KHe6HAqmyioITwTvg9Bbcg,5.0,2016-12-08 00:11:47
8QHSx03tqV73kXysDnwhbQ,1Hd-0f0gWvI7y9CI_3kFVg,5.0,2020-01-22 01:26:02
8QHSx03tqV73kXysDnwhbQ,SKLMTASxfCDGovlQEaYSnw,4.0,2021-04-13 03:30:30
8QHSx03tqV73kXysDnwhbQ,kf8HXRAZxtC7xVR0Tg-rhA,5.0,2021-04-13 03:11:55
8QUU7dAKtFxnp9JopweEoA,uO39--k_hrCFgZh-Bl8m8A,4.0,2016-02-18 18:09:15
8T0t--4-LqvZRJc1ABGk_w,4_-EWwIZ0oCtjCzTEGMNAQ,2.0,2016-06-12 22:21:37
8UymnRX7b7XwJ2s7vhNCew,FEXhWNCMkv22qG04E83Qjg,4.0,2020-06-26 20:42:47
8VNmuYmFboXleIFf-stnFg,6iqDIQCE8sq7Xq1xvhG1Tg,5.0,2015-03-26 04:11:23
8VNmuYmFboXleIFf-stnFg,CPPOKMjjE3-au0BWdbC95Q,4.0,2014-01-03 07:35:02
8VNmuYmFboXleIFf-stnFg,JLumGKzGu9kqGTdwYF41CA,4.0,2017-03-24 03:16:26
8VNmuYmFboXleIFf-stnFg,LCpHFLUQhVMhfpNngtf_Ew,4.0,2016-06-02 06:06:29
8VNmuYmFboXleIFf-stnFg,OR7VJQ3Nk1wCcIbPN4TCQQ,5.0,2016-03-16 20:31:29
8VNmuYmFboXleIFf-stnFg,VKgK7Z0WR9YIxtAAC63eUA,1.0,2012-04-17 21:39:57
8VNmuYmFboXleIFf-stnFg,WZH-woiFyWK3LzLndhg76w,4.0,2018-03-15 22:38:56
8VNmuYmFboXleIFf-stnFg,n-5axl7flllst22atNMwuQ,4.0,2016-03-02 19:26:20
8VyFaqKQYhZXxZCvtWLngg,OZcl2HOUXAHuICrh5d2WjQ,2.0,2011-06-30 14:22:49
8WzFNiQZbUJjvHoT2Jp5rg,znx1v_c2IPKOXlYAbqFYvg,3.0,2010-02-23 01:53:53
8XEo_febPGQLlo-bxq-FZw,zXgksmhdzgL4Xx5FylbP3w,3.0,2015-11-03 21:41:22
8YdaZOrwd3uSsgZQEdCc6Q,9FiiDY8Nrmdn81jHHvJSlA,5.0,2016-01-02 13:20:15
8ZN445Mo6qtfPnxzW8NH1w,YSL06t6e2iKo4ZHZnCZIxw,1.0,2017-11-13 02:29:09
8ZryN_S-n48g6rsa3W3QtQ,IkY2ticzHEn4QFn8hQLSWg,2.0,2021-05-17 15:06:11
8ZryN_S-n48g6rsa3W3QtQ,PP3BBaVxZLcJU54uP_wL6Q,4.0,2021-05-18 22:58:50
8ZryN_S-n48g6rsa3W3QtQ,YPLfRswyryjjW3VJa-SdaA,3.0,2021-05-18 04:27:35
8akT3KhQp3Svdhh95B4Sgw,J8S7cPPlTgsQnXKVfTyN8g,1.0,2014-09-10 21:54:34
8aqzK4XXlSyukhzzgxOLaw,KQgCflC8eqJU5kvJkByXzw,4.0,2017-06-06 04:04:20
8aqzK4XXlSyukhzzgxOLaw,bLJP0fVgscuUQy0hE_CRXA,3.0,2017-07-12 13:44:13
8bZV0MWnt4Z-bJvLObD9Zg,SBtjW_pKw3XaOKtKAavWZg,5.0,2020-12-25 19:45:57
8bo5LnQBHsUh3BaxKrtiKg,HSv0Pe45yPAs6PgwlcTPcg,5.0,2021-12-01 01:21:22
8cIplwJvZu6hRVP2OCYB1A,TUhRukcZb3tG0cB_X68FCQ,1.0,2010-04-25 03:06:49
8drMKNHWavs2g6uf0pLtvg,8A5LSwsKK5vXDH1M3_Tf1w,5.0,2016-01-08 04:51:32
8e28SJ-JVRr6tHQ2y26Ovg,u0Bt7uvvj7LAjAdiMtrhug,5.0,2020-02-20 19:57:49
8eC6EOsLTmfVk_35t3ZQqg,5s7I0Khg7ReVzfO7niJtKg,5.0,2016-01-09 18:44:08
8eC6EOsLTmfVk_35t3ZQqg,SJPnC_1BEXUxvU2Xvn9rug,4.0,2013-07-16 15:28:39
8eFNYjch4TYs0fcprx5Ojg,AzylMkpWl-OLWQLMKVRoVg,1.0,2011-06-13 01:11:19
8fmF9gD3bYmLxlAYo0OJ8w,TUhRukcZb3tG0cB_X68FCQ,1.0,2012-03-27 17:20:48
8hKmBaA8oh02L5CoeZL-Iw,lPx8jUBfK1K6u3UgowU5mg,2.0,2020-08-28 22:10:03
8hfIAOHuamn3NfonThDtsA,gXiWHYBuPLWWXZJPOP1uKw,3.0,2018-01-24 15:02:32
8hriMIPMdybJpJTUffd7-A,KHe6HAqmyioITwTvg9Bbcg,5.0,2011-03-04 17:39:26
8hvXl0oJmU61l17LG9aDag,offiWjhY-INp-m6dEGi80g,3.0,2011-06-07 15:44:24
8iUnOwV5iiMQRA7d09Rb2A,_12864iQDcnAs317NlF0hQ,1.0,2019-12-24 08:04:22
8iUnOwV5iiMQRA7d09Rb2A,gytqFU8j-b6dpNcLEwMDYQ,4.0,2019-11-28 04:10:42
8iu09dJ36sPQIYYXzp9k_w,jYEPmsqP5-Zg__YcMeAzJQ,5.0,2019-07-20 01:00:07
8jVT2inwc8GIQ6sH2UG9Vw,1FURjeGJi_LBXcJQg8eskw,5.0,2015-05-14 21:55:24
8j_g5iy_pKiJgohWtXLzVA,I_3LMZ_1m2mzR0oLIOePIg,5.0,2021-01-17 14:39:08
8j_g5iy_pKiJgohWtXLzVA,NHb6QTrJOnyIj-Zd0fYzFg,5.0,2019-11-27 17:23:23
8j_g5iy_pKiJgohWtXLzVA,aI3B47Y_AUYFP5K5JAYrlA,5.0,2019-01-21 00:27:21
8j_g5iy_pKiJgohWtXLzVA,gVJuK1B1E2vUpqgkiwIk_w,5.0,2019-01-08 10:27:48
8k-HleX2Os_BIBeuwkx65w,Gekeq1c-fuezmx0PSGQvzw,1.0,2018-02-19 21:06:20
8kds6aNl-Lkj_N0yqiMspA,ZUPnWlLgqnU1PVtF6Q9-HQ,4.0,2012-04-28 19:42:42
8l-SB5EAGGxH5UgF6sSohw,pWuoHHu0LuVrD0HjadDygg,2.0,2014-06-30 16:30:36
8lZBYTaP5Q5bg_uM3wsn0w,fApb6LKfOdy5u7MP0hsHKg,1.0,2013-06-28 01:11:44
8mP7FhDX2_TKtz3oNwJo9Q,M2ZrrqseHE5xssUrOL0Gtg,5.0,2016-02-16 17:17:47
8mP7FhDX2_TKtz3oNwJo9Q,OAHRMd971k-yDQwRxzgc2g,5.0,2016-03-01 04:54:44
8mP7FhDX2_TKtz3oNwJo9Q,iHb3aOIJIgsgaUIvYUBySA,5.0,2016-11-21 18:30:50
8mP7FhDX2_TKtz3oNwJo9Q,leXPdmhrrc9Uov1B-zn-WA,4.0,2016-01-22 15:12:57
8mP7FhDX2_TKtz3oNwJo9Q,uA65fNR33daws3d2SoEvIA,5.0,2015-12-30 00:09:38
8q9JHy3y7BWcMjCNm32nrQ,FryXEasH74MQDnj5Bvz3QA,3.0,2014-09-14 17:32:56
8qtsJtmefjJZIFM6_Ksd7A,9PXJkRLVWd6IMPfBzdJp2Q,2.0,2007-03-02 06:56:00
8rFBRygifIKwtObi18XbbA,WbA5ud4InNWkizW7HE5kRQ,2.0,2013-03-25 19:37:16
8sSu2zx6fK5nCSUrOiYUSQ,J8S7cPPlTgsQnXKVfTyN8g,1.0,2012-06-09 13:22:34
8t1y60g0unMl8PEP7GLDVQ,JVFHfavzvCSdh72qWi1eZQ,3.0,2018-10-10 01:27:30
8tG-VOcqZctOrhmhGIhsTg,bLJP0fVgscuUQy0hE_CRXA,4.0,2017-01-31 12:39:56
8tRcoJhFCcj_V19NIxPFew,D00oq_GL2RzcSiHh2QLP3A,2.0,2011-05-17 11:43:27
8tWdY-5vnxdOImO_wiMprA,4wDo72kKuceoLw8Uu_Y_RQ,5.0,2019-03-23 17:38:35
8tWdY-5vnxdOImO_wiMprA,Fbtcj6j9-byxq68ACKpcUA,5.0,2020-04-12 21:12:18
8tWdY-5vnxdOImO_wiMprA,MG_wIwRBwyNnCAEMXe9Jqw,3.0,2019-05-28 18:36:20
8tWdY-5vnxdOImO_wiMprA,R_Wi9jh57H_OzzAVWO71Bw,5.0,2020-02-03 00:55:23
8tWdY-5vnxdOImO_wiMprA,VVH6k9-ycttH3TV_lk5WfQ,4.0,2019-05-28 18:19:51
8tWdY-5vnxdOImO_wiMprA,f4PA-f1tcN1bIpZJLdFsQQ,1.0,2019-01-20 00:29:23
8tWdY-5vnxdOImO_wiMprA,hfbZ97Te3T4jeWN6GgsGrQ,5.0,2019-05-28 18:29:29
8tWdY-5vnxdOImO_wiMprA,qsLVHCPvRkDX2sQdQM-RDQ,4.0,2020-04-12 20:50:47
8tWdY-5vnxdOImO_wiMprA,tkY5BJVXxUmP4jsKavkf2g,5.0,2019-06-30 17:17:25
8tWdY-5vnxdOImO_wiMprA,xlqqHO-iL5VEqPGZUOyIyA,4.0,2019-01-06 17:28:08
8u8x4heB8WAHGlFjqlnUeQ,q2rR-v9ZStix89t7ihyuqg,2.0,2015-02-28 21:59:09
8uZZj6sUMpeubbQkL7r8Cw,4hQxm6xckt0EGqfAGzQDyg,1.0,2008-07-13 19:03:26
8uZZj6sUMpeubbQkL7r8Cw,fqyJZMsKG-oWSGdZIftQgQ,1.0,2008-10-05 17:41:42
8ue0RiV7NeEPQX07Q6rvlQ,dGUyXgFW1WSYMgRypKaYew,4.0,2014-03-09 15:44:32
8ueiUseUi2qrXYeQVIy4gw,-1XSzguS6XLN-V6MVZMg2A,5.0,2017-02-27 04:12:55
8wKZ9gJYJtTdSVWgW7Or6Q,y7pKM3eFDZ9eRchC6SNMsA,4.0,2012-11-15 04:08:45
8wQIoFapkegkC5fcVYg_Iw,D00oq_GL2RzcSiHh2QLP3A,1.0,2010-07-18 16:18:00
8wQIoFapkegkC5fcVYg_Iw,tUkv0ZxUAdpyv8qhgRU5TA,4.0,2010-07-18 16:31:23
8wQIoFapkegkC5fcVYg_Iw,y6-J_UjNk69VNLb39c_5CA,1.0,2009-06-04 06:17:57
8wgZq7qVsVDzMVNKsutBmw,DKrC3kWnF91hmUvDPoYp4A,5.0,2018-11-19 21:42:00
8xev0Avovx_jp7LEw8JqvA,8kUh6TROemLfbVR_ewVVLg,5.0,2011-01-09 19:29:59
8ybqiIIq9AWe4AmrQEq8qA,bMratNjTG5ZFEA6hVyr-xQ,2.0,2013-03-31 13:56:33
90ZtCUwxXjUBvrdBgyWYyg,I_3LMZ_1m2mzR0oLIOePIg,5.0,2013-04-26 06:05:21
90anotHbC638MaU1C15dTA,QboMIy08NLnBbLXEsmnDHg,4.0,2020-10-04 11:02:16
90anotHbC638MaU1C15dTA,q0Q-ohZp8iV9OY-gkNPPwg,4.0,2019-06-29 08:36:59
90zXuxcuzE7wFzVQCTKBlg,-VlBFlHwX-Pt6Xyzs9roGw,4.0,2018-04-23 15:17:27
90zXuxcuzE7wFzVQCTKBlg,0M1l6p96IffjQi9EZsdVhw,5.0,2016-04-10 01:50:30
90zXuxcuzE7wFzVQCTKBlg,3cT6KPlkOQGZv2Lk7p9_1A,3.0,2016-06-17 14:08:20
90zXuxcuzE7wFzVQCTKBlg,EagkHaaC-kUozD3MPzbRIw,4.0,2016-07-11 00:03:02
90zXuxcuzE7wFzVQCTKBlg,PGd06nrseC2YAIqP6S9gUA,4.0,2018-04-23 18:43:34
90zXuxcuzE7wFzVQCTKBlg,iSRTaT9WngzB8JJ2YKJUig,3.0,2016-06-15 17:43:43
90zXuxcuzE7wFzVQCTKBlg,rrNF0siUBVQOOgsFVfGpKA,5.0,2018-04-26 21:01:59
90zXuxcuzE7wFzVQCTKBlg,ww3YJXu5c18aGZXWmm00qg,5.0,2016-04-02 13:10:35
929PfaH3f1FQxg-ySObMBg,jSYu2apG1uYq3eNzSA-OHw,5.0,2019-01-15 03:44:34
92A1z-J4XnG413TDpGYZ4A,k_AcP_k0CqjstNNe5QrJSg,5.0,2019-10-13 02:33:37
93-AKX28wl41s9pFsQwlsQ,ab3pRv-b0o-BwMK2jVbH3Q,5.0,2013-12-31 14:35:31
930YU51ZvuOQn4dWtZxj5A,v1Uesklh8DpEufYOhTq4iA,3.0,2014-08-03 00:35:28
93T4DaZNSqvDl-AhZOEyRg,Kx2c2KN04EV0CVtjd8YVbw,1.0,2009-07-20 14:56:23
94CaJlVxz6hG-a_cuDGhNg,2WHu0k5VVM1Pn9AFzkSBlA,5.0,2021-01-19 02:19:51
94H_GpNYcCeDvBP3XCmusA,O0CyCnSFr7cYK78nH2w25Q,3.0,2019-12-03 05:10:31
94H_GpNYcCeDvBP3XCmusA,ezB8e2rijjViprrcTdIiQQ,4.0,2019-11-30 04:42:46
94H_GpNYcCeDvBP3XCmusA,vXQLdqB-stL2JTP5AsPVaA,4.0,2019-12-04 05:28:15
94KZLRt_VHrj_GNmLnQsVw,OVbuOxR3zXExZCKLXewaVg,1.0,2016-04-11 23:35:53
94ot0CyYf-DhFy0NTOAFLQ,f2RHDdXezLHILvM7v1xOVA,5.0,2016-12-25 18:46:29
95GOfKoCDfeGkX2l8n8Lfw,EagkHaaC-kUozD3MPzbRIw,5.0,2020-12-23 13:33:47
95GOfKoCDfeGkX2l8n8Lfw,vyOVT4bcW227LRwJGHTeSw,5.0,2021-06-04 11:51:18
96E5IFpo9Abs1ZhXwigQRA,KSYONgGtrK0nKXfroB-bwg,5.0,2021-02-23 23:47:09
96gKcMrWBgh3DN313rlYMA,0KEMPs7BD_WHI6zGpDcKjw,5.0,2010-04-21 15:21:15
96gKcMrWBgh3DN313rlYMA,6F-6mFFNw2YXN7lD_Gukcg,4.0,2009-12-23 15:15:16
96gKcMrWBgh3DN313rlYMA,6JFMbFYVbl8ufz74NSDgOA,4.0,2009-11-05 16:17:23
96gKcMrWBgh3DN313rlYMA,HCN3XWVqv04fws8vkC4H7w,4.0,2009-11-25 17:14:15
96gKcMrWBgh3DN313rlYMA,bjPUhanWoinHi2kywvVzBA,5.0,2010-01-06 19:57:13
96gKcMrWBgh3DN313rlYMA,or_WcjWELDsssk2JruvJcg,5.0,2009-10-21 15:54:10
96gKcMrWBgh3DN313rlYMA,t6v8g8UeNiq3O2GoEc7R4Q,5.0,2010-02-04 14:55:42
98BB-9KO_RySfLuafz9TKw,8q25GCkL0PngPIlCu2j4Vw,5.0,2021-05-06 05:34:29
9AP02BSPR6ro7AIM9U5_Jw,-lVEVi3vtQ8_L9kKT0bBwQ,1.0,2014-08-10 21:26:58
9AgCFZrBV4iTcNPImMe_Ug,9iSoPNBV54dj6L0rxO4RWw,5.0,2019-01-29 01:30:31
9DEvgGmCNH94SZ7OYiXJkQ,xb5NsCqvQw2uE5HoQyDr0g,5.0,2015-03-27 12:52:59
9DrpIpVerY4H4RT6ZQEZdw,0wZJkj-OnZ7Pmublspl7tA,5.0,2017-12-20 18:17:06
9DrpIpVerY4H4RT6ZQEZdw,6Ty-KKWq6hLZYW8DWEHYvg,5.0,2017-11-29 20:47:45
9DrpIpVerY4H4RT6ZQEZdw,dGeXdSMah56gEHwZNaRQKA,5.0,2017-12-05 04:40:51
9E097uOiJYGgbnHpp-eP3w,AbUMLNaW9DzYelM4AGK3Xg,4.0,2018-11-21 16:00:16
9E097uOiJYGgbnHpp-eP3w,NcU8WT4TiIrRYhWAoZT4qQ,1.0,2018-05-07 18:18:19
9E097uOiJYGgbnHpp-eP3w,SmSNWxjEYQgpn-uH7Qfv7A,4.0,2018-11-27 13:16:09
9E097uOiJYGgbnHpp-eP3w,TF3qNGUBUgIYp6u0j79JHQ,4.0,2018-12-05 18:01:17
9E097uOiJYGgbnHpp-eP3w,_ge7t5HAV_lHG6tVhBDHFw,2.0,2018-12-30 15:00:46
9EvP6HfOW7qnnnXLIQRuxg,ipPhk2H1S5MjswqJH7xrCA,2.0,2012-06-08 23:00:53
9GggL0-O_Moi62c5LI_Dng,QMo3URjgmyY_jU9GtYfxtA,5.0,2016-02-25 00:29:15
9Gs82VLVMn-JQSvR9d7ZOg,qHJbcBFjNM2Pf-cmWw7OqQ,5.0,2020-04-17 20:18:51
9HGR8sU_zm15sI109H-SGQ,LD-IB5vYI18lEA-QlKY6tA,3.0,2018-07-02 17:47:05
9HVdyfrZiuz9wDaL-fwCog,wj8XtPyuREj8_0GQz3LZ6w,4.0,2013-01-21 05:06:54
9IRuYmy5YmhtNQ6ei1p-uQ,c-iKAO2GBzSKjm7y1Oljcw,3.0,2018-03-28 11:51:00
9JA-MuvokJ72X9WshJGezw,fgTOJRkc703E4XRdcr5zRA,5.0,2015-02-20 05:09:44
9JqMNwzRJiJh2-A21jVJmw,O0r7Ocj9XmXvwm8p4I4Nqw,5.0,2020-09-22 04:14:46
9KqSw3t_8rrPKIezynQgSg,AjxhKYSbc1NrGOxAcqxb9w,4.0,2018-08-12 21:51:04
9MF-l8xgyWN9dm2-r2mF9w,5RAj-6dwjudECuuj14GdnA,5.0,2015-02-16 23:44:53
9MF-l8xgyWN9dm2-r2mF9w,KC8_Rx4Orlsz8LIonCYXsA,5.0,2016-01-28 07:02:47
9MF-l8xgyWN9dm2-r2mF9w,lRPOodYgeRScvDDDO8_Qjg,4.0,2016-07-24 00:18:27
9Ms5wpxVloadWFvDbb77kg,RIQ5ALCz1-oi98ViCO7kgQ,5.0,2017-10-29 13:34:53
9Nx0VL4f_8K6V6yfFLue1Q,Meww6RIE4cFL_kG0aRlbAA,5.0,2017-06-22 01:57:33
9OCCAYvao-7wKpAbyQxi5Q,1vi4P6rc2tj-VodBUe_jkg,5.0,2014-10-01 20:52:08
9Qw7PWYwDSL3d2G4-sJ-Sw,-VlBFlHwX-Pt6Xyzs9roGw,5.0,2017-09-12 16:42:18
9Qw7PWYwDSL3d2G4-sJ-Sw,0UJqTczta018RoktahC0jw,5.0,2018-12-01 04:31:44
9Qw7PWYwDSL3d2G4-sJ-Sw,7D5-a53BLau19RpMu-L3zg,4.0,2017-09-16 05:32:25
9Qw7PWYwDSL3d2G4-sJ-Sw,8uF-bhJFgT4Tn6DTb27viA,3.0,2016-06-13 03:01:31
9Qw7PWYwDSL3d2G4-sJ-Sw,EmJF-xSIOaEEOWcK8UOBqg,5.0,2018-10-31 23:54:27
9Qw7PWYwDSL3d2G4-sJ-Sw,NHdE_ObFj7OjQBB3jjqBNQ,5.0,2017-12-13 14:11:23
9Qw7PWYwDSL3d2G4-sJ-Sw,SI3q166YxgbxzQxMfpiWjQ,5.0,2017-12-09 14:20:11
9Qw7PWYwDSL3d2G4-sJ-Sw,VVH6k9-ycttH3TV_lk5WfQ,3.0,2017-08-15 03:01:59
9Qw7PWYwDSL3d2G4-sJ-Sw,WO-ofNAvSuJpdRt9Auon6w,5.0,2018-01-13 06:13:38
9Qw7PWYwDSL3d2G4-sJ-Sw,nePr9450kf-eEGYD-Qn21w,5.0,2017-09-13 19:34:49
9Qw7PWYwDSL3d2G4-sJ-Sw,oBNrLz4EDhiscSlbOl8uAw,3.0,2017-09-13 19:29:59
9Qw7PWYwDSL3d2G4-sJ-Sw,snV6gaFbAv77wApb8kUJDw,2.0,2017-05-09 14:44:07
9Qw7PWYwDSL3d2G4-sJ-Sw,wzIN0IqcNOnUjwuzRoG9AA,5.0,2018-04-22 03:28:49
9RnpLa4__1wkVj68AnQvLg,3Ym00dQ_oqZ0zunGMLhX3Q,4.0,2016-01-19 16:52:04
9RnpLa4__1wkVj68AnQvLg,4uZUHjSonatwt-02yqJp6w,4.0,2015-12-16 00:06:39
9RnpLa4__1wkVj68AnQvLg,HabjOG3X8V85QWkULx_vBA,4.0,2015-12-17 02:28:36
9RnpLa4__1wkVj68AnQvLg,HiGSwE3dV_u5OnLok3jfKw,4.0,2016-03-04 04:16:49
9RnpLa4__1wkVj68AnQvLg,LGYIhGqbYakMMdsn_GCzJg,4.0,2016-02-04 01:28:40
9RnpLa4__1wkVj68AnQvLg,wMWRpzjKgwIef2yJ41RCGw,4.0,2016-02-12 22:02:43
9SlcwQAgtVBdESfwbIsG2A,GSiZfdrbw72LF1D2xTaTzQ,4.0,2020-02-24 09:16:10
9ViCneC3EWygsO50NwfoAg,wMWRpzjKgwIef2yJ41RCGw,3.0,2013-02-15 17:04:48
9W0rhJEdZi8qjqKqLHEl2g,9uRj85PviKNiMCYPwiJyIw,5.0,2021-03-26 22:43:24
9W0rhJEdZi8qjqKqLHEl2g,sankqYOVWpYX_T5kGZRRKQ,5.0,2021-03-26 16:39:40
9X-2ouz3ghOc3lwRzPlg5Q,znx1v_c2IPKOXlYAbqFYvg,4.0,2010-03-24 14:16:47
9X7nV5z6xPssvayASKJq7g,3TDyV2_iO9UhQ2NDigbQmA,5.0,2021-06-02 03:04:18
9XkpizE6dAqTmnyQ_eKLfA,_RvXPNxWcRw833a8B3vSOQ,5.0,2016-05-08 18:30:31
9XpviCcSnWG5pqLaQNKIdQ,IkY2ticzHEn4QFn8hQLSWg,1.0,2015-06-23 15:31:38
9Y1YkloHk2MAE3hkwYdFKA,z67ktHxCJ3-Ebs3zooegSg,1.0,2018-11-16 20:48:32
9YDo_bXNjo7f59TPrYNp0w,3iR4vRtg9yc55_OnMdGQLw,5.0,2018-11-10 17:14:08
9ZahqMUCXTk3hQYkL_210Q,_357-ycTGX1t0Pla4ShVAA,1.0,2015-06-28 12:56:56
9ZjwzgwOeStg55dku6CFEw,F0n-lzB9vqRLdH5Ihcs1Ag,2.0,2019-05-07 00:05:16
9_lcpqJ53tPpo614CD1oRw,0AQJ-QTu7GtxaP4SoD07yA,4.0,2016-03-19 03:38:19
9_lcpqJ53tPpo614CD1oRw,ChlcxTEoWBQJXJ2Xb2vm5g,5.0,2016-12-20 13:36:12
9_lcpqJ53tPpo614CD1oRw,OINbC0rpDVJ5bfxt3LO9fw,4.0,2021-08-03 18:38:08
9_lcpqJ53tPpo614CD1oRw,Zi-F-YvyVOK0k5QD7lrLOg,5.0,2017-09-11 04:59:52
9_rTs9lykCZ-tuy-7-UIcw,4d8p7qsNfWOxUxmjNXR5YQ,1.0,2018-02-09 03:39:15
9_yaORHh-c3C_yh2HYITyg,1vi4P6rc2tj-VodBUe_jkg,5.0,2014-07-01 15:36:23
9ahVZJ39NaYS17ZcimAiHg,XCDXN4xJh3-DauaO88CZHQ,1.0,2018-06-12 22:45:19
9bvlW5Gos1kxzvcM3c-12w,6rOZ16N6YlpLC9_7fDnMLw,4.0,2017-05-01 10:11:46
9bvlW5Gos1kxzvcM3c-12w,8j3blTZChklt3j89jxx0fw,4.0,2016-05-09 13:17:51
9bvlW5Gos1kxzvcM3c-12w,B5eJm8A4eiuPLW5C6l75dQ,5.0,2016-05-09 13:02:29
9bvlW5Gos1kxzvcM3c-12w,f8MSbvd5JotxsFsS6fbl-Q,4.0,2016-02-02 13:11:47
9bvlW5Gos1kxzvcM3c-12w,jUOhse36Yw56KXxGmva2Ug,3.0,2019-03-05 10:45:41
9bxdPvAhP6cuipD5s2UnCg,HLh0we-7JQ322p6a7z5hAA,4.0,2010-11-09 23:33:44
9cr05MO9-zeRwDCSmHj5Mg,VXh9So-7ZyLot5wjXkTanA,1.0,2014-12-17 02:58:26
9eoGGgxkxCTOslJjN0xOSg,PP3BBaVxZLcJU54uP_wL6Q,3.0,2015-04-04 23:32:18
9fDUis3hv0Bqm4DmxL0ZTg,HgxY_RnJFGqqSVO32nxS4A,1.0,2015-08-15 21:18:17
9fDUis3hv0Bqm4DmxL0ZTg,nzMsAREnsFlsCHsBUwL2SQ,5.0,2018-05-20 15:16:50
9fV_u9Bhqr20G6TjJdyUsQ,9GdGe93oLy8MTtmEsfmgEg,5.0,2017-12-22 16:34:28
9fV_u9Bhqr20G6TjJdyUsQ,El_2Cxuq4hxqrmlg_5nzzA,4.0,2017-10-24 20:06:23
9fV_u9Bhqr20G6TjJdyUsQ,u4M4SxqehnyMI5vs9HaW7Q,5.0,2018-08-05 17:52:11
9hUlD929scN-I_npeSsgmg,8MzF1Tlgz0pOkxmhP5dYzA,1.0,2016-06-12 01:55:53
9hb_5MBTotUMNGnmwW3NfQ,HoKH4Rk7wHfVT-60aYIYwA,2.0,2016-05-12 22:44:42
9iTEAvSGJ-dOOqdVlTCkww,5JiDLN6spnuAVrEN6csvzw,2.0,2017-04-03 03:58:09
9lcq01JUhRY2yW8AxU3TIA,-lVEVi3vtQ8_L9kKT0bBwQ,2.0,2014-01-05 04:33:42
9mM6R32PKGTPJ18GUZOofA,feWbeHR9_O0yhxJqmyACXw,2.0,2014-07-13 02:58:30
9mbBQlwYBrAqG1uuN4fRTg,7dLQkwWU2fRqTlvplg0iMw,3.0,2017-07-20 03:44:48
9mbBQlwYBrAqG1uuN4fRTg,GmXC3CBu172Bkb0c6RnO7w,5.0,2017-07-20 01:05:56
9mbBQlwYBrAqG1uuN4fRTg,VVH6k9-ycttH3TV_lk5WfQ,4.0,2017-07-28 00:17:40
9mbBQlwYBrAqG1uuN4fRTg,aYJjJMN8heS2PmkvsQzaZg,5.0,2017-08-07 01:23:49
9mbBQlwYBrAqG1uuN4fRTg,hfbZ97Te3T4jeWN6GgsGrQ,4.0,2017-07-22 14:35:33
9nXXKNYJKpALfcaa_ZssDQ,v63vLjagqV609L5NweBJ6w,5.0,2018-01-07 19:25:26
9p7ZC9SlVb1hAPyeHN1aqw,lPx8jUBfK1K6u3UgowU5mg,1.0,2020-11-15 18:35:21
9q2L_aiI6RM9Jz6fZoF1zg,CxXYiJBkq9kqsgtdagqVgw,5.0,2013-12-26 20:16:57
9qI6REePx5pQfW75_C0KxQ,pqcYTOo8kMYoNt4fjOm_vQ,5.0,2021-02-24 00:04:36
9qxZWyZcgYZJqPTvWoWjBg,-Fka99c-tJ-epWYNIobqyQ,4.0,2018-04-01 22:11:52
9qxZWyZcgYZJqPTvWoWjBg,1Du1NruqJwxnzgEUHc42Jw,4.0,2018-08-19 17:02:27
9qxZWyZcgYZJqPTvWoWjBg,6RBZfirnzE4NahJTn1UPNA,4.0,2018-07-03 12:18:19
9qxZWyZcgYZJqPTvWoWjBg,S2n_06z4lGLZfdJ53XAXQQ,5.0,2019-10-18 12:23:02
9qxZWyZcgYZJqPTvWoWjBg,WWjP7p0nlUQl9BzCZzgjCQ,5.0,2020-08-18 16:33:44
9qxZWyZcgYZJqPTvWoWjBg,Zx7n8mdt8OzLRXVzolXNhQ,4.0,2019-10-30 01:08:24
9qxZWyZcgYZJqPTvWoWjBg,v1Uesklh8DpEufYOhTq4iA,4.0,2021-03-13 04:41:37
9qxZWyZcgYZJqPTvWoWjBg,v4AMcIZ--hXZuJIg3luUgg,5.0,2018-02-17 00:18:45
9qxZWyZcgYZJqPTvWoWjBg,yEmEDomLUofVtbZoUeFV5g,4.0,2018-12-09 04:48:44
9tLTZI5cB-_ORbim_GG6VQ,J8S7cPPlTgsQnXKVfTyN8g,1.0,2012-06-11 10:46:13
9uYtxCQ4y_2j_8ldgsmRaQ,035gK3ASKDns-ojUSnV4IA,1.0,2020-01-03 00:27:23
9v83UksZrkThOiE584GRBQ,ZCF-HvfbITnNcaomqT5XRw,5.0,2014-07-11 08:34:10
9v83UksZrkThOiE584GRBQ,bN7-A2GlVz2Job3frIPy9w,5.0,2015-03-13 02:06:32
9vzna6wcLpljXeI2XMFCrA,dpqDfbNpcIERkXVoE5S9Wg,1.0,2013-04-09 14:39:31
9wvR3a-jGWmth9rgttgU2w,Q-4tY-IVxZCB6ot3x068zQ,4.0,2017-01-09 14:16:42
9xlIJQdKdoZj6rrnaXZeVA,xLiN8ZqDaTEn0AXdhRZ-Xg,1.0,2020-02-28 21:39:22
9y5Vsz7dDoO5yHG42RKQFg,EAPAK_XoJMXtUADVkB3xoA,2.0,2016-01-12 15:52:29
9zan0I8yIMVFYnL1JTum4Q,fDkOfC0t9coGC34o8Nnjow,1.0,2013-03-27 13:18:01
A-WwfPVKmbzo6uohiq-Z4A,C9UylQTOh7uwZo4a7QhLyg,5.0,2017-08-12 19:49:04
A-h1VpD4NhSQo9hlk5FzRg,4dYOqNZHEcUMfngnomYM1A,5.0,2017-11-02 00:10:53
A-h1VpD4NhSQo9hlk5FzRg,HKIy1NZM5C8R4QA9S_rU1g,5.0,2014-05-08 11:37:56
A-h1VpD4NhSQo9hlk5FzRg,NhQYQXzaNQLRD_1koidAPA,4.0,2016-11-19 23:48:29
A0j21z2Q1HGic7jW6e9h7A,62B-29mSnrzTKRC1XPxFIw,2.0,2014-12-31 23:33:06
A0j21z2Q1HGic7jW6e9h7A,KAQT1EGptJDTVMTslyBdwQ,3.0,2019-06-02 20:32:59
A0j21z2Q1HGic7jW6e9h7A,VXh9So-7ZyLot5wjXkTanA,4.0,2014-12-28 04:19:01
A0j21z2Q1HGic7jW6e9h7A,gQ5_wcFqhplc9xrnSCt6-Q,4.0,2014-12-29 03:24:09
A1nIXS5XEWeZ2EUUcOsurA,183RrwDm8mmdKCX1E9dUVQ,5.0,2020-12-01 01:33:04
A1nIXS5XEWeZ2EUUcOsurA,BZUlza2S5sfavO6UsS5mNQ,4.0,2015-10-13 13:17:57
A1nIXS5XEWeZ2EUUcOsurA,CSnu-FS1eNNx6dGyOuSoNA,4.0,2019-06-20 18:32:37
A1nIXS5XEWeZ2EUUcOsurA,K-GDGw99i_mM-lcyMYon1g,5.0,2020-12-01 01:42:24
A1nIXS5XEWeZ2EUUcOsurA,L_Rwy6oSAnMUY3NCDspxmA,4.0,2018-11-28 13:52:44
A1nIXS5XEWeZ2EUUcOsurA,eln6se9XC_bYYDzQwb102A,5.0,2021-09-15 17:51:17
A1nIXS5XEWeZ2EUUcOsurA,ka2XO8vL_PqCS-xk3SVauA,4.0,2021-07-13 20:53:51
A1nIXS5XEWeZ2EUUcOsurA,kvv4hZ8EUe_sGwcsl-mLQw,3.0,2020-12-01 00:35:55
A1nIXS5XEWeZ2EUUcOsurA,vP6BGF8IqbXlLQiDP5n6dA,5.0,2018-11-28 13:42:23
A3Qusdby2smA4vwXWreJjw,pWuoHHu0LuVrD0HjadDygg,1.0,2011-12-30 03:23:29
A4YsDUocwpqCjtaMS32R6g,-JkiE867GwCUuXFETjba2w,4.0,2016-10-03 00:36:28
A4YsDUocwpqCjtaMS32R6g,45VrJplsLEo9EYMvTjBwGg,5.0,2021-01-01 02:34:18
A4YsDUocwpqCjtaMS32R6g,H1G3cuYge5h_EgrisE-QaQ,2.0,2017-05-19 22:08:12
A4YsDUocwpqCjtaMS32R6g,_NozEKb4y0jkC08DWU8ywA,5.0,2021-12-16 00:05:42
A4YsDUocwpqCjtaMS32R6g,d5jha0HH4SpUFnWpOMSoog,4.0,2017-07-09 21:34:05
A4YsDUocwpqCjtaMS32R6g,dYsSSplrU88w4i86K5uQSQ,4.0,2019-11-17 06:01:53
A4YsDUocwpqCjtaMS32R6g,e1l1IlKpL7FJlM4ivnoO2g,5.0,2021-12-15 23:57:12
A4YsDUocwpqCjtaMS32R6g,lau2jbBCG3XohoAvCRIm1Q,5.0,2017-08-03 16:33:07
A4YsDUocwpqCjtaMS32R6g,tARGnkAmgliIesQLh8tpBw,2.0,2017-02-23 04:33:20
A4YsDUocwpqCjtaMS32R6g,xJOhJXcsB6pdSD2zVDg1Bw,5.0,2020-02-19 15:54:16
A4bsa7ykYRVCnb4h2vZALw,-FM4CxOg4XXmX_Ebky_SiQ,5.0,2015-05-25 14:22:04
A4bsa7ykYRVCnb4h2vZALw,-Fka99c-tJ-epWYNIobqyQ,3.0,2017-01-31 22:20:45
A4bsa7ykYRVCnb4h2vZALw,0ac5lGA_0wdKDnib3y59Xg,4.0,2019-12-30 19:51:40
A4bsa7ykYRVCnb4h2vZALw,13UbOVDFdxloxaient5XWA,5.0,2015-12-18 17:05:15
A4bsa7ykYRVCnb4h2vZALw,1Du1NruqJwxnzgEUHc42Jw,5.0,2021-05-12 15:57:25
A4bsa7ykYRVCnb4h2vZALw,1kVnChI4aqsPw9i2PVqkkw,4.0,2017-09-22 21:51:49
A4bsa7ykYRVCnb4h2vZALw,45D7B9CqiUTTPUFcqmLx5Q,4.0,2015-09-20 14:53:04
A4bsa7ykYRVCnb4h2vZALw,8Lbz0hfE4MWzd7yDu9atBA,4.0,2019-02-26 17:40:19
A4bsa7ykYRVCnb4h2vZALw,8MoqZqlNN9AXzG91_Hpc_Q,4.0,2017-01-29 16:21:00
A4bsa7ykYRVCnb4h2vZALw,8Vo6LN9gqULhXzoxj5k6kQ,5.0,2017-02-03 03:29:43
A4bsa7ykYRVCnb4h2vZALw,8_r9EZL6vX5fPBoVh3gUrA,4.0,2015-01-16 17:50:50
A4bsa7ykYRVCnb4h2vZALw,BVzFvRrgMpL62oPIqGvLMg,5.0,2015-03-06 03:16:40
A4bsa7ykYRVCnb4h2vZALw,E3WUDYEvCVMplIFMgeN1xw,4.0,2021-06-15 23:40:56
A4bsa7ykYRVCnb4h2vZALw,EZc2myE2mYk2h9JK9qu8gw,4.0,2018-05-20 23:51:07
A4bsa7ykYRVCnb4h2vZALw,FH0MVF7kK0D76Hh4e7hXfQ,4.0,2016-06-10 04:40:01
A4bsa7ykYRVCnb4h2vZALw,Hlx8S2GLF7hMuIKx4sU-gg,3.0,2015-09-07 15:53:53
A4bsa7ykYRVCnb4h2vZALw,QLHgjBHBoeIUoEvIPvjHnw,5.0,2016-12-13 23:30:17
A4bsa7ykYRVCnb4h2vZALw,Qkg16mN-8QR66gjzg6gMyw,5.0,2017-04-02 03:25:46
A4bsa7ykYRVCnb4h2vZALw,RRGLss4hhvZZuR0N6GQlSw,4.0,2017-05-02 16:34:36
A4bsa7ykYRVCnb4h2vZALw,Rl42JbSMsmNW3LRjsTMYAg,4.0,2021-12-29 16:42:15
A4bsa7ykYRVCnb4h2vZALw,U3grYFIeu6RgAAQgdriHww,4.0,2014-05-10 21:31:01
A4bsa7ykYRVCnb4h2vZALw,VAIOtbsxdNmuhUKkQZFRlA,3.0,2020-03-03 04:28:20
A4bsa7ykYRVCnb4h2vZALw,XwnkfMUiyH-OsJXbmbOK5g,4.0,2016-12-18 02:19:24
A4bsa7ykYRVCnb4h2vZALw,ZKi4F9BlA46rLvLyeIE3VA,3.0,2015-03-02 17:09:47
A4bsa7ykYRVCnb4h2vZALw,a32M9H9nkkPGKTKB5W27NA,3.0,2017-04-11 20:04:56
A4bsa7ykYRVCnb4h2vZALw,bPVPZeqMuYtU_yGCb4P-jg,4.0,2019-11-05 17:05:01
A4bsa7ykYRVCnb4h2vZALw,bXrQejeR66IwebuhxPS7GA,5.0,2015-03-03 21:34:34
A4bsa7ykYRVCnb4h2vZALw,c1tH5Btm_f7SQ-6ju22wag,4.0,2020-11-15 17:04:12
A4bsa7ykYRVCnb4h2vZALw,f3eve2cxUIzyanWnHdMtFQ,5.0,2016-08-16 01:34:36
A4bsa7ykYRVCnb4h2vZALw,icGg8xgDJVufg-xptMrDGw,1.0,2013-05-30 21:55:18
A4bsa7ykYRVCnb4h2vZALw,m4kvY0viCwxqRtgOycnKVQ,5.0,2016-01-31 17:48:50
A4bsa7ykYRVCnb4h2vZALw,nnn78cplvQGZSMVblpI5gQ,4.0,2018-12-06 19:45:18
A4bsa7ykYRVCnb4h2vZALw,omnCKxL0f_akh0eYeJxjDg,4.0,2015-02-16 01:19:02
A4bsa7ykYRVCnb4h2vZALw,q-1ICFSqs2MwDGfe5tX-SQ,3.0,2015-10-05 17:08:04
A4bsa7ykYRVCnb4h2vZALw,sLfc9_WCN0lcTeUIA3X2og,4.0,2018-07-02 20:51:46
A4bsa7ykYRVCnb4h2vZALw,sxuv5uZU15UHGT_HB1xYxQ,4.0,2018-02-14 16:13:06
A4bsa7ykYRVCnb4h2vZALw,u9oG6CVhS9dJR5ZHS5q23A,5.0,2021-04-13 17:07:12
A4bsa7ykYRVCnb4h2vZALw,uO39--k_hrCFgZh-Bl8m8A,4.0,2016-01-24 00:02:32
A4bsa7ykYRVCnb4h2vZALw,vLT1KtrA9bWvjFOg-0xVIg,4.0,2016-08-29 16:41:35
A66EvH_nWJJb7d-F9FlJUw,Eqfks4GEn5dsI4ZGiPrCVQ,2.0,2014-05-17 16:19:48
A66EvH_nWJJb7d-F9FlJUw,yjcIKn2T2QY_DjXWACsAFw,2.0,2016-02-22 03:58:44
A9cXP_K95FRor1qxuUEu2g,9AdqkHZTVTwGygpHY8NT3A,3.0,2019-06-02 01:00:38
A9cXP_K95FRor1qxuUEu2g,BuOd9tDNs7_LdnA21oNSAw,5.0,2021-05-23 21:15:51
A9cXP_K95FRor1qxuUEu2g,CSRJYftc_THPHSJQAqghCg,2.0,2018-04-14 00:40:13
A9cXP_K95FRor1qxuUEu2g,NTiPDvC99_yK0RY9ltnLgQ,1.0,2019-07-05 22:13:06
A9cXP_K95FRor1qxuUEu2g,ZQ-Sg1tJXCKD6Dw9DF4X9g,5.0,2015-01-31 01:58:30
A9cXP_K95FRor1qxuUEu2g,cYZzwOnwzppjuzseAi2p9w,2.0,2015-05-16 00:56:26
A9cXP_K95FRor1qxuUEu2g,hFfrCMOMVvhDwCTGCcs1aQ,5.0,2019-05-22 23:24:12
A9cXP_K95FRor1qxuUEu2g,tV764PZN2iq2PbirfnwWlQ,3.0,2021-05-23 02:23:04
A9rHs260lszlmShrxb2Q-g,m6ZcOrHJHYmIPhjgh8cycw,5.0,2021-03-11 15:23:52
AA4EmkZwGfgpezbJH90WDw,EO5ne2jClfd16Sus5D6i6A,3.0,2015-08-30 18:05:40
AA4EmkZwGfgpezbJH90WDw,q7mKAD93-EeSpeOa9Hu4BQ,3.0,2014-04-12 04:06:14
AAEGlqPAfl7xjedTEyvvvw,szad9yEwckNw0P3L5FGyNQ,1.0,2018-03-14 23:59:40
AAYvaNRQ0TD_2Lpo-wFOUA,-ebwX4cjBDsZtPnvW1M_BA,5.0,2021-07-26 01:20:15
ABy_uGiyQ7zlndwnodvFaw,ZUPnWlLgqnU1PVtF6Q9-HQ,5.0,2011-08-23 18:43:07
ACUVZ4SiN0gni7dzVDm9EQ,Hp1nkc3c3Q7_8oKXFn0vbw,4.0,2016-04-25 19:59:19
ACUVZ4SiN0gni7dzVDm9EQ,j8JOZvfeHEfUWq3gEz6ABQ,5.0,2015-10-19 18:21:11
ACwBMSJzgW6vOvV7vOrk8Q,u-wkhjV7CfvGJVY7hGULjw,3.0,2019-08-16 03:17:51
ACwBMSJzgW6vOvV7vOrk8Q,wjZwXKDiFBQXlO8-TjQTXA,5.0,2019-08-25 01:48:30
ADnMGc3SaHeBU_ZL0hysaw,KHe6HAqmyioITwTvg9Bbcg,5.0,2017-05-16 01:54:17
ADqhnlIqujlHld9l2b4sHg,TUTQeLjq1UbkR5r8mOvMqw,5.0,2018-05-01 20:07:58
ADqhnlIqujlHld9l2b4sHg,ZTctPm8-lBy0iJ9dFhYhyQ,5.0,2018-07-03 18:51:12
AE6FeiVILe6xaXHqmX146Q,jzXJDMGB81tZK-EISK38IA,4.0,2015-01-03 15:08:52
AE8nHSRPFlB4nh7CP8PlGQ,GXFMD0Z4jEVZBCsbPf4CTQ,4.0,2018-08-06 04:29:48
AE8nHSRPFlB4nh7CP8PlGQ,Wl7iw_u4WeEreF4ZZF1oDw,4.0,2017-07-12 19:25:14
AEKBfKt2niNzbCFFkw05oA,PSpXwP98W7ofZWYwkJSLCA,4.0,2019-07-22 07:21:31
AE_BXPc2J7b_Ckatnwe93g,oRQKEVR6uNlV8jnUAaPgpg,1.0,2014-08-10 20:14:29
AE_aq6XzWw7EHbU8V4yjFQ,Gekeq1c-fuezmx0PSGQvzw,2.0,2015-11-10 20:13:05
AEkCWOKGvf3RRM4YYMZkxQ,t6g6Lj8WzjIXXucCl9jdTQ,1.0,2015-11-13 02:12:52
AF2wygvqImI9gbFijr13rw,0sb5sHF_BNcUzDxuia-D1w,5.0,2011-03-11 13:39:48
AF2wygvqImI9gbFijr13rw,NFzfuIFghE-HnrodHpaT6A,5.0,2010-02-22 15:03:42
AF2wygvqImI9gbFijr13rw,R17gwW6zn9ilslbdvKdgsg,4.0,2010-02-23 12:04:08
AF2wygvqImI9gbFijr13rw,eLt-dwl-xxXj9nklhs2eOw,4.0,2009-09-02 13:20:54
AF2wygvqImI9gbFijr13rw,v1msvs2bf_LwGUnIcCgSEg,5.0,2009-09-23 21:33:42
AFLID_qyrrbEepehgVvbSg,GNo1zeiPKErB7Ww_j3IlOg,5.0,2015-01-22 02:28:49
AFLID_qyrrbEepehgVvbSg,RFIHFxmNH9dM0ouz2N8ZjQ,4.0,2016-05-03 02:40:30
AFLID_qyrrbEepehgVvbSg,X_87Bx1bAwGPjPmSuiHWHQ,5.0,2018-08-18 20:15:25
AGNUgVwnZUey3gcPCJ76iw,GNo1zeiPKErB7Ww_j3IlOg,5.0,2011-02-15 23:32:40
AGkvWfzx5qOjnLMnhZd22g,iSRTaT9WngzB8JJ2YKJUig,2.0,2019-04-05 20:31:06
AHRrG3T1gJpHvtpZ-K0G_g,-8oIIpYJAXWg-G3glapMmQ,5.0,2017-01-03 13:18:18
AHRrG3T1gJpHvtpZ-K0G_g,-b8qRoIcTo7NBgTAe9XhgA,4.0,2016-07-07 11:14:10
AHRrG3T1gJpHvtpZ-K0G_g,-p1n0tJURpNW5vwM0dGBcw,5.0,2013-12-13 23:55:56
AHRrG3T1gJpHvtpZ-K0G_g,14Mth2EHCYDRDfJ0ngsWfg,5.0,2019-09-22 21:42:27
AHRrG3T1gJpHvtpZ-K0G_g,3hrEWKJxJUwEBmzw8oUYHw,4.0,2015-06-23 11:45:48
AHRrG3T1gJpHvtpZ-K0G_g,5zqvErekexa_89W6-6uZ4g,3.0,2017-04-08 21:31:07
AHRrG3T1gJpHvtpZ-K0G_g,6gH1VR1YwBBOg8nUCPki2Q,5.0,2015-11-20 22:57:20
AHRrG3T1gJpHvtpZ-K0G_g,7Vy1FHvdD22nzEB6zfaUFQ,4.0,2015-09-10 14:53:05
AHRrG3T1gJpHvtpZ-K0G_g,7pN4cTiJ73R1K2jc410pWA,5.0,2012-04-29 14:07:10
AHRrG3T1gJpHvtpZ-K0G_g,9AdqkHZTVTwGygpHY8NT3A,4.0,2020-07-05 15:37:12
AHRrG3T1gJpHvtpZ-K0G_g,9V0LMtO1riRw9-pUuG4NFg,5.0,2015-08-10 22:44:07
AHRrG3T1gJpHvtpZ-K0G_g,9XWyNzOJtfVNZlNFk-kPXA,5.0,2013-04-15 16:11:04
AHRrG3T1gJpHvtpZ-K0G_g,9_m_iA3VAqGBJEW5XLc-5w,5.0,2013-11-18 12:19:30
AHRrG3T1gJpHvtpZ-K0G_g,AJ1-2fZZWPgpq40CmZapTw,5.0,2016-11-28 14:44:59
AHRrG3T1gJpHvtpZ-K0G_g,BDue9WNaX46-oNbEMBYUUQ,4.0,2012-06-21 13:33:12
AHRrG3T1gJpHvtpZ-K0G_g,BUPtFEuzN1KeB4erBi-ivA,5.0,2015-03-23 01:02:56
AHRrG3T1gJpHvtpZ-K0G_g,CBrD7r4PTCAKc7sP_WsXmw,4.0,2019-07-15 15:51:14
AHRrG3T1gJpHvtpZ-K0G_g,Cckfq1IRAAN4Q7YJh7Ru6A,5.0,2018-04-05 13:31:23
AHRrG3T1gJpHvtpZ-K0G_g,DBtvUjFaT1v-p6vCxY2nTw,5.0,2019-01-15 12:24:24
AHRrG3T1gJpHvtpZ-K0G_g,Dc9UvOn_v9-BU9Rn6l4ejQ,5.0,2013-05-28 15:24:33
AHRrG3T1gJpHvtpZ-K0G_g,FHDuu5Mv1bEkusxEuhptZQ,5.0,2020-01-18 14:17:16
AHRrG3T1gJpHvtpZ-K0G_g,Fyw7Nszsz2E6ZKy7gjPtDw,5.0,2017-03-23 20:10:41
AHRrG3T1gJpHvtpZ-K0G_g,H3WJK0fpoPrIotWqOG_yIA,5.0,2017-01-07 14:09:17
AHRrG3T1gJpHvtpZ-K0G_g,IG2KelKEHCwybPl98frdgQ,4.0,2020-05-04 15:44:48
AHRrG3T1gJpHvtpZ-K0G_g,Jzb2IQSwPfULWzdl9Bq5fg,5.0,2013-10-29 13:02:29
AHRrG3T1gJpHvtpZ-K0G_g,KOkkX1YK0kRuxysrwsUD7w,5.0,2016-08-19 13:18:28
AHRrG3T1gJpHvtpZ-K0G_g,MhiMQOrrjI7Vx1ecRIwuOQ,4.0,2013-09-24 13:02:05
AHRrG3T1gJpHvtpZ-K0G_g,NTiPDvC99_yK0RY9ltnLgQ,4.0,2013-10-10 12:14:42
AHRrG3T1gJpHvtpZ-K0G_g,OkWFmXM4sDI02KnDY3X-fw,5.0,2019-10-04 21:29:52
AHRrG3T1gJpHvtpZ-K0G_g,PHqeN9MKNA_TfIUfmpBeRw,4.0,2015-01-14 13:13:48
AHRrG3T1gJpHvtpZ-K0G_g,QnG08fQB37kUxyr_FLMGDw,5.0,2019-07-29 23:42:52
AHRrG3T1gJpHvtpZ-K0G_g,RUXpRtfCDs7l49m0SpSkRQ,4.0,2015-03-09 13:02:43
AHRrG3T1gJpHvtpZ-K0G_g,SQf5H-fDeS623sXXeVYO0Q,4.0,2013-03-02 13:32:39
AHRrG3T1gJpHvtpZ-K0G_g,TjAsf2vHEYh_mCHpQqGgDA,4.0,2012-05-29 01:00:03
AHRrG3T1gJpHvtpZ-K0G_g,UFCN0bYdHroPKu6KV5CJqg,5.0,2016-02-03 15:59:29
AHRrG3T1gJpHvtpZ-K0G_g,WrZaL6BxHqVqt3sAcJ-5Rg,5.0,2015-06-24 12:12:49
AHRrG3T1gJpHvtpZ-K0G_g,XBRQ_MpGrRq8IeeNO_bYEw,5.0,2016-07-26 12:08:15
AHRrG3T1gJpHvtpZ-K0G_g,XJ1KN2kQGBIo8h1nWvZNzw,2.0,2015-10-19 17:41:40
AHRrG3T1gJpHvtpZ-K0G_g,Xm3fazqrD-Fi4tVPlc4i6Q,5.0,2015-01-22 12:50:46
AHRrG3T1gJpHvtpZ-K0G_g,ZKKaP4Lx-dexf4T1aCsBKw,5.0,2021-08-12 05:36:13
AHRrG3T1gJpHvtpZ-K0G_g,Zx05t1cRAipPrpQOtzd9RQ,5.0,2015-04-21 12:53:06
AHRrG3T1gJpHvtpZ-K0G_g,aBRWomTQ6VdjP4kcFY161A,5.0,2020-07-26 20:21:19
AHRrG3T1gJpHvtpZ-K0G_g,b2IDM2SC0HkcflLl_nSTrA,4.0,2015-04-26 16:05:52
AHRrG3T1gJpHvtpZ-K0G_g,bN5qlSW0Z31uYDkrasFWDw,5.0,2012-04-05 19:09:27
AHRrG3T1gJpHvtpZ-K0G_g,c1-LgoUcXYtw_zVt3FSwSg,5.0,2020-04-07 20:54:52
AHRrG3T1gJpHvtpZ-K0G_g,caSFK6m6kbifsD9ZF7bCNw,3.0,2012-05-28 20:15:49
AHRrG3T1gJpHvtpZ-K0G_g,celJoKvziNB7tgeih7NIbg,5.0,2015-11-16 12:56:51
AHRrG3T1gJpHvtpZ-K0G_g,dRKztV_Vtl7AvZg052SgRQ,5.0,2016-05-25 03:02:27
AHRrG3T1gJpHvtpZ-K0G_g,deWhFgwgU3F11jYMJk8n3Q,5.0,2017-11-03 21:05:49
AHRrG3T1gJpHvtpZ-K0G_g,en9sRChY9wYY9DoRioodNg,5.0,2019-09-24 21:17:20
AHRrG3T1gJpHvtpZ-K0G_g,fJ6AA9S7SEq3sim_3Sim3g,5.0,2014-01-27 04:09:43
AHRrG3T1gJpHvtpZ-K0G_g,fcMloKLDT55hhhynDQhN3w,4.0,2020-01-11 18:00:20
AHRrG3T1gJpHvtpZ-K0G_g,gFApW0S59priCHlZbMPSiA,4.0,2013-01-29 13:56:47
AHRrG3T1gJpHvtpZ-K0G_g,gMbsb4mAs8gkVVOcq0MmCg,5.0,2014-01-17 22:35:57
AHRrG3T1gJpHvtpZ-K0G_g,ipZ7neK1bjBAUrCqyCvB_Q,5.0,2012-07-13 19:53:44
AHRrG3T1gJpHvtpZ-K0G_g,kRowQIUMYRNno_Rk5LkRgw,4.0,2015-09-03 14:57:22
AHRrG3T1gJpHvtpZ-K0G_g,mSQ6nIPfqviBF8xIuhsJ7A,5.0,2020-04-12 00:06:55
AHRrG3T1gJpHvtpZ-K0G_g,oEwmCZknUHgHfEBdKA2SZA,4.0,2012-10-02 12:29:55
AHRrG3T1gJpHvtpZ-K0G_g,oFT-uwZJdBngbBXONAjbQQ,5.0,2017-02-03 13:57:30
AHRrG3T1gJpHvtpZ-K0G_g,pFzcy84OCWx1_x2Tdv7g3A,3.0,2012-12-03 15:23:42
AHRrG3T1gJpHvtpZ-K0G_g,r3TvlXOPbhc_v2uHUXxzUA,5.0,2012-08-17 21:37:07
AHRrG3T1gJpHvtpZ-K0G_g,rVhsjZWk_u20TDcvwhbdyQ,5.0,2015-05-15 15:09:41
AHRrG3T1gJpHvtpZ-K0G_g,saB1o6fF4ozyp0O7LyueOA,5.0,2015-07-24 16:28:10
AHRrG3T1gJpHvtpZ-K0G_g,t1mWfxivNyGde5VxYYYhSA,5.0,2016-12-07 13:13:40
AHRrG3T1gJpHvtpZ-K0G_g,trDDjiD1PVRcNx36GQCKcw,4.0,2016-07-19 17:43:05
AHRrG3T1gJpHvtpZ-K0G_g,uTEvgnFfZk6s-apf1j5Dnw,5.0,2021-11-19 01:41:52
AHRrG3T1gJpHvtpZ-K0G_g,v17tgCRjuPQiFOq4uvEI-w,5.0,2017-06-10 23:06:52
AHRrG3T1gJpHvtpZ-K0G_g,vWjME92WddneF98IqzaNfQ,5.0,2015-09-13 13:38:51
AHRrG3T1gJpHvtpZ-K0G_g,zBs8GENWVLpX7KcBIPiB0A,5.0,2012-06-28 21:12:39
AHRrG3T1gJpHvtpZ-K0G_g,zobY3ws9R2pgbcP0gOImcg,3.0,2013-09-12 17:46:26
AIHj654E3vimVqug5JNiaA,Fj16uG6BNZOq5K8mS2HHiQ,2.0,2018-12-30 14:39:17
AIU-ysJoc-eV6ShCou8h1w,qHXv-os4wfrfSPxGPgj2vg,1.0,2011-07-29 02:30:31
AIUh6T4TwHHSySN0lrHizg,9PZxjhTIU7OgPIzuGi89Ew,5.0,2019-03-01 14:04:56
AIUh6T4TwHHSySN0lrHizg,w5P6cL-KgrLGiqkf_XgfYg,5.0,2019-08-05 23:54:01
AJbWMUqpCArQfktHbBXlKw,9CRWWbw3iOo4-9FMAO6nKw,1.0,2020-05-24 03:25:43
AL17oUwu-OA0V3L9eJ5ROg,COZbEsySsjS1d3mJ6cXeTA,2.0,2019-12-18 15:29:13
ALWSjow1qxW4SFFZ0ZNB6Q,znx1v_c2IPKOXlYAbqFYvg,4.0,2010-02-16 22:23:20
ANUOFoLrfDNtHVmvbnh8Ww,ihYtslFvge9B9KK1S_E8rw,4.0,2015-09-18 16:19:36
AOHXg-d8hNvhRbPQAEBCjw,xmRuCnMaXldWXkYnlCo-fg,5.0,2018-03-07 20:35:55
AQxmbuDiToMv2WYtq4Mfdw,d3dw3YihB3WuU1Sb_i74-w,4.0,2012-01-27 21:42:31
ARbxaqbyQzYDZUpREeK4vA,tuos6bve7ktOER5Fgz71-Q,1.0,2015-09-04 04:29:21
ASLIke5kbn7Z95wT_otaUQ,H1G3cuYge5h_EgrisE-QaQ,1.0,2015-06-09 04:47:48
ASLIke5kbn7Z95wT_otaUQ,Pr-OrQ0-hNPFdp8bVZN6Lg,5.0,2015-02-04 20:43:11
ASLIke5kbn7Z95wT_otaUQ,hjRxa6xpKOwnbUgGvVCE5Q,5.0,2015-01-28 03:00:24
ASLIke5kbn7Z95wT_otaUQ,n-5axl7flllst22atNMwuQ,5.0,2016-02-10 23:08:03
ASlRp7f7Du-8fH-1UC4cRg,Nvx2MceKWAtikcAxk_TBMg,1.0,2013-10-12 19:00:30
ATK1ItQDQsHD5IG3sUGNnw,qt_E6txwQ1h62wyv8701UQ,5.0,2018-09-10 18:21:49
ATddJd_j5uInpaBIqluNIA,b05wsdAVzpZlf7Tg_Ewpww,1.0,2013-09-27 07:23:43
AVLJAYdoeyI81qi8ppkKYA,JxC9SCQF4aS2lHhRNkKjsQ,5.0,2020-06-24 16:44:03
AV_y-DzYPiKFizdtbgDrYw,LozA3u1TmiNFJTwwtDEMjA,5.0,2015-01-03 17:18:43
AV_y-DzYPiKFizdtbgDrYw,XVBhNSpKCMz1yJcFtgL2ng,4.0,2015-01-03 17:12:09
AV_y-DzYPiKFizdtbgDrYw,mNXfzN6L3GPJdUJXbSsmfw,4.0,2015-01-11 03:15:19
AVyU4MC9ucdgCFRaLNpePQ,JDZ-yr0SpjMoawlDeke59g,5.0,2019-08-26 18:08:49
AWtpMObUIkkmJxObHelgWA,CPFKi2lZJazP6IdtCdDDyg,4.0,2014-02-06 03:49:23
AX6_NL1_GTM2tcN9jn8mQw,iSRTaT9WngzB8JJ2YKJUig,4.0,2017-05-09 04:41:28
AXIg6GNmjRGrYrg2FP5dwA,6h7C53qLfwM7v3zKRqG0yA,5.0,2014-02-08 22:29:27
AXgZ7dRB_IR4bASZBVhGkw,-mDAFyX5kZHXhxjELeMhiQ,1.0,2013-12-22 05:26:58
AXjHVxklbeyrZwcP4oge7A,UWB_Oi9dkPwXfhYgFMnjsw,4.0,2019-09-30 13:58:06
AXjHVxklbeyrZwcP4oge7A,jDHFzjdJ0tHwxXunU1cWuQ,5.0,2016-06-30 16:04:35
AXjHVxklbeyrZwcP4oge7A,pc8D9b_rnL_I8ak91tKjsg,3.0,2019-03-06 09:24:09
AXjHVxklbeyrZwcP4oge7A,slO-qEE0z8-BLRTvMYW6HA,5.0,2019-10-21 11:01:46
AYAYoJ1HXfk62DnCDe7ueQ,RQAF6a0akMiot5lZZnMNNw,5.0,2020-06-01 19:40:18
AYHHPsE61uVlxcvTxswPuA,KHe6HAqmyioITwTvg9Bbcg,5.0,2018-11-19 17:12:44
AYKeVqTxqdpke9vZSn6VrQ,dpiaAGgEMm9Lf8dbx0yEJQ,5.0,2017-11-14 19:25:42
AYQGK2AZkIPkrqgAb72Qkg,3AZjEgNM6CiOePDKKAQWgA,5.0,2020-10-25 16:34:01
AYQGK2AZkIPkrqgAb72Qkg,Aew5uJRpT8Bhr_VT46S1WQ,5.0,2018-06-05 16:43:36
AYQGK2AZkIPkrqgAb72Qkg,AtQLrRpQan7UtJcIAo9hsA,5.0,2013-12-20 06:42:36
AYQGK2AZkIPkrqgAb72Qkg,D4spXIMXev6pFUz3df31fQ,5.0,2020-10-25 16:54:38
AYQGK2AZkIPkrqgAb72Qkg,Lpuvf-1pHW1Roh6bPm1fPw,5.0,2018-01-21 23:50:01
AYQGK2AZkIPkrqgAb72Qkg,xmO9u_t1LspxV5iuF594Tg,5.0,2020-10-25 16:23:03
AYQGK2AZkIPkrqgAb72Qkg,xxvgV_6FrRzXPhpT8EWXUg,5.0,2013-09-12 11:38:49
AaJ9d4OrFmgc4S_U2QiSZg,-AWclhh1_2VnqPylPgBU3g,5.0,2016-07-06 01:31:44
AaJ9d4OrFmgc4S_U2QiSZg,0ZsqqzHu1HHkDdIKoivi5g,4.0,2016-10-28 20:51:25
AaJ9d4OrFmgc4S_U2QiSZg,0hIXH9jMdHov1VrLC8ujUg,4.0,2016-06-05 22:17:49
AaJ9d4OrFmgc4S_U2QiSZg,2kuhZOrWcLYe_XePccr4lA,5.0,2014-01-25 04:34:00
AaJ9d4OrFmgc4S_U2QiSZg,3WC9HidyqFisiDxP1dcFCA,5.0,2016-02-15 16:25:44
AaJ9d4OrFmgc4S_U2QiSZg,3dQaEBDWOyqDYhP3-ac7NQ,5.0,2016-01-05 03:41:03
AaJ9d4OrFmgc4S_U2QiSZg,5rSg5FARufPsy_ACLLhy-g,4.0,2014-10-24 21:37:00
AaJ9d4OrFmgc4S_U2QiSZg,8Wcq23GYmeFNnYotBtck7g,5.0,2014-03-04 03:32:24
AaJ9d4OrFmgc4S_U2QiSZg,AAQ3g1ufbkOEuPg4JJ3YnQ,4.0,2016-03-21 22:23:01
AaJ9d4OrFmgc4S_U2QiSZg,Bs0JwJEUdfhL-FtLjuu3vA,4.0,2016-01-05 01:39:55
AaJ9d4OrFmgc4S_U2QiSZg,DFymbOEhIpWVE_d6BnHFmw,2.0,2017-02-21 22:19:35
AaJ9d4OrFmgc4S_U2QiSZg,Dkd-YyNmNwVs8PzmEaTIXQ,5.0,2014-10-23 02:43:19
AaJ9d4OrFmgc4S_U2QiSZg,EUkh0Qyf_Y4-B69w_z8n6Q,5.0,2014-08-03 20:12:16
AaJ9d4OrFmgc4S_U2QiSZg,EVmCBFlY0Hy_62bDRizmGA,4.0,2016-02-25 02:53:48
AaJ9d4OrFmgc4S_U2QiSZg,EmHXLffnzvntWzO6Ba3Atw,5.0,2014-03-23 22:05:41
AaJ9d4OrFmgc4S_U2QiSZg,HgPTy_OGoaxllb2EXkC1sQ,5.0,2015-02-07 05:25:24
AaJ9d4OrFmgc4S_U2QiSZg,K7vvEwRd6Y8gRftjeuASuQ,5.0,2016-07-07 03:31:23
AaJ9d4OrFmgc4S_U2QiSZg,KDzLMPTTLihnpcctZLmg0g,5.0,2016-01-22 02:11:55
AaJ9d4OrFmgc4S_U2QiSZg,KP5OncF2jhT7_J1phHPPww,5.0,2016-01-13 04:46:22
AaJ9d4OrFmgc4S_U2QiSZg,KiwskluQ7tMqZqvuf872vg,5.0,2014-12-13 17:44:32
AaJ9d4OrFmgc4S_U2QiSZg,Ks4r6DEqSbV8D2qc04RhTA,3.0,2015-05-24 00:17:44
AaJ9d4OrFmgc4S_U2QiSZg,L5LLN0RafiV1Z9cddzvuCw,5.0,2014-10-12 19:28:42
AaJ9d4OrFmgc4S_U2QiSZg,O0CyCnSFr7cYK78nH2w25Q,4.0,2017-02-21 23:01:50
AaJ9d4OrFmgc4S_U2QiSZg,OAHRMd971k-yDQwRxzgc2g,4.0,2016-06-05 21:39:18
AaJ9d4OrFmgc4S_U2QiSZg,ReVpjIDupK_VMPn7ZxPvOQ,4.0,2015-01-15 04:05:28
AaJ9d4OrFmgc4S_U2QiSZg,SNxUXrSr-XkEkSQIdjmjhA,5.0,2012-09-05 04:50:04
AaJ9d4OrFmgc4S_U2QiSZg,SQmg_3x5JkjMl-16tjqjUg,5.0,2013-07-07 21:48:12
AaJ9d4OrFmgc4S_U2QiSZg,Sw7qcWQ5_iOUjBZMhSxyOQ,5.0,2014-11-25 06:08:42
AaJ9d4OrFmgc4S_U2QiSZg,SwBhaxfQPbyhsi0QHUAN0A,3.0,2014-10-20 02:24:56
AaJ9d4OrFmgc4S_U2QiSZg,W2lEjwsnCqm3SmjleJ0xlw,4.0,2016-04-10 03:35:28
AaJ9d4OrFmgc4S_U2QiSZg,WB-eQAgw88fbr15eY761CA,5.0,2017-02-18 01:12:19
AaJ9d4OrFmgc4S_U2QiSZg,ZtAO8lm9H05HSaPx47ArVA,4.0,2014-06-22 19:15:27
AaJ9d4OrFmgc4S_U2QiSZg,ab3pRv-b0o-BwMK2jVbH3Q,4.0,2015-02-13 04:08:29
AaJ9d4OrFmgc4S_U2QiSZg,fTXSAVnzPkHqCzA4l6896g,4.0,2016-01-07 20:38:58
AaJ9d4OrFmgc4S_U2QiSZg,hV0rmTB2S2fYzjQKlHtKuw,5.0,2016-01-13 02:42:39
AaJ9d4OrFmgc4S_U2QiSZg,hp9h_Cq-W0ki7JMArSvYSQ,4.0,2016-01-22 01:30:04
AaJ9d4OrFmgc4S_U2QiSZg,jA7MZB1aMgQaiNzIdhkwZg,5.0,2016-10-06 02:03:43
AaJ9d4OrFmgc4S_U2QiSZg,lKJeRJm7WejutsrXWhVLiw,4.0,2016-01-22 23:23:36
AaJ9d4OrFmgc4S_U2QiSZg,o6jfwLREaGy1mwAEybjOkg,3.0,2015-01-18 05:22:40
AaJ9d4OrFmgc4S_U2QiSZg,ovLgaPIMrx7PDZPrEpTMvg,4.0,2016-01-22 22:17:24
AaJ9d4OrFmgc4S_U2QiSZg,qOrd_jWT3e16_wwRSpvYwQ,5.0,2016-07-25 03:34:51
AaJ9d4OrFmgc4S_U2QiSZg,r4bi-XadaNC4CTs_QbPpyA,4.0,2014-06-18 23:56:15
AaJ9d4OrFmgc4S_U2QiSZg,rQCTWNMzIZTfqWEAjxDpKQ,3.0,2016-06-10 23:18:21
AaJ9d4OrFmgc4S_U2QiSZg,sTfVZ9xo36tU8R5DnaCGkg,5.0,2016-03-01 23:37:02
AaJ9d4OrFmgc4S_U2QiSZg,tkY5BJVXxUmP4jsKavkf2g,5.0,2016-03-04 15:05:08
AaJ9d4OrFmgc4S_U2QiSZg,v8IbZ6wcvdyGqWpbDKDvfA,3.0,2016-01-10 23:30:38
AaJ9d4OrFmgc4S_U2QiSZg,wbwDE3g8j4w-TGy_E6dMSw,5.0,2016-10-06 01:32:31
AaJ9d4OrFmgc4S_U2QiSZg,xT41eqUSsM_MDE1Vjhq20A,4.0,2016-06-14 01:12:49
AaJ9d4OrFmgc4S_U2QiSZg,xoVTtQd6xRrFbQcdfH0dLA,5.0,2016-01-07 04:30:43
AaPhPor834YyMwCqOxytdQ,DNkz1z53dS2CUUWI1Skg2g,1.0,2014-06-19 18:42:20
AaPhPor834YyMwCqOxytdQ,EmHXLffnzvntWzO6Ba3Atw,5.0,2014-03-15 01:21:10
AaPhPor834YyMwCqOxytdQ,GzeXHLLVCD24cfJUNv0d_w,1.0,2013-08-18 20:49:56
AaPhPor834YyMwCqOxytdQ,KP5OncF2jhT7_J1phHPPww,2.0,2015-04-21 14:05:35
AaPhPor834YyMwCqOxytdQ,SxbqEgEwrGmtgvQAgM6kIg,2.0,2014-12-23 13:58:32
AbMjnKOwg736fcIu8apuyQ,3Ym00dQ_oqZ0zunGMLhX3Q,5.0,2019-01-21 05:49:37
AbMjnKOwg736fcIu8apuyQ,7pwFfnB6FH4lflXWrQ2Tqw,3.0,2012-07-24 08:48:47
AbMjnKOwg736fcIu8apuyQ,9PZxjhTIU7OgPIzuGi89Ew,5.0,2018-06-05 05:37:06
AbMjnKOwg736fcIu8apuyQ,AB5mv5gMXGq5xjhdNuFSMg,4.0,2018-06-07 05:02:42
AbMjnKOwg736fcIu8apuyQ,JuaQ51ohf8Mp6s12d19jag,1.0,2012-07-21 21:14:10
AbMjnKOwg736fcIu8apuyQ,OrU9wTeHJSLMwyGqYg4FAA,5.0,2014-10-08 17:15:10
AbMjnKOwg736fcIu8apuyQ,Qw7tz-UkPrpXaVidWuab4Q,5.0,2018-03-08 01:04:20
AbMjnKOwg736fcIu8apuyQ,YXaecOFzGVPMQIwx2mq7uQ,4.0,2012-07-23 08:09:47
AbMjnKOwg736fcIu8apuyQ,atZ_olNKXOG4rEr6mccN8g,4.0,2018-06-14 04:21:51
AbMjnKOwg736fcIu8apuyQ,cOXc8c85Ms6dMEAJazLXHQ,4.0,2018-07-17 00:14:14
AbMjnKOwg736fcIu8apuyQ,i7akkU95QVETwwX8D2qH-Q,4.0,2016-03-16 07:09:04
AbMjnKOwg736fcIu8apuyQ,iUZEGx29miZObLd6_lt7Vg,4.0,2018-07-23 05:21:51
AbMjnKOwg736fcIu8apuyQ,kiA1mrC2ZVoRmpsWgAT7ow,3.0,2018-06-26 20:56:19
AbMjnKOwg736fcIu8apuyQ,maOMGu_2dSHKydBgZdTsvQ,2.0,2012-07-21 21:41:33
AbMjnKOwg736fcIu8apuyQ,oJxsRgj8Un9VAPXpaDuufA,5.0,2018-07-18 03:35:58
AbMjnKOwg736fcIu8apuyQ,tELoGj2QJYYFQ1jo_XXbpA,4.0,2012-07-24 08:29:59
AbMjnKOwg736fcIu8apuyQ,vVfy055EfLMdd0yJYHxiMQ,5.0,2018-05-24 21:12:57
AbMjnKOwg736fcIu8apuyQ,ytynqOUb3hjKeJfRj5Tshw,4.0,2018-10-07 01:00:27
AcGBRI0xZCuQ1Z85zFVLWw,ymoEdJB5NE56sWw74uyX7A,5.0,2014-03-20 01:45:35
Ad8lg8eD5VseGw5o-xaJCw,kfqgGm2hJUj4NXEkkk1qIA,5.0,2018-08-24 00:16:40
AeGi47BtbMthRHRPNYEqQA,9ruUYAz35q6mgUpxb5zZhg,1.0,2016-05-10 20:34:39
AeYA3OBLkyZDvBXGZrDp3A,g1y0pKT3L80JNjvobavoeg,1.0,2015-07-28 19:57:32
AgdKHgG-X8I5a9z7drcWLw,tUkv0ZxUAdpyv8qhgRU5TA,2.0,2015-11-24 13:35:00
AhK8WL5i-sh961NriJ5Iow,V2eacssT61mmkMaZ0B35lA,1.0,2014-03-07 03:53:29
AiIISHAAp5I1PF5fClkmMw,dCI9y5zlamQovNvvZ8JL5w,3.0,2012-07-15 23:36:52
Ak66IL6MUaV5yHqsMb06TQ,KyDcAU41QDQpYAFyK6Q6hg,1.0,2016-09-06 04:39:06
AkLL-djXn-jV80Cs0BpcDg,VVH6k9-ycttH3TV_lk5WfQ,2.0,2015-04-12 20:12:55
Akf3aJfabb9DO3FufzebVg,_WgHwh1otHKk_cS3TRcaug,5.0,2019-11-07 16:01:48
Aks3ZleXykjujLcbk8UzUA,8A5LSwsKK5vXDH1M3_Tf1w,2.0,2013-07-29 08:26:21
Am_G2m0pwVrEg9AoUp5tow,88Zqyx8ZkecS_o44sGLEzg,4.0,2014-10-01 16:16:20
Am_G2m0pwVrEg9AoUp5tow,xWfm4AwLZr-B97fYVsIgCA,5.0,2014-09-26 15:54:43
Amc7J0F3KeAKzOOQrlpqog,8vwdDagJc8bJR0ZojFGZxw,3.0,2010-05-12 04:27:38
Anam0Ck1ZsFrA6FhVP-JEg,8NyDM-FDoWEEeEG9XUwnbg,5.0,2017-05-17 15:11:51
Anam0Ck1ZsFrA6FhVP-JEg,PGd06nrseC2YAIqP6S9gUA,5.0,2017-05-21 20:54:58
Anam0Ck1ZsFrA6FhVP-JEg,iwmW2mgcn2YdirXUHCsgXQ,4.0,2017-02-14 22:42:59
Anam0Ck1ZsFrA6FhVP-JEg,uLp_wwemUq6cAuxPwaZF3Q,1.0,2016-11-21 21:17:03
AoAUWW6gyXF22zrWBVQOjw,GBTPC53ZrG1ZBY3DT8Mbcw,4.0,2014-03-12 15:17:57
AoAUWW6gyXF22zrWBVQOjw,lSwPJt2ZPX03tEpfXE1BFw,3.0,2014-03-14 14:16:00
AoAUWW6gyXF22zrWBVQOjw,sCNdu_Anatq1BKuXD86A8A,3.0,2014-03-12 15:33:24
AoAUWW6gyXF22zrWBVQOjw,yE6aDcbbK8pmvNroXnQYQA,4.0,2014-03-11 15:10:25
AocvLld2_GeimgYQD0GAMw,F48wjJ_jjEz59Prh20XhRA,3.0,2012-02-21 14:44:59
AocvLld2_GeimgYQD0GAMw,LtLbT776NOAjva1ttA2h3w,5.0,2012-03-24 17:26:32
AocvLld2_GeimgYQD0GAMw,kZ1q0K13tFYG_ZJrVvsJHA,4.0,2011-12-20 16:52:40
ApjSaDZD9OeSqimHE9Qo0Q,TGHxU9bjU4vPpAqOdD0Eew,2.0,2019-08-07 15:53:58
ApjSaDZD9OeSqimHE9Qo0Q,zymvTQ12tRy3bzmP4tPgOg,5.0,2019-08-11 16:53:00
Aq1mWb2K3b-Rpko5HG5TSw,IxlIgLbIbynzJdzeqO860Q,5.0,2021-06-24 17:20:47
Ar3bat-NGasrXDiS7WF8OA,Aes-0Q_guDeYewMapFs_vg,3.0,2015-09-22 14:04:51
Ar3bat-NGasrXDiS7WF8OA,tthy48ZIX_wfY8Dy0Dvg6w,4.0,2019-02-12 15:04:44
Ariwz06at3CtbWZM-gPMAg,9cybDNxJ7cyNVkmwm-ktcg,3.0,2016-11-08 10:28:53
Ase_kJIYuT6yOsqqVPuWUA,26jYcdFR5oLqKDKpTH0JIQ,4.0,2020-05-08 01:53:37
Ase_kJIYuT6yOsqqVPuWUA,3n2FIVhxAjG6fjju4wdzXw,4.0,2015-12-14 11:12:24
Ase_kJIYuT6yOsqqVPuWUA,6Ty-KKWq6hLZYW8DWEHYvg,4.0,2017-03-19 01:20:32
Ase_kJIYuT6yOsqqVPuWUA,7GmQ9LYOoHuvsiaIJuLykQ,4.0,2017-04-25 20:23:35
Ase_kJIYuT6yOsqqVPuWUA,7JhQXpiMml41sxN34CUcKQ,3.0,2016-01-15 05:31:36
Ase_kJIYuT6yOsqqVPuWUA,95d60_mjUg2kLy-bhDLC6w,4.0,2018-05-04 05:43:04
Ase_kJIYuT6yOsqqVPuWUA,9cybDNxJ7cyNVkmwm-ktcg,3.0,2017-03-19 16:02:56
Ase_kJIYuT6yOsqqVPuWUA,BjeHLwKOlHyV6DJgmZxAjA,3.0,2017-06-05 18:22:38
Ase_kJIYuT6yOsqqVPuWUA,FlDkxuO6MGrW7x1OJTtJew,3.0,2021-04-30 04:15:26
Ase_kJIYuT6yOsqqVPuWUA,MIKYzWkBnbo3YUhqZUWlEw,4.0,2018-01-15 23:40:24
Ase_kJIYuT6yOsqqVPuWUA,NHdE_ObFj7OjQBB3jjqBNQ,5.0,2017-12-04 01:01:18
Ase_kJIYuT6yOsqqVPuWUA,NQGCirVWCre3BQ24fodXOA,3.0,2018-07-02 05:38:22
Ase_kJIYuT6yOsqqVPuWUA,OX3ArWSP85bK4cdk51tdmw,3.0,2017-09-10 03:44:11
Ase_kJIYuT6yOsqqVPuWUA,UGefDZNmnBztS0eoXWtHyQ,2.0,2014-03-28 04:41:08
Ase_kJIYuT6yOsqqVPuWUA,W-LtYDGHDF6j0I_810hzuA,4.0,2018-07-15 18:26:03
Ase_kJIYuT6yOsqqVPuWUA,WIR5g_Crb9qF-mRI9IeJhQ,5.0,2015-10-20 23:38:27
Ase_kJIYuT6yOsqqVPuWUA,YvrV_Tc9syF2Wch0HOIT3A,4.0,2017-12-26 18:55:01
Ase_kJIYuT6yOsqqVPuWUA,Z4PF4EtM12L7nwOHZHFJNA,5.0,2019-02-07 05:15:17
Ase_kJIYuT6yOsqqVPuWUA,ZMkZj5YsBW3XHH5fOBh6fw,3.0,2017-05-11 01:55:04
Ase_kJIYuT6yOsqqVPuWUA,bSJczuohHVko33UT82hnfA,4.0,2017-02-01 09:02:58
Ase_kJIYuT6yOsqqVPuWUA,boKv2_AvOSF2JRwrSoRI3g,5.0,2017-04-19 19:42:05
Ase_kJIYuT6yOsqqVPuWUA,e1S4RgmEpIJ2iONMV4oxeQ,2.0,2014-09-13 03:02:40
Ase_kJIYuT6yOsqqVPuWUA,h4ghREOFsZjxqc8hUEHRBQ,2.0,2020-04-12 06:22:09
Ase_kJIYuT6yOsqqVPuWUA,hfbZ97Te3T4jeWN6GgsGrQ,3.0,2018-07-29 01:17:52
Ase_kJIYuT6yOsqqVPuWUA,kBgiy6ulQRiATWFPZjTPKA,4.0,2017-04-20 18:13:52
Ase_kJIYuT6yOsqqVPuWUA,lOipP8dh4Daqid9uro4xNA,4.0,2018-03-03 20:44:38
Ase_kJIYuT6yOsqqVPuWUA,nYzCXMzSk8pjMnYVI6z3RA,4.0,2017-02-15 13:00:01
Ase_kJIYuT6yOsqqVPuWUA,now2TRoUla_5u_tmH4HGig,5.0,2017-12-13 21:16:55
Ase_kJIYuT6yOsqqVPuWUA,oCbJpGl8IkH1WdYa25TDBA,4.0,2018-06-07 04:19:34
Ase_kJIYuT6yOsqqVPuWUA,pGwrPSAlwMvEnOsFHqB72Q,5.0,2017-04-25 05:08:05
Ase_kJIYuT6yOsqqVPuWUA,wzIN0IqcNOnUjwuzRoG9AA,5.0,2018-04-13 18:58:12
Ase_kJIYuT6yOsqqVPuWUA,zrUAjvPlH22dnvNtxRuiBg,2.0,2014-08-11 20:16:46
AshBB8EMCttPOObB3ez6SQ,4LG0U_Gxc45-FanbjwoBvw,5.0,2016-11-05 22:53:07
AuJPe7eHdT7TIO0AQfhHsA,dEMsUFNB4ckBFdB90jKLEA,1.0,2014-06-30 15:41:33
AvC5XQAElcGAAn_Wr5auEg,pjb3xGA9ccjl49B5ERH46w,5.0,2014-12-30 12:35:30
AvGJVv7Z3a0q1MJT1Ykd0w,0oSSjekU-3GR8gselReWnA,5.0,2009-11-04 00:47:18
AvGJVv7Z3a0q1MJT1Ykd0w,5QPZY59iu3a0C-jWsZR8ow,3.0,2009-07-04 03:37:36
AvGJVv7Z3a0q1MJT1Ykd0w,8cjw0td9VVUmhQTLpeFgRA,4.0,2009-06-15 19:04:00
AvGJVv7Z3a0q1MJT1Ykd0w,8j3blTZChklt3j89jxx0fw,4.0,2010-08-02 20:29:05
AvGJVv7Z3a0q1MJT1Ykd0w,Oun4NN-u5yiHIxDqtJnxgA,5.0,2011-11-09 16:28:51
AvGJVv7Z3a0q1MJT1Ykd0w,PADyvVwZoY8waIraBOrN7g,4.0,2009-06-12 18:05:05
AvGJVv7Z3a0q1MJT1Ykd0w,Rzx2E5XgTeGU7FEbUZ-bGg,4.0,2009-09-27 14:07:09
AvGJVv7Z3a0q1MJT1Ykd0w,YN4Kk751tmdvoarGo8z7_A,4.0,2009-10-12 00:17:58
AvGJVv7Z3a0q1MJT1Ykd0w,ZdXqFA7NLIcRATmaEn93jA,5.0,2015-01-07 15:46:42
AvGJVv7Z3a0q1MJT1Ykd0w,c56PgVwTX9LYQ0vqGU8mTg,5.0,2009-08-04 01:38:47
AvGJVv7Z3a0q1MJT1Ykd0w,dlFdjPUJI1eqRs8WVPE3QA,5.0,2014-02-06 17:31:42
AvGJVv7Z3a0q1MJT1Ykd0w,m_WAtarb_zHe4uFCT8wNyA,4.0,2009-05-25 02:19:13
AvGJVv7Z3a0q1MJT1Ykd0w,nsH0hQ7xB5LS2_Ba3mqHTQ,5.0,2010-11-18 01:05:12
AvGJVv7Z3a0q1MJT1Ykd0w,sdWuLh-auc0nC2Jy6_26AQ,4.0,2014-07-14 21:23:53
AvGJVv7Z3a0q1MJT1Ykd0w,uJZgom8HpK74xz8IojpT0A,5.0,2013-08-02 02:02:52
AvGJVv7Z3a0q1MJT1Ykd0w,ws7z5fLdaVgwxZ9ex3cKxw,5.0,2010-02-23 01:24:16
AvGJVv7Z3a0q1MJT1Ykd0w,xYEeA5rK8nQxSbETixCQbQ,5.0,2009-07-01 11:52:45
AwGP1zmqNZVnRmYFliCq6Q,PvWUpIHqV13Qe9crQ6MOsA,5.0,2017-01-03 18:02:36
AwGP1zmqNZVnRmYFliCq6Q,WUCm48LSSxeN3mZknFK7Wg,5.0,2019-02-13 21:13:46
AyEAcx3Toa3_jPLSBcVFfg,q9lrGqhePkegQsgwGjpX-g,5.0,2017-05-13 08:46:58
AyLXwCQM7DkD7mhvsW89lA,9u4_k8-XC4RFETCeiQdO8w,1.0,2013-03-13 02:09:17
AyTw6s5VNDuxawNUdNAbhw,TGHxU9bjU4vPpAqOdD0Eew,5.0,2021-01-15 04:33:06
AznsQ60apcdmn4klSTpwtw,RSBvoQEHCkXYOGpi9xmTuw,4.0,2013-11-05 01:30:24
Azq2c_BYrQ9xRxRAZH1jqg,CxXYiJBkq9kqsgtdagqVgw,5.0,2010-12-01 02:25:36
B-s-8VUnuBjGTP3d01jsyw,DC4BAXGiXkTBjBXI_5edeg,2.0,2015-02-03 21:40:15
B-s-8VUnuBjGTP3d01jsyw,ECmPXOHont5XlHp3zs4g4A,4.0,2015-07-01 22:55:48
B-s-8VUnuBjGTP3d01jsyw,OR7VJQ3Nk1wCcIbPN4TCQQ,5.0,2016-03-29 16:18:54
B-s-8VUnuBjGTP3d01jsyw,xMsox8o5eZx7JooidQROsA,4.0,2014-08-19 16:30:13
B0Zk3IRl4Ftd1ZUuuJbR2A,maOMGu_2dSHKydBgZdTsvQ,1.0,2012-09-13 19:29:10
B1OVDsstzC_RaESmtd1oWQ,2E5fh57OvOQMWwxxEOkN8A,5.0,2016-11-26 03:46:23
B1OVDsstzC_RaESmtd1oWQ,W9y4JkMqy2dFNwYc3Y5cKQ,5.0,2016-07-05 16:43:35
B1OVDsstzC_RaESmtd1oWQ,djeYYE2MIT36obh5mcZn8A,5.0,2017-04-21 02:39:27
B5RcWUztezeNkW-_ujqViQ,1vi4P6rc2tj-VodBUe_jkg,4.0,2011-01-09 15:23:04
B5hIg9qmbe5gucXtlt0Apg,Hh8jUR0mtVXkAnv8XDZjyA,1.0,2020-01-03 18:58:06
B5s_DCLVrBLrL8U6TEVlwA,QLHgjBHBoeIUoEvIPvjHnw,3.0,2017-07-19 19:46:49
B5s_DCLVrBLrL8U6TEVlwA,SsHMgOW3TT48Z7jeV5beqQ,3.0,2016-04-01 20:10:24
B7laWmiMZHgsxiHk2U9H9A,29fX9PdevQa5LZavVDJsbw,2.0,2020-08-11 15:39:14
B7laWmiMZHgsxiHk2U9H9A,A2q7d-CBM2-81tVkmS4JMw,2.0,2019-02-02 21:00:56
B7laWmiMZHgsxiHk2U9H9A,DZYSb9amfB3EAh1IdwtbEA,4.0,2019-10-05 18:42:33
B7laWmiMZHgsxiHk2U9H9A,EaqASiPkxV9OUkvsAp4ODg,5.0,2019-05-03 16:38:16
B7laWmiMZHgsxiHk2U9H9A,_E0WPHfJEYmwOUCAj-Jq1A,5.0,2019-02-28 15:54:26
B7laWmiMZHgsxiHk2U9H9A,_ge7t5HAV_lHG6tVhBDHFw,2.0,2019-11-21 21:06:37
B7laWmiMZHgsxiHk2U9H9A,bPwYP0AHdSbTs2JxBd-10w,4.0,2021-05-11 17:26:16
B7laWmiMZHgsxiHk2U9H9A,diwwt5QBU3-Thig9SVlsOA,4.0,2021-09-30 16:27:52
B7laWmiMZHgsxiHk2U9H9A,eIKjxqdMduIeIqzPg7yc-Q,5.0,2020-03-02 02:06:41
B7laWmiMZHgsxiHk2U9H9A,iDrmpQwGAAmftLzWqxEomg,5.0,2019-07-07 19:55:24
B7laWmiMZHgsxiHk2U9H9A,pPKFIFDY2u1KCupXzHNtnw,5.0,2018-12-22 20:31:34
B7laWmiMZHgsxiHk2U9H9A,vWyg7n0gGVinsrSj68GDeQ,4.0,2020-03-29 16:23:21
B855Q1HFe8HKZ9zytQONYw,A2q7d-CBM2-81tVkmS4JMw,4.0,2017-01-09 18:56:18
B8PO3z0Fy-FHlOvD2moCNw,FaY_9x8ZtsuHe5wS2iJM1Q,4.0,2017-06-29 16:43:42
B9ZtBqN7-DmJwBBjNVobKw,3NNRlx0GS0mzrTYCx8m8FQ,4.0,2019-04-20 20:22:37
B9iPTih0dmpZn6fRyZnLLg,5vAtunQlPFkfdTI9zn4TIw,5.0,2019-01-20 03:48:21
B9iPTih0dmpZn6fRyZnLLg,auwFZzfhe2pvFw43OfsAfw,5.0,2019-06-22 19:50:41
B9iPTih0dmpZn6fRyZnLLg,l4YoHcvnsK7ICDrTqL7EEg,5.0,2019-08-26 16:36:02
B9s_3sIDNXp07KAZhtKEcg,DyIO3iCiYaREeSh4ypik8A,5.0,2021-04-09 05:31:25
B9s_3sIDNXp07KAZhtKEcg,H1lSVZSPz-Mz0P3g7o-SYQ,5.0,2021-03-06 00:42:37
BEeOYwPVYctYwNKNR3loEw,EaOpoKLdqNwZ2q5owQ6LDA,1.0,2013-08-03 17:44:54
BGwsR8MApe16pKptfLKX5g,VIYvcX9SScnqmoI0so1KZA,1.0,2016-07-15 19:33:44
BHDBfx4mWOdtT-ug0CPc3w,fa6InRseC0Uxnt5d90E3LQ,2.0,2021-10-25 17:50:15
BHcPaG4X220bQsqORhMFkA,s-kBvCb79CQlEZ0-_3nVaw,5.0,2020-06-22 19:23:24
BIlHF0mv0cu_4m-jLawjmg,Hh8jUR0mtVXkAnv8XDZjyA,1.0,2021-02-15 01:04:29
BJNxQGG3dx5uLxINGA5kDg,1pi4PuZxgSnRRNLnyMCD4w,4.0,2019-04-15 21:58:27
BJNxQGG3dx5uLxINGA5kDg,6LAp-gSP9Kk4ZvxijXaxIw,3.0,2021-07-03 02:29:22
BJNxQGG3dx5uLxINGA5kDg,93UD654AB6IzMPFlQgwfOg,4.0,2019-04-08 02:50:02
BJNxQGG3dx5uLxINGA5kDg,Bs0JwJEUdfhL-FtLjuu3vA,4.0,2019-03-09 00:00:58
BJNxQGG3dx5uLxINGA5kDg,LWstcv6F48ouIEW8RGUDjw,3.0,2019-11-05 01:31:19
BJNxQGG3dx5uLxINGA5kDg,Pud2rnFwby48KD1qSaAAXg,4.0,2018-12-24 02:55:44
BJNxQGG3dx5uLxINGA5kDg,UGebrYgNZrMzbGbcI01JWA,4.0,2021-05-27 13:21:53
BJNxQGG3dx5uLxINGA5kDg,V378VWx4D8BstWNRFwDULg,3.0,2019-09-26 17:44:35
BJNxQGG3dx5uLxINGA5kDg,aQFQIlyHasaTz5DtjV57nQ,3.0,2019-05-29 15:48:13
BJNxQGG3dx5uLxINGA5kDg,sankqYOVWpYX_T5kGZRRKQ,4.0,2018-12-10 02:36:52
BJNxQGG3dx5uLxINGA5kDg,tOBpyk5SKKgU4MAgX2xaEQ,4.0,2021-09-13 13:22:36
BJNxQGG3dx5uLxINGA5kDg,wbwDE3g8j4w-TGy_E6dMSw,4.0,2021-08-30 22:20:05
BL3nwZuViTzjYZJFfkSl8w,_NozEKb4y0jkC08DWU8ywA,5.0,2017-08-05 18:19:59
BL3nwZuViTzjYZJFfkSl8w,qBWOIod1dYHSitfWfWMlbA,5.0,2017-08-06 14:27:07
BLIuKUclBOYdnet15Mj-qw,4UDm69SbXGjjlbVVy3GNcQ,1.0,2014-08-10 01:51:06
BMiWgZMdztFY_p2fUOsDMg,HQdoy8OpEuGKM_Op-ovHFQ,5.0,2014-01-13 20:10:51
BMkL-qNvZGnb9BsBWOsW2Q,bMratNjTG5ZFEA6hVyr-xQ,1.0,2017-02-03 02:00:44
BOAMBz-svKl-ZGeSVowWOA,XsvxRd2u8iRD_S50ZJ5-QQ,4.0,2020-09-18 12:31:37
BPJsPeGVTcG5V0k9VghcdA,QUEWdnmVCv2Ri8xJATTrIQ,1.0,2016-04-01 21:33:05
BPZEAoU0sB6CFGusTErUuA,PP3BBaVxZLcJU54uP_wL6Q,4.0,2019-08-14 06:43:40
BPZEAoU0sB6CFGusTErUuA,ziMvN9iVXWQJrBtzcEONMg,4.0,2019-07-12 18:27:00
BPayiNohRLm4dVV4X_crMQ,fyxmwXdg9fJ13TpuF-KSbQ,1.0,2015-11-08 03:25:36
BQ78c6VHVi6pPEm0ME3T8Q,HoKH4Rk7wHfVT-60aYIYwA,1.0,2016-09-03 00:07:30
BQkC6RneYfvfG6wRe0hsvQ,5DJ2sDvM_XRndlB24DnxYw,2.0,2018-10-11 06:27:31
BQkC6RneYfvfG6wRe0hsvQ,9iSoPNBV54dj6L0rxO4RWw,2.0,2020-02-28 01:55:48
BQkC6RneYfvfG6wRe0hsvQ,FdoIc2GfFO35OzVVC4fi2w,3.0,2016-07-28 23:24:38
BQkC6RneYfvfG6wRe0hsvQ,VVH6k9-ycttH3TV_lk5WfQ,4.0,2016-07-20 04:21:01
BQkC6RneYfvfG6wRe0hsvQ,hfbZ97Te3T4jeWN6GgsGrQ,5.0,2016-07-28 23:41:22
BQv1B4ShYGg43J-orpzpog,NAMen7YzwlYDs_5ECMnuYQ,5.0,2017-11-15 05:28:02
BREFEuaTKcfnQ36zvhhVdw,n5i09tgSuzv9ZeIN9Qe5oQ,1.0,2015-10-06 06:40:16
BRwdO0WuvAWstFF_I0wWiA,s4k1P9FHfPUzw3dqXRp7eA,5.0,2022-01-01 02:48:58
BSOHgxebKFc6-fx4fMdwrg,2E5fh57OvOQMWwxxEOkN8A,5.0,2019-03-10 06:09:18
BSOHgxebKFc6-fx4fMdwrg,evxhNYa77dxWZabIpGQCkg,5.0,2020-12-17 06:21:59
BTHXLOCKyo1z8ZrWq8-9_g,32It9NN_lVismU9tcuLB0A,5.0,2019-08-15 20:13:55
BTHXLOCKyo1z8ZrWq8-9_g,ZuwJdk2g6XGRWV94TE50Cg,5.0,2016-02-16 21:20:25
BTHXLOCKyo1z8ZrWq8-9_g,lYcLhUkVU8HSm-5hAUKzbw,5.0,2021-04-22 15:19:42
BTHXLOCKyo1z8ZrWq8-9_g,onp9X_9RRAEzA-yqdiSOcA,3.0,2016-10-26 21:10:13
BTfDuA0EOh4PPZNkAwXRnw,OAAh75gVvTZI4bjjrulxMg,5.0,2018-09-26 19:36:07
BU6GNdHlBPPoiwpDZEW88g,vHr8qhM4CXYB3Ol_9yS6QQ,5.0,2020-09-16 01:53:13
BW4ZvoOR2fj6mp2B617exw,e-fXMT8R3j7BKMTh8xn8aw,1.0,2018-06-22 21:00:12
BZZKX1-LuWoruSstXPzanQ,IkY2ticzHEn4QFn8hQLSWg,2.0,2016-04-26 00:02:04
BZcj-Ni3HAM0nYU__r6dbw,v_AbyvMdKUi_ac4A8nkG-A,5.0,2019-05-01 01:17:22
BZcj-Ni3HAM0nYU__r6dbw,yGlPsqK8ck33EgvUINIfvQ,5.0,2019-05-01 01:19:38
BaVAIYKYSSEMT5_sXRiwLg,RQAF6a0akMiot5lZZnMNNw,5.0,2019-10-30 14:44:00
Bar2AFhn070EBheC60D6xg,YSL06t6e2iKo4ZHZnCZIxw,1.0,2019-03-02 02:45:03
Bb_kFZkxOxkKxo2B9NzVNQ,0bPLkL0QhhPO5kt1_EXmNQ,5.0,2015-08-09 16:33:13
Bb_kFZkxOxkKxo2B9NzVNQ,JQz0_R70G3bjQ5dRqrhxKQ,4.0,2016-04-11 00:54:12
Bb_kFZkxOxkKxo2B9NzVNQ,KDzLMPTTLihnpcctZLmg0g,3.0,2015-07-06 22:22:50
Bb_kFZkxOxkKxo2B9NzVNQ,SxbqEgEwrGmtgvQAgM6kIg,5.0,2015-07-07 02:45:54
Bb_kFZkxOxkKxo2B9NzVNQ,pvu1FS0_h5vrjfPV_vrBAQ,4.0,2015-08-08 13:38:19
Bbar1EB4JEviStEAqUEFOg,6SYG6M05gIwaj3doas6X9Q,4.0,2019-06-13 09:16:28
Bbar1EB4JEviStEAqUEFOg,KgDBWabaF6J7R6TH0l4I5Q,4.0,2020-12-09 13:36:17
Bbar1EB4JEviStEAqUEFOg,M0NT6MBWg5-76wyQXMzJWg,5.0,2018-08-09 07:34:02
Bbar1EB4JEviStEAqUEFOg,MFxRPt8-B2xTYmon3s84kg,4.0,2019-06-13 08:35:10
Bbar1EB4JEviStEAqUEFOg,Mr0Ph0NoO7l-r8uXReUOwQ,4.0,2018-11-27 08:52:10
Bbar1EB4JEviStEAqUEFOg,R5YyD9JX5nNX4sE2WMSn3g,5.0,2018-02-18 07:11:31
Bbar1EB4JEviStEAqUEFOg,V4WIP6XR8cF-vj2GpwhDhw,5.0,2016-06-04 15:41:32
Bbar1EB4JEviStEAqUEFOg,W9y4JkMqy2dFNwYc3Y5cKQ,5.0,2017-11-26 00:33:40
Bbar1EB4JEviStEAqUEFOg,_ge7t5HAV_lHG6tVhBDHFw,3.0,2018-11-27 09:25:06
Bbar1EB4JEviStEAqUEFOg,kf8HXRAZxtC7xVR0Tg-rhA,2.0,2020-06-15 22:45:22
Bbar1EB4JEviStEAqUEFOg,mcr1lAEdvGLMJhuPwI3I2A,4.0,2018-02-17 23:43:10
Bbx3OnZYIQOiIbf3_jlJlw,dYYkzkiAQoOtRjdR0kcspw,5.0,2016-07-31 18:45:08
BeHAmNRWvy_ATbbg8pOXmw,Oh3Q3QfhMl2DArFiLUrT9Q,2.0,2012-02-27 00:45:43
BeLJc_L_FJD9FzbDTU9ahw,Y2Pfil51rNvTd_lFHwzb_g,4.0,2015-06-11 00:39:40
BfUPunTFDYnIVvB3b-_YeQ,qgfkvGONjWNu17y2E28zgw,2.0,2021-06-02 01:58:10
BfWNe9ijuguuznV8s5OWjQ,EqxVp4_9Up1HNgpU2pH3WQ,4.0,2020-01-19 16:24:45
BfWNe9ijuguuznV8s5OWjQ,kKfCU7mKFzQF11qI2_Ac0w,4.0,2019-06-01 13:22:31
BgRhdl9PNVTkM7AKEgyv7w,0-JRAY0LpBazDuA9761U5w,5.0,2016-12-07 14:21:25
BgRhdl9PNVTkM7AKEgyv7w,RGzIHIhOIZzsjLRVDvSjRQ,5.0,2021-02-07 01:31:03
BiJhTjitoMBdGUlPIUlVqA,AjxhKYSbc1NrGOxAcqxb9w,4.0,2015-07-09 17:25:12
BiLX0Yc3vNJjVNLocBJyHA,-JkiE867GwCUuXFETjba2w,4.0,2018-06-03 04:12:52
BiLX0Yc3vNJjVNLocBJyHA,-ymffdKa-pkGZa8sDDjSig,4.0,2018-12-03 04:24:51
BiLX0Yc3vNJjVNLocBJyHA,3iR4vRtg9yc55_OnMdGQLw,5.0,2018-08-19 22:04:17
BiLX0Yc3vNJjVNLocBJyHA,59yqaPOV-q__EqBQ_fDw1g,4.0,2020-05-17 03:01:52
BiLX0Yc3vNJjVNLocBJyHA,5j9TfW8RrdkpaHlaBwt6bQ,2.0,2019-11-06 05:25:04
BiLX0Yc3vNJjVNLocBJyHA,6dDC5PSmPEoJYuM8r8dN_A,4.0,2021-01-19 02:14:05
BiLX0Yc3vNJjVNLocBJyHA,6iqDIQCE8sq7Xq1xvhG1Tg,5.0,2019-01-13 17:53:54
BiLX0Yc3vNJjVNLocBJyHA,7An2yCegdvJCFrKeNf9zDg,4.0,2019-10-06 03:43:41
BiLX0Yc3vNJjVNLocBJyHA,8OMerSx6en6MgHYg3E89ZA,4.0,2018-04-06 02:31:58
BiLX0Yc3vNJjVNLocBJyHA,A2q7d-CBM2-81tVkmS4JMw,5.0,2020-01-27 04:44:04
BiLX0Yc3vNJjVNLocBJyHA,AbUMLNaW9DzYelM4AGK3Xg,5.0,2019-07-15 19:33:16
BiLX0Yc3vNJjVNLocBJyHA,Eo0psaCr_gcty9QqyUy46Q,4.0,2021-04-05 02:02:51
BiLX0Yc3vNJjVNLocBJyHA,Fv3iSsxOxI2shzjBGFk_jg,4.0,2020-01-26 05:48:19
BiLX0Yc3vNJjVNLocBJyHA,Hh8jUR0mtVXkAnv8XDZjyA,5.0,2018-08-12 06:01:38
BiLX0Yc3vNJjVNLocBJyHA,HqIDCsKbkVLSQPzXp6eSew,5.0,2018-11-17 16:58:55
BiLX0Yc3vNJjVNLocBJyHA,I0ueofqd_oBxaHWKSjCpMQ,5.0,2018-09-22 14:37:54
BiLX0Yc3vNJjVNLocBJyHA,J1O6PznPMZaQi_qp0o-D-g,5.0,2018-12-01 05:09:14
BiLX0Yc3vNJjVNLocBJyHA,KJUc4AfxB3meP4X2iZMQug,4.0,2020-10-19 03:16:41
BiLX0Yc3vNJjVNLocBJyHA,LrkrvFHlnD1BHj2b2w0JpA,4.0,2019-01-27 23:53:34
BiLX0Yc3vNJjVNLocBJyHA,MFxRPt8-B2xTYmon3s84kg,5.0,2019-10-22 14:50:23
BiLX0Yc3vNJjVNLocBJyHA,MgJ_P-xlnTorvkW7l7fXKg,4.0,2018-08-11 22:05:29
BiLX0Yc3vNJjVNLocBJyHA,NcU8WT4TiIrRYhWAoZT4qQ,5.0,2019-12-15 03:05:33
BiLX0Yc3vNJjVNLocBJyHA,ObkVEcYUuf3efg-0V_WYfQ,5.0,2019-02-02 03:55:43
BiLX0Yc3vNJjVNLocBJyHA,Pr-OrQ0-hNPFdp8bVZN6Lg,4.0,2018-11-11 04:52:08
BiLX0Yc3vNJjVNLocBJyHA,QCsVilspu6TxuwZMUTabFQ,5.0,2021-05-17 03:33:21
BiLX0Yc3vNJjVNLocBJyHA,Rb9QIj-NyRn_giOBN991YA,4.0,2019-01-26 02:31:03
BiLX0Yc3vNJjVNLocBJyHA,VBGfYfuHi3hY6phK_G3plA,3.0,2018-11-24 17:51:04
BiLX0Yc3vNJjVNLocBJyHA,W8Z4rXYkmZlEVSaxIVjyvg,5.0,2021-05-17 03:43:53
BiLX0Yc3vNJjVNLocBJyHA,WIY7S0HgG-pnHPARn8gFkg,4.0,2018-08-18 16:21:44
BiLX0Yc3vNJjVNLocBJyHA,XI3Tcr3eDAzu8lMiRFaNWA,4.0,2020-02-10 03:53:26
BiLX0Yc3vNJjVNLocBJyHA,a-fUq78iwilqa9Qd3ozfqQ,4.0,2019-11-13 04:14:16
BiLX0Yc3vNJjVNLocBJyHA,cWcKC9ytDyW3dbqxjb250w,4.0,2020-03-03 04:18:27
BiLX0Yc3vNJjVNLocBJyHA,dWWOryYimQs3EzmejrVt7w,4.0,2018-11-12 05:40:17
BiLX0Yc3vNJjVNLocBJyHA,g82DuEDwnMrUQa7eSpGzAA,5.0,2020-01-20 16:16:59
BiLX0Yc3vNJjVNLocBJyHA,gStE2HvLsMrjY3H-elrGwA,3.0,2019-10-13 03:48:42
BiLX0Yc3vNJjVNLocBJyHA,gndi4-wzu66Mtp4E0zHt7g,5.0,2018-10-15 02:23:14
BiLX0Yc3vNJjVNLocBJyHA,ij0k8CB6jbvtJCPQOLY1vA,5.0,2021-12-19 04:03:23
BiLX0Yc3vNJjVNLocBJyHA,nQVNvnDjLB_mmexuwkWqVg,2.0,2019-01-13 21:26:23
BiLX0Yc3vNJjVNLocBJyHA,nrUPzM6ekI0Piz5se4IsQg,5.0,2019-08-24 03:58:43
BiLX0Yc3vNJjVNLocBJyHA,pWuoHHu0LuVrD0HjadDygg,4.0,2019-06-08 02:24:44
BiLX0Yc3vNJjVNLocBJyHA,rEQ82fSKZBbVtk9h14whog,3.0,2018-11-03 16:28:29
BiLX0Yc3vNJjVNLocBJyHA,tc_nZBQ46584iOXQgdlBtg,5.0,2019-05-11 03:05:48
BiLX0Yc3vNJjVNLocBJyHA,winkCYdiTroKdbPbV0DfRA,4.0,2019-02-25 03:38:49
BiLX0Yc3vNJjVNLocBJyHA,zxuVnNVAUm16Sro0dS_lmg,5.0,2018-08-13 04:49:57
BkBk0Tny4e2N3wjLWSBoVg,DO_op-iq4qoaOBEhJH6EdQ,5.0,2018-02-10 02:35:10
Bkv9SeDIAJ_X5-NeZCdF3A,7gtWQMLOEwCxh1I5j6uB4g,5.0,2017-08-17 00:19:19
Bkv9SeDIAJ_X5-NeZCdF3A,VaO-VW3e1kARkU9bP1E7Fw,4.0,2015-12-21 05:45:06
BlKCEQcc03mNdLA1pVG-XQ,vC2qm1y3Au5czBtbhc-DNw,2.0,2017-09-05 23:25:03
BlipT9VxSudJuezmz33etg,qck6waU6WlXBesRKmtsWfg,5.0,2018-05-01 03:16:40
BmRgnDrHFAQGcClwJbldrg,HS5CfzQ_gOJHgqwtv9rvNQ,4.0,2019-10-20 21:03:16
BmRgnDrHFAQGcClwJbldrg,TsoCCouCudxL2mwn86SFiQ,5.0,2019-04-30 02:22:53
BmRgnDrHFAQGcClwJbldrg,fN12ywQpLXQ93bpwe1N_Ww,4.0,2018-12-17 01:01:01
BmThnFPDalpbC1x98aXKaw,RQAF6a0akMiot5lZZnMNNw,2.0,2009-09-04 15:22:53
BmThnFPDalpbC1x98aXKaw,trOD5OIN83lD21DnqWy2QA,1.0,2010-12-08 16:59:27
BmVwbsL8l0imz4slonyMaA,36_FvBjdMXC949XVYDUb6A,5.0,2021-11-09 04:01:00
BmVwbsL8l0imz4slonyMaA,4wq9bzoCe3Mh0cPbYH1eDg,4.0,2020-01-18 07:45:05
BmVwbsL8l0imz4slonyMaA,8yGZhBwFFLtOVLY9Do8ohQ,4.0,2018-12-13 23:25:42
BmVwbsL8l0imz4slonyMaA,9datL-qMsIdhMHb3apzqeA,4.0,2021-07-18 01:53:41
BmVwbsL8l0imz4slonyMaA,9mA9qYqiv4c0T9ASid3PIQ,5.0,2021-08-09 05:56:31
BmVwbsL8l0imz4slonyMaA,F48wjJ_jjEz59Prh20XhRA,4.0,2021-08-02 20:09:20
BmVwbsL8l0imz4slonyMaA,IFFuw9ZIzpcWSqu2OHmjZA,4.0,2019-05-03 15:13:15
BmVwbsL8l0imz4slonyMaA,PYUI1OJVksGUbCrteU68bw,5.0,2021-11-03 18:03:03
BmVwbsL8l0imz4slonyMaA,RadvqFuRTZNEfSZ_avPRog,4.0,2019-02-28 22:46:45
BmVwbsL8l0imz4slonyMaA,SPEXSaryxJmVpy8QoRz7Tg,4.0,2021-05-02 04:04:11
BmVwbsL8l0imz4slonyMaA,TyhguONKc8i6M7wP09nTbA,4.0,2022-01-07 00:19:14
BmVwbsL8l0imz4slonyMaA,V8we7-uCa-SouadZmZ9Ieg,4.0,2017-05-09 14:56:25
BmVwbsL8l0imz4slonyMaA,VNH1Kx3wbIfmjLkR02U3QQ,4.0,2021-10-26 16:55:18
BmVwbsL8l0imz4slonyMaA,atZ_olNKXOG4rEr6mccN8g,4.0,2021-11-26 08:11:12
BmVwbsL8l0imz4slonyMaA,bN_9QgxdOIk4oK-6fBDJtQ,4.0,2019-12-03 05:16:16
BmVwbsL8l0imz4slonyMaA,d_tRshM-w6S4QxE4VVi8tQ,5.0,2019-10-05 04:40:05
BmVwbsL8l0imz4slonyMaA,irXywqvfXj9maLLOBQMYvg,4.0,2021-12-25 06:31:30
BmVwbsL8l0imz4slonyMaA,lXVJLzBNEd5qWuoX1d1okQ,4.0,2020-05-31 03:52:52
BmVwbsL8l0imz4slonyMaA,oJxsRgj8Un9VAPXpaDuufA,4.0,2019-01-31 00:40:57
BmVwbsL8l0imz4slonyMaA,pw1WZapMHXQdrU1uB9X50g,5.0,2019-03-12 04:14:18
BmVwbsL8l0imz4slonyMaA,t6g6Lj8WzjIXXucCl9jdTQ,4.0,2017-11-23 04:04:11
BmVwbsL8l0imz4slonyMaA,vUrTGX_7HxqeoQ_6QCVz6g,4.0,2019-11-04 05:39:07
BmVwbsL8l0imz4slonyMaA,vXb4OWsjPoiBtmarfexj-g,4.0,2018-12-28 00:43:44
BmVwbsL8l0imz4slonyMaA,wuH4TPUo8oJo4E59xZKsNg,5.0,2017-05-30 00:48:34
BmVwbsL8l0imz4slonyMaA,x5T4yJGM3m94btiepuZe4w,5.0,2021-12-31 04:54:23
BnBQ0UU9uSiI_0cbCZ4lsw,1Ly-Njk6U0kEq3TFnCgeWw,5.0,2015-08-11 14:29:43
BnBQ0UU9uSiI_0cbCZ4lsw,4EbwDR58_1Lm54Oru_Dfxw,4.0,2014-10-04 02:15:00
BnBQ0UU9uSiI_0cbCZ4lsw,4uZUHjSonatwt-02yqJp6w,4.0,2015-09-01 16:22:51
BnBQ0UU9uSiI_0cbCZ4lsw,Aews7EoMh_crFva-uNbVYQ,3.0,2015-11-22 02:32:53
BnBQ0UU9uSiI_0cbCZ4lsw,C6KP0hSutumHzLDCFyjvJQ,1.0,2014-02-20 23:01:17
BnBQ0UU9uSiI_0cbCZ4lsw,Fx_yFwHlHboVTTj-4NJQyg,5.0,2015-06-22 00:38:32
BnBQ0UU9uSiI_0cbCZ4lsw,I_3LMZ_1m2mzR0oLIOePIg,4.0,2011-05-13 01:07:11
BnBQ0UU9uSiI_0cbCZ4lsw,K6XWaJkcMhayiZxlTVX-Ag,5.0,2016-11-29 03:17:55
BnBQ0UU9uSiI_0cbCZ4lsw,L9sNYgV-TKTQdkaeEZBqEg,4.0,2016-03-15 17:32:24
BnBQ0UU9uSiI_0cbCZ4lsw,LGYIhGqbYakMMdsn_GCzJg,5.0,2015-08-27 00:06:23
BnBQ0UU9uSiI_0cbCZ4lsw,NHb6QTrJOnyIj-Zd0fYzFg,5.0,2015-09-30 23:49:06
BnBQ0UU9uSiI_0cbCZ4lsw,O4mH_WvFA0My7qOxbkAYow,3.0,2015-08-19 17:52:12
BnBQ0UU9uSiI_0cbCZ4lsw,R8t9g5nvi7VFyS8zsgmj8Q,3.0,2015-01-14 23:31:03
BnBQ0UU9uSiI_0cbCZ4lsw,TXg82zeFo2MpX5BzZXpJUg,4.0,2016-07-23 23:13:52
BnBQ0UU9uSiI_0cbCZ4lsw,WN4vWgb7tmm-N7rdjFwJVw,4.0,2015-06-29 23:28:24
BnBQ0UU9uSiI_0cbCZ4lsw,ay9zMsFHhwD483o8Zwdc_A,5.0,2015-12-05 15:51:45
BnBQ0UU9uSiI_0cbCZ4lsw,dtU_DsHVOCi-2-mWe7gabw,5.0,2015-08-22 15:09:37
BnBQ0UU9uSiI_0cbCZ4lsw,fC03dk7N8XV-RzGh0UJgmA,5.0,2016-04-15 18:57:13
BnBQ0UU9uSiI_0cbCZ4lsw,gBGD0dNvfLlQOAaZzCU1NQ,5.0,2016-09-23 15:30:51
BnBQ0UU9uSiI_0cbCZ4lsw,kpK6SmxIiNoGPNhlEGiL4w,3.0,2016-11-26 05:34:49
BnBQ0UU9uSiI_0cbCZ4lsw,nfDNbJ3eWwudtQCyp2EpSw,5.0,2014-09-12 03:27:34
BnBQ0UU9uSiI_0cbCZ4lsw,oFxKFiDkP_lGaFAzvnzZfA,5.0,2015-12-21 01:57:58
BnBQ0UU9uSiI_0cbCZ4lsw,oUgmm76-UCd5N0z4xwDOYw,5.0,2015-12-24 21:56:16
BnBQ0UU9uSiI_0cbCZ4lsw,r5dUIJJwaChqvIjGkUJtfw,4.0,2016-04-29 00:55:50
BnBQ0UU9uSiI_0cbCZ4lsw,vWjME92WddneF98IqzaNfQ,5.0,2013-09-10 22:04:30
BnBQ0UU9uSiI_0cbCZ4lsw,wpmuB2jeDkczlmT0SNIFPA,3.0,2016-11-14 19:50:29
BnBQ0UU9uSiI_0cbCZ4lsw,xxvgV_6FrRzXPhpT8EWXUg,4.0,2013-04-23 20:38:31
BpJygDyhzDf7Pw1Is_5zSA,EME5hqQLjBD7e2cLryupbA,5.0,2019-03-06 04:15:59
BpJygDyhzDf7Pw1Is_5zSA,MK0OMY_u9unl8xSqjPLtMw,5.0,2021-05-04 12:50:53
BpJygDyhzDf7Pw1Is_5zSA,Rv8bW3pkzpi5dZu5ckbgtA,4.0,2019-09-08 12:48:40
BpJygDyhzDf7Pw1Is_5zSA,WSx9-iYYyST_umny9sJBFg,5.0,2021-10-20 23:02:20
BpJygDyhzDf7Pw1Is_5zSA,gwOiwfeHxBemcMV6u1dI_w,3.0,2019-09-08 05:18:50
BpJygDyhzDf7Pw1Is_5zSA,iwmW2mgcn2YdirXUHCsgXQ,4.0,2019-03-06 17:09:54
BpJygDyhzDf7Pw1Is_5zSA,zbgsdPMmrNM_QiZXslbJXA,3.0,2019-03-06 17:53:12
Bpd_t6QM6de_0ts3ujC4aw,4ADeBcc3O4zmTrp60H4O_A,1.0,2020-02-22 12:52:22
BqcFc5DWEPo-U6_uAY9k3Q,m4kvY0viCwxqRtgOycnKVQ,5.0,2019-04-24 18:17:39
Br7NfAxcRprDceabsyxZNg,QoezRbYQncpRqyrLH6Iqjg,4.0,2021-03-12 20:20:01
Br7NfAxcRprDceabsyxZNg,oMTXtSJzEiHudUY3T68sPg,5.0,2020-10-01 01:52:49
Br7NfAxcRprDceabsyxZNg,yyvFGYfw0azW5mA_th8ndQ,4.0,2019-09-06 22:04:48
BsdMr3hnc44zZcD8PxgeSA,oVXNeZXl3PejvE66V50iag,4.0,2015-08-13 13:14:45
Bt6gmjnWHPERhiOTQOhuEA,iYUwyARgC_RNPA1rTlL3-Q,4.0,2015-12-04 18:13:19
Btl04cbXgFCD86AuJQLfpA,Nhci37qY0HPCNWc5UQul9w,1.0,2019-11-30 17:37:09
BuBwVe2OF2ihOwfsOYs-jQ,q_dCXxrhNDMEpc71CVL4Kw,2.0,2015-02-18 02:56:52
Bvd6VT3dKgT25KREf_shdA,dCI9y5zlamQovNvvZ8JL5w,4.0,2012-07-09 22:13:47
Bvl5vYeNM-Q9N45TY34VrQ,6dDC5PSmPEoJYuM8r8dN_A,5.0,2020-03-20 18:49:26
Bvl5vYeNM-Q9N45TY34VrQ,CPFKi2lZJazP6IdtCdDDyg,5.0,2020-03-25 18:44:23
Bw7S12p7KWjvgO9lz99s7Q,93UD654AB6IzMPFlQgwfOg,4.0,2019-04-24 14:50:55
Bw7S12p7KWjvgO9lz99s7Q,9uRj85PviKNiMCYPwiJyIw,4.0,2017-04-21 18:11:21
Bw7S12p7KWjvgO9lz99s7Q,AAQ3g1ufbkOEuPg4JJ3YnQ,4.0,2017-04-21 17:55:31
Bw7S12p7KWjvgO9lz99s7Q,Bs0JwJEUdfhL-FtLjuu3vA,5.0,2019-08-16 19:00:08
Bw7S12p7KWjvgO9lz99s7Q,EVmCBFlY0Hy_62bDRizmGA,4.0,2017-03-26 21:37:44
Bw7S12p7KWjvgO9lz99s7Q,Fbtcj6j9-byxq68ACKpcUA,5.0,2020-01-22 16:27:21
Bw7S12p7KWjvgO9lz99s7Q,S2n_06z4lGLZfdJ53XAXQQ,5.0,2017-03-26 22:03:08
Bw7S12p7KWjvgO9lz99s7Q,YtFo2Mg-tNkWHz8ZYVMDVg,4.0,2017-03-26 21:24:27
Bw7S12p7KWjvgO9lz99s7Q,b3tI8ODMieXSflFHLFA92A,4.0,2019-05-22 09:44:16
Bw7S12p7KWjvgO9lz99s7Q,eWGdkt9fdwg7aKboaZIVQQ,4.0,2017-04-21 18:04:35
Bw7S12p7KWjvgO9lz99s7Q,fTXSAVnzPkHqCzA4l6896g,4.0,2017-01-24 22:37:58
Bw7S12p7KWjvgO9lz99s7Q,fzYu9Rh-oqlg95QzkbIO0A,4.0,2019-01-08 15:01:50
Bw7S12p7KWjvgO9lz99s7Q,jA7MZB1aMgQaiNzIdhkwZg,5.0,2017-03-26 21:28:14
Bw7S12p7KWjvgO9lz99s7Q,tXf6TpqHOLiwyMNbYAOOCQ,4.0,2017-04-20 15:44:25
Bw7S12p7KWjvgO9lz99s7Q,v8IbZ6wcvdyGqWpbDKDvfA,4.0,2015-10-26 19:40:43
Byog9k35hMURW_O1dIteHw,Nx4gQPMq9soxRDPohA_4NQ,5.0,2020-11-23 00:06:15
Bz2uS3O95TBhLpx0tas-iw,QBNATcq7Stx9LxcSq16W7w,5.0,2021-02-22 02:59:35
BzLUyHSJrl-lUVWw9rqlvQ,2RtyOlU9mwyVisvgOECaDA,4.0,2019-05-26 21:34:08
BzLUyHSJrl-lUVWw9rqlvQ,U3grYFIeu6RgAAQgdriHww,5.0,2020-01-04 17:35:30
BzLUyHSJrl-lUVWw9rqlvQ,geuZssQDB8yblCpFYwoqAw,4.0,2018-03-02 01:39:20
BzLUyHSJrl-lUVWw9rqlvQ,oBNrLz4EDhiscSlbOl8uAw,3.0,2018-03-02 17:19:39
BzLUyHSJrl-lUVWw9rqlvQ,uR7G8I4Cef9D9R340TN24Q,5.0,2018-02-24 13:09:47
BzMVznZ_imuNisFSs-1law,Hh8jUR0mtVXkAnv8XDZjyA,1.0,2020-12-12 02:57:59
C0ipViBez_Dd5DUNOcvbPg,p3-FsWgkrRlT18Mw5Z1tHg,5.0,2016-02-14 18:12:26
C0ipViBez_Dd5DUNOcvbPg,r4bi-XadaNC4CTs_QbPpyA,5.0,2015-08-02 02:17:36
C0kD4qYHUdCOOQRCDvYwrA,MXTV7gLn1GcgBIskfIXwMg,5.0,2019-11-04 01:53:15
C1IAYGkz-dgKkaXJRNzpKQ,26jYcdFR5oLqKDKpTH0JIQ,5.0,2011-03-29 01:32:56
C1IAYGkz-dgKkaXJRNzpKQ,I_3LMZ_1m2mzR0oLIOePIg,5.0,2012-03-20 14:25:11
C1IAYGkz-dgKkaXJRNzpKQ,IkY2ticzHEn4QFn8hQLSWg,4.0,2012-06-25 21:15:19
C1IAYGkz-dgKkaXJRNzpKQ,NHb6QTrJOnyIj-Zd0fYzFg,5.0,2013-05-10 16:06:57
C1IAYGkz-dgKkaXJRNzpKQ,PP3BBaVxZLcJU54uP_wL6Q,3.0,2012-06-25 21:18:28
C1IAYGkz-dgKkaXJRNzpKQ,R8t9g5nvi7VFyS8zsgmj8Q,5.0,2020-10-12 12:05:10
C1IAYGkz-dgKkaXJRNzpKQ,RQAF6a0akMiot5lZZnMNNw,4.0,2019-01-07 14:58:40
C1IAYGkz-dgKkaXJRNzpKQ,sMhdwnrxQd8NWPCxLKqG2A,5.0,2011-03-29 01:42:49
C1MZ_yJ3Zx6UT-bsUc5DvQ,Yu401DtSmkXpJhgXnQcFrg,1.0,2015-07-16 01:13:31
C1v-Tq2wE0m7e78f-ppZFw,SJPnC_1BEXUxvU2Xvn9rug,1.0,2016-05-11 02:15:34
C2Bg1Lf5v9SKej1pUlp-2Q,5vObJIHLO-QOMrw_MvC4rA,1.0,2012-08-07 22:21:11
C3Hpsx_eDfeSmxEc1HBzpA,-W0tnXYJ4WuxLjzmbwlVAQ,5.0,2014-01-06 23:00:07
C3Hpsx_eDfeSmxEc1HBzpA,13oEDtCHrOvbhsHzno2Vvw,5.0,2016-05-10 15:02:54
C3Hpsx_eDfeSmxEc1HBzpA,2coic7DZlnlqVhblbEOpIA,5.0,2016-07-22 18:05:48
C3Hpsx_eDfeSmxEc1HBzpA,3VvZpyRMg5p3nH2-iK3-Vg,5.0,2014-01-10 21:39:14
C3Hpsx_eDfeSmxEc1HBzpA,3XXt0s_SDC9SyFTiIPNSgA,3.0,2015-08-18 04:05:30
C3Hpsx_eDfeSmxEc1HBzpA,5UyyV-cdNsXWz1V-xyIW6w,5.0,2016-01-28 03:44:44
C3Hpsx_eDfeSmxEc1HBzpA,95Ovc1lSnOQwSrjIFhpYrA,4.0,2016-09-08 03:14:23
C3Hpsx_eDfeSmxEc1HBzpA,95r3jAJRn10e9aB5I_NlPg,4.0,2016-08-19 16:14:49
C3Hpsx_eDfeSmxEc1HBzpA,9qXZSFq9vPdX4F6kGjXC-g,5.0,2016-04-25 02:14:49
C3Hpsx_eDfeSmxEc1HBzpA,EJ0t-DhlxWaMz2txzO7WVw,5.0,2017-08-16 15:31:10
C3Hpsx_eDfeSmxEc1HBzpA,F-j6PNGnA8yz77oIZMcPMA,4.0,2017-09-07 03:35:39
C3Hpsx_eDfeSmxEc1HBzpA,HKS-63JzfR0DMNVLBuokYw,5.0,2014-03-18 15:08:49
C3Hpsx_eDfeSmxEc1HBzpA,H_u6w1hM4WEgOD288i5edw,5.0,2017-10-17 14:41:32
C3Hpsx_eDfeSmxEc1HBzpA,LGYIhGqbYakMMdsn_GCzJg,5.0,2017-04-17 15:34:12
C3Hpsx_eDfeSmxEc1HBzpA,MSwNC4HmQmv2Hh8WYn2XqA,5.0,2015-01-11 05:33:22
C3Hpsx_eDfeSmxEc1HBzpA,OZcl2HOUXAHuICrh5d2WjQ,5.0,2015-01-02 05:25:24
C3Hpsx_eDfeSmxEc1HBzpA,P2XJbQZmf1zvWp9L_THdjQ,5.0,2015-09-10 15:14:54
C3Hpsx_eDfeSmxEc1HBzpA,R8t9g5nvi7VFyS8zsgmj8Q,5.0,2015-01-15 05:16:56
C3Hpsx_eDfeSmxEc1HBzpA,S26FJcC298XNpN2cZiwOrA,4.0,2016-05-04 13:29:12
C3Hpsx_eDfeSmxEc1HBzpA,S6tR7vBAg-3b9mGLB13-Ug,5.0,2017-10-19 23:33:14
C3Hpsx_eDfeSmxEc1HBzpA,YT1oM3AlNSCjzKvbH8MPWA,5.0,2015-01-30 21:07:56
C3Hpsx_eDfeSmxEc1HBzpA,_4bhVmlvT9dvqydQG2TOMA,5.0,2017-12-22 20:56:00
C3Hpsx_eDfeSmxEc1HBzpA,_5rx2qVN9rkiohyzfdlo0A,2.0,2015-12-19 20:27:56
C3Hpsx_eDfeSmxEc1HBzpA,bIO97JjDA9FgS4IPlKC2jA,4.0,2014-02-19 04:05:08
C3Hpsx_eDfeSmxEc1HBzpA,cQIh4YJlVtZI9TLF5_smOg,5.0,2015-03-04 23:30:47
C3Hpsx_eDfeSmxEc1HBzpA,cqPRhgzpPVtQBctn73k4pA,5.0,2016-12-12 17:53:55
C3Hpsx_eDfeSmxEc1HBzpA,fC03dk7N8XV-RzGh0UJgmA,5.0,2015-05-27 01:04:36
C3Hpsx_eDfeSmxEc1HBzpA,gku-vC4YB5c7ZuNyLhjNbQ,5.0,2018-03-05 16:00:14
C3Hpsx_eDfeSmxEc1HBzpA,iESLDNx67PpLDnMFR8eDPw,4.0,2016-01-26 16:39:26
C3Hpsx_eDfeSmxEc1HBzpA,j3E_vGw47XpiEgTr-KiJUg,5.0,2013-10-04 13:46:30
C3Hpsx_eDfeSmxEc1HBzpA,joxy9N8aJv3_6h0aaYuTzA,4.0,2017-05-25 17:44:45
C3Hpsx_eDfeSmxEc1HBzpA,lQ58_4SzdETRSw0h8tilhA,4.0,2016-08-29 19:51:23
C3Hpsx_eDfeSmxEc1HBzpA,oFxKFiDkP_lGaFAzvnzZfA,5.0,2015-10-19 15:26:03
C3Hpsx_eDfeSmxEc1HBzpA,oHvEgLH6pAkcrPmeR1l3UQ,5.0,2016-04-21 16:09:27
C3Hpsx_eDfeSmxEc1HBzpA,oUgmm76-UCd5N0z4xwDOYw,5.0,2016-01-15 20:48:05
C3Hpsx_eDfeSmxEc1HBzpA,p1ZbqWIxv0_0LLqpgdVhow,4.0,2018-03-12 15:53:28
C3Hpsx_eDfeSmxEc1HBzpA,rBdG_23USc7DletfZ11xGA,5.0,2014-09-26 13:34:45
C3Hpsx_eDfeSmxEc1HBzpA,tWJ3DwufXIKdlLTEw7K96g,5.0,2016-11-17 02:16:55
C3Hpsx_eDfeSmxEc1HBzpA,tqHbdVDUbPub5l5_OcEWvQ,4.0,2016-09-06 15:06:27
C3Hpsx_eDfeSmxEc1HBzpA,xmO9u_t1LspxV5iuF594Tg,5.0,2017-04-25 16:25:38
C3Hpsx_eDfeSmxEc1HBzpA,xqrlUnrLo1t9UP38S02qeg,5.0,2014-04-14 22:59:54
C3Hpsx_eDfeSmxEc1HBzpA,zvcyW3ZtPYWziX7k9tCFBg,4.0,2017-07-25 03:32:01
C3yVWxlgdTdh0_1xfd5HVA,bLJP0fVgscuUQy0hE_CRXA,4.0,2015-09-02 19:44:57
C4zpPNjWsdxTvr4YSvDgRg,ZYxGiEyHD17kd80zUzaOQA,1.0,2013-08-31 13:16:14
C5gGAYwl0eDrE6A07wVmmg,PcAMh9bjVHVB2dscm1F4FQ,1.0,2017-11-09 18:17:21
C7IFyEe9FTo89lhtwj88CQ,3koeM2Blt-4rEmVIJAZf8Q,5.0,2017-11-08 21:56:44
C7Vo14RpRTG5Bc84l4q6DQ,cqPRhgzpPVtQBctn73k4pA,5.0,2017-11-01 03:51:11
C7d80zl-Dp0juu3mwBoiPA,v17tgCRjuPQiFOq4uvEI-w,5.0,2016-01-21 18:06:35
C8_FxXNSuXxSX9z1FRWUxw,-8NGFqFrlOmWawr827tZNg,4.0,2015-12-06 10:35:34
CAU7F-vDqbQZ67BBYsa-aA,amqruwbDGCcyu55p2pTjMA,2.0,2017-02-20 15:07:35
CAmlkIPFTNK4FEsDKCW2Mg,QTjtz-bfm8Yrrv6t0PP0FQ,1.0,2011-03-03 20:04:49
CAy7UDGySy5DzsgCxktpLg,fOhnSqmO4XY5vSI8whVKSA,5.0,2009-08-20 14:37:08
CBHpTYlMeG6kMo0a7LODkA,-pyobEWdpZ6jUp42f3I2xw,5.0,2015-11-17 21:40:22
CBHpTYlMeG6kMo0a7LODkA,w7kKNELhnc00MwPOQhaZpQ,4.0,2017-09-12 00:04:27
CCjZJZaZ3h54nO6d6RWiVg,RYfl2IphOq0xFN0N8pzXQQ,4.0,2017-06-12 06:44:49
CCjZJZaZ3h54nO6d6RWiVg,pWuoHHu0LuVrD0HjadDygg,1.0,2015-12-20 16:57:19
CDtvbnhJ9qFaS_4qSIcWFA,jXrhIVKcJ-upvglUmfC1pA,1.0,2016-03-04 04:11:49
CDvhiRiczAq0M5pktyiyog,TLZ3-eDPLhUzfsWO4ad6Ug,3.0,2019-04-23 02:30:41
CDvhiRiczAq0M5pktyiyog,p74IWSpGNv7YMZzGAcOD6A,2.0,2019-04-23 02:11:49
CEk0znXXkpaQ70B8jzWWLw,Hh8jUR0mtVXkAnv8XDZjyA,1.0,2020-01-27 04:43:23
CFdSoI674_4KaVFw3LKtFw,v2Z_d9d2GWCVUTtPg5ucRw,5.0,2012-04-20 04:05:12
CFyvX-AZh6cunAMu_zoF_w,4J4NcFRh3o-pW_51OSRfDQ,4.0,2010-08-15 04:09:03
CHSetzFHyGWMmWOTv26-yg,YSL06t6e2iKo4ZHZnCZIxw,1.0,2015-07-15 01:53:46
CHuttPq3PpoKgdYnxAYKHQ,35MHYWHCaM3GbBc_xBGmjA,5.0,2021-08-24 03:06:41
CHuttPq3PpoKgdYnxAYKHQ,Cb6tGAb2wcFYOg8WvT5X2w,5.0,2020-09-11 15:17:43
CHuttPq3PpoKgdYnxAYKHQ,J-Go00lYW4f4a3lLLtoh_A,5.0,2021-09-08 03:31:10
CHuttPq3PpoKgdYnxAYKHQ,Jcm-2RZWIcF0E4V6kekBsQ,5.0,2021-09-21 04:20:36
CHuttPq3PpoKgdYnxAYKHQ,OqysWiDpJJbeZpmk5QOdgA,5.0,2020-10-02 04:24:03
CHuttPq3PpoKgdYnxAYKHQ,awOKeCwbzutECzI4R6JGFg,5.0,2021-01-23 16:07:50
CHuttPq3PpoKgdYnxAYKHQ,eTTssCbD8nmU4sc4M5gqPw,4.0,2021-07-16 00:58:46
CHuttPq3PpoKgdYnxAYKHQ,eUXaJEUbOWh2FThTD2xj7A,5.0,2021-01-06 05:24:16
CHuttPq3PpoKgdYnxAYKHQ,zSDqW5cZq9Bg7O9vMpJ6Tg,5.0,2021-01-14 05:30:08
CHzrqfoktd1_z3paHRKuRA,5SbXk54zWe22jg95R-8Fjw,4.0,2020-12-07 02:18:49
CHzrqfoktd1_z3paHRKuRA,SIoCIxjn4jLt2O-4DajWJw,3.0,2018-08-12 01:32:08
CHzrqfoktd1_z3paHRKuRA,UboXRwy2UBVH91pAwHiK_w,3.0,2019-11-10 20:54:07
CJBO0RheMlZOnuY-_xKDyg,GXFMD0Z4jEVZBCsbPf4CTQ,3.0,2019-11-24 13:18:32
CJBO0RheMlZOnuY-_xKDyg,wMQkdK2aNMvq2xoojC98Mw,4.0,2018-10-18 20:36:02
CKqfPNGY1TbEoZ7KV4e8Pw,nYsNsyIppe_DTueBha1x9A,5.0,2017-01-28 07:28:32
CKzYmFIBbIoKyTMWvYXVSQ,RQAF6a0akMiot5lZZnMNNw,5.0,2012-11-29 06:27:50
CLgNOL0TMoQdOE1BG0HnFA,yqRF449dYddbt1bDg50J_Q,1.0,2016-09-30 18:34:28
CMH46nH-N25VOQr0bTcXrA,J8S7cPPlTgsQnXKVfTyN8g,1.0,2010-03-09 20:55:38
CMZDABnxD44sGlCPekFu3w,gK9CdFaCXmHoW8aLfXiSqg,4.0,2019-09-09 21:16:07
CMZDABnxD44sGlCPekFu3w,u0Bt7uvvj7LAjAdiMtrhug,5.0,2021-09-16 04:39:44
CN8a9MdGwsgJQGoHTrBXWQ,fSx8zLSP_LBtIm_mfQRbTQ,3.0,2011-04-02 23:11:29
CNe9BArELPCBdmYgbsxn_w,u9vhzYtXpfyvAOAMnyy-Cw,5.0,2012-03-03 21:05:11
COw2tHYMJfMEuZAI8cSrYQ,dGUyXgFW1WSYMgRypKaYew,2.0,2013-04-01 03:44:39
CQ1J7Z2Irj6c19bwi9GhPg,tILA8ctsD_OZIcM2IfSyQA,5.0,2016-06-29 11:55:32
CT3USfN4ki9_ASJo61M9bQ,eUxD-l-Ddr1iMmzV6prNFw,5.0,2013-05-18 19:58:51
CTGy7JQR4OxfhaslgOFJDQ,0yOfDyqoJTp6-9qbyroyEw,1.0,2020-09-06 15:42:22
CTbH0UcfuNKi4m4lUXi3dQ,goXz8V980-WFIreZRbLVSQ,5.0,2016-03-14 18:28:22
CV8aQ9nTu4_1yKtd2D38hA,HS5CfzQ_gOJHgqwtv9rvNQ,2.0,2009-04-27 15:55:54
CY9iLsE2z_yLhLqJdD1WGw,y4x_wAQvUxvTR8iV-JP4Jg,5.0,2017-01-11 16:25:46
CYtKqfxO78q8MN6HX2JnDg,NL_RDDQ_uPAT8t-x7hINvA,5.0,2019-10-16 16:58:08
CYtKqfxO78q8MN6HX2JnDg,oMTXtSJzEiHudUY3T68sPg,4.0,2019-08-05 14:41:35
CYtKqfxO78q8MN6HX2JnDg,tkY5BJVXxUmP4jsKavkf2g,4.0,2018-03-23 23:58:55
CZQUtmO5NIY-bZWkCqHeJg,nsH0hQ7xB5LS2_Ba3mqHTQ,5.0,2012-01-06 17:54:23
CZmwm1Qd3Ftr5TfAlnmWOA,9FiiDY8Nrmdn81jHHvJSlA,4.0,2015-05-17 22:55:47
CZmwm1Qd3Ftr5TfAlnmWOA,Oh3Q3QfhMl2DArFiLUrT9Q,2.0,2014-08-03 21:46:46
CZmwm1Qd3Ftr5TfAlnmWOA,of-GVqY0G_UDHXT9Xg_ADQ,5.0,2014-12-09 14:49:50
CaVEy7kpASLwNBGymLwhgw,RW7yGyblB2pU6VT56LRCiw,1.0,2018-03-24 18:04:44
CaVEy7kpASLwNBGymLwhgw,VCGOGpOYnomj7o2qeVHHiA,5.0,2015-06-30 05:20:57
CaVEy7kpASLwNBGymLwhgw,W-fBHvwfkPuyojEbOQTHOQ,1.0,2013-08-29 04:43:34
CaVEy7kpASLwNBGymLwhgw,poUBW6Ssag7DeRzecF1ojw,5.0,2017-05-28 16:43:55
CbQdmUTwl3OjdC04Qs8bgQ,KHe6HAqmyioITwTvg9Bbcg,4.0,2009-04-30 02:34:36
Ccb1-pROzPfmXfvC8o2ZRw,8A5LSwsKK5vXDH1M3_Tf1w,2.0,2014-08-16 22:26:33
CdeyZZ6ZGhvs7YCzVheeRg,IxlIgLbIbynzJdzeqO860Q,5.0,2020-12-04 15:44:59
Ce9vPho0OnX2JrJ8VEjd_A,pAfC9NSwoRvUSHfPE3VIog,5.0,2021-06-15 15:24:21
Ce9vPho0OnX2JrJ8VEjd_A,xzK5BwamwVU4PLvZUoCZ1A,4.0,2021-06-23 06:54:56
Ce9vPho0OnX2JrJ8VEjd_A,zE2IC_ocw2dxM6Hzd4iL0g,4.0,2021-06-01 12:46:59
CeOq70w7mEtx3ASgx8XuGQ,KHe6HAqmyioITwTvg9Bbcg,5.0,2011-06-13 19:47:58
Cf8Jw9yX8RrG-l4PQoMkuw,HCN3XWVqv04fws8vkC4H7w,5.0,2012-03-25 21:59:33
CfX4sTIFFNaRchNswqhVfg,9ruUYAz35q6mgUpxb5zZhg,1.0,2014-06-04 05:38:30
CfX4sTIFFNaRchNswqhVfg,O_wuhNjqLiWvRcYfbHw7Ag,5.0,2015-09-21 00:22:55
CfX4sTIFFNaRchNswqhVfg,XjjgJb0iyG33CQp4ehnRGQ,1.0,2016-01-06 05:38:51
CfX4sTIFFNaRchNswqhVfg,bSJczuohHVko33UT82hnfA,4.0,2015-04-22 16:40:18
CfX4sTIFFNaRchNswqhVfg,e-fXMT8R3j7BKMTh8xn8aw,5.0,2015-12-14 04:24:37
CfX4sTIFFNaRchNswqhVfg,hfbZ97Te3T4jeWN6GgsGrQ,5.0,2015-08-11 18:39:59
CfX4sTIFFNaRchNswqhVfg,lPx8jUBfK1K6u3UgowU5mg,5.0,2019-08-14 03:30:34
CfX4sTIFFNaRchNswqhVfg,qt_E6txwQ1h62wyv8701UQ,5.0,2015-03-02 00:40:24
Cg9Y1f_oXsWPP_4A9VT1Lg,r926yelr_EJAKQCjdD6AWA,2.0,2016-07-07 00:30:56
CgoRexMZnTtrqxrrkglzaw,cJ7qQ8NpF6OTqFye-l4A0g,1.0,2020-06-16 15:58:37
Ch759-9JBBu-UafQ2-abYQ,T_GeXNYY_zO0WpJzBxQj4w,2.0,2018-09-17 01:28:44
Ch759-9JBBu-UafQ2-abYQ,fq44yNPMuN0dF5ZHdDuvYw,4.0,2018-12-02 05:14:58
Ch759-9JBBu-UafQ2-abYQ,qHXv-os4wfrfSPxGPgj2vg,5.0,2019-01-09 02:55:22
Ch759-9JBBu-UafQ2-abYQ,ytynqOUb3hjKeJfRj5Tshw,4.0,2017-10-04 02:27:32
ChEBfVLO1hYtQnwWFwN4dQ,0M1l6p96IffjQi9EZsdVhw,4.0,2019-09-04 20:36:17
ChEBfVLO1hYtQnwWFwN4dQ,EME5hqQLjBD7e2cLryupbA,5.0,2018-02-13 19:19:18
ChEBfVLO1hYtQnwWFwN4dQ,T-mjBBb6YUcikIuX-S4esQ,4.0,2021-06-14 12:13:42
ChEBfVLO1hYtQnwWFwN4dQ,ww3YJXu5c18aGZXWmm00qg,4.0,2018-02-13 19:52:50
ChRg10NMh5QcPK6mLGLeoQ,3DKGhJXrqhVOQGFNiSp9Vg,3.0,2015-02-21 17:31:37
ChRg10NMh5QcPK6mLGLeoQ,7D5-a53BLau19RpMu-L3zg,5.0,2016-04-03 16:47:33
ChRg10NMh5QcPK6mLGLeoQ,EmJF-xSIOaEEOWcK8UOBqg,5.0,2016-08-28 21:50:06
ChRg10NMh5QcPK6mLGLeoQ,QUEWdnmVCv2Ri8xJATTrIQ,2.0,2016-11-11 15:54:32
ChRg10NMh5QcPK6mLGLeoQ,ngosa7gVH134bQfXR5JboQ,5.0,2017-07-05 10:51:28
ChRg10NMh5QcPK6mLGLeoQ,xZileQFJ7h-0QKjtGc9xgg,5.0,2017-01-25 20:01:16
Ci4HqTd370VSTa4DbF5Yvw,J3Jnm1G1h6tBxsgjU9fqxQ,4.0,2013-03-12 00:10:48
Cinc6eGXZCog4sfG7maWDg,9ggiKdqsyuY2pqVcbIQ-tA,5.0,2017-04-29 23:24:27
Cj2TmRyZ3cXjVWY4Q6otZw,KHe6HAqmyioITwTvg9Bbcg,5.0,2015-08-01 21:41:56
CjJhEzdWQNEKa7grwPRQyg,-cEFKAznWmI0cledNOIQ7w,5.0,2015-07-08 20:26:49
CjJhEzdWQNEKa7grwPRQyg,0-JRAY0LpBazDuA9761U5w,4.0,2016-01-10 04:44:37
CjJhEzdWQNEKa7grwPRQyg,4IrGZzglUUDgxfBBJKbnZw,5.0,2017-08-12 23:56:44
CjJhEzdWQNEKa7grwPRQyg,K7KHmHzxNwzqiijSJeKe_A,5.0,2020-12-05 01:54:44
CjJhEzdWQNEKa7grwPRQyg,KscVqYYG7ziAroZhfNb0Ng,5.0,2016-08-02 00:41:34
CjJhEzdWQNEKa7grwPRQyg,PP3BBaVxZLcJU54uP_wL6Q,5.0,2014-02-04 00:44:20
CjPAo8v2K6GrRypugNssMQ,8RZwphljLVABXgnDgMj6Hg,5.0,2018-11-22 08:45:25
CjPAo8v2K6GrRypugNssMQ,MeQSPeGqXGa0HvweoRJzSw,4.0,2020-03-26 01:48:12
CjPAo8v2K6GrRypugNssMQ,ZPs0cr-VWdKvh6wCOpuYZg,5.0,2019-09-02 02:41:53
CjhTdmN6qWEKC7Zo6qadow,WSx9-iYYyST_umny9sJBFg,4.0,2017-11-25 03:56:36
Ck5pDKaQenokLE9s5tYNcQ,WSx9-iYYyST_umny9sJBFg,5.0,2019-12-15 19:43:31
CkTvKl7q1dyr8Pq6_P8nNA,uJZgom8HpK74xz8IojpT0A,2.0,2014-07-10 17:00:51
Cl-YRkHrnSH7wO_MokD--g,0f7mlSVIAk25QuEKGmVbPA,1.0,2016-09-25 01:18:59
CllLV_3SQcG6m-oE9JoDFQ,SbuLL-8eSaUs-huaYR5_IQ,5.0,2016-03-02 23:22:53
Cltm3tgipVMnVbzpv7K1Vw,BATrNfVKnNCQ2qAcod83Sw,5.0,2017-03-21 19:47:15
Cltm3tgipVMnVbzpv7K1Vw,VpJzlz3bKOJtiI1rb9kTpw,1.0,2015-11-13 18:13:05
Cltm3tgipVMnVbzpv7K1Vw,uvRatMC-cQA8cq1nnPWknQ,5.0,2018-03-26 17:46:08
Cltm3tgipVMnVbzpv7K1Vw,xmO9u_t1LspxV5iuF594Tg,5.0,2016-10-16 20:14:27
Cm_lwNm4fRFAKCDgxPkYgA,OVbuOxR3zXExZCKLXewaVg,2.0,2016-06-04 21:53:44
Cmt8VGj0lt_f6eb_wRRayQ,6Aa0t9YWJNknGP9tHWmG5Q,5.0,2015-06-14 18:05:22
Cnc4ganvTT6Uy0rGGi1Cbw,LDA2LfI14CBOUZ-gZT6tZQ,5.0,2014-12-04 14:58:53
CnqScCfKY7hIbAK9prR_Tg,hyeo7JQr5uLp-St1MibYAA,5.0,2014-12-30 03:49:46
Co5TGBilFHvMkUNsgksJ9Q,0f7mlSVIAk25QuEKGmVbPA,5.0,2016-06-16 19:44:16
CpM970FoZVTX_JGZqe2QaQ,uR7G8I4Cef9D9R340TN24Q,5.0,2018-10-09 13:49:45
CqEoo425U-dM53svYgOvwA,Qw7tz-UkPrpXaVidWuab4Q,5.0,2019-10-26 15:22:17
CqEoo425U-dM53svYgOvwA,Wtr51cNrv1pYyIRg_IawYQ,5.0,2019-10-26 15:08:33
CqQuA6sT1_CmNJWR3qkzeg,dpwkz52tHB2MCPv53I2aRA,5.0,2017-07-12 03:03:24
CrQvCpC7BOsvk_3f0HR8DQ,DzVYXX8mc5x31BbaP8c0_Q,4.0,2017-10-20 18:23:16
Crwjhtwu9QcpTrrW62tZMA,N29uir3jdwrezjQuy8YXTQ,4.0,2017-10-12 03:58:48
Crwjhtwu9QcpTrrW62tZMA,uKEabBQrn0gLzvTppOrKIA,5.0,2018-05-30 16:19:28
Cs5H3nYBB2FaG0jEX5AslA,6c8eIawbCBu3FLp2kDraBA,1.0,2020-10-11 01:25:28
CsDnYjVHtvcXcmvxYXBAzA,6c8eIawbCBu3FLp2kDraBA,1.0,2020-09-16 09:12:42
CsVpAEIpymc2grb9i521uA,6bfas5osLwyvyWcwwDg6XA,4.0,2019-10-04 16:51:21
CsiBqOglNLcXR8bFeXUhgA,DzVYXX8mc5x31BbaP8c0_Q,4.0,2019-01-24 00:20:45
CsiuZhcYN3yyaT5-QqzYdg,Hh8jUR0mtVXkAnv8XDZjyA,2.0,2018-05-24 16:13:09
CtT0To4GaUdTJ7MhojlW4g,pKykk7lnD6Tf9wSzJYRyJA,4.0,2013-06-26 17:39:41
CtXVj23D4KqPeBuYHEGVUg,Hh8jUR0mtVXkAnv8XDZjyA,4.0,2018-04-15 02:28:22
CtXVj23D4KqPeBuYHEGVUg,W9y4JkMqy2dFNwYc3Y5cKQ,5.0,2017-10-08 19:07:43
Cu6dcKerS5U4Pv47Kn6UyQ,4LG0U_Gxc45-FanbjwoBvw,4.0,2019-10-23 02:52:03
Cu6dcKerS5U4Pv47Kn6UyQ,BJ611ELzsgZ_V_gOV2mQrw,4.0,2019-05-23 19:47:47
Cu6dcKerS5U4Pv47Kn6UyQ,Cckfq1IRAAN4Q7YJh7Ru6A,4.0,2019-10-24 02:11:41
Cu6dcKerS5U4Pv47Kn6UyQ,H3WJK0fpoPrIotWqOG_yIA,3.0,2019-05-02 19:26:39
Cu6dcKerS5U4Pv47Kn6UyQ,Z5OeDuyiPwmt7P89DOjYsw,4.0,2019-05-25 00:59:51
Cu6dcKerS5U4Pv47Kn6UyQ,poviu-6n3iaRE4gdQz6OYw,5.0,2019-12-05 01:28:46
Cu6dcKerS5U4Pv47Kn6UyQ,v17tgCRjuPQiFOq4uvEI-w,5.0,2019-11-04 16:09:27
Cvi8nZTwDVaQkqmmgQwQMw,-cEFKAznWmI0cledNOIQ7w,4.0,2015-01-08 21:32:12
CwOuLZjrYzCGROwWdQLB9w,adb1hOYICrJ1Ix8M0sRpbw,1.0,2013-07-27 18:50:18
Cwhly6PJGXu_5mvwVxzWkg,6xA3Zg26SbaftWvzf6Rn4Q,1.0,2021-04-05 20:25:56
Cwhly6PJGXu_5mvwVxzWkg,LG03thDHBO4vRcYZ7g_zmg,2.0,2021-04-03 03:16:43
Cwhly6PJGXu_5mvwVxzWkg,RQAF6a0akMiot5lZZnMNNw,5.0,2017-09-28 22:04:49
Cwhly6PJGXu_5mvwVxzWkg,eJaeTZlIdM3HWCq__Ve4Wg,5.0,2017-10-17 21:59:30
D-bqLpijiXykkuY1RMs-9g,IC1mLUQ_FmBEECFYjrDRfA,5.0,2020-12-06 05:17:28
D0faGVJFyGg9BiQmjp2EUA,-Uzw3Hvy1KBNxak9vWsYyQ,2.0,2021-01-15 11:03:43
D0faGVJFyGg9BiQmjp2EUA,4d8p7qsNfWOxUxmjNXR5YQ,2.0,2020-06-24 10:00:28
D0faGVJFyGg9BiQmjp2EUA,AooN1OtJJLh1G6A-8u1v8w,5.0,2021-12-21 10:41:19
D0faGVJFyGg9BiQmjp2EUA,FEXhWNCMkv22qG04E83Qjg,5.0,2020-10-31 10:58:53
D0faGVJFyGg9BiQmjp2EUA,OWNZfbGatSf4JDZxTdWCwA,5.0,2020-12-01 18:12:27
D0faGVJFyGg9BiQmjp2EUA,Ony7JxUB_ncfK146S66PPA,5.0,2021-11-04 10:12:11
D0faGVJFyGg9BiQmjp2EUA,PP3BBaVxZLcJU54uP_wL6Q,5.0,2021-09-08 19:49:54
D0faGVJFyGg9BiQmjp2EUA,R17gwW6zn9ilslbdvKdgsg,5.0,2021-01-20 00:20:40
D0faGVJFyGg9BiQmjp2EUA,UFCN0bYdHroPKu6KV5CJqg,5.0,2021-07-01 12:09:10
D0faGVJFyGg9BiQmjp2EUA,VeI2ipPWyFCsUMU_fnP8qQ,5.0,2021-08-27 10:54:09
D0faGVJFyGg9BiQmjp2EUA,tOPDno-cu5NQO56FeOBg-g,5.0,2021-04-24 11:47:26
D0faGVJFyGg9BiQmjp2EUA,tSXp6gz160xKuOKJpJUPCw,5.0,2021-03-30 12:03:00
D0faGVJFyGg9BiQmjp2EUA,uP42QDUxC2lxz15BUDbFnA,4.0,2021-07-22 14:40:47
D0faGVJFyGg9BiQmjp2EUA,vUrTGX_7HxqeoQ_6QCVz6g,5.0,2020-04-27 18:15:46
D0faGVJFyGg9BiQmjp2EUA,wbDRmtxaKRpBOjutvV6TEA,4.0,2020-05-26 11:13:45
D1cD5X3un9R6rfTwjXGL5g,fgTOJRkc703E4XRdcr5zRA,4.0,2014-10-01 06:20:21
D2IUOetOVfjAkmohD_hsKg,EaOpoKLdqNwZ2q5owQ6LDA,1.0,2014-03-27 21:31:11
D2IUOetOVfjAkmohD_hsKg,KbSpEQ_54ovgNxOoxKP79g,5.0,2013-05-22 03:12:41
D2VBAKQjN2L5P7RxflQFMw,6OC8ErU_m06KABnfSXTJEA,5.0,2015-08-07 17:56:53
D2wWsR58zfPJP1kk3zK0Yg,TopanQyFir2nX2h3e55OnA,5.0,2018-01-02 19:49:27
D3K42OQlFSNdbaqgv7sTEw,qQ5uuXrKu-Japb9rT2sx0Q,5.0,2015-10-13 17:56:31
D3K42OQlFSNdbaqgv7sTEw,vDU_pwTCyHBPs-JoklOMWQ,4.0,2016-03-03 04:54:05
D43OWyfzIQjL8feJpYh2SQ,26P-A2QGP38Fevb0VtebNA,4.0,2018-02-19 15:34:58
D43OWyfzIQjL8feJpYh2SQ,9jHgloOaXt-clmnOmwZNZw,5.0,2019-01-10 06:02:32
D43OWyfzIQjL8feJpYh2SQ,EhW3VQOKH2zEZLZ3gCL8YA,1.0,2020-01-10 16:31:51
D43OWyfzIQjL8feJpYh2SQ,FdoIc2GfFO35OzVVC4fi2w,5.0,2018-03-02 06:05:30
D43OWyfzIQjL8feJpYh2SQ,PGd06nrseC2YAIqP6S9gUA,5.0,2018-01-25 07:38:15
D43OWyfzIQjL8feJpYh2SQ,sankqYOVWpYX_T5kGZRRKQ,5.0,2019-03-09 16:10:14
D4un9kv2gb3jaPDS7NMELg,dGUyXgFW1WSYMgRypKaYew,4.0,2013-07-29 17:11:38
D5MLy5EfhHJ2H2S8e9Vikg,KHe6HAqmyioITwTvg9Bbcg,5.0,2018-08-19 21:11:15
D5cOcz7-pwoWiIEIA1A3tQ,dNC6G1FhDVQA5D58Oyg06g,5.0,2017-10-15 23:40:31
D76EFdD5F7XoIIyQmWTQhA,kdqoDMuvyNedsouc1i33vQ,4.0,2015-08-14 00:40:59
D7lwhThc7x81CKXPwt0hdQ,uTEvgnFfZk6s-apf1j5Dnw,5.0,2021-02-04 15:52:41
D8CF2H3DYtNJlzR0IITMHQ,LbhraX3qY94g3Xn2Havbpg,1.0,2015-08-12 23:47:48
D8CF2H3DYtNJlzR0IITMHQ,OR7VJQ3Nk1wCcIbPN4TCQQ,4.0,2017-05-21 18:36:13
D8CF2H3DYtNJlzR0IITMHQ,Rb9QIj-NyRn_giOBN991YA,2.0,2018-10-11 01:24:56
D8CF2H3DYtNJlzR0IITMHQ,SmSNWxjEYQgpn-uH7Qfv7A,2.0,2015-12-23 07:18:50
D8CF2H3DYtNJlzR0IITMHQ,qzbbpQ14j_C0u0KtKQL7VQ,5.0,2015-06-13 19:19:53
D8mL8qwZsH7rbLkbNcc9bw,o45O8DI0MJXYsHnoIkP0jg,5.0,2018-05-21 02:08:48
D8n-8w7NIRCVy39-ZKoPwQ,dGUyXgFW1WSYMgRypKaYew,1.0,2013-04-28 18:21:05
D9CXVARdoX-SLXoVD2jDyQ,K5ffo0hkwhG33BDNQrJF6A,1.0,2014-03-05 03:13:11
DAeC-Y66n-jNMJJw4oAfNQ,82bYVTfEpApVNMcmz4pMeA,5.0,2019-12-30 07:29:58
DAeC-Y66n-jNMJJw4oAfNQ,8rpTqJOgmOCqLN5OCxaVOw,5.0,2021-02-06 09:04:50
DAeC-Y66n-jNMJJw4oAfNQ,8uF-bhJFgT4Tn6DTb27viA,5.0,2014-01-28 08:00:35
DAeC-Y66n-jNMJJw4oAfNQ,9xdXS7jtWjCVzL4_oPGv9A,5.0,2011-10-19 12:02:23
DAeC-Y66n-jNMJJw4oAfNQ,BjeHLwKOlHyV6DJgmZxAjA,3.0,2012-04-30 11:02:25
DAeC-Y66n-jNMJJw4oAfNQ,E48H5Zpw3ndlu7KLHGRyHg,5.0,2018-01-05 14:31:38
DAeC-Y66n-jNMJJw4oAfNQ,FaY_9x8ZtsuHe5wS2iJM1Q,4.0,2011-10-05 20:17:17
DAeC-Y66n-jNMJJw4oAfNQ,ORVWMFwF5qTWy9Cbahf0Pg,3.0,2016-01-26 17:37:30
DAeC-Y66n-jNMJJw4oAfNQ,RA5E6BDiAzgSmsxdc1A4tw,5.0,2011-05-31 16:18:47
DAeC-Y66n-jNMJJw4oAfNQ,SI3q166YxgbxzQxMfpiWjQ,5.0,2013-01-06 12:25:06
DAeC-Y66n-jNMJJw4oAfNQ,UnMFhoSEJtPBxARhJiKYKw,4.0,2017-07-14 08:08:09
DAeC-Y66n-jNMJJw4oAfNQ,c-iKAO2GBzSKjm7y1Oljcw,4.0,2013-05-05 12:46:24
DAeC-Y66n-jNMJJw4oAfNQ,dju1isgEvDd74tLTDkk5DA,5.0,2011-02-16 13:48:02
DAeC-Y66n-jNMJJw4oAfNQ,hkh5iyDeGLNhu-JUQFRE1Q,5.0,2011-11-23 23:20:39
DAeC-Y66n-jNMJJw4oAfNQ,iYUwyARgC_RNPA1rTlL3-Q,5.0,2011-02-16 14:15:58
DAeC-Y66n-jNMJJw4oAfNQ,jIfRcC9Vd_bz66nVsoEMzA,4.0,2011-06-06 15:15:55
DAeC-Y66n-jNMJJw4oAfNQ,wqGkMLZVXc0pYVjr3zDrpA,3.0,2011-10-18 19:32:45
DC1hfeeSaYr2E1xwiEL81A,gEX_kEhYgvLKGJtlY45BmQ,4.0,2019-04-11 05:04:04
DCN1sVpakVIeGIwY0jvwTw,rugDoz-A6vL-FG-8PbvOag,4.0,2018-05-28 20:53:29
DD9G_OSTN2xCjOBxHozTIA,65_MIvrauhGs_jssN4-uUQ,4.0,2016-08-16 14:34:39
DDBM1aIU5t9JfwjwQRk1Sg,081vVr80-uscqGGaFAxKfQ,5.0,2016-02-17 06:42:48
DDYzPldx4_s8h0SYfA6enw,7PbJjm9Oeq9LqM9zKsF-8g,5.0,2016-02-15 05:14:56
DDcg8gaCLBU7uvh_iGJwAg,Bii6sQO2QNinBq9vdakNBg,5.0,2011-06-03 19:03:38
DEqCWpCjJYfZYxBVQKDDew,HDnaNdHEZpQMYXo-ZHHG9g,1.0,2018-07-06 05:15:23
DFTYFXMBLiuvxJFz7qStjQ,EDm3KWvGdERKcr3e2CPe1w,5.0,2017-02-27 23:29:53
DFTYFXMBLiuvxJFz7qStjQ,WBKSV2LxPJvKRPxEfDbVrg,5.0,2020-01-30 17:59:09
DFTYFXMBLiuvxJFz7qStjQ,ywBRJjqtj2xIfsWzs8ungg,3.0,2017-06-16 20:14:19
DFoCt6O7WVt22TIwc1Xxwg,fgTOJRkc703E4XRdcr5zRA,5.0,2014-10-06 21:49:36
DGFxeztMIm4W5ZnFJtdEMA,h5tEpWXExIFwv70QN4wlAA,1.0,2013-10-14 00:32:53
DIGuAf5DhmDAjTAPrJDnzQ,Oh3Q3QfhMl2DArFiLUrT9Q,1.0,2011-12-20 04:33:29
DIIHH3R2ei7hdnv4eNzLJg,SwBhaxfQPbyhsi0QHUAN0A,2.0,2016-01-25 05:08:59
DJBuyVr8_0k78ydUgonYdg,RSBvoQEHCkXYOGpi9xmTuw,3.0,2016-07-30 03:56:07
DJIAJO8vJ5t_rNXoUE8HEQ,_357-ycTGX1t0Pla4ShVAA,2.0,2014-04-26 23:20:12
DJfiC9dvmKOw8HKcNfr4oA,f4vbnGoGo3eWorVekctVGQ,5.0,2015-12-29 05:51:01
DK57YibC5ShBmqQl97CKog,CJoO4HYD0tZRXlZqA04wmw,4.0,2018-04-05 22:17:18
DK57YibC5ShBmqQl97CKog,Ei5HBqe012ImhqEr2ZH2gg,4.0,2021-04-26 16:23:05
DK57YibC5ShBmqQl97CKog,Rv8bW3pkzpi5dZu5ckbgtA,4.0,2016-07-09 17:00:08
DK57YibC5ShBmqQl97CKog,WSx9-iYYyST_umny9sJBFg,4.0,2021-03-28 21:59:55
DK57YibC5ShBmqQl97CKog,YSRM9nWQn40eg49tSiI-_Q,4.0,2018-04-02 21:03:43
DK57YibC5ShBmqQl97CKog,ab8i075-Tjju3WvcsXTp0g,4.0,2018-04-04 18:04:16
DK57YibC5ShBmqQl97CKog,f82dhKNiUXsDVPMLqKYiIQ,4.0,2021-11-26 15:48:38
DKFVR3rof_LXMbqO9N4-_Q,GmXC3CBu172Bkb0c6RnO7w,5.0,2019-08-29 17:13:57
DKFVR3rof_LXMbqO9N4-_Q,jXrhIVKcJ-upvglUmfC1pA,4.0,2019-08-29 17:06:25
DLlLHdv8drnauxNP_WXfZw,YJVXMOIKhJjQczWj9YTwrg,1.0,2017-12-09 15:42:16
DNPyOuki2XyIzLCBoo7P0w,KHe6HAqmyioITwTvg9Bbcg,5.0,2019-10-10 13:33:57
DOfUs2NJ2qi_YAKmk5z5WA,KHe6HAqmyioITwTvg9Bbcg,5.0,2017-06-12 21:08:48
DP7ddvk4zqxdbYeHU2Qa0g,kZ1q0K13tFYG_ZJrVvsJHA,5.0,2016-10-26 01:36:27
DP7ddvk4zqxdbYeHU2Qa0g,qY-BUQY-SFBaSrFHowF3nA,1.0,2016-11-03 16:06:18
DP7ddvk4zqxdbYeHU2Qa0g,znx1v_c2IPKOXlYAbqFYvg,5.0,2010-04-24 06:35:32
DQLIeWYj1YVQbxGDzw9Scw,gmsVPTN-aGPl05fMgrRAfA,4.0,2013-12-05 02:39:07
DRPXU_i0lyk5UWRmg8alXA,6WmOJ8ARLjDUvqtHuRjQGA,5.0,2021-10-28 12:44:27
DRPXU_i0lyk5UWRmg8alXA,WOdqMURCc0CHXUllPZwpqQ,5.0,2021-10-21 21:04:24
DRpslyOwxPu5wU8DC7r7uA,8vxNQrL_ONPNXZ1VuMTmCw,4.0,2012-11-06 02:16:45
DS2EMntB3R_nzLwhdlqSmQ,EaOpoKLdqNwZ2q5owQ6LDA,2.0,2014-02-16 19:29:42
DT5JuPKzBEyJCN3EwZV9KQ,sTPueJEwcRDj7ZJmG7okYA,2.0,2020-02-14 16:55:41
DTFOGN81zlhrYENyvwQ79w,WO-ofNAvSuJpdRt9Auon6w,5.0,2018-05-01 20:41:20
DTNAb-1gJ6e2nyqCc3fdcQ,04UD14gamNjLY0IDYVhHJg,2.0,2014-10-28 03:46:38
DTNAb-1gJ6e2nyqCc3fdcQ,xWfm4AwLZr-B97fYVsIgCA,5.0,2014-12-19 18:33:23
DTNkYFXU0OcAK18_0MI6rA,TjAsf2vHEYh_mCHpQqGgDA,4.0,2018-05-08 13:19:35
DTNkYFXU0OcAK18_0MI6rA,sr-5EY6bmp4jINhea06MjA,5.0,2018-05-08 15:40:11
DTNkYFXU0OcAK18_0MI6rA,vN6v8m4DO45Z4pp8yxxF_w,5.0,2018-06-01 01:54:38
DThNvUdFQ88ol3-P7aOHpg,5lvHhLX7-8Mg7Jg3efhwjw,5.0,2021-05-23 22:44:29
DU4mr4SQArotSBPmSYdWqQ,tUkv0ZxUAdpyv8qhgRU5TA,2.0,2015-12-20 20:55:14
DURo51h1C8kRt3ku7IADrQ,DhZVpgeBKxoLd91MiwTxpg,1.0,2016-11-18 04:02:21
DWXE3HLhlMEIcasBed-RXA,trDDjiD1PVRcNx36GQCKcw,5.0,2020-10-21 16:20:24
DX4ZTwnqzOWUfv9bHFtGmw,KHe6HAqmyioITwTvg9Bbcg,5.0,2019-03-13 15:09:52
DX5hTHjdZmHnUV-7oGnI6g,VVH6k9-ycttH3TV_lk5WfQ,5.0,2008-08-17 17:42:27
DXNaZwb7fSwtNR8Lb6Zp5A,RboUn4PX9dXlpMY-w9MNtw,5.0,2019-07-31 19:42:03
DZXdYZjTjQLzhkeV-e7PWA,Fj16uG6BNZOq5K8mS2HHiQ,1.0,2020-09-25 21:06:39
DZwWptApUuGpqEpqnliQ9Q,0g9fGg7Z368fPJiBp7JvdA,1.0,2013-07-27 20:26:58
D_VxvOewm1eEkz1xLqQR_w,J8S7cPPlTgsQnXKVfTyN8g,1.0,2012-05-06 02:03:49
D_dzNKTD9Lpkje3P0nsMqQ,GXFMD0Z4jEVZBCsbPf4CTQ,5.0,2014-01-30 20:27:30
Da5NFlVHZjCx-TvzgjQlRA,HQUq4glxPzoi5zNqbNfTDA,2.0,2018-04-03 18:13:34
Db80SCez0BdYaHdC0xmzoQ,TbxnO7v3mbfonyQ4FhLMfw,5.0,2018-11-17 23:01:29
Db80SCez0BdYaHdC0xmzoQ,jbJTF1zVmZsk4hea8hoeVA,3.0,2019-08-30 08:09:35
Db80SCez0BdYaHdC0xmzoQ,w_4xUt-1AyY2ZwKtnjW0Xg,4.0,2018-11-17 22:57:25
DbWMZR2U9rBjUlHG9c39uQ,9AxWt9VSp1yg7dv5D62W5Q,5.0,2014-03-09 20:36:42
Dd-TkEszFMkSF-vRih51fQ,ytynqOUb3hjKeJfRj5Tshw,5.0,2008-02-03 05:44:10
DdedWlI5JLZ14hznYnmIAw,Oh3Q3QfhMl2DArFiLUrT9Q,2.0,2015-11-09 04:00:33
DejbySADs66NO3RMAuzBIw,4WdDY97x4GdMYtyk1KQMnw,4.0,2012-12-02 19:49:01
Dewn3eFhrFQCDTFu__Pp5A,yypfHgPJw6V65cLTOZiPSQ,5.0,2015-05-21 01:26:38
Dewn3eFhrFQCDTFu__Pp5A,zjahEwvJWOgUss5mA5MZeA,5.0,2017-01-15 19:16:53
DfJ1YwguKL1RDbIuQxHtTQ,9KHTQiXutn-W51EjAfrodw,1.0,2017-10-26 19:36:01
DfmtZlDE8JJv-boorp1PAg,_MWbuRiTqbWEjlfxRAvzWQ,4.0,2013-04-06 19:27:43
Dftld8v6mWAfrjivfw9N2Q,tUkv0ZxUAdpyv8qhgRU5TA,1.0,2015-09-16 12:00:58
DgOwhEXArKaAhf5dh7bpgw,R_J3B7usj-NDHm_wNFSa0w,1.0,2013-07-11 16:36:00
DgZa1AWNuwdnXGCQ-__o_w,sjueAFshWHWkKn5a1AymuQ,3.0,2018-03-20 15:48:50
DgmAhT4MwtS_aywueKbo3A,KgDBWabaF6J7R6TH0l4I5Q,5.0,2018-04-26 03:02:53
DgrIg1OR7arL8tVRiZ-psA,isbeaPln-E0DdffLRsuFhw,5.0,2019-05-09 01:31:27
Dh6OTRg1ajZ6QLZgbOTcBQ,xmRuCnMaXldWXkYnlCo-fg,4.0,2017-05-13 00:43:51
Dh8EyyJ6kBnlThByXj6jVw,Gekeq1c-fuezmx0PSGQvzw,2.0,2019-10-28 01:22:24
Dh8QUptJmiEuP-NC9rUxnQ,Cjwb7VQGP0u2eWYj1wnO3g,1.0,2010-04-21 08:09:18
DhZnSoyq3mVUsADMJw6JDw,bEw98BIWaAUjL7VNpZ7Crg,4.0,2020-05-23 17:08:39
Dhfb_rj1Bvf6211gCj7i2Q,9PXJkRLVWd6IMPfBzdJp2Q,1.0,2009-11-30 20:12:08
DiZyLkHNsUp0Fm0WJ3YMxQ,KHe6HAqmyioITwTvg9Bbcg,4.0,2015-03-29 18:55:02
Dj-pjIbe90yBlCPjSoUNrw,yj9lGwTLo_R1rMxJoEiR8g,1.0,2013-01-20 19:32:15
DjUtvqp_Vi4kU6CA7Q9JEg,OWOOc0YjU_kioLeEgo5VCA,5.0,2009-01-02 19:12:34
DkTx2-WgdStvIHTWtbsidQ,of-GVqY0G_UDHXT9Xg_ADQ,5.0,2014-05-19 11:31:12
Dkb-TJFNSWl4PYR8wEcWcw,8gY3LGFUMIQubovGbSd7Nw,5.0,2016-05-06 21:08:34
Dkb-TJFNSWl4PYR8wEcWcw,DypjfwplxJ4i8BxoHwLLmg,5.0,2016-01-26 02:22:05
DoPxJ9wGS3ruAJNuy4NfJA,pqcYTOo8kMYoNt4fjOm_vQ,2.0,2021-03-12 04:21:24
DovHB3_UYWi9hzooWaYKDQ,8zJYnVNKD7XUHaKFMMREBg,1.0,2019-04-30 14:55:30
DqUPwUqc83KWYe8BKXnP0A,rBdG_23USc7DletfZ11xGA,2.0,2012-12-03 14:39:34
Dq_Jkpx4xpbh4iofayOr6g,EME5hqQLjBD7e2cLryupbA,4.0,2018-05-18 15:32:10
Dq_Jkpx4xpbh4iofayOr6g,VaO-VW3e1kARkU9bP1E7Fw,4.0,2018-05-18 16:48:34
Dq_Jkpx4xpbh4iofayOr6g,iSRTaT9WngzB8JJ2YKJUig,3.0,2018-05-12 04:23:29
Dq_Jkpx4xpbh4iofayOr6g,qt_E6txwQ1h62wyv8701UQ,3.0,2018-05-13 20:30:24
Dq_Jkpx4xpbh4iofayOr6g,sitve7-2mPUQQ2bV8jLCRg,4.0,2018-05-18 17:11:29
Dq_Jkpx4xpbh4iofayOr6g,swVdc9piXvG0AXwL-F0GfQ,3.0,2018-05-18 16:21:47
DqkSHfAfJCwXaOQYiSiwHA,8vxNQrL_ONPNXZ1VuMTmCw,4.0,2017-11-13 19:11:02
DqkSHfAfJCwXaOQYiSiwHA,_qgqa4X1OiMLqub1hHaMjg,5.0,2018-10-05 13:49:26
DsSTEHDUdXQsk7tknLtQSw,_357-ycTGX1t0Pla4ShVAA,1.0,2018-03-04 19:07:00
DuC2TFDgADG_V47FeOP8mQ,K7KHmHzxNwzqiijSJeKe_A,5.0,2015-09-07 19:26:22
DuwLDuacQWtKSIgB-sbvDg,Oun4NN-u5yiHIxDqtJnxgA,5.0,2012-09-25 14:55:18
DuwLDuacQWtKSIgB-sbvDg,of-GVqY0G_UDHXT9Xg_ADQ,2.0,2014-06-07 15:13:03
DvP8pq7QzV11_0968ahxMQ,8kUh6TROemLfbVR_ewVVLg,4.0,2012-05-15 20:54:25
DvP8pq7QzV11_0968ahxMQ,FHNIvNgh3fS7VZQq2Y3dsA,3.0,2013-04-02 00:39:23
DvP8pq7QzV11_0968ahxMQ,Oun4NN-u5yiHIxDqtJnxgA,5.0,2012-01-27 15:42:47
DvP8pq7QzV11_0968ahxMQ,iMw_LReFjEsvhFGrU1EKqQ,4.0,2011-03-16 19:15:04
DvP8pq7QzV11_0968ahxMQ,nFFCuRvcmvStV4Mwl6gFBg,4.0,2012-04-20 18:39:52
DvP8pq7QzV11_0968ahxMQ,oyA87-Q_vqnmxVOn_auJQQ,3.0,2011-07-08 15:46:21
DvP8pq7QzV11_0968ahxMQ,qcguEeAMP0XwFLYqhwX2hg,4.0,2012-11-15 16:55:20
DwIetk5y9m6AypCjPux6RQ,4MFIksBbFgsbVyqH9Tmoiw,5.0,2015-03-16 01:38:24
DwIetk5y9m6AypCjPux6RQ,9Ys1CvuL7GFwRdhudvWWfQ,5.0,2018-03-06 02:02:43
DwIetk5y9m6AypCjPux6RQ,gFApW0S59priCHlZbMPSiA,5.0,2013-10-07 06:21:54
DwaaafwryFbW7C4E1gU1AA,-ymffdKa-pkGZa8sDDjSig,4.0,2019-06-07 04:54:20
DwaaafwryFbW7C4E1gU1AA,0jQiSHnQTFyJnw1HHV9NVQ,5.0,2020-03-09 14:11:42
DwaaafwryFbW7C4E1gU1AA,15BlJKQfD-SLJTebWa14EQ,5.0,2016-06-19 01:55:45
DwaaafwryFbW7C4E1gU1AA,15OmkswaBLhN0X6UETqvaQ,4.0,2017-03-10 06:13:46
DwaaafwryFbW7C4E1gU1AA,1Hd-0f0gWvI7y9CI_3kFVg,4.0,2015-10-20 02:52:24
DwaaafwryFbW7C4E1gU1AA,4_OXOjAUA9Q8L6VdZz692w,4.0,2017-03-10 06:35:37
DwaaafwryFbW7C4E1gU1AA,5j9TfW8RrdkpaHlaBwt6bQ,2.0,2017-09-30 04:04:30
DwaaafwryFbW7C4E1gU1AA,5lvHhLX7-8Mg7Jg3efhwjw,4.0,2020-12-29 06:29:14
DwaaafwryFbW7C4E1gU1AA,6iqDIQCE8sq7Xq1xvhG1Tg,4.0,2015-02-14 05:30:58
DwaaafwryFbW7C4E1gU1AA,8OMerSx6en6MgHYg3E89ZA,4.0,2019-03-27 04:52:59
DwaaafwryFbW7C4E1gU1AA,8gY3LGFUMIQubovGbSd7Nw,5.0,2016-04-25 03:56:33
DwaaafwryFbW7C4E1gU1AA,A2q7d-CBM2-81tVkmS4JMw,3.0,2015-11-27 01:53:18
DwaaafwryFbW7C4E1gU1AA,DRFYfzBf-WzQUjN0eUo1HA,3.0,2019-02-06 05:16:34
DwaaafwryFbW7C4E1gU1AA,DZYSb9amfB3EAh1IdwtbEA,4.0,2016-07-16 04:37:20
DwaaafwryFbW7C4E1gU1AA,ECmPXOHont5XlHp3zs4g4A,4.0,2019-06-14 22:34:25
DwaaafwryFbW7C4E1gU1AA,EZpbFQJEgo00XNlKJe-4ew,5.0,2015-09-28 03:44:02
DwaaafwryFbW7C4E1gU1AA,Eo0psaCr_gcty9QqyUy46Q,3.0,2017-02-27 05:20:25
DwaaafwryFbW7C4E1gU1AA,Hh8jUR0mtVXkAnv8XDZjyA,4.0,2016-10-15 05:24:14
DwaaafwryFbW7C4E1gU1AA,IxlIgLbIbynzJdzeqO860Q,4.0,2018-10-15 00:21:13
DwaaafwryFbW7C4E1gU1AA,JIf1gHuAp_abYX7i1b2Y-w,4.0,2017-01-20 07:24:42
DwaaafwryFbW7C4E1gU1AA,KgDBWabaF6J7R6TH0l4I5Q,4.0,2018-07-23 01:41:58
DwaaafwryFbW7C4E1gU1AA,LrkrvFHlnD1BHj2b2w0JpA,3.0,2019-01-31 04:10:38
DwaaafwryFbW7C4E1gU1AA,MFxRPt8-B2xTYmon3s84kg,4.0,2018-09-05 01:32:32
DwaaafwryFbW7C4E1gU1AA,MgJ_P-xlnTorvkW7l7fXKg,4.0,2018-06-18 03:10:43
DwaaafwryFbW7C4E1gU1AA,MiPN-oUTmplbe9LTxDmkag,5.0,2019-04-14 05:12:07
DwaaafwryFbW7C4E1gU1AA,Mr0Ph0NoO7l-r8uXReUOwQ,5.0,2016-03-26 04:57:38
DwaaafwryFbW7C4E1gU1AA,N2n_nuiXb64ak0BNvIYEcQ,4.0,2019-08-12 05:13:48
DwaaafwryFbW7C4E1gU1AA,NcU8WT4TiIrRYhWAoZT4qQ,4.0,2015-06-09 17:02:05
DwaaafwryFbW7C4E1gU1AA,OJpwmYvsZnXt62sxco3F0Q,3.0,2017-03-03 23:06:31
DwaaafwryFbW7C4E1gU1AA,OR7VJQ3Nk1wCcIbPN4TCQQ,5.0,2016-03-31 02:36:40
DwaaafwryFbW7C4E1gU1AA,Pr-OrQ0-hNPFdp8bVZN6Lg,5.0,2018-10-19 07:10:07
DwaaafwryFbW7C4E1gU1AA,QAYu-WTCZYvOxccDvj4S5Q,3.0,2016-10-15 19:25:07
DwaaafwryFbW7C4E1gU1AA,Rb9QIj-NyRn_giOBN991YA,4.0,2018-09-30 16:23:03
DwaaafwryFbW7C4E1gU1AA,S8TWiMbbBaCNUHbQXOCBNg,4.0,2019-07-02 05:16:56
DwaaafwryFbW7C4E1gU1AA,SG7g4cJFjgWtODi28W4eaw,3.0,2017-03-05 13:45:50
DwaaafwryFbW7C4E1gU1AA,VPEZwyog5oF82gzd9qfcOA,4.0,2016-11-19 04:00:10
DwaaafwryFbW7C4E1gU1AA,W72rYffSVg0pIaOpRgNniw,4.0,2018-04-15 03:31:25
DwaaafwryFbW7C4E1gU1AA,W9y4JkMqy2dFNwYc3Y5cKQ,5.0,2016-07-24 14:54:06
DwaaafwryFbW7C4E1gU1AA,WIY7S0HgG-pnHPARn8gFkg,4.0,2018-10-09 02:36:53
DwaaafwryFbW7C4E1gU1AA,ZQ1xusCuRoHneUw_PfZM3w,5.0,2015-05-07 03:54:14
DwaaafwryFbW7C4E1gU1AA,_NozEKb4y0jkC08DWU8ywA,4.0,2015-09-19 19:52:31
DwaaafwryFbW7C4E1gU1AA,cBp1fn2LXpSHe4VbTXLYEw,3.0,2017-05-20 05:39:30
DwaaafwryFbW7C4E1gU1AA,eIKjxqdMduIeIqzPg7yc-Q,4.0,2016-08-05 20:27:47
DwaaafwryFbW7C4E1gU1AA,eUxD-l-Ddr1iMmzV6prNFw,4.0,2017-09-11 05:14:20
DwaaafwryFbW7C4E1gU1AA,eoMVY8MLh0pXHIW2zt5I8Q,3.0,2017-05-13 22:14:28
DwaaafwryFbW7C4E1gU1AA,fchpEk-UJf_AUz-51LEidg,3.0,2015-08-14 21:24:24
DwaaafwryFbW7C4E1gU1AA,g82DuEDwnMrUQa7eSpGzAA,4.0,2021-09-26 19:09:27
DwaaafwryFbW7C4E1gU1AA,gItWMfgXm568VI85W4cBSw,3.0,2016-03-26 05:24:24
DwaaafwryFbW7C4E1gU1AA,ipPhk2H1S5MjswqJH7xrCA,3.0,2016-05-06 21:24:17
DwaaafwryFbW7C4E1gU1AA,lau2jbBCG3XohoAvCRIm1Q,4.0,2017-07-28 18:59:30
DwaaafwryFbW7C4E1gU1AA,nEGnUIq5NC-pCc5Zjs2OhA,2.0,2017-03-15 04:37:00
DwaaafwryFbW7C4E1gU1AA,offiWjhY-INp-m6dEGi80g,3.0,2021-03-26 02:16:08
DwaaafwryFbW7C4E1gU1AA,pAFtOcz710oLQ-e_J6AIzw,3.0,2015-06-05 04:20:56
DwaaafwryFbW7C4E1gU1AA,xMsox8o5eZx7JooidQROsA,5.0,2016-10-12 05:20:36
DwaaafwryFbW7C4E1gU1AA,xmRuCnMaXldWXkYnlCo-fg,5.0,2021-10-30 17:59:14
DwaaafwryFbW7C4E1gU1AA,zBfYuwdybeMHfLuUbO1Ung,3.0,2017-08-28 03:46:04
DwaaafwryFbW7C4E1gU1AA,zxuVnNVAUm16Sro0dS_lmg,5.0,2020-02-02 06:35:23
DxLeV9DjaiKwcbvYFvHv-A,3dQaEBDWOyqDYhP3-ac7NQ,4.0,2015-07-31 07:28:18
DxLeV9DjaiKwcbvYFvHv-A,5rSg5FARufPsy_ACLLhy-g,4.0,2014-03-09 01:31:52
DxLeV9DjaiKwcbvYFvHv-A,KiwskluQ7tMqZqvuf872vg,4.0,2015-08-01 06:51:46
DxLeV9DjaiKwcbvYFvHv-A,VCGOGpOYnomj7o2qeVHHiA,5.0,2015-07-10 05:38:27
DyriRhK5lHZSnka--Nop7A,TRpIVZlPEShnO8hzJr4dcw,1.0,2013-08-05 19:32:47
Dzuc8jWCQit4MoBMOrEpYQ,CSRJYftc_THPHSJQAqghCg,3.0,2017-12-09 13:48:30
E-NSw3VZtz4oUHlM4W8i7A,hwcPLznPbsW8ghC20OluRQ,5.0,2013-11-03 07:54:55
E1mlcUG0PQa2dtsP1Nb6TQ,_nqrmx5xKLQyrbmjhwiiuA,5.0,2016-01-29 18:51:35
E2CuwvUZdhvrAvvNdmmN8A,SwBhaxfQPbyhsi0QHUAN0A,2.0,2013-10-10 14:20:52
E2RmKWGpVIk1u-cO-ajUGA,c3a5La0D2L51qXVE7DIJLg,5.0,2013-05-20 19:40:20
E2RmKWGpVIk1u-cO-ajUGA,mVV95BIwhFOa7TNH9pVMGA,5.0,2010-09-15 17:34:54
E2RmKWGpVIk1u-cO-ajUGA,znx1v_c2IPKOXlYAbqFYvg,4.0,2010-01-30 23:02:17
E2cyXbNdTpnR7Vn6_vtdKA,VYZUkQCYycb07krnGiVPSw,1.0,2012-01-22 03:08:07
E4BsVQnG5zetbwv2x8QIWg,0UJqTczta018RoktahC0jw,3.0,2017-10-26 01:14:59
E4BsVQnG5zetbwv2x8QIWg,11qwVOxX-Z0bWAnfpVLnlw,2.0,2014-02-13 00:04:22
E4BsVQnG5zetbwv2x8QIWg,26P-A2QGP38Fevb0VtebNA,2.0,2017-09-15 00:01:05
E4BsVQnG5zetbwv2x8QIWg,2MHNvEPEGxvBxZLXM5ESpg,2.0,2016-08-13 23:20:12
E4BsVQnG5zetbwv2x8QIWg,4ADeBcc3O4zmTrp60H4O_A,3.0,2018-10-03 01:36:43
E4BsVQnG5zetbwv2x8QIWg,5fCpIolPWznGdz3D6hjrvg,3.0,2013-10-04 19:31:09
E4BsVQnG5zetbwv2x8QIWg,6Aa0t9YWJNknGP9tHWmG5Q,3.0,2015-07-30 00:26:54
E4BsVQnG5zetbwv2x8QIWg,7dLQkwWU2fRqTlvplg0iMw,2.0,2015-07-29 19:25:48
E4BsVQnG5zetbwv2x8QIWg,854d-ziK_hQFmbNdvF3ZsA,3.0,2016-07-30 06:44:14
E4BsVQnG5zetbwv2x8QIWg,95d60_mjUg2kLy-bhDLC6w,4.0,2017-10-26 00:58:01
E4BsVQnG5zetbwv2x8QIWg,9CRWWbw3iOo4-9FMAO6nKw,1.0,2016-09-07 18:43:09
E4BsVQnG5zetbwv2x8QIWg,9XjXIqQFQ2SfeHTwPRngIA,3.0,2015-05-18 21:09:03
E4BsVQnG5zetbwv2x8QIWg,9cybDNxJ7cyNVkmwm-ktcg,1.0,2014-01-03 01:53:04
E4BsVQnG5zetbwv2x8QIWg,9kv9JpLhzkN3UeWZDrsmEA,1.0,2014-07-01 04:19:32
E4BsVQnG5zetbwv2x8QIWg,9ruUYAz35q6mgUpxb5zZhg,3.0,2013-10-07 00:59:39
E4BsVQnG5zetbwv2x8QIWg,BxqNxIOcaLjHzGa0m0foXQ,4.0,2016-01-22 00:44:46
E4BsVQnG5zetbwv2x8QIWg,C26xmwM2_OgJJi2BbL3KkQ,1.0,2015-08-28 22:31:17
E4BsVQnG5zetbwv2x8QIWg,ChlcxTEoWBQJXJ2Xb2vm5g,2.0,2015-07-31 23:10:14
E4BsVQnG5zetbwv2x8QIWg,EmJF-xSIOaEEOWcK8UOBqg,5.0,2017-02-23 19:23:27
E4BsVQnG5zetbwv2x8QIWg,GmXC3CBu172Bkb0c6RnO7w,3.0,2016-08-19 21:33:13
E4BsVQnG5zetbwv2x8QIWg,MG_wIwRBwyNnCAEMXe9Jqw,4.0,2018-11-23 03:05:12
E4BsVQnG5zetbwv2x8QIWg,bkxtuHXCL7GR51FiNdextA,4.0,2013-11-18 19:10:48
E4BsVQnG5zetbwv2x8QIWg,hfbZ97Te3T4jeWN6GgsGrQ,2.0,2015-09-09 20:47:55
E4BsVQnG5zetbwv2x8QIWg,qF8jkN4q4SajC4p4nKwjgQ,4.0,2014-06-05 00:15:09
E4BsVQnG5zetbwv2x8QIWg,rjnjqqwMLbEGs5m16u2cGA,5.0,2013-12-06 02:03:17
E4BsVQnG5zetbwv2x8QIWg,uR7G8I4Cef9D9R340TN24Q,5.0,2015-08-12 23:40:29
E4BsVQnG5zetbwv2x8QIWg,xZileQFJ7h-0QKjtGc9xgg,5.0,2016-07-15 00:46:26
E4cL_21Gad2RTYMuekms4g,KHe6HAqmyioITwTvg9Bbcg,4.0,2019-08-25 11:40:04
E6Aoz-3s4avfweIjziHjbA,SwBhaxfQPbyhsi0QHUAN0A,5.0,2011-09-16 02:20:44
E6Y6LF4_2k54QZxQG4GHcw,tV46IhCfHbsx_af-pMupiw,1.0,2012-08-26 16:59:07
E77THrghUPsZuAgD3NsfyQ,FlDkxuO6MGrW7x1OJTtJew,5.0,2018-03-14 02:36:50
E77THrghUPsZuAgD3NsfyQ,oCbJpGl8IkH1WdYa25TDBA,3.0,2018-07-07 17:17:56
E7CQw7i7fE7L4EBuwUDmkg,nM3dJkSIWuw01HoJyKt3Pg,1.0,2010-11-23 05:31:22
E7k91Jb9z0UPTLndK6zx8g,CBo-YlPMKs3vdYJQRtuznQ,5.0,2019-10-29 20:13:48
E9Ertlg27-dH9B3Fl9H72w,0jpFptAehZhLl3nkhHDanA,4.0,2021-08-25 01:16:31
EAHCCgMFoJxlOPcCPQ91SQ,COZbEsySsjS1d3mJ6cXeTA,5.0,2017-06-04 21:14:48
EBj_7yv2QgCxxBkqUBXfuw,thb9MKU1kOG_TZ0sn2RxcA,5.0,2014-01-27 03:30:00
EBkes0zPyGzDv61m5KHexA,Sc6V7hXU7Ar2_mmRoRYsKw,3.0,2017-08-15 02:45:56
EBkes0zPyGzDv61m5KHexA,ywBRJjqtj2xIfsWzs8ungg,3.0,2018-02-04 18:06:59
EC3sZ3YckujUkZQOR67twA,KHe6HAqmyioITwTvg9Bbcg,5.0,2021-06-09 23:58:37
ECjfeIqrQj6e7VXVCTOleA,8gY3LGFUMIQubovGbSd7Nw,2.0,2015-03-22 21:23:49
ECjfeIqrQj6e7VXVCTOleA,vHr8qhM4CXYB3Ol_9yS6QQ,5.0,2015-03-06 06:51:25
EDBTE8HMO-iN5hAi9B382A,9cybDNxJ7cyNVkmwm-ktcg,4.0,2017-02-13 20:39:21
EDBTE8HMO-iN5hAi9B382A,Q6BQcgabriKd5wPxvzOIWg,5.0,2017-02-13 20:30:28
EDP-WIrKO3JP6PKu5hrMEg,Cfpv0IjS0lI4CgF1fpbF_w,1.0,2012-03-05 20:39:14
EFEBm0GcgF7aflpMoSopkA,Yax5aVDXTboGKvy8J6Vqpg,5.0,2016-01-16 03:39:36
EFw9r83RQGk-ei3NR09K7A,1ddqdY_piKp-abaZ-bGRSA,5.0,2014-12-21 05:41:44
EGz1NDtgVbndCJ5R3F-stw,sdzD-6O7eKIYgF9WzOuasg,4.0,2015-04-22 04:52:01
EHO7OGlQp39G-zT9jFTJbw,qvGfM67TXU-akls99x2ibg,5.0,2020-01-03 17:18:40
EHjp3-183IXI-sC0yluZwg,kZtl_NJjUnlIQgzFrBhXyQ,2.0,2014-02-07 07:40:55
EHkOfvfgot8tm0agVd5sFw,ZMkZj5YsBW3XHH5fOBh6fw,3.0,2018-03-26 20:15:07
EIt66bYmFr_2kbs5qsL-0Q,RLRTakpA-jtBsurYHjZRRQ,5.0,2009-05-31 02:56:57
EJ6_42rw8W73rxm_R4aQ2w,29fX9PdevQa5LZavVDJsbw,3.0,2016-02-28 02:05:52
EJ6_42rw8W73rxm_R4aQ2w,EDm3KWvGdERKcr3e2CPe1w,1.0,2014-03-02 02:16:45
EJ6_42rw8W73rxm_R4aQ2w,IxlIgLbIbynzJdzeqO860Q,5.0,2017-12-24 03:42:06
EJ6_42rw8W73rxm_R4aQ2w,Rb9QIj-NyRn_giOBN991YA,4.0,2018-10-05 15:46:50
EJ6_42rw8W73rxm_R4aQ2w,Sc6V7hXU7Ar2_mmRoRYsKw,4.0,2017-04-08 22:06:16
EJ6_42rw8W73rxm_R4aQ2w,U1Gao2oKgFaggpksDIctiQ,4.0,2017-10-06 17:56:13
EJ6_42rw8W73rxm_R4aQ2w,ZYoKsoyfRuxqJPwsKtzqFQ,2.0,2017-04-11 13:17:30
EJnAiLDu8LYqX8TNurevDw,tUkv0ZxUAdpyv8qhgRU5TA,1.0,2015-08-23 04:19:05
EJuB6-MPmUECYUyduR2xmg,3iR4vRtg9yc55_OnMdGQLw,5.0,2020-03-03 01:32:03
EJuB6-MPmUECYUyduR2xmg,5lvHhLX7-8Mg7Jg3efhwjw,3.0,2021-07-27 02:07:48
EJuB6-MPmUECYUyduR2xmg,nEGnUIq5NC-pCc5Zjs2OhA,4.0,2021-10-20 00:56:52
EJuB6-MPmUECYUyduR2xmg,uihNp1cyWmHkma4U0MJHow,5.0,2020-11-23 23:54:06
EJuB6-MPmUECYUyduR2xmg,vKbCtJEwGnew-BpGIIzxJw,5.0,2021-07-02 02:08:46
EKDpqpzmLBXzO6PKk4ZUdA,IkY2ticzHEn4QFn8hQLSWg,1.0,2016-07-02 23:52:13
EKHHI7vhB8apw1NFdrEwQA,PDTart2-ChFYdNjECtreQg,3.0,2013-07-02 15:27:42
EKcDwl-1cmhqhhps8axkZw,aDgughL1vDootnXe5kUWGQ,1.0,2016-01-05 05:01:27
EKx80Qf23_6gHf2kio2M8w,pWuoHHu0LuVrD0HjadDygg,1.0,2019-06-12 06:19:06
ELfP3v7fG_C1xiB0bEaJuA,rsMbMeW7IbXxPFh4WwbddQ,5.0,2019-03-25 02:00:58
EMJV9rib660I4RpMsbzWbg,GM6j5hDNqra0pVfTcpTMMw,5.0,2016-10-07 21:06:37
EMMKdK1cGrLSo08wgSYHJQ,B6Lvq3sOYwhKxPzadDka9g,5.0,2011-10-16 01:13:18
EMRqhPl8N-b7L9YdRR60WA,JuHa7dMYCZ9xci50M7nG1g,1.0,2019-03-28 11:35:00
EMgEqxfEHBx01s_vA_bhNw,yE6aDcbbK8pmvNroXnQYQA,5.0,2016-03-31 13:54:31
ENob_LVAk-FqNJ5-PB5Ufg,RBujFM-QxuMU_YorRW8_0Q,4.0,2017-09-17 19:58:18
ENob_LVAk-FqNJ5-PB5Ufg,gsyyVQmvT9A2nAgUi7VUag,4.0,2021-01-16 21:31:42
ENrbEhfrLMZ5Me5pb1HBnA,0jpFptAehZhLl3nkhHDanA,3.0,2015-07-22 22:03:03
EO6JFFntxgBeOLrGceTbzQ,HLh0we-7JQ322p6a7z5hAA,1.0,2017-11-23 04:52:10
EOajY1L3ole3gLTCZ2xw1g,-cEFKAznWmI0cledNOIQ7w,4.0,2017-01-10 14:00:15
EOajY1L3ole3gLTCZ2xw1g,_Q3XmBesceFqn9Dk-w6tlA,5.0,2020-11-05 15:49:05
EOajY1L3ole3gLTCZ2xw1g,vhDWGF-8BfsxvS7Zo5Wv2w,5.0,2016-01-23 02:17:50
EP0Q4KEe99urpxCd6yeTUQ,pWuoHHu0LuVrD0HjadDygg,3.0,2019-11-03 17:29:12
EP8o8JnQSI0WEkeodwA8lA,-psZLTe6IJTQUB-bZF7Zyg,2.0,2012-07-28 12:00:56
EP8o8JnQSI0WEkeodwA8lA,4WdDY97x4GdMYtyk1KQMnw,4.0,2013-06-01 02:16:13
EP8o8JnQSI0WEkeodwA8lA,BVv3JFBNRQW3pX9cTZizkQ,5.0,2014-01-23 16:53:29
EP8o8JnQSI0WEkeodwA8lA,Meww6RIE4cFL_kG0aRlbAA,3.0,2017-11-01 23:47:55
EP8o8JnQSI0WEkeodwA8lA,QOPcqO5zvGVZL54917JUdw,4.0,2012-03-11 01:24:39
EP8o8JnQSI0WEkeodwA8lA,Q_Wo3rX84Dy-YdQsiDmrWw,2.0,2014-05-23 01:07:34
EP8o8JnQSI0WEkeodwA8lA,V1XS9HMe9bzEuW4RZFycBA,1.0,2016-02-09 21:32:33
EP8o8JnQSI0WEkeodwA8lA,XDMno4l95AXgYOd0yDtHZA,4.0,2015-01-17 23:27:39
EP8o8JnQSI0WEkeodwA8lA,fgnHM4VT-n1VjFL3YeBJsg,4.0,2016-01-03 19:22:20
EP8o8JnQSI0WEkeodwA8lA,ys7yho1IoE9hj_i-g4DeJg,1.0,2016-02-26 00:40:29
EPK4_bIsyVlrlsLH3RClEQ,8xTHtLoNIwdpf0FEvIpQIw,4.0,2014-10-02 13:42:28
EPK4_bIsyVlrlsLH3RClEQ,CYSPKiVdoPX3erovujnE9Q,4.0,2019-05-25 12:05:52
EPK4_bIsyVlrlsLH3RClEQ,R17gwW6zn9ilslbdvKdgsg,4.0,2014-06-05 14:22:51
EPK4_bIsyVlrlsLH3RClEQ,RGzIHIhOIZzsjLRVDvSjRQ,4.0,2019-05-12 10:42:52
EPK4_bIsyVlrlsLH3RClEQ,TSKCK51GymAsxiA-kx-RiA,3.0,2020-01-19 11:49:17
EPK4_bIsyVlrlsLH3RClEQ,VVH6k9-ycttH3TV_lk5WfQ,4.0,2014-11-03 20:09:40
EPK4_bIsyVlrlsLH3RClEQ,Y2Pfil51rNvTd_lFHwzb_g,4.0,2014-11-06 18:39:30
EPK4_bIsyVlrlsLH3RClEQ,atZ_olNKXOG4rEr6mccN8g,3.0,2015-02-28 21:39:15
EPK4_bIsyVlrlsLH3RClEQ,hvr1FhvVqDKkDCoS0GKvyQ,5.0,2018-07-11 09:01:52
EPK4_bIsyVlrlsLH3RClEQ,kZ1q0K13tFYG_ZJrVvsJHA,4.0,2014-05-03 20:41:06
EPK4_bIsyVlrlsLH3RClEQ,poviu-6n3iaRE4gdQz6OYw,4.0,2018-07-11 09:00:52
EPK4_bIsyVlrlsLH3RClEQ,rVfe1LHo55A2fworkm_jVw,4.0,2018-07-08 12:29:09
EPK4_bIsyVlrlsLH3RClEQ,ytynqOUb3hjKeJfRj5Tshw,4.0,2014-10-02 13:59:19
ERBY_efdJA08J7Tq-bUjEQ,iSRTaT9WngzB8JJ2YKJUig,1.0,2018-03-28 19:21:56
ESKFqdhvRHT-MIdulNMSGw,NHdE_ObFj7OjQBB3jjqBNQ,5.0,2017-04-05 15:46:59
ESpwFKguWoMuWH0pSgjL7A,aAyCUTc7y9ZIN1OZ7tGe6Q,5.0,2009-07-12 04:19:54
ET3TgSSQ3shm2mj5vZ8IVQ,KHe6HAqmyioITwTvg9Bbcg,4.0,2008-01-15 18:42:34
ET8n-r7glWYqZhuR6GcdNw,-2-ih3mE8KPyeKVIzpBfPQ,5.0,2016-06-24 16:17:51
ET8n-r7glWYqZhuR6GcdNw,-RckAAIJ-_KH0AzqrekYuw,4.0,2018-07-14 13:02:55
ET8n-r7glWYqZhuR6GcdNw,-cEFKAznWmI0cledNOIQ7w,4.0,2017-06-05 17:14:10
ET8n-r7glWYqZhuR6GcdNw,-hsR1sWeD9Vw_nh5Qym2fg,1.0,2015-08-13 19:44:25
ET8n-r7glWYqZhuR6GcdNw,-lVEVi3vtQ8_L9kKT0bBwQ,5.0,2016-10-06 14:25:17
ET8n-r7glWYqZhuR6GcdNw,02nb6CI8w-2EoSEkQdk2Wg,4.0,2011-04-11 15:55:04
ET8n-r7glWYqZhuR6GcdNw,04UD14gamNjLY0IDYVhHJg,4.0,2014-06-04 17:59:38
ET8n-r7glWYqZhuR6GcdNw,0OsR9lO16jxa0xWUY57s9g,4.0,2021-04-21 13:55:40
ET8n-r7glWYqZhuR6GcdNw,0sb5sHF_BNcUzDxuia-D1w,4.0,2014-02-13 19:48:13
ET8n-r7glWYqZhuR6GcdNw,17MK8qagV374AuUA4sXuIA,4.0,2008-06-05 14:07:46
ET8n-r7glWYqZhuR6GcdNw,1OfhM-ZKvcpxyxptCCzEwA,4.0,2015-05-04 21:31:54
ET8n-r7glWYqZhuR6GcdNw,1UNJeHTsS7WS9RxRzHw06g,5.0,2010-07-27 15:11:10
ET8n-r7glWYqZhuR6GcdNw,1fGaY2WlGv2l4as6UkMFrg,5.0,2011-10-25 14:57:50
ET8n-r7glWYqZhuR6GcdNw,1hPvAr6D7yPpGbD_4RMqmQ,4.0,2010-01-06 17:07:07
ET8n-r7glWYqZhuR6GcdNw,2er_V-oAd7IbQ5YTY56r7A,4.0,2017-12-11 19:07:06
ET8n-r7glWYqZhuR6GcdNw,35jNPbB_-8oh-LHb9GEIQg,4.0,2018-05-08 16:10:09
ET8n-r7glWYqZhuR6GcdNw,3gVSrS4kffGGZT8oXHsIcw,4.0,2015-12-21 22:39:06
ET8n-r7glWYqZhuR6GcdNw,4_W5pstoN1166TGjjPOrMg,4.0,2009-03-20 15:41:04
ET8n-r7glWYqZhuR6GcdNw,4rG4tJF2EC2CfYvBu_uqpQ,3.0,2019-03-06 16:58:41
ET8n-r7glWYqZhuR6GcdNw,5E7Zk3g6kLsB72J4EX4YkA,5.0,2015-03-16 18:21:52
ET8n-r7glWYqZhuR6GcdNw,5Gdz1b4bffTJAWXENGtQPA,4.0,2020-05-06 14:11:37
ET8n-r7glWYqZhuR6GcdNw,5hvO_zH7B1n2humawoPHrw,5.0,2018-01-29 16:47:27
ET8n-r7glWYqZhuR6GcdNw,617w8MQE3z1szmLvs0WfCw,4.0,2020-05-01 14:46:17
ET8n-r7glWYqZhuR6GcdNw,6F-6mFFNw2YXN7lD_Gukcg,4.0,2011-03-28 13:46:58
ET8n-r7glWYqZhuR6GcdNw,6GXMHrB8u-3nq87zE1Av0w,2.0,2019-02-05 15:39:25
ET8n-r7glWYqZhuR6GcdNw,6Ty-KKWq6hLZYW8DWEHYvg,3.0,2015-07-10 13:16:12
ET8n-r7glWYqZhuR6GcdNw,6rOZ16N6YlpLC9_7fDnMLw,5.0,2015-04-30 03:49:33
ET8n-r7glWYqZhuR6GcdNw,7D5-a53BLau19RpMu-L3zg,4.0,2015-06-12 15:29:49
ET8n-r7glWYqZhuR6GcdNw,7lwe7n-Yc-V9E_HfLAeylg,5.0,2020-03-31 18:47:41
ET8n-r7glWYqZhuR6GcdNw,8-AIbFaP6GP9BwHZdclBog,5.0,2008-12-22 17:22:40
ET8n-r7glWYqZhuR6GcdNw,8P8HIysyyGbG8_94cG1Jyg,3.0,2014-01-30 20:10:05
ET8n-r7glWYqZhuR6GcdNw,93K-xlLwLnwcFuV2r2MI6Q,5.0,2020-05-08 12:52:28
ET8n-r7glWYqZhuR6GcdNw,99e7bysta1myyrQogFEWUQ,4.0,2011-05-02 01:26:02
ET8n-r7glWYqZhuR6GcdNw,9D0aKRGsutg8S0ClIanmrA,5.0,2014-07-02 13:25:52
ET8n-r7glWYqZhuR6GcdNw,9PZxjhTIU7OgPIzuGi89Ew,3.0,2009-05-28 19:52:37
ET8n-r7glWYqZhuR6GcdNw,9mA9qYqiv4c0T9ASid3PIQ,3.0,2015-01-16 20:51:05
ET8n-r7glWYqZhuR6GcdNw,B5eJm8A4eiuPLW5C6l75dQ,5.0,2015-03-18 12:41:12
ET8n-r7glWYqZhuR6GcdNw,B6Lvq3sOYwhKxPzadDka9g,5.0,2011-10-06 13:20:17
ET8n-r7glWYqZhuR6GcdNw,BIGwAJH7CIvwHu-9Rog9cw,3.0,2011-04-02 18:24:54
ET8n-r7glWYqZhuR6GcdNw,C5MdSiVtZKirRghyh08C0g,3.0,2011-07-28 14:07:12
ET8n-r7glWYqZhuR6GcdNw,C9UylQTOh7uwZo4a7QhLyg,5.0,2018-09-20 21:14:40
ET8n-r7glWYqZhuR6GcdNw,CYSPKiVdoPX3erovujnE9Q,5.0,2017-02-15 20:36:15
ET8n-r7glWYqZhuR6GcdNw,CiTYWOKcXTZYztsT43wb5g,4.0,2016-10-04 20:24:56
ET8n-r7glWYqZhuR6GcdNw,DOl21AqtT74dUZ3kvXNNcA,4.0,2016-09-19 21:31:00
ET8n-r7glWYqZhuR6GcdNw,DRMEopD9Td8OoDk-JWm1Rw,4.0,2018-03-14 17:43:51
ET8n-r7glWYqZhuR6GcdNw,DTbKzkWQGWJsHvhE6OcUFw,4.0,2019-11-14 20:53:15
ET8n-r7glWYqZhuR6GcdNw,DytKODMqcvQ7MWA0NN2uNw,4.0,2017-05-10 18:05:00
ET8n-r7glWYqZhuR6GcdNw,E1gf1YIWOo1BgzMUwJtEZg,4.0,2020-05-14 14:41:51
ET8n-r7glWYqZhuR6GcdNw,ED-6JeGGo8C_m7MiSB36Zw,5.0,2019-11-21 16:48:34
ET8n-r7glWYqZhuR6GcdNw,El_2Cxuq4hxqrmlg_5nzzA,5.0,2018-11-20 15:39:41
ET8n-r7glWYqZhuR6GcdNw,EreYgrQPuR7Sk_FKeZZg9g,5.0,2014-02-03 17:08:21
ET8n-r7glWYqZhuR6GcdNw,F_p-pLonAAzzOSnTLdJMtw,5.0,2013-02-20 15:56:36
ET8n-r7glWYqZhuR6GcdNw,FeHhy-6uPJUMyVYPAwYjKA,5.0,2020-08-11 15:07:54
ET8n-r7glWYqZhuR6GcdNw,GAuweBrcC_wK3a0UhZjwfA,4.0,2012-07-22 15:47:50
ET8n-r7glWYqZhuR6GcdNw,GJXGdJlCroyRTmCxsz3i6Q,2.0,2020-02-27 21:26:58
ET8n-r7glWYqZhuR6GcdNw,GUzVgl-dYDyvCULv2CrZEA,5.0,2017-11-09 17:16:10
ET8n-r7glWYqZhuR6GcdNw,Gw7UW0E2BguzL9suQnwDeg,4.0,2020-05-07 14:44:33
ET8n-r7glWYqZhuR6GcdNw,HCN3XWVqv04fws8vkC4H7w,3.0,2012-01-20 04:56:12
ET8n-r7glWYqZhuR6GcdNw,HS5CfzQ_gOJHgqwtv9rvNQ,2.0,2009-04-27 15:34:04
ET8n-r7glWYqZhuR6GcdNw,Iyopb5uFIBT_HOgp8ipSfw,3.0,2016-10-11 18:17:12
ET8n-r7glWYqZhuR6GcdNw,J-ciDDEdIHMcChGIyKZnOg,5.0,2017-09-20 14:53:29
ET8n-r7glWYqZhuR6GcdNw,JDv3h1xRFIW8fXckqgTdRg,2.0,2009-04-03 15:44:40
ET8n-r7glWYqZhuR6GcdNw,K7KHmHzxNwzqiijSJeKe_A,5.0,2013-07-18 13:44:17
ET8n-r7glWYqZhuR6GcdNw,KTGEa8V9ec0QBYM_uk1YLQ,5.0,2014-09-23 17:32:56
ET8n-r7glWYqZhuR6GcdNw,KVFUBgmPEHGUaJNkpMGcLw,4.0,2011-08-09 13:37:23
ET8n-r7glWYqZhuR6GcdNw,K_s-9Wd6vXSfnxYFzhE0Kw,4.0,2018-06-13 22:53:54
ET8n-r7glWYqZhuR6GcdNw,KoMlidUMfCLz42ETmlF56A,4.0,2016-07-29 14:43:09
ET8n-r7glWYqZhuR6GcdNw,KyDcAU41QDQpYAFyK6Q6hg,5.0,2017-11-02 14:32:20
ET8n-r7glWYqZhuR6GcdNw,L5U9dBXYKNDyWp4lk9j9QQ,3.0,2011-06-08 13:45:52
ET8n-r7glWYqZhuR6GcdNw,LQZdcwfqneUIrZTy1VvWfg,3.0,2012-12-11 13:57:43
ET8n-r7glWYqZhuR6GcdNw,L_Rwy6oSAnMUY3NCDspxmA,5.0,2015-10-16 13:24:25
ET8n-r7glWYqZhuR6GcdNw,LtLbT776NOAjva1ttA2h3w,5.0,2012-10-28 16:33:54
ET8n-r7glWYqZhuR6GcdNw,LzVvcVm48zYIcQnwLKt1oA,4.0,2011-09-14 15:20:36
ET8n-r7glWYqZhuR6GcdNw,Mb8xASY4mhS9r8zVU2N_6g,5.0,2016-09-21 15:32:59
ET8n-r7glWYqZhuR6GcdNw,Mfvk9uEEhdCqj8S2u7dWgQ,4.0,2012-08-25 21:06:59
ET8n-r7glWYqZhuR6GcdNw,MuKoTR56s6elHEI2wUkgJA,4.0,2020-03-09 21:16:21
ET8n-r7glWYqZhuR6GcdNw,Mwc3n5Psw9wRaQ22vZWDYQ,5.0,2018-03-27 13:41:42
ET8n-r7glWYqZhuR6GcdNw,NDIiNcJZpdoQpXGXl7IA2Q,5.0,2020-03-23 21:30:43
ET8n-r7glWYqZhuR6GcdNw,NFzfuIFghE-HnrodHpaT6A,5.0,2018-05-29 16:38:01
ET8n-r7glWYqZhuR6GcdNw,N_6lpdW1jhAx1EVcHJPK5g,5.0,2015-02-06 19:48:09
ET8n-r7glWYqZhuR6GcdNw,NsAiuECBpHID6rZuGCz26w,4.0,2015-06-27 18:50:36
ET8n-r7glWYqZhuR6GcdNw,OHzX-ZD9qyoeoxR8Z0dlIA,4.0,2011-07-20 13:22:25
ET8n-r7glWYqZhuR6GcdNw,OMpHvwN3cxkbldKbKskc5g,4.0,2021-01-08 00:36:19
ET8n-r7glWYqZhuR6GcdNw,Ou-_OQUNvBcaAoRU0XPtaQ,4.0,2014-03-31 14:33:33
ET8n-r7glWYqZhuR6GcdNw,Oun4NN-u5yiHIxDqtJnxgA,5.0,2011-11-29 23:16:12
ET8n-r7glWYqZhuR6GcdNw,Q-prSTdggNlxAEFV88BZOw,5.0,2020-06-09 17:55:05
ET8n-r7glWYqZhuR6GcdNw,QOcBOX8_yUwbnCsImxJxNg,5.0,2008-07-01 21:05:29
ET8n-r7glWYqZhuR6GcdNw,QfBSk7-AyvvGRyHC0ddiGA,4.0,2016-07-13 01:02:52
ET8n-r7glWYqZhuR6GcdNw,Qw7tz-UkPrpXaVidWuab4Q,5.0,2012-03-05 18:45:13
ET8n-r7glWYqZhuR6GcdNw,R17gwW6zn9ilslbdvKdgsg,4.0,2012-08-17 17:56:56
ET8n-r7glWYqZhuR6GcdNw,R49ZLFHn9fhEwPCh2FQeDA,3.0,2017-10-23 15:16:38
ET8n-r7glWYqZhuR6GcdNw,RRIJlZUVvz2CkMrDn2UziQ,4.0,2020-04-23 18:08:18
ET8n-r7glWYqZhuR6GcdNw,RadvqFuRTZNEfSZ_avPRog,4.0,2012-01-02 16:55:05
ET8n-r7glWYqZhuR6GcdNw,RrrqJ2XY0CXNBot7zsdXPQ,4.0,2020-12-21 21:21:20
ET8n-r7glWYqZhuR6GcdNw,SPEXSaryxJmVpy8QoRz7Tg,4.0,2019-07-09 15:20:04
ET8n-r7glWYqZhuR6GcdNw,Sk1WdGuaCNQlQZ_u_JE0Ew,4.0,2017-01-23 20:46:48
ET8n-r7glWYqZhuR6GcdNw,T3tiN6g7G2XUoDjRv3d8Cw,5.0,2018-08-29 15:29:45
ET8n-r7glWYqZhuR6GcdNw,TJaImyntBu0ebKugcyj6eQ,5.0,2020-05-26 16:38:19
ET8n-r7glWYqZhuR6GcdNw,T_GeXNYY_zO0WpJzBxQj4w,4.0,2020-02-18 17:53:17
ET8n-r7glWYqZhuR6GcdNw,UVHHGDqvZZHRC9nO-kH9wg,4.0,2015-09-14 15:33:04
ET8n-r7glWYqZhuR6GcdNw,UaDnEIiRNCyLvrQWE4g0sg,5.0,2021-04-09 02:34:45
ET8n-r7glWYqZhuR6GcdNw,Uky0DD3LU4C7eyNDhpmOXg,3.0,2011-09-16 14:30:50
ET8n-r7glWYqZhuR6GcdNw,V4Dr3ragKHKeUab96miyMA,5.0,2016-06-17 18:27:32
ET8n-r7glWYqZhuR6GcdNw,W6k6b-bUaX0goySzl-zgTg,3.0,2020-08-05 14:04:33
ET8n-r7glWYqZhuR6GcdNw,WAPhi7JdwIvdTBgM9KsxHA,4.0,2009-04-28 20:48:29
ET8n-r7glWYqZhuR6GcdNw,WeylzLacbhVyhnWAbUJ4SA,5.0,2020-05-26 16:28:25
ET8n-r7glWYqZhuR6GcdNw,WxB8498ejPtHE7wFa89_fA,3.0,2011-01-30 17:04:59
ET8n-r7glWYqZhuR6GcdNw,XXVie9MI2oQz1OzfzSAOhw,4.0,2013-02-19 18:11:15
ET8n-r7glWYqZhuR6GcdNw,YJVXMOIKhJjQczWj9YTwrg,5.0,2020-02-24 19:51:11
ET8n-r7glWYqZhuR6GcdNw,YqmClmk7oLcDzPWKHzgA-Q,4.0,2017-05-30 00:00:45
ET8n-r7glWYqZhuR6GcdNw,YzluF3FNGjnW-tOrLZt8JA,5.0,2012-08-27 15:40:39
ET8n-r7glWYqZhuR6GcdNw,_3NZVCWeyFZ1_vWqi2avjw,4.0,2017-06-22 15:18:21
ET8n-r7glWYqZhuR6GcdNw,_qgqa4X1OiMLqub1hHaMjg,5.0,2019-08-05 15:04:54
ET8n-r7glWYqZhuR6GcdNw,bN_9QgxdOIk4oK-6fBDJtQ,5.0,2013-02-27 02:34:29
ET8n-r7glWYqZhuR6GcdNw,bjPUhanWoinHi2kywvVzBA,3.0,2016-12-20 15:41:30
ET8n-r7glWYqZhuR6GcdNw,bq0n3CQy1CkE_WUe76zQvg,4.0,2012-07-16 13:02:03
ET8n-r7glWYqZhuR6GcdNw,d28lZlSps97FHhXZazJ8zA,3.0,2010-10-11 19:37:00
ET8n-r7glWYqZhuR6GcdNw,dlFdjPUJI1eqRs8WVPE3QA,5.0,2014-04-04 15:23:34
ET8n-r7glWYqZhuR6GcdNw,dpiaAGgEMm9Lf8dbx0yEJQ,4.0,2012-09-17 00:07:04
ET8n-r7glWYqZhuR6GcdNw,eAzeb04i354i6VZFI4bJRQ,5.0,2018-10-09 23:40:22
ET8n-r7glWYqZhuR6GcdNw,eJDUZMLSwYT8QRKbZVTZKg,4.0,2016-08-18 19:02:45
ET8n-r7glWYqZhuR6GcdNw,eJaeTZlIdM3HWCq__Ve4Wg,4.0,2010-02-23 21:25:51
ET8n-r7glWYqZhuR6GcdNw,eLAd1Jw-g1NKymBx1XPDoA,4.0,2018-05-04 16:51:38
ET8n-r7glWYqZhuR6GcdNw,eLi0bpsDoWQkBhJX1d46tg,4.0,2011-02-19 16:03:21
ET8n-r7glWYqZhuR6GcdNw,eoN0GAIRV0WmwUm7FmzKgQ,3.0,2010-11-17 21:39:46
ET8n-r7glWYqZhuR6GcdNw,ev8KX9xeLe9fP9y-vV81tQ,4.0,2020-04-13 13:48:17
ET8n-r7glWYqZhuR6GcdNw,f8MSbvd5JotxsFsS6fbl-Q,4.0,2010-09-10 18:36:35
ET8n-r7glWYqZhuR6GcdNw,fN12ywQpLXQ93bpwe1N_Ww,3.0,2015-03-10 18:57:39
ET8n-r7glWYqZhuR6GcdNw,fOhnSqmO4XY5vSI8whVKSA,2.0,2015-12-28 23:16:02
ET8n-r7glWYqZhuR6GcdNw,gMMB9h6NErOo9MlDBRJkXw,5.0,2013-05-07 14:29:52
ET8n-r7glWYqZhuR6GcdNw,gOrJeoLDOiW7muWuoE-sMg,4.0,2013-06-28 13:39:09
ET8n-r7glWYqZhuR6GcdNw,gdklkhsq4C7KANfnXaTlWg,4.0,2019-02-13 19:08:31
ET8n-r7glWYqZhuR6GcdNw,gwxNttwUgmOn3vsHYe0pDQ,5.0,2017-12-15 17:58:24
ET8n-r7glWYqZhuR6GcdNw,hHs2Ytn2QSHnFscnALsLlQ,5.0,2014-10-08 17:10:14
ET8n-r7glWYqZhuR6GcdNw,hxc6TmLzsENk4xsjm497qg,4.0,2016-10-12 18:44:15
ET8n-r7glWYqZhuR6GcdNw,j-qtdD55OLfSqfsWuQTDJg,5.0,2016-12-13 21:38:08
ET8n-r7glWYqZhuR6GcdNw,jySVipAqMqczPzOPLMnJpw,4.0,2019-09-27 15:15:13
ET8n-r7glWYqZhuR6GcdNw,kZ1q0K13tFYG_ZJrVvsJHA,4.0,2010-01-14 16:04:18
ET8n-r7glWYqZhuR6GcdNw,lKU_kljhbEQKIPaM1Zbqiw,5.0,2013-12-12 19:18:21
ET8n-r7glWYqZhuR6GcdNw,lWedWkinrM5j13pyimbpbA,4.0,2020-04-17 14:51:58
ET8n-r7glWYqZhuR6GcdNw,lYloPAiaWJwWgno4SdxD0Q,2.0,2013-06-19 12:59:56
ET8n-r7glWYqZhuR6GcdNw,m5ne44a3Vu7-zILKGxc4SQ,2.0,2008-12-07 19:56:59
ET8n-r7glWYqZhuR6GcdNw,mK5gu18whrKEG8aojSzpbA,4.0,2011-06-01 13:34:48
ET8n-r7glWYqZhuR6GcdNw,nsH0hQ7xB5LS2_Ba3mqHTQ,5.0,2010-05-18 13:47:07
ET8n-r7glWYqZhuR6GcdNw,oKmjgKAc5mjMB6v37Ix6yQ,3.0,2019-07-23 17:52:26
ET8n-r7glWYqZhuR6GcdNw,oXr3EhnQCqA8SNWIZ3H4Fg,2.0,2015-11-24 17:36:14
ET8n-r7glWYqZhuR6GcdNw,of-GVqY0G_UDHXT9Xg_ADQ,4.0,2014-06-13 12:47:10
ET8n-r7glWYqZhuR6GcdNw,onp9X_9RRAEzA-yqdiSOcA,4.0,2013-09-03 18:00:48
ET8n-r7glWYqZhuR6GcdNw,oqy15jhe1lOXttEvd4Srog,4.0,2020-02-19 18:08:12
ET8n-r7glWYqZhuR6GcdNw,or_WcjWELDsssk2JruvJcg,3.0,2011-06-17 13:02:47
ET8n-r7glWYqZhuR6GcdNw,oziGQYLaEWOpNmPKrZP86g,5.0,2019-12-10 15:40:07
ET8n-r7glWYqZhuR6GcdNw,p6c70_FsgpmSPGTWdOOuxg,4.0,2013-06-26 13:21:47
ET8n-r7glWYqZhuR6GcdNw,poviu-6n3iaRE4gdQz6OYw,4.0,2020-11-23 22:16:47
ET8n-r7glWYqZhuR6GcdNw,qBwOLby0sOJd3QG1o76W2w,4.0,2018-09-12 14:29:28
ET8n-r7glWYqZhuR6GcdNw,qYREpGOZQ_Xio8Vo-a0TmQ,4.0,2018-02-14 15:19:23
ET8n-r7glWYqZhuR6GcdNw,qxRTFagnexBZgDe055CjkQ,4.0,2015-09-03 18:11:25
ET8n-r7glWYqZhuR6GcdNw,r3X75SK37buS94mDls3q_Q,3.0,2018-01-02 14:45:19
ET8n-r7glWYqZhuR6GcdNw,rVGxva6cx2eID4ghDLVHJg,4.0,2020-05-04 14:57:56
ET8n-r7glWYqZhuR6GcdNw,s-Ff-8M5-AR-5jl59lCj1w,4.0,2012-04-16 15:34:10
ET8n-r7glWYqZhuR6GcdNw,sTPueJEwcRDj7ZJmG7okYA,3.0,2011-02-10 19:55:54
ET8n-r7glWYqZhuR6GcdNw,sdWuLh-auc0nC2Jy6_26AQ,3.0,2011-02-14 17:21:20
ET8n-r7glWYqZhuR6GcdNw,sy7ADvpBA7SfHwbY-Y_5gw,4.0,2008-11-06 18:03:21
ET8n-r7glWYqZhuR6GcdNw,t6v8g8UeNiq3O2GoEc7R4Q,5.0,2012-01-23 18:55:22
ET8n-r7glWYqZhuR6GcdNw,tUkv0ZxUAdpyv8qhgRU5TA,4.0,2019-03-14 15:03:12
ET8n-r7glWYqZhuR6GcdNw,tf2nzjkP8XGIeU-lg767XA,5.0,2016-03-11 16:16:42
ET8n-r7glWYqZhuR6GcdNw,trwHwsXOVV-ZmF-MtP98BA,5.0,2019-01-23 16:22:58
ET8n-r7glWYqZhuR6GcdNw,u7_3L1NBWgxhBM_B-cmmnA,5.0,2020-11-24 21:30:58
ET8n-r7glWYqZhuR6GcdNw,uE40984_YDgVvPeRpFcCaQ,5.0,2014-08-20 14:05:07
ET8n-r7glWYqZhuR6GcdNw,uJZgom8HpK74xz8IojpT0A,5.0,2019-08-19 20:47:57
ET8n-r7glWYqZhuR6GcdNw,uQnOVqRRLALRNy-kdu1LXQ,5.0,2013-06-18 14:46:01
ET8n-r7glWYqZhuR6GcdNw,un0xxX785wfQfprryh0TjQ,4.0,2020-10-08 17:07:50
ET8n-r7glWYqZhuR6GcdNw,uxZENO1iy7tz8MK77L3_GQ,4.0,2015-06-15 19:01:19
ET8n-r7glWYqZhuR6GcdNw,vF_QwGltBpVesMMGclzB9Q,5.0,2020-08-24 20:09:06
ET8n-r7glWYqZhuR6GcdNw,vP6BGF8IqbXlLQiDP5n6dA,5.0,2009-10-15 18:08:04
ET8n-r7glWYqZhuR6GcdNw,vUrTGX_7HxqeoQ_6QCVz6g,5.0,2018-01-22 20:04:07
ET8n-r7glWYqZhuR6GcdNw,vq73W-SHrwBgXzQ__0yV2w,5.0,2017-06-19 20:01:11
ET8n-r7glWYqZhuR6GcdNw,wbDRmtxaKRpBOjutvV6TEA,5.0,2012-06-01 14:59:11
ET8n-r7glWYqZhuR6GcdNw,ws7z5fLdaVgwxZ9ex3cKxw,5.0,2009-12-10 20:18:21
ET8n-r7glWYqZhuR6GcdNw,x5GkG0oI_S107wLlgdBxVA,2.0,2019-05-22 15:51:39
ET8n-r7glWYqZhuR6GcdNw,xWfm4AwLZr-B97fYVsIgCA,4.0,2014-01-29 15:46:25
ET8n-r7glWYqZhuR6GcdNw,xdc0TbKkHMZN3N82oeq2XA,4.0,2020-02-06 20:16:23
ET8n-r7glWYqZhuR6GcdNw,xhAzk9qYpHR-nu_0sZIcWg,5.0,2016-12-16 01:22:27
ET8n-r7glWYqZhuR6GcdNw,y1Z9tymuBGVDZnYZoLk-2Q,5.0,2012-02-22 16:47:58
ET8n-r7glWYqZhuR6GcdNw,y4VFp6qk_EFgNy9yKFlj3Q,3.0,2020-03-05 23:15:03
ET8n-r7glWYqZhuR6GcdNw,y8gjlpJA89qDRCLC0JQaew,5.0,2019-11-04 15:12:14
ET8n-r7glWYqZhuR6GcdNw,yFpOyYTVc2p2I-vNxe4nQw,4.0,2014-04-15 14:50:58
ET8n-r7glWYqZhuR6GcdNw,yMeC2ltA33lJ-nBIQP4sJQ,4.0,2009-06-22 19:49:59
ET8n-r7glWYqZhuR6GcdNw,zRjUMHQJ5gAmFhcXZtLacA,3.0,2011-05-25 13:27:59
ET8n-r7glWYqZhuR6GcdNw,zU5PPd9j4bYC_MepNSEDcA,3.0,2017-03-28 18:28:13
ET8n-r7glWYqZhuR6GcdNw,ziMvN9iVXWQJrBtzcEONMg,4.0,2015-11-30 21:35:48
ET8n-r7glWYqZhuR6GcdNw,zujdPV3HT-Y-CKE1GgkMHQ,4.0,2017-04-05 20:26:17
ETJwxmu0TZX3JQjSVrcReQ,8A5LSwsKK5vXDH1M3_Tf1w,5.0,2021-12-18 22:49:20
ET_Y-OeNxvSyTJAxJfE90g,V8H6z5ulGJEkaFUyRfmLKw,1.0,2021-01-04 20:29:47
ETq8lpZjCRKxakELVL6LhQ,dGUyXgFW1WSYMgRypKaYew,4.0,2014-04-01 19:48:31
EUkxMG8Bf6nGsrIXOCAQ4w,XI3Tcr3eDAzu8lMiRFaNWA,4.0,2021-04-13 02:17:43
EUmofULqSINV1F3JGb8mYA,Fx_yFwHlHboVTTj-4NJQyg,1.0,2011-08-11 17:28:40
EVlNHC3J1Y46LN4fkTwfvA,J179GmDalU-NgZ7nhRwBYQ,5.0,2011-07-17 04:43:06
EVlNHC3J1Y46LN4fkTwfvA,USleU89txaknVADlMhUtnQ,4.0,2012-04-17 20:17:29
EVlNHC3J1Y46LN4fkTwfvA,fOhnSqmO4XY5vSI8whVKSA,1.0,2011-03-06 18:51:11
EVlNHC3J1Y46LN4fkTwfvA,vOzo4wlUNty2NQuylDrqKA,5.0,2011-04-28 11:15:20
EVlNHC3J1Y46LN4fkTwfvA,zwd4dyQ5ovnjVojWfAuhMw,5.0,2011-07-06 16:01:20
EW3jDZFPhUEKPxPMhxLN8A,_4bhVmlvT9dvqydQG2TOMA,4.0,2018-10-03 17:49:54
EW5Xf4NVT9lKfLDG88ysyg,ww3YJXu5c18aGZXWmm00qg,5.0,2015-12-03 04:41:31
EYHqEacohnvBTKfSTpDe_Q,u4M4SxqehnyMI5vs9HaW7Q,5.0,2021-01-05 17:30:44
EZ6fANBUR8_MT2Cq3-gn7g,XIM7DpbNlwNfbmczd8XJbQ,1.0,2013-12-13 04:12:03
EagzLY515WqTU1S9_-BVEw,znx1v_c2IPKOXlYAbqFYvg,5.0,2010-02-06 18:01:22
EbTcQEy1NT7ZY9WZSkhLWA,p7tSGmWpFV246aYhwODgBg,5.0,2017-01-08 02:45:20
EbzIOck2feoZrGxRjyPDyw,bffLbfi1IEAff5C2IHJvFA,4.0,2012-01-24 21:41:45
EcdjtQ3sfpKSp-j4LM3aPw,NIb3KBSmm4FivxoerbkwEA,2.0,2016-01-05 21:11:43
Ed7dzUk8PWLwjDm1y-8BBQ,VHxvZ6TlLcCl23dokKl2xQ,1.0,2011-02-07 14:57:41
EdXUqEI_smwvG7Kez57DnQ,LIcsCCOYqBO9k2tiO4Mrow,5.0,2019-03-02 02:00:37
Edl8CH1HduzkJwEV4rhOPA,6h7C53qLfwM7v3zKRqG0yA,5.0,2012-05-19 13:58:55
EdrZZEfl6CHkgw-BjDcHsA,ReKQjTVB8L2vnaxZKmRUpQ,3.0,2021-07-28 07:02:52
EfGPXR9zev0DGybF-YJmig,NUe39dKrCF8M6jGmP5manA,5.0,2018-04-06 01:23:26
EfW2wGuV8VCFkVfRJmQwng,ZAZljXWLdWUhTSAkO8qdXg,5.0,2019-05-30 14:04:58
EfaQNCDWQQsgi5C6chml4w,Qsf6aYZHrP5SLioZXQrpXg,5.0,2014-07-19 03:09:12
EfdJfCzZrvUI9v-bI0gv2w,xb5NsCqvQw2uE5HoQyDr0g,5.0,2015-12-01 16:37:01
Ehjg4D6ANqI1fTHsWYw5LA,sf-KdXHB5nxfNjl2uUpI6Q,5.0,2016-07-19 00:52:30
Ehr_fx4VGH05sNE7zxZLYQ,KHe6HAqmyioITwTvg9Bbcg,4.0,2012-03-06 03:26:59
EiInsLVajoGh7EKzC8MS9Q,4rG4tJF2EC2CfYvBu_uqpQ,2.0,2021-05-27 20:37:25
EiMaydGgNzj82ef8Hzb1kQ,KbKuKzmbdzdfrRwgAE6EGw,2.0,2014-12-28 15:24:26
EiMaydGgNzj82ef8Hzb1kQ,ZQ-Sg1tJXCKD6Dw9DF4X9g,2.0,2015-02-15 20:30:48
EiT_pSuIb08oRn4CfwfMJg,VVH6k9-ycttH3TV_lk5WfQ,5.0,2019-01-04 01:12:21
EiT_pSuIb08oRn4CfwfMJg,lo3zYtvPB6-iVok2C7HsGw,5.0,2019-01-03 23:15:31
EikwFcVH0_7pKP6_Sb6j-Q,KobS8yqBelXH11gaIhZJSg,5.0,2018-08-07 08:59:21
EkIIFm2zmqloYWXRHbwwqw,3n2FIVhxAjG6fjju4wdzXw,4.0,2016-04-04 02:16:03
EkIIFm2zmqloYWXRHbwwqw,EmJF-xSIOaEEOWcK8UOBqg,5.0,2017-12-09 18:43:13
EkIIFm2zmqloYWXRHbwwqw,GM6j5hDNqra0pVfTcpTMMw,5.0,2016-09-23 21:29:10
EkIIFm2zmqloYWXRHbwwqw,Nu-DLt0yxVO89R0FsSJm2g,5.0,2014-11-06 19:00:34
EkIIFm2zmqloYWXRHbwwqw,kGhT5VRj2ZBSdXJl6qkLdw,2.0,2016-10-28 17:27:26
ElN0bVArCpXS0jvvqMc5vQ,gy0NuW7nzIuZNq3lLLlgzA,1.0,2012-09-17 19:04:16
EleQKGrUDo_-zvpfOVHYMQ,vKbCtJEwGnew-BpGIIzxJw,3.0,2016-09-24 06:33:25
EleQKGrUDo_-zvpfOVHYMQ,vyOVT4bcW227LRwJGHTeSw,5.0,2016-11-12 01:40:09
EmVI46OYf_tgyrxr6PWwOA,XqSLir6xs3I6ntf-xIQzrQ,1.0,2010-02-04 20:16:58
EmdwTL-b1-Rw0Y2vVJPWYA,-KyQ_Bu21JNphNtxz-Jj-g,4.0,2020-11-11 07:50:20
EmdwTL-b1-Rw0Y2vVJPWYA,e1l1IlKpL7FJlM4ivnoO2g,4.0,2019-10-16 01:10:50
EmdwTL-b1-Rw0Y2vVJPWYA,mcr1lAEdvGLMJhuPwI3I2A,5.0,2019-10-25 06:09:46
EmurkIplcpOkh4hUnSs_ww,15OmkswaBLhN0X6UETqvaQ,4.0,2019-11-03 22:21:10
EmurkIplcpOkh4hUnSs_ww,1Hd-0f0gWvI7y9CI_3kFVg,4.0,2022-01-12 03:54:56
EmurkIplcpOkh4hUnSs_ww,4_OXOjAUA9Q8L6VdZz692w,4.0,2019-11-03 23:53:12
EmurkIplcpOkh4hUnSs_ww,9wPX6OoUifn9qfKGwrX0xw,4.0,2020-08-03 22:36:40
EmurkIplcpOkh4hUnSs_ww,CX41cIFRNSYtcv8ZbpiMkw,4.0,2019-11-04 00:04:02
EmurkIplcpOkh4hUnSs_ww,F1xE--Gb4rNFAwHkNkV31A,4.0,2019-12-15 01:02:24
EmurkIplcpOkh4hUnSs_ww,F88yRsOo9Eqo-0oxs8U1OQ,5.0,2019-11-11 05:25:34
EmurkIplcpOkh4hUnSs_ww,ObkVEcYUuf3efg-0V_WYfQ,4.0,2018-12-18 03:05:06
EmurkIplcpOkh4hUnSs_ww,Rb9QIj-NyRn_giOBN991YA,2.0,2020-08-03 23:01:23
EmurkIplcpOkh4hUnSs_ww,U_NagvNEa4k150qLgul_zw,4.0,2020-10-27 20:47:49
EmurkIplcpOkh4hUnSs_ww,VseByXV7UduTt7N2ofjVsg,5.0,2020-10-18 15:14:29
EmurkIplcpOkh4hUnSs_ww,WIY7S0HgG-pnHPARn8gFkg,4.0,2018-11-28 01:37:25
EmurkIplcpOkh4hUnSs_ww,ZTkUPKhgLBpEbNDo8Mi2xQ,5.0,2019-11-11 05:43:56
EmurkIplcpOkh4hUnSs_ww,q7mKAD93-EeSpeOa9Hu4BQ,4.0,2019-09-03 01:05:51
EmurkIplcpOkh4hUnSs_ww,uihNp1cyWmHkma4U0MJHow,4.0,2020-12-16 01:25:23
EoVKoQcCVxz-wWVqCAymHA,5UyyV-cdNsXWz1V-xyIW6w,5.0,2016-05-17 13:56:30
EpEO4nBYYvvdiJkzZCUXZg,xP5o6PVU3tWOixLJTIdVVA,1.0,2012-02-15 09:29:33
EqDIZSQ1IsSGZwBkEh9TjA,6RBZfirnzE4NahJTn1UPNA,4.0,2011-07-25 18:01:52
EqKT2VbSAwD61XGufElN8w,hjhJcg-0c-YDAU-OmKbJ7Q,2.0,2016-02-08 18:49:46
ErDJM2JB99wuOxuffFIu8w,KHe6HAqmyioITwTvg9Bbcg,5.0,2021-01-29 22:17:13
Er_1k4cl0VwKz9tfIn-FBw,s4r3OEFu8q1HAB06CnEPCA,3.0,2017-12-19 01:18:09
Er_1k4cl0VwKz9tfIn-FBw,wHnk0H_5RGBSYCC32SmkIQ,5.0,2016-03-03 22:39:22
Esz-8Ss9BsMbrtvJ2WsG5w,54mkE3xkqtpcgmwZPSyiIA,4.0,2016-10-14 12:58:22
Eu_pC_dC_-zq5-z3xvUeDw,pWuoHHu0LuVrD0HjadDygg,1.0,2017-06-18 19:05:42
EuvpcCAJoNB_Mt2JFoFqJw,ChMvzo7WYSZzxlwGMS7CFA,4.0,2011-05-07 07:32:10
Evt5WY42Ir6Yfprku9x6CQ,un0xxX785wfQfprryh0TjQ,5.0,2014-12-16 13:16:44
EwFQEMkhbOkvYeUurZg04A,6h7C53qLfwM7v3zKRqG0yA,5.0,2012-01-06 17:47:31
ExhcUTTcj_MBhZdFQT9KYg,vhDWGF-8BfsxvS7Zo5Wv2w,5.0,2018-08-20 02:00:16
EycZjJS9DH2wNNPa3wbGIQ,U3grYFIeu6RgAAQgdriHww,5.0,2020-02-05 13:37:59
EycZjJS9DH2wNNPa3wbGIQ,a32M9H9nkkPGKTKB5W27NA,5.0,2020-02-13 04:51:40
EycZjJS9DH2wNNPa3wbGIQ,iSRTaT9WngzB8JJ2YKJUig,5.0,2019-11-30 04:08:28
F-OwSluUWMn0vMp3bPWMnQ,6_37iH47aHnMODiXVl-gUg,4.0,2021-12-10 21:23:39
F-OwSluUWMn0vMp3bPWMnQ,9n-1LQLX3ntBfBtMwgSpig,4.0,2021-04-12 16:50:28
F-OwSluUWMn0vMp3bPWMnQ,K74RHoIbJG_kIi9RsxQQcw,4.0,2020-08-04 20:23:28
F-OwSluUWMn0vMp3bPWMnQ,KU7XnbHB-EBOCbyXH0VVuQ,4.0,2020-09-01 20:42:00
F-OwSluUWMn0vMp3bPWMnQ,gytqFU8j-b6dpNcLEwMDYQ,4.0,2019-11-09 13:33:03
F-OwSluUWMn0vMp3bPWMnQ,jA7MZB1aMgQaiNzIdhkwZg,5.0,2017-12-20 21:43:35
F-OwSluUWMn0vMp3bPWMnQ,oGU1LmdbKyYm_05PN0F77Q,4.0,2021-06-06 12:53:43
F-OwSluUWMn0vMp3bPWMnQ,oToFygrpTn3OUpFkPFMxfA,5.0,2020-08-05 14:05:06
F-OwSluUWMn0vMp3bPWMnQ,vl40Oa75v42jvJsHwpCGKA,4.0,2020-08-09 18:46:29
F-OwSluUWMn0vMp3bPWMnQ,xoVTtQd6xRrFbQcdfH0dLA,5.0,2019-07-06 19:43:07
F1SJ3rfXkiGI5JIvlMOVQQ,J8S7cPPlTgsQnXKVfTyN8g,1.0,2010-05-10 23:21:44
F1SJ3rfXkiGI5JIvlMOVQQ,xb5NsCqvQw2uE5HoQyDr0g,5.0,2010-02-11 01:14:52
F1V-YF-nHy1miIofqpwphA,0s-BXJhYQc_mLFjHD4Xbww,5.0,2015-06-22 00:45:07
F2Dzih3h-NgL6Sima15kjA,WSx9-iYYyST_umny9sJBFg,5.0,2011-12-21 02:28:09
F2btBeGFsXzD5bHbvNV_2g,feWbeHR9_O0yhxJqmyACXw,2.0,2014-07-11 04:38:46
F2f0B7a6a8RXMXDeYVsy9A,dJfkfBbJz7wi0RgW-ph_Eg,1.0,2012-10-09 19:43:55
F3lu1icxJX5A5tCw-jVpTg,KChWMIHxMChTE11ZVsIVZw,3.0,2012-04-03 04:03:11
F3lu1icxJX5A5tCw-jVpTg,lOVHIBqgi4knjSx4tuCgjQ,4.0,2013-03-24 18:41:09
F3lu1icxJX5A5tCw-jVpTg,vWjME92WddneF98IqzaNfQ,3.0,2012-11-08 00:16:56
F4ffen-1rLMUxQU-6r8uSw,KHe6HAqmyioITwTvg9Bbcg,5.0,2017-01-07 18:50:03
F7A2AQ2lDKTjJIaoZ-kH9A,xSn2d1RTvK7e4KM0bI2NLg,5.0,2013-06-26 12:50:38
F9MQe_b0KQ047ibqVcA-iQ,U3grYFIeu6RgAAQgdriHww,4.0,2015-03-15 00:47:04
F9mKeo0AlIGNOjgswdhVLw,L5LLN0RafiV1Z9cddzvuCw,2.0,2018-12-14 04:38:55
FA0svNuBlW-lDh5f0vRK6g,kAOn-rLmNnm0YM9x6mZ_6g,5.0,2013-10-17 02:51:19
FBIKDAcwQaoZea0cUMkvqg,Bk6uzC83wbmCHm2i5Uz8OA,5.0,2020-08-05 23:16:54
FBWkscr1BVNANlgODRLAyg,TUhRukcZb3tG0cB_X68FCQ,1.0,2011-05-14 14:48:32
FBXr27PpOKVFsHeoNC9F2g,sTPueJEwcRDj7ZJmG7okYA,5.0,2018-11-29 03:59:16
FBd1Qjnnc1Loh7ZY7FD9Zg,dYYkzkiAQoOtRjdR0kcspw,5.0,2016-07-24 21:02:54
FBelk4JGoO0ZCFlfJzW3aQ,EreYgrQPuR7Sk_FKeZZg9g,5.0,2016-08-02 00:56:40
FBjDXRHY2oOR5WJNgRgTEg,Hh8jUR0mtVXkAnv8XDZjyA,2.0,2020-03-14 23:15:02
FBvt6kTT0RUcoIZV5dzNhw,CxXYiJBkq9kqsgtdagqVgw,4.0,2009-04-05 19:18:59
FCLGhssh8MpdWEXaGmlVmw,sor6oj-nuslOcSx7di4urA,5.0,2020-02-02 20:06:54
FDDI2eWBkZ5BFajPFVW-Zw,Cs0adaMTxJWTDSzuQ3vheg,3.0,2020-02-13 17:54:42
FDDI2eWBkZ5BFajPFVW-Zw,GST3wg-wej15vHeCvaXE6w,3.0,2020-05-21 01:16:47
FDDI2eWBkZ5BFajPFVW-Zw,IhrTLL6az3q192ik4P05IQ,5.0,2020-02-22 05:19:05
FDDI2eWBkZ5BFajPFVW-Zw,WWjP7p0nlUQl9BzCZzgjCQ,4.0,2020-02-14 12:24:35
FDDI2eWBkZ5BFajPFVW-Zw,pc8D9b_rnL_I8ak91tKjsg,4.0,2020-02-18 23:43:48
FDr3AV8GwfPDOYYoe-yXRA,9rdEIoILba8wSZcrTLFzNA,1.0,2015-12-12 04:51:13
FEsh9tUdIOVGMVo-uc9UNQ,N1ZXhAVzOzbyCBPEXTaUUw,5.0,2013-02-11 18:43:53
FGUvO9uE5EnZ6jQSmJysZA,8da9PKeUV44KoUUlYNTVOA,1.0,2013-09-04 20:51:52
FGmWx0hFD-h3YuTEql1x2Q,7gtWQMLOEwCxh1I5j6uB4g,4.0,2019-02-15 02:31:06
FGmWx0hFD-h3YuTEql1x2Q,BjeHLwKOlHyV6DJgmZxAjA,4.0,2019-02-26 02:13:03
FGmWx0hFD-h3YuTEql1x2Q,C6YaSrMAzy3jJqinlFVudw,4.0,2019-02-21 23:26:00
FGmWx0hFD-h3YuTEql1x2Q,GBTPC53ZrG1ZBY3DT8Mbcw,5.0,2019-02-12 02:38:25
FGmWx0hFD-h3YuTEql1x2Q,ZJKGcR7J0n1DGbLqt1N5Vw,5.0,2018-12-30 16:27:39
FGmWx0hFD-h3YuTEql1x2Q,h_tRcijFYxrUiZ59FXfBOQ,3.0,2019-02-12 03:19:09
FGmWx0hFD-h3YuTEql1x2Q,iSRTaT9WngzB8JJ2YKJUig,1.0,2019-02-15 02:09:40
FGmWx0hFD-h3YuTEql1x2Q,oBNrLz4EDhiscSlbOl8uAw,5.0,2019-02-15 03:00:52
FGmWx0hFD-h3YuTEql1x2Q,uR7G8I4Cef9D9R340TN24Q,4.0,2019-02-11 02:38:57
FGmWx0hFD-h3YuTEql1x2Q,yE6aDcbbK8pmvNroXnQYQA,4.0,2019-02-12 15:01:59
FHfjAReTovbu0chLv-WGrQ,K_s-9Wd6vXSfnxYFzhE0Kw,4.0,2018-04-19 04:13:29
FIVU-LFmkdg7Aefu0i2HzA,qHXv-os4wfrfSPxGPgj2vg,1.0,2015-06-30 03:09:10
FJ5MiSCocJ_nxWcnVhk6TA,IkY2ticzHEn4QFn8hQLSWg,2.0,2016-08-06 03:49:44
FJFriepHWCUJNwlnra18Hw,0yOfDyqoJTp6-9qbyroyEw,1.0,2020-09-08 14:15:19
FJppe7kognez-cU0-UrkdQ,Bp2AWqJLBJoBjBwh85rDAw,1.0,2013-03-05 15:00:28
FMmGJZtWMhnNoLNc6nncUw,EO5ne2jClfd16Sus5D6i6A,5.0,2014-02-03 00:14:05
FMmGJZtWMhnNoLNc6nncUw,b36EeutJRvowZMr9TpQm0w,5.0,2014-09-27 03:14:04
FO_e65Z1Aslsgx0DmTCUVQ,HaQ1gzgyWJHwTIe1eS5NFQ,5.0,2020-11-21 04:40:15
FOjWOTVEQyjChNghH-JoFQ,Cjwb7VQGP0u2eWYj1wnO3g,1.0,2010-01-24 21:05:32
FOjWOTVEQyjChNghH-JoFQ,tngXF4K4cojGHn-4PUpBLQ,5.0,2013-05-15 17:18:43
FOr8-Ti5mmAgolMogQ5xnA,uvRatMC-cQA8cq1nnPWknQ,5.0,2012-02-03 18:15:59
FS4llNhaO9ul9QGkXvrylg,KHe6HAqmyioITwTvg9Bbcg,5.0,2021-06-10 00:00:04
FSPMAkNXozd8hqU-mAJQuQ,HoKH4Rk7wHfVT-60aYIYwA,1.0,2015-11-21 12:38:48
FSpUgCCiSqS7_q_-VeG7-A,ytynqOUb3hjKeJfRj5Tshw,5.0,2014-02-06 01:25:24
FTDSgrB19TEwnqqH1mc3-A,-cE9GrThz6HHn2zdpoqY_w,4.0,2016-04-07 20:47:39
FTDSgrB19TEwnqqH1mc3-A,4wq9bzoCe3Mh0cPbYH1eDg,5.0,2018-04-23 16:22:59
FTS8FyYTlL39X_TgzLtEbw,CPFKi2lZJazP6IdtCdDDyg,5.0,2018-09-23 16:27:20
FTpbrjpGTM-Ywr2kj0jv4w,W-fBHvwfkPuyojEbOQTHOQ,5.0,2018-08-31 02:09:29
FU1IU9k9VeCNoHTAKuWwXA,HoKH4Rk7wHfVT-60aYIYwA,2.0,2016-07-31 23:36:40
FUAH7JjTvd2lVRvYbm3-yw,zD1-R_baSc5_LhFUUlDG2w,2.0,2014-12-15 04:50:35
FVGl06f5NV3qKJEP4B1LMQ,617w8MQE3z1szmLvs0WfCw,2.0,2015-08-28 15:06:41
FVndKRU3IidTvAhOtIKlvw,1N7RWvz2c_e640PsvnSc0A,5.0,2009-08-05 03:21:17
FVndKRU3IidTvAhOtIKlvw,J8S7cPPlTgsQnXKVfTyN8g,3.0,2009-07-27 12:39:03
FVygYytFFiYmOKnaYaVuBA,9gObo5ltOMo6UgsaXaHPWA,2.0,2015-02-07 03:58:06
FVzA-5cUVRYttsv5aFOqQA,OZi0fOn8-ISUwhEAWC_8Gg,5.0,2014-02-05 18:02:56
FWGpp7UAMv8pZfrm_P2ZOg,I5KZm-NnxYeEQsmp6nK5_w,1.0,2013-12-05 15:30:52
FXTJeknePLCnw6KURnrRPQ,lDWmc7FpLjYoSFxrtbnMbg,1.0,2017-12-18 03:29:59
FXW16a1QddonpF-h3NtxPg,5Gdz1b4bffTJAWXENGtQPA,5.0,2019-08-07 20:22:01
FXdyaWuUOmyW6svv3njB9w,_EqGhRXzlUaTpu5eToC8MA,5.0,2016-04-01 05:13:31
FXjArWilSpDD0zuNHXPakA,qrI__-tPg4mfZuKsxD6wTQ,1.0,2012-12-31 08:57:02
F_5_UNX-wrAFCXuAkBZRDw,5hvO_zH7B1n2humawoPHrw,4.0,2017-08-09 12:28:09
F_5_UNX-wrAFCXuAkBZRDw,V6Om7YZhlRQRU7WfuxHq8Q,4.0,2017-08-09 13:17:26
F_5_UNX-wrAFCXuAkBZRDw,atZ_olNKXOG4rEr6mccN8g,5.0,2017-07-31 09:57:19
F_5_UNX-wrAFCXuAkBZRDw,vWyg7n0gGVinsrSj68GDeQ,3.0,2013-05-30 10:08:59
F_5_UNX-wrAFCXuAkBZRDw,ytynqOUb3hjKeJfRj5Tshw,5.0,2017-08-17 08:26:11
F_QEqPvBnrCEKCv65zn2YA,8Vo6LN9gqULhXzoxj5k6kQ,1.0,2015-10-18 09:04:54
Fa2-VD8cqcn98vqciVn3Gw,SwBhaxfQPbyhsi0QHUAN0A,1.0,2016-08-11 04:02:21
FaPrtK-SB9sygQuxndPm3Q,abzbYCaernXvdmYi1u9y-w,5.0,2018-11-17 21:04:00
FbQiilAZrTValxD_X3cPZw,Z4PF4EtM12L7nwOHZHFJNA,4.0,2021-04-05 00:35:38
FcdKOJBmez810jR6aaOIbQ,8A5LSwsKK5vXDH1M3_Tf1w,4.0,2019-02-19 06:52:43
FdAbGDumj39MvXa0vH_pwQ,ncyt6jLL3iAICPRGFe7Ihw,1.0,2021-07-25 19:29:42
FgY1IoWgzkANOYHGtRJDrw,tILA8ctsD_OZIcM2IfSyQA,4.0,2018-06-19 22:58:57
Fgd75FbEJ7bRIgp-QYD20w,9FiiDY8Nrmdn81jHHvJSlA,5.0,2015-08-15 23:29:03
FhY1IXX3phu_PS_qVpSY9w,Meww6RIE4cFL_kG0aRlbAA,4.0,2016-12-05 19:52:31
FhY1IXX3phu_PS_qVpSY9w,Nu-DLt0yxVO89R0FsSJm2g,2.0,2017-02-02 07:05:51
Fht_w918uBp3vNNlgVh0YA,06NHXjVHiGKNpZ2XeajVkA,2.0,2012-03-17 06:39:34
FiOmqkFmKUWQcp7-Vp5hpw,_nqrmx5xKLQyrbmjhwiiuA,4.0,2016-01-25 01:37:39
Figs8mO8s_aPRq2W7W0cYQ,KHe6HAqmyioITwTvg9Bbcg,4.0,2015-08-02 02:45:53
FjIu5bf6dPW7_V_-0Jg4kQ,UBIG1I0th2sSLekfXo-7jA,3.0,2018-08-03 15:49:02
Fjje2kqbRInJQMEvQpNyhg,Oh3Q3QfhMl2DArFiLUrT9Q,1.0,2013-02-02 00:12:15
FkaBNfCc2dRyQ2qXhsXXtg,5Fm6khB-De-OdqATep9J9Q,5.0,2010-10-13 15:07:34
FlIj3NArArIgBhEFUm-kXQ,zC_2cSAkMKkSAykOk72LcA,5.0,2011-06-23 20:07:01
FlXBpK_YZxLo27jcMdII1w,1qw5dIsQPNGLOwnuP7Wj1g,5.0,2017-11-27 09:06:42
FlXBpK_YZxLo27jcMdII1w,B5eJm8A4eiuPLW5C6l75dQ,5.0,2016-07-26 14:03:17
FlXBpK_YZxLo27jcMdII1w,HPqTJ_yF2ZJw87yHWnSzSg,5.0,2014-09-10 19:14:02
FlXBpK_YZxLo27jcMdII1w,QU5SwQ7NxIJdueL_M3u8dA,5.0,2018-10-13 00:37:37
FlXBpK_YZxLo27jcMdII1w,VwDrUaY7PPkvfD6M1dAVBQ,5.0,2018-08-26 15:45:14
FlXBpK_YZxLo27jcMdII1w,YzluF3FNGjnW-tOrLZt8JA,5.0,2016-02-02 00:50:24
FlXBpK_YZxLo27jcMdII1w,tUkv0ZxUAdpyv8qhgRU5TA,5.0,2013-01-14 02:38:06
FlhZYUEhfpfm0Ynxacftwg,g2zwbLIqxtN9nGGuL43trg,5.0,2012-09-13 00:41:01
FlvxeXfNW8IHDYDIsHjSgg,t6n3wv1VtZpp7HD4ouWonw,2.0,2010-05-10 04:08:08
Fm6rhRjbx7Wn9N51duQYLQ,B7nlRFe3EeQwAWpUpefGHA,2.0,2017-01-22 14:28:36
Fm6rhRjbx7Wn9N51duQYLQ,S9qwmdAgz9YYQ6XCvX3aNg,3.0,2017-03-13 14:34:00
Fnrg4htxMaIGOhPpHnr24Q,rhe60AwSzlSbYQuTFZ7RkQ,5.0,2019-06-02 02:57:08
Fou9vUXHBwo-lkT_DI9YgA,ZAW0xyAof374R-A121OP_Q,1.0,2021-01-21 20:12:30
FpK9fKAhVQp9PDXAuAiXDw,SJPnC_1BEXUxvU2Xvn9rug,2.0,2013-09-06 01:49:07
Fq5KZPiCyoz4sCF0LpFRPg,ab3pRv-b0o-BwMK2jVbH3Q,5.0,2014-01-02 08:13:11
FqLxYKyBedzmL6MuYv8AeQ,fhtqwbSZLUH1s2NK2Vabvw,1.0,2010-10-19 14:46:48
FtTwsdIffvlrkoqnDtpLTQ,aDgughL1vDootnXe5kUWGQ,5.0,2018-03-06 17:33:54
FuTJWFYm4UKqewaosss1KA,5XJsZt4HFjSbAdc4dkWVKQ,4.0,2016-01-23 17:46:36
FuTJWFYm4UKqewaosss1KA,gQ5_wcFqhplc9xrnSCt6-Q,5.0,2016-02-09 19:35:46
Fub_eqON8m5SpgHqh2l5oA,dGUyXgFW1WSYMgRypKaYew,5.0,2013-08-19 01:14:17
FvxgtHlYOS4Q_22omnk0OQ,_nqrmx5xKLQyrbmjhwiiuA,5.0,2017-07-02 21:38:42
FwRIArLW3gPwCBoz4xPm5g,gOrJeoLDOiW7muWuoE-sMg,2.0,2012-05-29 14:51:53
FwjkZVoAsdZnNr8mkCCKrg,R17gwW6zn9ilslbdvKdgsg,5.0,2015-12-17 20:55:07
FyBrtt4zpT1Zy8dxdYGsZw,jZSTJr11c4mo9NrKyJodnQ,1.0,2015-07-31 21:08:10
G--7VadFHbG1-5zEQC8KFQ,ElqoiaCSUA8oyyvixox9lQ,1.0,2018-12-19 08:23:01
G-l9ihg3sRAiGTuZLDmJTQ,AUkjIKc4E8H2TDk47-QCIQ,3.0,2016-01-25 07:06:15
G-l9ihg3sRAiGTuZLDmJTQ,LCpHFLUQhVMhfpNngtf_Ew,5.0,2016-03-07 23:10:42
G-l9ihg3sRAiGTuZLDmJTQ,Pr-OrQ0-hNPFdp8bVZN6Lg,5.0,2014-09-09 05:56:07
G-l9ihg3sRAiGTuZLDmJTQ,o7Ccb9LjC_ZTSF_YHgJXnA,2.0,2014-04-03 18:00:28
G0CSLuWznX-0rsjQfQGfgQ,KHe6HAqmyioITwTvg9Bbcg,5.0,2011-06-08 18:11:38
G0Ex17NeMJUwqNIl8Z4ecw,B_ULY8xaOEx4PZxauoSmow,3.0,2020-03-12 15:00:56
G0Ex17NeMJUwqNIl8Z4ecw,juWaIwWHsdtM4rFPmolRVQ,5.0,2019-10-18 12:15:57
G0Ex17NeMJUwqNIl8Z4ecw,l6cY2ndR-6GmqhVeuA0VgQ,5.0,2019-09-25 21:30:47
G0Mu95b3NXx3EO7gw6B1Zw,6h7C53qLfwM7v3zKRqG0yA,5.0,2012-07-28 00:54:07
G0Mu95b3NXx3EO7gw6B1Zw,J8S7cPPlTgsQnXKVfTyN8g,1.0,2013-02-07 15:34:19
G0Mu95b3NXx3EO7gw6B1Zw,eoN0GAIRV0WmwUm7FmzKgQ,2.0,2012-09-10 12:57:05
G11NhJgHEM1TKMwpgl5A9w,Qa1YQzo00sm9O0JUlwdCQw,5.0,2018-05-28 14:12:17
G1DtOw86TtPYtllePlMAdw,FEXhWNCMkv22qG04E83Qjg,5.0,2020-02-27 00:56:30
G1ZIvqZieDSQvc9o3P9VAQ,bdth7r1brx9yRU7sYwF9jQ,5.0,2019-01-01 22:44:49
G1ZIvqZieDSQvc9o3P9VAQ,khJNtyRfPwQ0ybr3tPeZ3g,4.0,2019-10-09 22:30:09
G1h1gHD9q31P4b-sIBoz6w,IjtKwA7njLjTvZr0nFSLeA,5.0,2020-06-30 03:23:20
G1h1gHD9q31P4b-sIBoz6w,tRrwvG_26qqzMlNIYyz-TQ,5.0,2017-01-08 21:18:11
G1nod_F9I9LjckFQlz6G3Q,kiA1mrC2ZVoRmpsWgAT7ow,1.0,2014-09-13 22:03:58
G1qrpwKTYn70UbJS_S2sDw,B6Lvq3sOYwhKxPzadDka9g,1.0,2018-08-22 19:54:40
G3E69neBDQChbhahmzfnAA,kZ1q0K13tFYG_ZJrVvsJHA,5.0,2021-03-03 23:50:19
G3Kxhq7gXBZRGK-lo7vPXg,HEf0QXnhxrcIWxRfAbQ2iA,5.0,2021-04-21 20:28:36
G3ePc3-7X3wuvJ6BbYIvMg,Yu401DtSmkXpJhgXnQcFrg,2.0,2011-03-11 14:59:30
G3h8pIclwUbuu3itJqF7ug,B3JF06ctShiYJeg1FyJ5jA,4.0,2015-06-10 05:46:15
G3h8pIclwUbuu3itJqF7ug,lJ7eghiuciw-qGmfydY7tQ,5.0,2013-02-01 22:50:42
G3h8pIclwUbuu3itJqF7ug,vDU_pwTCyHBPs-JoklOMWQ,3.0,2014-08-22 05:52:31
G3thrKyrG3FY4wlga4EKlw,J8S7cPPlTgsQnXKVfTyN8g,1.0,2014-09-11 12:06:50
G4DmqPshpisrNDToaafmCQ,Gekeq1c-fuezmx0PSGQvzw,1.0,2014-08-17 21:26:29
G4MjUY-PRI8-u7PHShUCYA,0oSSjekU-3GR8gselReWnA,5.0,2018-03-24 01:53:23
G4MjUY-PRI8-u7PHShUCYA,FH0MVF7kK0D76Hh4e7hXfQ,3.0,2019-09-23 00:38:58
G5LXEaxhQMF_BVjNHkVr7g,wFJ03BkpSA2pY77iCWFJLg,2.0,2010-05-25 03:04:42
G5jzQhJ52Bi8vezj_N3vjA,y68ddl23zvgIY2aWvCNjaw,5.0,2018-10-05 21:56:40
G5qF80FAj6qMa8FA9Wc2Xg,fSx8zLSP_LBtIm_mfQRbTQ,5.0,2009-09-03 01:32:37
G6iPJLyRP-t2sjncGppnQQ,2Z5rz2PqzkNTkfLb44TUSA,5.0,2018-09-11 00:24:16
G6zuPaZk5O2NxYQy9384XQ,eLjXnfYwkr8zz0VhwMhOGw,5.0,2014-08-04 14:54:37
G7ib4zjFTadKOaGbpueBtQ,O_wuhNjqLiWvRcYfbHw7Ag,4.0,2016-01-27 22:16:19
G7spFaGpRBh9wrKiZSEW-w,j7LZM6rf4Bf33exo6XXKGA,1.0,2020-08-15 23:42:56
G9D8fK_ffX1q9kO9i-6_KQ,2HxkdqHmbYGj_BH1bLaiSw,5.0,2017-12-20 02:22:27
G9D8fK_ffX1q9kO9i-6_KQ,HSv0Pe45yPAs6PgwlcTPcg,5.0,2018-09-27 15:41:03
G9D8fK_ffX1q9kO9i-6_KQ,L7nIa3bd_aHQCbK9rPZZ6w,4.0,2017-09-18 12:55:31
G9D8fK_ffX1q9kO9i-6_KQ,Qw7tz-UkPrpXaVidWuab4Q,5.0,2018-01-31 18:46:12
G9D8fK_ffX1q9kO9i-6_KQ,cbr2Db20L6P50CsxsX6c2A,5.0,2018-09-25 13:51:32
G9D8fK_ffX1q9kO9i-6_KQ,dBCNUSbz5-8nQNrxWo5deg,5.0,2018-09-17 13:24:38
G9D8fK_ffX1q9kO9i-6_KQ,eoN0GAIRV0WmwUm7FmzKgQ,4.0,2018-01-29 13:48:49
G9D8fK_ffX1q9kO9i-6_KQ,gOrJeoLDOiW7muWuoE-sMg,5.0,2017-08-07 23:09:43
G9D8fK_ffX1q9kO9i-6_KQ,qwmlqH4blnTNTFDhUaCBXw,4.0,2017-12-11 01:08:42
G9D8fK_ffX1q9kO9i-6_KQ,sf-KdXHB5nxfNjl2uUpI6Q,5.0,2017-12-11 02:06:19
G9D8fK_ffX1q9kO9i-6_KQ,vUrTGX_7HxqeoQ_6QCVz6g,4.0,2019-01-18 15:38:46
G9P3h7ZGdbdc_Zt6IKC2vQ,2KIDQyTh-HzLxOUEDqtDBg,5.0,2019-08-09 21:42:50
G9Vb6yQ047TC3O_-GG4WZA,GBTPC53ZrG1ZBY3DT8Mbcw,5.0,2010-06-21 16:23:09
G9Vb6yQ047TC3O_-GG4WZA,winkCYdiTroKdbPbV0DfRA,3.0,2010-09-24 18:35:39
GB1wNOUbzMkI4kwoh2DtAQ,iSRTaT9WngzB8JJ2YKJUig,1.0,2019-03-19 16:54:21
GB1wNOUbzMkI4kwoh2DtAQ,nM3dJkSIWuw01HoJyKt3Pg,1.0,2017-03-13 04:21:19
GBTEfh1rUFPqcLY6bplofw,cYZzwOnwzppjuzseAi2p9w,2.0,2013-06-20 05:03:55
GD0AnaoQO2ymuLXw0P1PRA,9PZxjhTIU7OgPIzuGi89Ew,4.0,2015-08-22 16:04:18
GDVDWlJAneHlpr5zbwshCQ,1N-Sd-4UQTwM-nCD0sfs7Q,4.0,2013-05-06 07:45:17
GDVDWlJAneHlpr5zbwshCQ,2R3VHZy6yys7iS8SuSMbbQ,4.0,2013-05-11 05:13:44
GDVDWlJAneHlpr5zbwshCQ,mzZ_WTb2zvyJMBkm84B-WA,4.0,2013-05-14 05:34:55
GDc1sw2uHJprKb1kc5w3vg,vhDWGF-8BfsxvS7Zo5Wv2w,5.0,2018-06-05 03:44:12
GDvqhDJuREZtFN6fjt6TSg,nLxzI1lBOFNTKEnoip66wA,5.0,2016-10-04 02:04:30
GF0CCTGqls2HiVMOXN71xg,KHe6HAqmyioITwTvg9Bbcg,4.0,2011-08-17 23:23:54
GFegKuN8Zq-RSMlQooLqiA,5fCpIolPWznGdz3D6hjrvg,5.0,2013-10-14 23:44:18
GFegKuN8Zq-RSMlQooLqiA,QOPcqO5zvGVZL54917JUdw,5.0,2013-12-18 16:58:13
GFyA9ULGAeD-xZEPto2y7A,6RDGvdukSq3YHPYvG8sIEQ,4.0,2017-02-15 17:05:02
GFyA9ULGAeD-xZEPto2y7A,7D5-a53BLau19RpMu-L3zg,5.0,2016-03-16 05:55:14
GFyA9ULGAeD-xZEPto2y7A,HhD8DLES5ZeULKDXmfkOOg,3.0,2017-12-13 20:25:13
GFyA9ULGAeD-xZEPto2y7A,I0I2mkCOPTYVSLpc8A8VVw,4.0,2016-03-15 04:08:58
GFyA9ULGAeD-xZEPto2y7A,jXrhIVKcJ-upvglUmfC1pA,4.0,2018-01-05 02:24:24
GG0mFsEXb-02_dzFPqRV1Q,01ikDdFTvc2-YXeyv-YXjg,2.0,2017-06-20 13:45:05
GG0mFsEXb-02_dzFPqRV1Q,T0MvxzVMMczJ_Eips6XGaQ,3.0,2016-08-16 12:40:26
GG0mFsEXb-02_dzFPqRV1Q,VwZ5NDbIu3elGQI6MzcXBA,4.0,2017-11-01 13:02:36
GG0mFsEXb-02_dzFPqRV1Q,gEX_kEhYgvLKGJtlY45BmQ,4.0,2020-02-06 18:57:42
GGPX8SdQ_P8xuRdnn4UgKA,KHe6HAqmyioITwTvg9Bbcg,5.0,2018-12-18 00:52:04
GGSVe281HySuE7fPaYAogQ,GV1s2EOQX7tLQrDjPGUJUQ,4.0,2014-06-03 22:22:17
GHmAn5PsZvURFin-CB6axw,Oh3Q3QfhMl2DArFiLUrT9Q,2.0,2009-01-03 00:02:55
GHoBAN6v5zprtUeOi4iicg,hjRxa6xpKOwnbUgGvVCE5Q,5.0,2018-01-07 18:23:57
GHoBAN6v5zprtUeOi4iicg,n-5axl7flllst22atNMwuQ,4.0,2017-05-24 05:54:29
GHoBAN6v5zprtUeOi4iicg,xLiN8ZqDaTEn0AXdhRZ-Xg,5.0,2020-11-09 09:45:01
GHoG4X4FY8D8L563zzPX5w,_nqrmx5xKLQyrbmjhwiiuA,5.0,2014-05-13 11:41:36
GHzRZjI-Ds62MGRtbhsW7g,_NozEKb4y0jkC08DWU8ywA,4.0,2015-08-30 22:51:21
GIqeciJ3twa83JuCs0z3WQ,wbBbEWgmPLfI0QpxBLgNiw,4.0,2012-06-22 23:39:54
GIsITEslSHOdOMItFU8SfQ,kmtxMwDD_DT_JwP4-uyqXQ,3.0,2013-07-18 15:52:38
GIz06_fbh9ZqHo9TSwefVg,hwcPLznPbsW8ghC20OluRQ,5.0,2014-07-15 02:52:52
GJUP_9KUzyLs47QUWDxFhA,yGFkdrYdndizAPymvyq2WQ,5.0,2015-02-19 21:21:54
GJv1yf_IhUZqpDjFr86DmA,CMh5bkpgksnDq9itn-FlHw,5.0,2011-02-24 04:54:30
GJv1yf_IhUZqpDjFr86DmA,FaY_9x8ZtsuHe5wS2iJM1Q,3.0,2011-09-10 06:59:01
GJv1yf_IhUZqpDjFr86DmA,SbuLL-8eSaUs-huaYR5_IQ,3.0,2011-05-04 07:03:45
GJv1yf_IhUZqpDjFr86DmA,TAuGNUCQ00CVPfCzsFipXg,3.0,2011-07-30 02:31:35
GJv1yf_IhUZqpDjFr86DmA,UpoQYI2d03qy8R82VCRnQg,5.0,2010-10-16 23:35:17
GJv1yf_IhUZqpDjFr86DmA,al3Ri6TEqa2rBzjHsn0T_g,5.0,2012-01-03 16:36:11
GJv1yf_IhUZqpDjFr86DmA,jMZ56S8Y1t7cA1Ob-d-qeA,5.0,2010-09-26 07:03:36
GJv1yf_IhUZqpDjFr86DmA,wjZwXKDiFBQXlO8-TjQTXA,4.0,2011-08-05 06:55:47
GKZkLZkbFK7UmhLyx-7Qqg,hxc6TmLzsENk4xsjm497qg,5.0,2013-12-02 16:16:53
GMCYr7LJ68yPb0GDxp5vhQ,_-XYJgVGrNMtn_S6nPm-GQ,5.0,2014-08-01 14:02:06
GMp0DRWP3VJ5VkM5wpk22g,Gy6tBn6lrf4AN2Gr1I8Oyg,5.0,2016-10-26 03:45:13
GNRIlUNNU4Dq09M7sds8-w,dGUyXgFW1WSYMgRypKaYew,5.0,2014-07-12 23:03:56
GNsWRX6jfY1jRa_s6pocrg,QUEWdnmVCv2Ri8xJATTrIQ,2.0,2016-10-21 21:42:02
GODSDHvAdsxs80E-H_8vbA,-VlBFlHwX-Pt6Xyzs9roGw,2.0,2012-01-21 19:17:05
GODSDHvAdsxs80E-H_8vbA,HDNeRsScQG_YQevwNPOcJQ,1.0,2011-10-26 02:28:41
GON8Ynfiro1jxnFoWD5jwQ,eX7o_-s5TmDT-DMfTV4cmw,5.0,2017-02-14 22:04:44
GQkCKFqwlAPwpYd6DxAHSA,Yu401DtSmkXpJhgXnQcFrg,1.0,2015-03-02 02:21:33
GR7-1pQrgIDcLXAtSpO3cQ,TsoCCouCudxL2mwn86SFiQ,5.0,2019-05-23 14:11:47
GS6g_BVu38AXLEVu8Vc55Q,FryXEasH74MQDnj5Bvz3QA,1.0,2018-01-14 05:17:12
GS8_c5JANYuYzc1_7GS-Ug,HiGSwE3dV_u5OnLok3jfKw,4.0,2017-01-24 22:18:04
GSMBpnEny1cR12yPIwO0Dg,WrZaL6BxHqVqt3sAcJ-5Rg,5.0,2018-02-15 16:47:44
GSMBpnEny1cR12yPIwO0Dg,oyJ3gXNkV0DO0YxcaTgtTg,3.0,2018-02-12 14:45:23
GUCac_iRt07wvgwCt9Y3Fw,jtgBkAQuchDYgkdsebzLsQ,5.0,2019-01-03 00:36:30
GW19D3SEpU_bwxRJ3lK71w,Nvx2MceKWAtikcAxk_TBMg,1.0,2014-12-02 01:12:25
GX0FKxi3OjDABcw4XwQ7Jg,-ymffdKa-pkGZa8sDDjSig,5.0,2021-11-26 17:14:59
GX0FKxi3OjDABcw4XwQ7Jg,EagkHaaC-kUozD3MPzbRIw,5.0,2021-11-28 17:37:52
GX0FKxi3OjDABcw4XwQ7Jg,IxlIgLbIbynzJdzeqO860Q,5.0,2019-10-23 21:08:10
GX0FKxi3OjDABcw4XwQ7Jg,JLumGKzGu9kqGTdwYF41CA,4.0,2018-08-28 16:00:22
GX0FKxi3OjDABcw4XwQ7Jg,MgJ_P-xlnTorvkW7l7fXKg,5.0,2019-12-04 20:36:24
GX0FKxi3OjDABcw4XwQ7Jg,W8Z4rXYkmZlEVSaxIVjyvg,5.0,2021-03-10 18:32:23
GX0FKxi3OjDABcw4XwQ7Jg,ZTkUPKhgLBpEbNDo8Mi2xQ,5.0,2020-10-09 21:23:33
GX0FKxi3OjDABcw4XwQ7Jg,egDsfkn6ZYrYRnlGe4I94g,3.0,2017-11-28 17:31:16
GX4R9SIz3JsRrQdqzYP9bA,0wZJkj-OnZ7Pmublspl7tA,4.0,2019-03-14 21:18:23
GX4R9SIz3JsRrQdqzYP9bA,LkCFcD-5QyNIUnEfO78npw,4.0,2018-03-13 16:57:40
GX4R9SIz3JsRrQdqzYP9bA,k1yDRDZ4QCvNW9Wm9-IOaA,4.0,2018-03-06 20:20:09
G_Ww3TYrXzuAlzXyf1EekA,LbhraX3qY94g3Xn2Havbpg,3.0,2011-09-14 15:42:20
G_l3F6T2aZXmYbfwlCaODA,1Hd-0f0gWvI7y9CI_3kFVg,1.0,2012-11-27 05:52:08
GaBOU2aacXN9R0X1yq0IdA,4QMIJJWQOh7zpEwOXhFJqw,1.0,2016-02-21 03:56:19
GaacaTNh_rOgJO3zbfqPkw,KHe6HAqmyioITwTvg9Bbcg,3.0,2008-10-03 19:29:32
GbL7X8pl_D44E65YMxHbkA,B3tLDhsfgQIQ7T9u3K9-uw,4.0,2017-09-23 23:45:24
GcdYgbaF75vj7RO6EZhPOQ,-2-ih3mE8KPyeKVIzpBfPQ,4.0,2016-08-12 13:52:31
GcdYgbaF75vj7RO6EZhPOQ,-cEFKAznWmI0cledNOIQ7w,5.0,2016-02-22 15:45:29
GcdYgbaF75vj7RO6EZhPOQ,124Fu856b1a3ySEymbI3zw,4.0,2016-05-27 13:30:33
GcdYgbaF75vj7RO6EZhPOQ,46_2e1hnQ4csLrYnhn6bkw,5.0,2015-08-25 21:09:53
GcdYgbaF75vj7RO6EZhPOQ,Gw7UW0E2BguzL9suQnwDeg,5.0,2016-02-05 13:47:36
GcdYgbaF75vj7RO6EZhPOQ,ILvJAuSP0sYWJKAQ-Goh4Q,5.0,2015-04-06 02:30:16
GcdYgbaF75vj7RO6EZhPOQ,W_SQ6CfxAZFx6liHLPyajg,4.0,2017-09-17 00:24:16
GcdYgbaF75vj7RO6EZhPOQ,hxh1ongobphqXq30V13ukg,5.0,2015-10-25 04:08:42
GcdYgbaF75vj7RO6EZhPOQ,uvAP4JuwHzZeZJ_aZyNLrg,3.0,2019-01-16 18:13:32
GcdYgbaF75vj7RO6EZhPOQ,w9_EQB0SuAFYxPMcfY_P_g,4.0,2014-10-09 01:21:14
GdM6Q0sWKI33TAHb_S693Q,0vi741BLMGl2QPeTXWeG2w,1.0,2018-12-19 18:59:56
GdkupEXprSBV3_5jNpE69A,elEQxid6rZ3tRZF1Kwkr9A,4.0,2019-07-29 06:13:54
GevrFd8ojonAr4fEQB9WfA,2pMdDOWl14rU4jdAH4oZXw,3.0,2011-01-14 02:24:55
GevrFd8ojonAr4fEQB9WfA,4R2KR_-FybS7oegGrXjHVg,5.0,2010-01-27 04:57:43
GfI-d9mQePFA2PvhAd4WGQ,1Efjww8n7WtKtKTgDqjgdA,1.0,2019-01-19 20:53:54
GfI-d9mQePFA2PvhAd4WGQ,CYSPKiVdoPX3erovujnE9Q,4.0,2018-03-27 00:54:44
GfI-d9mQePFA2PvhAd4WGQ,KTGEa8V9ec0QBYM_uk1YLQ,5.0,2017-09-30 19:43:33
GfI-d9mQePFA2PvhAd4WGQ,cLxia5oKALmQ1HDWq0KPmw,5.0,2017-12-09 03:17:33
Gfxb_D1k8tueAoGn4cseoA,9PXJkRLVWd6IMPfBzdJp2Q,3.0,2018-11-27 12:43:53
Gfxb_D1k8tueAoGn4cseoA,CJoO4HYD0tZRXlZqA04wmw,4.0,2018-05-15 21:45:41
Gfxb_D1k8tueAoGn4cseoA,GBTPC53ZrG1ZBY3DT8Mbcw,3.0,2019-08-23 17:04:40
Gfxb_D1k8tueAoGn4cseoA,sTPueJEwcRDj7ZJmG7okYA,4.0,2020-10-21 20:48:04
Gfxb_D1k8tueAoGn4cseoA,ssk6Q7dOtOBP-8ovssi1jw,5.0,2016-11-30 20:43:15
Gfxb_D1k8tueAoGn4cseoA,u7_3L1NBWgxhBM_B-cmmnA,5.0,2020-10-20 12:57:14
Gfxb_D1k8tueAoGn4cseoA,ytynqOUb3hjKeJfRj5Tshw,5.0,2020-10-22 03:45:10
Ggy1S-zOoM4Qt_fNJB5n1w,xJyp6RLqNRv3tSu6njPKxQ,1.0,2016-06-16 14:41:34
GhFeMF8kUBTKSljlZ795pQ,s4r3OEFu8q1HAB06CnEPCA,1.0,2017-12-06 21:27:00
GjFuzpMVFAz_BUBqwA-4Qw,GXFMD0Z4jEVZBCsbPf4CTQ,5.0,2021-03-27 14:47:46
GjN0vQJYKNaGdjbIEuDrUw,jkUjZI9RjmoIuMPpwpdSRw,1.0,2016-03-28 00:41:28
GjVTZwgR4Z6VAc7tZ5ZXZQ,XbobIU5XuX4K52HrTvHknw,5.0,2019-01-24 20:24:31
GjZleUQMUCxxRUpbFbTjVg,fdR_DS71-LMuR5Lhlyx9tA,5.0,2012-01-16 20:23:36
GjjcFwBbDis4Li26Be1vzg,8A5LSwsKK5vXDH1M3_Tf1w,4.0,2019-04-29 02:20:56
GjjcFwBbDis4Li26Be1vzg,RiOcLw__HPf_rTOTpYKnHQ,5.0,2022-01-07 23:49:31
GjjcFwBbDis4Li26Be1vzg,q36uZc2hQml10YGHazJaoQ,5.0,2021-07-14 18:54:45
GkE5ssiGzOTwqPwMaT_pBw,j7LZM6rf4Bf33exo6XXKGA,5.0,2015-01-02 20:39:08
GkdDOpxSziKbrIYsg-WyZg,_H30_Y_YcQQ7kbix9a1KfQ,3.0,2015-12-07 18:20:29
Gl_BPtfMibPY-blC3qkbFw,t7pZrv7LaqTQ71Iq6NerCQ,5.0,2017-09-28 13:40:31
Glq_5Fn45I4HkNqRhfuDkw,KdAWjL9MKjpJzEeI902qBA,5.0,2021-11-24 20:46:52
Glq_5Fn45I4HkNqRhfuDkw,wMyHVb54Ne9SNasa4kjOCg,5.0,2021-10-18 21:05:17
Glq_5Fn45I4HkNqRhfuDkw,yUndy-LC5huRJs75s0X1IA,3.0,2021-08-16 20:49:47
GlvO2IGJ5Y49_W16hHNvmg,u-wkhjV7CfvGJVY7hGULjw,2.0,2013-12-23 16:27:35
GmQR50bIII7gDNRYEgfXfA,qmJR2qGwuK-q_05gY2qu9A,5.0,2018-03-31 13:42:17
GmQR50bIII7gDNRYEgfXfA,tthy48ZIX_wfY8Dy0Dvg6w,4.0,2019-07-26 14:36:04
Gm_JQaYXmUdOjfC4wM7PTw,5JiDLN6spnuAVrEN6csvzw,5.0,2019-01-26 06:17:12
Gm_JQaYXmUdOjfC4wM7PTw,RQAF6a0akMiot5lZZnMNNw,5.0,2019-06-09 16:28:41
Gm_JQaYXmUdOjfC4wM7PTw,fCDMLD21ypv1XZ_EyafCkQ,4.0,2018-01-25 22:34:35
Gm_JQaYXmUdOjfC4wM7PTw,uZsStnH9w2xY15og9VsQZA,3.0,2018-01-25 15:01:12
GnaBQoO2UfzLdxe5pI8Qog,KHe6HAqmyioITwTvg9Bbcg,5.0,2018-05-30 13:15:14
Gs67-_aCJbmR_EQiAMR5DA,2pBNVsJo3a3CPbInUu9lvQ,4.0,2021-11-09 18:16:50
Gs67-_aCJbmR_EQiAMR5DA,EZc2myE2mYk2h9JK9qu8gw,5.0,2021-11-09 02:34:33
Gs67-_aCJbmR_EQiAMR5DA,bf32KWp9yvN-WT8c-QtbzA,5.0,2021-11-19 16:57:19
Gs67-_aCJbmR_EQiAMR5DA,pUVRCYL8rT4I5Ry5FYkRsA,5.0,2021-11-19 17:05:00
GtMNIxCyzWuZoqzjTGj7mQ,TaK6QGR0mpwcOd8rwr38vA,1.0,2012-04-28 22:47:18
Gu41c5XPxcHXD9LeJp0XWA,tV46IhCfHbsx_af-pMupiw,3.0,2014-09-05 02:20:14
Gu6v8UP_FKORLlKyvc5JIg,82bYVTfEpApVNMcmz4pMeA,5.0,2014-05-13 21:48:04
Gu6v8UP_FKORLlKyvc5JIg,HV7AHORTkLqIfhR-tpRmzg,5.0,2015-08-20 04:57:34
Gu6v8UP_FKORLlKyvc5JIg,NgEy0AX40Yg4Bpon61wbEg,5.0,2016-11-08 03:23:21
Gu6v8UP_FKORLlKyvc5JIg,Rx5lfHMWkezmQjCfr2ziAw,4.0,2017-03-23 17:12:51
GuuV2dfGxO0ighs66RTmRg,uHfHKZj_RsNwP03ar_vwQg,4.0,2021-06-01 14:26:42
Gv-D2ODquTBrmYiPVzxDlg,W9y4JkMqy2dFNwYc3Y5cKQ,5.0,2016-08-01 19:19:57
GxGNAXumenO5lpzjYe3aLQ,m4kvY0viCwxqRtgOycnKVQ,4.0,2016-04-22 21:45:05
GzYlk0qWZ8P2gjl5WSk_kw,Df60BZXw3Kj9Xt1UlAidqA,5.0,2014-03-01 00:56:35
H-GqigbtmsFMXlrFAjKHBg,ZKPrXH_GNW_AtZ31tP3NmA,3.0,2013-04-21 21:54:43
H-tm1jPerBt5YpXovMHIfw,lbGQ0fIfpiqltPCtRGt80w,5.0,2021-09-25 02:37:10
H11jS_iT9_bUMaVxH2AIbg,6iqDIQCE8sq7Xq1xvhG1Tg,4.0,2018-12-17 22:05:19
H11jS_iT9_bUMaVxH2AIbg,77a4oJTyPrvFKD4gJv7tVA,5.0,2017-11-30 21:38:56
H11jS_iT9_bUMaVxH2AIbg,MgJ_P-xlnTorvkW7l7fXKg,5.0,2018-04-23 03:32:33
H11jS_iT9_bUMaVxH2AIbg,OR7VJQ3Nk1wCcIbPN4TCQQ,5.0,2017-09-23 02:14:57
H11jS_iT9_bUMaVxH2AIbg,QCsVilspu6TxuwZMUTabFQ,5.0,2017-03-31 03:46:43
H11jS_iT9_bUMaVxH2AIbg,ywBRJjqtj2xIfsWzs8ungg,1.0,2017-09-23 01:29:18
H13U5ac3V11fO96nEJI2WA,offiWjhY-INp-m6dEGi80g,1.0,2012-10-16 03:44:01
H1DKDA3I0XIA4IIfFju9AA,VRGYwKE_Z77frm5NwLvJhw,4.0,2019-11-25 16:11:28
H1DKDA3I0XIA4IIfFju9AA,WfEc--AG2O1f78q3RuERlw,4.0,2019-05-07 03:49:55
H1DKDA3I0XIA4IIfFju9AA,lMqs-c1Cwzm1Nym-dZNAQQ,4.0,2021-11-09 04:57:01
H2DNqyt2CR5a8Gv3Jisqhg,mGy0KzmeGIECUL0nZXUV0g,5.0,2016-03-26 15:16:44
H2EBtgfStqaB27QFjMnMNw,pWuoHHu0LuVrD0HjadDygg,1.0,2019-03-10 20:11:59
H2nfyWYtKd7Act7NCsb6cg,dCI9y5zlamQovNvvZ8JL5w,1.0,2015-12-03 20:14:20
H2wXdyUkTEpWk9xRg94jqQ,-W0tnXYJ4WuxLjzmbwlVAQ,4.0,2013-11-12 04:05:28
H2wXdyUkTEpWk9xRg94jqQ,4ZNCc1GzJZkS7XI1c9rCMA,5.0,2014-02-18 04:09:05
H3cExEGaTjX_NVDvgS5TnQ,J8S7cPPlTgsQnXKVfTyN8g,4.0,2014-08-18 15:33:12
H3nIEBAoKweN2lj6VJ_w5g,HoKH4Rk7wHfVT-60aYIYwA,1.0,2016-05-09 01:40:07
H4Q_w39G5uBIkHUseMKhpg,sjuU4XWZl1Ed14s676hDQQ,5.0,2010-10-14 18:13:16
H5d_nFqzwrREE-YduK2ABg,6F-6mFFNw2YXN7lD_Gukcg,5.0,2007-08-18 01:02:11
H5pubo53Joclw01ZPqhoMA,XXVie9MI2oQz1OzfzSAOhw,1.0,2016-11-23 16:27:21
H6B6YK3k-uUQuH9euULywQ,GV1s2EOQX7tLQrDjPGUJUQ,5.0,2014-01-25 03:54:10
H6o_yPcR97FHMTuKFmvprQ,PlaECqs3oPBRo47p85zkzw,4.0,2016-05-03 12:53:08
H7A3f8-Jq6ilIHdMpS-_Ew,2HxkdqHmbYGj_BH1bLaiSw,4.0,2018-09-26 14:58:58
H7A3f8-Jq6ilIHdMpS-_Ew,m6ZcOrHJHYmIPhjgh8cycw,5.0,2019-11-13 00:44:53
H8evlZitNdbCar4jqG_lZw,Tt2R4wjIcwEUgD-3SNmT3Q,2.0,2013-09-12 21:29:26
H8evlZitNdbCar4jqG_lZw,W4JLP5jFlBh0LrmDYgzJUw,4.0,2012-12-21 21:18:17
H8evlZitNdbCar4jqG_lZw,paBWJ6VBIy4-eXVH3iGFFA,1.0,2013-06-16 21:52:09
HBLDsdGpWd13cnu6hoeR5w,dbn2SoD5uPG15Yd4UcmEzA,5.0,2017-04-07 00:41:18
HCP1pR_44Pw5_BiWAp47-Q,AzylMkpWl-OLWQLMKVRoVg,5.0,2016-06-20 19:51:31
HDbBsdnvPXDCDdWFYWEMkA,OZcl2HOUXAHuICrh5d2WjQ,4.0,2013-04-04 15:07:53
HExdtWqmA6rhzYdmkorJdw,SJPnC_1BEXUxvU2Xvn9rug,1.0,2015-02-26 00:36:43
HFECrzYDpgbS5EmTBtj2zQ,R722fDi0r2oamiWjbnRP2Q,3.0,2021-08-24 00:05:09
HFECrzYDpgbS5EmTBtj2zQ,oysMjeirauXKhRklyGy8Dw,4.0,2021-08-24 15:28:10
HFECrzYDpgbS5EmTBtj2zQ,ww3YJXu5c18aGZXWmm00qg,5.0,2013-07-04 23:59:48
HH7iiWvBqV-20lA7JlSRWQ,aQhn4CcEJokY6ADxUbzTaQ,4.0,2016-01-15 09:55:47
HH7iiWvBqV-20lA7JlSRWQ,ytynqOUb3hjKeJfRj5Tshw,5.0,2016-01-14 07:55:05
HHCK9DrxYXJti067oFyPyw,eAzeb04i354i6VZFI4bJRQ,5.0,2021-04-21 21:42:08
HHElGuSH5v4Cxrf_dhCTLw,HV7AHORTkLqIfhR-tpRmzg,5.0,2013-05-24 18:02:23
HHobzt0gn2lVZrsYiCnuYQ,szad9yEwckNw0P3L5FGyNQ,5.0,2021-02-13 00:15:08
HHp96KPsroyYDAHOwo_VSg,J-ciDDEdIHMcChGIyKZnOg,2.0,2018-04-01 05:47:29
HHp96KPsroyYDAHOwo_VSg,KyDcAU41QDQpYAFyK6Q6hg,3.0,2014-12-17 08:03:00
HHp96KPsroyYDAHOwo_VSg,ob5gqlNhg10c7y9aTyvEAQ,2.0,2015-08-09 09:35:08
HIAKsWHN0dZtTZA7BVLIQA,g2zwbLIqxtN9nGGuL43trg,1.0,2013-09-29 21:32:59
HJPXyooJbhyyUi1GhlfZHw,fwIhAbiaJBuJnt90mZSTBA,1.0,2012-12-17 17:48:49
HKIFN7bin1aKtQZ9k9tRlQ,7PbJjm9Oeq9LqM9zKsF-8g,1.0,2009-11-19 22:34:24
HKZo5Fa0lNSjX9BbdOpjJQ,Df60BZXw3Kj9Xt1UlAidqA,5.0,2011-03-04 20:27:45
HKZo5Fa0lNSjX9BbdOpjJQ,cQIh4YJlVtZI9TLF5_smOg,5.0,2011-01-22 16:51:56
HL-9ho_SXnTs_ClvALZXjA,4bvQThX0cJxlx67PU9nmLQ,1.0,2018-04-20 16:58:54
HL2NbWyCEudwfjHnjkx8UQ,LHSTtnW3YHCeUkRDGyJOyw,4.0,2015-06-27 21:43:06
HMGg5YlPYKPEfn8qljj18A,aQFQIlyHasaTz5DtjV57nQ,4.0,2019-04-20 15:23:08
HMJgWLrMd3r_cA-E4dhCng,erMhMS6BR4oTvDpJ_rjzJw,2.0,2016-04-19 16:42:51
HMfZ6XR4ifbRxsP1QdSJww,uvAP4JuwHzZeZJ_aZyNLrg,1.0,2019-11-05 19:23:14
HO4-64uz5xuSmjfhP8Doxw,898K8ftMbdWe2Dc67QMC_Q,4.0,2018-03-13 14:30:26
HO8i7iOmc4Ms42p2pEzPng,wbDRmtxaKRpBOjutvV6TEA,3.0,2016-10-16 22:37:34
HPi2dunfsinPxHaYt6A0QQ,6h7C53qLfwM7v3zKRqG0yA,5.0,2012-09-02 22:08:51
HPqD_nATHVuVjTyt0Rxatg,1N-Sd-4UQTwM-nCD0sfs7Q,3.0,2014-07-09 01:03:50
HPqD_nATHVuVjTyt0Rxatg,5fCpIolPWznGdz3D6hjrvg,2.0,2014-08-30 13:30:50
HPqD_nATHVuVjTyt0Rxatg,6Ty-KKWq6hLZYW8DWEHYvg,5.0,2019-12-16 20:13:23
HPqD_nATHVuVjTyt0Rxatg,E48H5Zpw3ndlu7KLHGRyHg,4.0,2018-11-28 22:24:53
HPqD_nATHVuVjTyt0Rxatg,Fj16uG6BNZOq5K8mS2HHiQ,5.0,2017-07-21 19:44:50
HPqD_nATHVuVjTyt0Rxatg,GM6j5hDNqra0pVfTcpTMMw,5.0,2017-07-21 18:56:40
HPqD_nATHVuVjTyt0Rxatg,Meww6RIE4cFL_kG0aRlbAA,5.0,2016-06-28 20:50:27
HPqD_nATHVuVjTyt0Rxatg,SkjUwG0FerzrxnIV8N56CA,3.0,2016-07-15 18:15:17
HPqD_nATHVuVjTyt0Rxatg,SyKHFYhRzW1hlwDga5EWWw,4.0,2015-06-07 18:54:43
HPqD_nATHVuVjTyt0Rxatg,UnMFhoSEJtPBxARhJiKYKw,5.0,2019-02-19 17:42:03
HPqD_nATHVuVjTyt0Rxatg,Z4D9fzsrlNX8O9rkJuEo6A,4.0,2018-11-28 20:19:24
HPqD_nATHVuVjTyt0Rxatg,ZAW0xyAof374R-A121OP_Q,4.0,2016-11-03 20:29:12
HPqD_nATHVuVjTyt0Rxatg,fgnHM4VT-n1VjFL3YeBJsg,5.0,2015-12-29 22:24:23
HPqD_nATHVuVjTyt0Rxatg,iQp3QlP4iynGTXgFqpZ7Gg,4.0,2017-06-12 21:01:09
HPqD_nATHVuVjTyt0Rxatg,kAOn-rLmNnm0YM9x6mZ_6g,5.0,2015-11-09 22:20:58
HPqD_nATHVuVjTyt0Rxatg,mzZ_WTb2zvyJMBkm84B-WA,3.0,2018-07-27 16:42:13
HPqD_nATHVuVjTyt0Rxatg,vfmHUg7jWnfzLb90vcuLSg,5.0,2016-11-03 20:29:48
HPqD_nATHVuVjTyt0Rxatg,wqGkMLZVXc0pYVjr3zDrpA,4.0,2017-11-03 20:40:34
HPqD_nATHVuVjTyt0Rxatg,zrUAjvPlH22dnvNtxRuiBg,2.0,2017-12-26 19:25:09
HR1wozuAE_3KAHFP1XvIjw,v1Uesklh8DpEufYOhTq4iA,2.0,2019-05-08 22:09:45
HR5TCqAjP9rlM_n_BA0JfA,5UyyV-cdNsXWz1V-xyIW6w,2.0,2016-04-12 03:48:23
HR5TCqAjP9rlM_n_BA0JfA,F-j6PNGnA8yz77oIZMcPMA,4.0,2015-09-26 19:01:26
HR5TCqAjP9rlM_n_BA0JfA,Ld3qgGua7MqrFnZY8AIo0A,2.0,2015-09-21 19:32:37
HR5TCqAjP9rlM_n_BA0JfA,VNvJuCTMdGBj4lwC0L1Ghg,2.0,2015-06-22 13:18:29
HR5TCqAjP9rlM_n_BA0JfA,oHvEgLH6pAkcrPmeR1l3UQ,4.0,2015-10-08 00:39:16
HR5TCqAjP9rlM_n_BA0JfA,qSy3Ue3KlzFFXBKwZTbofg,2.0,2014-11-27 07:35:36
HRC0R4mQGJqpfQ0PvLCC_A,iSRTaT9WngzB8JJ2YKJUig,2.0,2018-04-24 14:19:44
HT4r0tWm2D4TsUa3q9i-Rw,T68Akn9hKT4thebIeBuUJg,5.0,2015-06-14 19:16:44
HVAz1kANuNrX3zqVe4iRPw,N17pdux3YwNgeXHZEXppBA,5.0,2015-06-06 18:39:18
HVAz1kANuNrX3zqVe4iRPw,p3-FsWgkrRlT18Mw5Z1tHg,5.0,2016-07-17 14:35:40
HW-QgyCq4DzUQCFRaYn6Fg,J8S7cPPlTgsQnXKVfTyN8g,3.0,2009-09-09 13:15:24
HW8cPsT72jFA0mbqSWu3Rg,jkUjZI9RjmoIuMPpwpdSRw,4.0,2009-09-11 22:04:35
HWEIKoWXylX4mWTQoWtmwg,1817ULc2--fRD1eWnFLg3A,1.0,2015-11-29 23:17:22
HXT2u8owe2UlZ1u6apfyOQ,OINbC0rpDVJ5bfxt3LO9fw,1.0,2015-06-01 17:41:50
HXf9sUotX6MS1oLbYOTj8A,8q25GCkL0PngPIlCu2j4Vw,5.0,2020-03-02 06:16:39
HXf9sUotX6MS1oLbYOTj8A,EaqASiPkxV9OUkvsAp4ODg,5.0,2020-12-16 22:01:49
HXf9sUotX6MS1oLbYOTj8A,N2n_nuiXb64ak0BNvIYEcQ,4.0,2021-10-04 22:18:25
HXf9sUotX6MS1oLbYOTj8A,TF3qNGUBUgIYp6u0j79JHQ,3.0,2020-03-17 21:51:50
HXf9sUotX6MS1oLbYOTj8A,ZTkUPKhgLBpEbNDo8Mi2xQ,5.0,2019-08-27 17:09:47
HXf9sUotX6MS1oLbYOTj8A,s-kBvCb79CQlEZ0-_3nVaw,5.0,2021-08-24 01:10:27
HYQoxBC1y1DGPq6pGP09Tw,F88yRsOo9Eqo-0oxs8U1OQ,4.0,2009-04-12 17:50:44
HYQoxBC1y1DGPq6pGP09Tw,Rb9QIj-NyRn_giOBN991YA,5.0,2021-08-28 17:22:21
HYQoxBC1y1DGPq6pGP09Tw,ReKQjTVB8L2vnaxZKmRUpQ,3.0,2021-08-25 04:51:08
HYWtUHxayr5xx6P4XbxYPg,dGUyXgFW1WSYMgRypKaYew,4.0,2013-03-16 03:45:02
HYWtUHxayr5xx6P4XbxYPg,poruVZH9V5p3u170Pi3iYg,1.0,2013-12-14 04:43:18
HYbuVGYiyPLVEv5OaCPE0w,WYY48I1MVYSmVdd_ZQ1EOQ,2.0,2016-08-02 00:53:17
HZRfI9weev2Vr_w0jPF8-Q,zmpRwOqxaajeh2YvAKxLaQ,2.0,2008-07-08 20:56:04
H_z_yVZ-DmHORKkfpxl34g,zD1-R_baSc5_LhFUUlDG2w,1.0,2015-01-14 13:09:35
Hb2GfLNlSNtWhehBD1RalQ,F6KHs4GDw_9tpuv65M6PGA,1.0,2013-03-11 07:02:05
Hc0v8M1RP6sUuFQ2_zLP6Q,D00oq_GL2RzcSiHh2QLP3A,1.0,2016-08-22 16:17:46
HcDuPlEDAwVJnzK0IIT98w,1UNJeHTsS7WS9RxRzHw06g,1.0,2013-08-16 18:12:39
HdvAosQHAHACOWnmpB6UBw,6LAp-gSP9Kk4ZvxijXaxIw,5.0,2019-08-23 12:17:51
HdvAosQHAHACOWnmpB6UBw,uZsStnH9w2xY15og9VsQZA,4.0,2019-08-15 20:01:35
HeUwtxGvj6h2TEg-cgWWRA,xlMQBBt9wrtahdqiRDcVSg,3.0,2021-05-28 00:23:10
Hi10sGSZNxQH3NLyWSZ1oA,-RckAAIJ-_KH0AzqrekYuw,3.0,2020-01-05 10:51:27
Hi10sGSZNxQH3NLyWSZ1oA,07i5EdI8v2FBhVV-rya8Wg,5.0,2019-08-25 21:29:32
Hi10sGSZNxQH3NLyWSZ1oA,16tjKOvMw_nOgNViq2LwOQ,5.0,2019-05-09 21:30:42
Hi10sGSZNxQH3NLyWSZ1oA,3yW8-dUi1wwCEf0URxUA7A,5.0,2020-01-08 04:49:39
Hi10sGSZNxQH3NLyWSZ1oA,7pwFfnB6FH4lflXWrQ2Tqw,5.0,2016-12-31 09:44:27
Hi10sGSZNxQH3NLyWSZ1oA,9xPOQKtIDVaI_fN3ns35LA,5.0,2017-08-29 19:34:30
Hi10sGSZNxQH3NLyWSZ1oA,AjxhKYSbc1NrGOxAcqxb9w,3.0,2020-01-05 12:14:27
Hi10sGSZNxQH3NLyWSZ1oA,As6rZWiimkoaV5mCAzf2tQ,3.0,2017-08-28 07:55:13
Hi10sGSZNxQH3NLyWSZ1oA,CVqpTp3Cmud3rwAuKj15gw,4.0,2017-10-16 18:05:16
Hi10sGSZNxQH3NLyWSZ1oA,DFymbOEhIpWVE_d6BnHFmw,4.0,2019-12-06 22:43:50
Hi10sGSZNxQH3NLyWSZ1oA,DO_op-iq4qoaOBEhJH6EdQ,5.0,2020-01-08 02:11:47
Hi10sGSZNxQH3NLyWSZ1oA,E359ITHKa9CVe9cTOofZUQ,5.0,2020-10-06 11:24:01
Hi10sGSZNxQH3NLyWSZ1oA,EPXnaI6YQlmK5VUDAI0o7A,5.0,2017-10-27 14:19:40
Hi10sGSZNxQH3NLyWSZ1oA,FaY_9x8ZtsuHe5wS2iJM1Q,5.0,2020-08-18 22:36:40
Hi10sGSZNxQH3NLyWSZ1oA,I_3LMZ_1m2mzR0oLIOePIg,4.0,2020-11-05 14:33:58
Hi10sGSZNxQH3NLyWSZ1oA,KdAWjL9MKjpJzEeI902qBA,4.0,2017-08-28 07:52:27
Hi10sGSZNxQH3NLyWSZ1oA,L2COUkl21Xdk4rjUx-RyDg,4.0,2016-12-31 14:24:44
Hi10sGSZNxQH3NLyWSZ1oA,LGYIhGqbYakMMdsn_GCzJg,3.0,2017-08-28 07:58:25
Hi10sGSZNxQH3NLyWSZ1oA,PeczUJRFYkZBvAyMxzXPSQ,3.0,2019-12-23 23:16:58
Hi10sGSZNxQH3NLyWSZ1oA,X6_5_b4gVKo83VPn0FyONw,3.0,2017-12-30 11:20:49
Hi10sGSZNxQH3NLyWSZ1oA,ZwCvURKz4l5OBp5trIR02A,5.0,2017-12-26 17:49:42
Hi10sGSZNxQH3NLyWSZ1oA,_-XYJgVGrNMtn_S6nPm-GQ,4.0,2017-10-16 18:02:28
Hi10sGSZNxQH3NLyWSZ1oA,_HcAoG6Jj_XTj4-XNEbo6Q,4.0,2019-12-06 22:46:07
Hi10sGSZNxQH3NLyWSZ1oA,b6kCTSH1kHtfcHxUTm2odA,5.0,2016-09-07 17:21:18
Hi10sGSZNxQH3NLyWSZ1oA,bY55freuP8C_wr6y5Fid7w,5.0,2019-09-26 16:31:54
Hi10sGSZNxQH3NLyWSZ1oA,fC03dk7N8XV-RzGh0UJgmA,4.0,2017-08-29 19:31:26
Hi10sGSZNxQH3NLyWSZ1oA,fU1RsqC7vSp6_Maz9yNCuQ,5.0,2017-07-19 14:09:17
Hi10sGSZNxQH3NLyWSZ1oA,iay91CweEOzRIW6wjcOjuA,4.0,2017-08-28 07:43:53
Hi10sGSZNxQH3NLyWSZ1oA,llYsxQ0IuKh0HXULlqu6fw,5.0,2019-09-16 14:02:25
Hi10sGSZNxQH3NLyWSZ1oA,mGy0KzmeGIECUL0nZXUV0g,3.0,2017-08-28 07:36:03
Hi10sGSZNxQH3NLyWSZ1oA,miRxzEzV7OIShLQ5x_Lvvg,3.0,2020-07-16 21:43:35
Hi10sGSZNxQH3NLyWSZ1oA,p0mxscqr7BgMR-I4pGM3Kg,4.0,2017-07-19 13:25:17
Hi10sGSZNxQH3NLyWSZ1oA,pJD9h8b6VesW5zpWB7sowQ,5.0,2017-10-16 18:44:00
Hi10sGSZNxQH3NLyWSZ1oA,sB45WFgysT617bKWP_WJwA,2.0,2019-08-25 12:05:53
Hi10sGSZNxQH3NLyWSZ1oA,sTfVZ9xo36tU8R5DnaCGkg,5.0,2019-12-10 22:34:39
Hi10sGSZNxQH3NLyWSZ1oA,uTUTULYSAmHGK7w5DDw5iA,4.0,2017-12-26 04:54:54
Hi10sGSZNxQH3NLyWSZ1oA,yE6aDcbbK8pmvNroXnQYQA,4.0,2020-07-19 23:18:10
Hi10sGSZNxQH3NLyWSZ1oA,yK5WnMiXZe5hmNFx0xXb-w,1.0,2019-03-15 19:12:41
Hi10sGSZNxQH3NLyWSZ1oA,ytynqOUb3hjKeJfRj5Tshw,5.0,2018-01-11 17:54:38
Hi10sGSZNxQH3NLyWSZ1oA,zp9OcdUq2CWtQuI9FFBOQQ,5.0,2017-12-26 10:40:15
Hi3eCXPnaEVne-Jat0SMgQ,Se9CEgJEVxcWax1fStWuQA,5.0,2014-09-09 04:12:54
Hkf1Louo_WA_oNghgut4gw,BTblqXsOHMXjcgcYkdzuqg,4.0,2021-05-21 14:12:49
Hkf1Louo_WA_oNghgut4gw,hyeo7JQr5uLp-St1MibYAA,4.0,2019-02-09 14:50:58
Hkf1Louo_WA_oNghgut4gw,sOjbtBWo-m6rpjHv4tA_oQ,4.0,2019-02-15 15:09:09
HlxU2HzThdEEbbeT4pDjAA,BaSwNEingTmrBw4shffK5w,4.0,2018-02-10 03:22:17
Hm0diOkWwpo9zotlJlqMUQ,Eo0psaCr_gcty9QqyUy46Q,3.0,2020-10-03 08:15:45
Hm0diOkWwpo9zotlJlqMUQ,H41S-qS3NOUJSbIqWTuyIA,4.0,2020-03-08 19:17:44
Hm0diOkWwpo9zotlJlqMUQ,LrkrvFHlnD1BHj2b2w0JpA,3.0,2016-07-18 05:00:30
Hm0diOkWwpo9zotlJlqMUQ,R3T_74k4uj2R6chmCruY1Q,3.0,2019-09-06 03:47:23
Hm0diOkWwpo9zotlJlqMUQ,ReKQjTVB8L2vnaxZKmRUpQ,3.0,2018-09-30 00:22:40
Hm0diOkWwpo9zotlJlqMUQ,TDKBPcViJQDMrdUm6a9XZA,3.0,2018-05-26 07:01:46
Hm0diOkWwpo9zotlJlqMUQ,XEuryfYZwcivUtijaZ5laQ,4.0,2019-09-05 03:51:43
Hm0diOkWwpo9zotlJlqMUQ,ZQ1xusCuRoHneUw_PfZM3w,5.0,2018-07-16 05:52:48
Hm0diOkWwpo9zotlJlqMUQ,mcr1lAEdvGLMJhuPwI3I2A,4.0,2018-02-11 07:06:53
Hm0diOkWwpo9zotlJlqMUQ,tIvfmgT1qMeAEQf8CI5fPQ,5.0,2020-07-03 04:36:24
Hm0diOkWwpo9zotlJlqMUQ,vWyg7n0gGVinsrSj68GDeQ,2.0,2018-09-22 08:30:13
HmrLyqR8skk7ReB2vwJ4HQ,G0rJD85hUDQ0Omz0rOFeOQ,5.0,2021-09-09 03:33:52
HmreZAKDF0mci7WwpER_lA,GlUp8Ls2x2vToByiAtSnYw,4.0,2017-02-18 05:36:02
Hn8O2RQijYIVLFNF5VPWTA,VVH6k9-ycttH3TV_lk5WfQ,2.0,2011-08-07 03:20:56
Hn8O2RQijYIVLFNF5VPWTA,WIR5g_Crb9qF-mRI9IeJhQ,1.0,2011-07-25 00:05:21
HnNvBVhe67jLttVGb4wk9w,9kv9JpLhzkN3UeWZDrsmEA,3.0,2012-10-30 18:42:13
Houkdf1HYH3R5R2KNCwQcA,J8S7cPPlTgsQnXKVfTyN8g,1.0,2012-05-31 00:21:01
HpBJpfOHz71otlH2KI9rEA,CnhmThuteYExAEvBSzL0qg,2.0,2013-08-19 01:34:28
HpcqeJwnBCTZhMgPpUsslQ,K0lttiVfWWP1u5JmsVp4cA,5.0,2018-11-02 13:24:09
HpcqeJwnBCTZhMgPpUsslQ,Zqd_DHAtrdzRJ8u3zwrvEA,5.0,2018-10-12 18:15:01
HqMWEEsYIXoFhdDIX1NtrA,gEX_kEhYgvLKGJtlY45BmQ,5.0,2012-05-29 00:18:39
HqQGPCrt_ZWX6K5QVNXSAQ,fgTOJRkc703E4XRdcr5zRA,5.0,2014-09-08 17:50:54
HqQnc0s22KoMbDMemMMpBA,CANuOWl6Z4soWkK2_1NWcw,1.0,2018-09-16 22:21:19
HqQnc0s22KoMbDMemMMpBA,now2TRoUla_5u_tmH4HGig,5.0,2018-01-18 15:46:20
Hqh3__TgG8hNSGnnmuEYhQ,2pYUBcNkUxD1Bg8FA5lCzg,5.0,2020-11-22 14:42:05
Hrs1NZeScYNc-15ULgkmNg,SwBhaxfQPbyhsi0QHUAN0A,1.0,2016-08-16 21:32:48
HrxEA2Y6lGmTKKNbnb9AQQ,6FvC6w810uf6O7Ocd6Wpog,5.0,2016-07-31 15:11:36
HrxEA2Y6lGmTKKNbnb9AQQ,LArxVfahgjP-qHfakBZ86w,5.0,2017-12-03 17:26:26
Hs9xKsfZNNiSl5ojhAN5vw,04l8PYcuYQeEkEhJCbhtOA,5.0,2021-11-20 23:10:56
Hs9xKsfZNNiSl5ojhAN5vw,MIKYzWkBnbo3YUhqZUWlEw,4.0,2019-09-25 22:36:25
HsMEsNxJ_OD1eHAqYl6H-Q,aoBQW6IKzgE-Hst2r_oAEg,1.0,2020-04-06 05:11:54
Ht8lEQKD9tG7_2KnsZ4slg,X4kLBCoQeS-x6zVH7fnOvw,5.0,2015-02-06 00:45:46
Htn0zMg5jDBhp-TRx1dBUg,TeP60DIUUa6VQuvCEvoTsw,5.0,2017-09-05 18:40:46
Htz2PJtwkLwTAUvHgfO14Q,IdFF45ev2i3jZU8UUOgYOg,3.0,2017-04-30 02:39:00
HuoP7ejN-LSwkO1UIgmtaw,xxvgV_6FrRzXPhpT8EWXUg,5.0,2013-02-27 16:53:39
HwCWwx4PXIYJIksZN4MJZQ,F48wjJ_jjEz59Prh20XhRA,5.0,2011-05-21 05:23:15
HwCWwx4PXIYJIksZN4MJZQ,QWqKTWQ2OiDgo3dzNkpung,5.0,2011-11-08 16:15:45
HwCWwx4PXIYJIksZN4MJZQ,s9ceDy-cVHe0uzvZpWq87Q,4.0,2011-07-05 17:21:25
Hxbl3k9_1vZkwe2v7SxvaQ,MIKYzWkBnbo3YUhqZUWlEw,5.0,2021-03-28 17:51:51
HxdiIx27kTDk8Htjj99_fQ,EaXVdMGDs3_SPt5A4mQ5fg,4.0,2017-02-02 10:51:06
HxoG7pacr9HXdzZoix1Cpg,yRI3Sp1vn5X3g8auuClWlw,5.0,2016-07-26 02:28:07
Hxx8FmhpxiugIrGRh8RDOg,LGYIhGqbYakMMdsn_GCzJg,4.0,2018-02-20 14:33:44
Hxx8FmhpxiugIrGRh8RDOg,QWENxNxNNW2jhQi2akONJA,5.0,2021-10-17 16:19:29
Hxx8FmhpxiugIrGRh8RDOg,bqR_3sT_rNp0hZglPtX6rw,4.0,2016-03-09 14:10:50
Hxx8FmhpxiugIrGRh8RDOg,gsyyVQmvT9A2nAgUi7VUag,5.0,2017-12-11 15:13:14
Hy_ko_2hkLTxvO7G0pIGsw,0bqfOY_rF8HCVrDMgnWLYA,3.0,2014-09-17 00:45:02
Hy_ko_2hkLTxvO7G0pIGsw,ZNOc9LErlBDtJF3Y7LQtwA,5.0,2014-09-29 01:34:48
Hy_ko_2hkLTxvO7G0pIGsw,fgTOJRkc703E4XRdcr5zRA,4.0,2014-10-16 23:13:41
HyecqwXeafZ9umTSw5WdOA,Fj1jToh-ChfAOSR8x4wEnw,4.0,2018-05-22 21:45:19
HyecqwXeafZ9umTSw5WdOA,mf1udZPfiikBAND9upDdoQ,5.0,2020-03-09 23:23:25
Hz2pySgap66sbNQutKpojQ,yjcIKn2T2QY_DjXWACsAFw,4.0,2015-10-20 04:18:16
I-4KVZ9lqHhk8469X9FvhA,4kTeF5mHEkXzO-q1sxHZ2A,5.0,2021-02-09 01:37:03
I-FmdvI28N7OIIt4JZOgIg,EBonJ5tjkxBEUezwosVlLg,5.0,2019-05-03 14:26:20
I-FmdvI28N7OIIt4JZOgIg,vN6v8m4DO45Z4pp8yxxF_w,5.0,2019-05-28 23:44:39
I-FmdvI28N7OIIt4JZOgIg,xhAzk9qYpHR-nu_0sZIcWg,4.0,2018-05-30 15:55:21
I-wq3PJNBlaZ8tpi0SdS8A,FpwmIq3Gpo6hGIrOOv8lTw,4.0,2014-08-11 02:25:50
I-wq3PJNBlaZ8tpi0SdS8A,NHb6QTrJOnyIj-Zd0fYzFg,5.0,2014-05-08 01:38:28
I-wq3PJNBlaZ8tpi0SdS8A,U4DpkzcADkXFZzYaX9smjQ,5.0,2019-07-03 16:17:51
I-wq3PJNBlaZ8tpi0SdS8A,VeqkfRUzZAKlQer3npXPdQ,5.0,2014-03-16 02:05:44
I-wq3PJNBlaZ8tpi0SdS8A,_4bhVmlvT9dvqydQG2TOMA,5.0,2017-12-03 14:03:19
I-wq3PJNBlaZ8tpi0SdS8A,fi264Jd5ThtqP-QIgzzong,4.0,2014-10-05 14:09:35
I-wq3PJNBlaZ8tpi0SdS8A,oUgmm76-UCd5N0z4xwDOYw,5.0,2015-11-29 01:34:31
I-wq3PJNBlaZ8tpi0SdS8A,sjGGLcSdWdcQeTlLdusiGg,5.0,2016-10-16 01:31:40
I-wq3PJNBlaZ8tpi0SdS8A,xmyyCbcUhXaiYqzejO0Sgg,5.0,2014-11-11 01:33:03
I-wq3PJNBlaZ8tpi0SdS8A,zM73Lntxy3Qgpm_jWmmTzw,5.0,2015-12-13 17:03:40
I0D9ilEATJXJoPPxGX1zsQ,whmn0dUpEb2NbmpVF2Xxcw,1.0,2016-10-16 21:09:31
I0ezkVvCcBnavJf2soWHjA,6h7C53qLfwM7v3zKRqG0yA,4.0,2013-10-15 03:38:41
I0tp3rJvSR1EjPhxZPOpgg,9A1ve-8MfJcUcOGQYCLlKA,5.0,2017-12-14 19:58:43
I1YtFjeaHLX7dLjVetGHnw,HoKH4Rk7wHfVT-60aYIYwA,1.0,2016-05-18 13:38:43
I2XEhv9zBeAJcwYIrnMf1g,2KIDQyTh-HzLxOUEDqtDBg,5.0,2018-07-27 15:20:54
I2XEhv9zBeAJcwYIrnMf1g,2kfa2IBX3oy2zQX4PAkEpg,4.0,2020-01-17 01:52:15
I2XEhv9zBeAJcwYIrnMf1g,77a4oJTyPrvFKD4gJv7tVA,5.0,2018-09-28 14:39:16
I2XEhv9zBeAJcwYIrnMf1g,9ggiKdqsyuY2pqVcbIQ-tA,5.0,2017-01-03 01:50:40
I2XEhv9zBeAJcwYIrnMf1g,I_3LMZ_1m2mzR0oLIOePIg,5.0,2021-10-11 17:34:27
I2XEhv9zBeAJcwYIrnMf1g,IiJ744MOUKmRYAgNFkcs0g,1.0,2016-04-15 15:47:44
I2XEhv9zBeAJcwYIrnMf1g,NnIrd_1O9QyuCLigoxYv3g,5.0,2019-04-12 19:26:59
I2XEhv9zBeAJcwYIrnMf1g,jSYu2apG1uYq3eNzSA-OHw,4.0,2018-10-18 01:53:37
I2XEhv9zBeAJcwYIrnMf1g,kKPJLiHIr9Gd9sYs3GhxDQ,5.0,2017-02-21 15:16:35
I2XEhv9zBeAJcwYIrnMf1g,nYsNsyIppe_DTueBha1x9A,3.0,2017-02-23 02:30:22
I2XEhv9zBeAJcwYIrnMf1g,tELoGj2QJYYFQ1jo_XXbpA,5.0,2019-02-15 14:37:41
I2XEhv9zBeAJcwYIrnMf1g,yGH9V9WTNGSZ6AHOW3kH-w,5.0,2018-11-21 17:30:40
I30Q5xP79wRuEWJyfiiarw,dlFdjPUJI1eqRs8WVPE3QA,5.0,2014-09-22 16:37:44
I3axJuMSw8OLdvYypHGQ5g,u-wkhjV7CfvGJVY7hGULjw,4.0,2018-08-13 15:02:29
I3lGzM6gOVQ5tR-0xCKUmQ,9haFlHQRUwpYzdktVq60EQ,2.0,2018-11-03 09:29:54
I6PmbzhpK01REbLGzspyqQ,J8S7cPPlTgsQnXKVfTyN8g,2.0,2010-04-21 03:20:27
I84m5UwmDr9-Pk6Fe9B59A,ZabkbBzscq6GJNtsYZZwrg,1.0,2013-03-04 07:50:26
I8N37VokHEmZhYxrT5SfYg,t7fuo62w_L8O1ByxtzNy_Q,1.0,2016-08-06 15:25:04
I97pTAFQpJjZ8PjzBpdVOQ,i7akkU95QVETwwX8D2qH-Q,1.0,2018-11-30 04:27:48
I98SbG7kWzlUNpAaMBTODg,L5U9dBXYKNDyWp4lk9j9QQ,5.0,2020-11-10 16:31:43
I98SbG7kWzlUNpAaMBTODg,LfrCUDzg66jncxLvNxBnlg,3.0,2021-01-09 19:42:52
I98SbG7kWzlUNpAaMBTODg,RrrqJ2XY0CXNBot7zsdXPQ,5.0,2021-03-17 03:00:19
IAEa5IIAlOsZyIkEN_Bn2A,BIGwAJH7CIvwHu-9Rog9cw,1.0,2011-03-22 01:18:08
IC5EMIgpF_ARe6UnMstLvQ,HoKH4Rk7wHfVT-60aYIYwA,1.0,2017-03-19 20:30:31
ICHzvlkb4eT-PvrScO9nZQ,CxXYiJBkq9kqsgtdagqVgw,5.0,2013-07-17 12:22:35
IChJkuIx5aOSpVgxvtNOoQ,KscVqYYG7ziAroZhfNb0Ng,5.0,2015-11-02 03:39:53
ICwMfseYkrB0ZEK8tDUOHw,gVU0U7gNBMQxKTzqmRtdLg,5.0,2011-02-02 21:55:28
ID0Oa95fJLgV6GEFqf9aSA,rugDoz-A6vL-FG-8PbvOag,1.0,2014-09-26 21:38:06
IDCVIPzpUCuT8Vwxct9jYw,XgehM3pBZWuXi45J2dqRJQ,4.0,2021-07-19 05:31:00
IDCVIPzpUCuT8Vwxct9jYw,vyOVT4bcW227LRwJGHTeSw,5.0,2021-03-04 05:27:49
IDVFG1pNSHIHoVuoLuZpcQ,OWOOc0YjU_kioLeEgo5VCA,5.0,2018-06-19 09:59:06
IDVFG1pNSHIHoVuoLuZpcQ,Zx7n8mdt8OzLRXVzolXNhQ,4.0,2018-06-19 09:36:46
IDkju349JUvY5qKkUzTG2Q,Nhci37qY0HPCNWc5UQul9w,1.0,2020-01-12 17:34:36
IE4xKfypWuM3eaaq5q9IxA,FMCSWZhN48YXiASbWFdSEQ,2.0,2021-07-07 03:13:11
IEcTTq4A8NvS516XOWXv_w,J8S7cPPlTgsQnXKVfTyN8g,3.0,2009-09-23 00:28:32
IEvHRP2gZcRSlWsKFdj3nA,JmzNw0WCPmZPZdq5nx9brg,1.0,2011-06-09 17:21:39
IFa11o38HIk9nsA-0qy5Pg,SNKYs259mdKxiCdWd83U-w,2.0,2019-04-07 20:35:30
IH0ToaZ8hJXO2pVieN7dpQ,7mpYTDb24SywNMRn3yeakQ,5.0,2018-05-02 15:47:42
IH0ToaZ8hJXO2pVieN7dpQ,MM_v-KIUJiXLCxnkIqPKWA,5.0,2019-08-16 19:18:54
IH0ToaZ8hJXO2pVieN7dpQ,OHzX-ZD9qyoeoxR8Z0dlIA,5.0,2017-01-09 14:43:53
IH0ToaZ8hJXO2pVieN7dpQ,Pocs24Rhnbqy1tZQm0j7Rw,4.0,2020-07-22 19:44:18
IH0ToaZ8hJXO2pVieN7dpQ,cbr2Db20L6P50CsxsX6c2A,4.0,2018-06-20 16:38:46
IH0ToaZ8hJXO2pVieN7dpQ,oXr3EhnQCqA8SNWIZ3H4Fg,5.0,2019-03-13 13:11:34
IHLHxc548GQgBmOm0V-30g,SJIQFKTW6uUsOo29w9IHxw,5.0,2019-09-30 16:11:06
IHLHxc548GQgBmOm0V-30g,aQFQIlyHasaTz5DtjV57nQ,5.0,2019-04-16 20:51:49
IHLHxc548GQgBmOm0V-30g,g-IXI3v3fOudMsyLPKb-eQ,3.0,2019-06-25 20:47:21
IHLHxc548GQgBmOm0V-30g,nYzCXMzSk8pjMnYVI6z3RA,5.0,2019-09-30 16:36:10
IHO53BiIY-TKeCabcyWb0A,vZlPeIEzNK2YkZhGcLxHOw,4.0,2018-05-11 17:15:03
IHalLPBURlCw6mdtmY4VgA,R8t9g5nvi7VFyS8zsgmj8Q,5.0,2021-10-07 04:39:11
IHdXrHBj52CPs6aZPjKkfg,NWwVZnCb8-Oh9QWWAb2T2Q,2.0,2016-12-18 06:27:45
IIFsTrVUBjgjujSHIRyTiA,ZAW0xyAof374R-A121OP_Q,1.0,2019-04-27 13:03:41
IJVqc_5NmUflKafvFyKqmQ,FCfTUUTYXfZchPvx7tkoWA,2.0,2019-04-09 14:07:08
IJVqc_5NmUflKafvFyKqmQ,UGefDZNmnBztS0eoXWtHyQ,5.0,2016-10-02 20:34:26
IJqv941lKCGdywEdxf2jRQ,CMovGmSWFCjhOBOYiymetg,5.0,2019-09-10 04:00:29
IKBEigmPRqNcOXlJfo0c6w,ytynqOUb3hjKeJfRj5Tshw,5.0,2020-02-05 19:42:43
IL0XURF7WCEo37HyJqtYGg,WB-eQAgw88fbr15eY761CA,5.0,2014-04-08 16:17:47
IL7s7BR8DuoOFwYYM6cZ7w,MJI-bNIn3QDgiGggm9Wp1w,3.0,2018-12-30 07:56:20
ILPx-zWk52vO9MUOMVdX3Q,Oh3Q3QfhMl2DArFiLUrT9Q,1.0,2015-05-24 22:14:39
IM__pK7k2RB2S4IUESTcJA,NWwVZnCb8-Oh9QWWAb2T2Q,3.0,2017-01-31 00:01:33
IMbd_761a2q3B-4YXx-WAg,9haFlHQRUwpYzdktVq60EQ,5.0,2014-03-13 17:44:48
IPxs537k3GiBkc8_1D4log,a7__VvDjHpgpncosFsYArA,5.0,2016-05-09 16:49:42
IQ0FQJDgjJ347LRj5tT1wA,GJnYFvk9kbM182bKMFSAvg,1.0,2016-04-30 01:56:36
IQq5ESCenKEiHOQVoA_qIw,9kv9JpLhzkN3UeWZDrsmEA,1.0,2014-06-22 22:50:34
IRoiYSuDygDrrEisTbR-CA,9b-LZWsj75mmfMYuChXDkg,2.0,2014-02-16 18:31:29
ITa3vh5ERI90G_WP4SmGUQ,-VlBFlHwX-Pt6Xyzs9roGw,4.0,2016-11-26 15:30:40
ITa3vh5ERI90G_WP4SmGUQ,036_95rJbB7PvCHfkCL6Nw,4.0,2010-05-02 13:08:08
ITa3vh5ERI90G_WP4SmGUQ,2pLIQ0RHSmUbF0eIRT0LYg,4.0,2016-04-05 17:35:37
ITa3vh5ERI90G_WP4SmGUQ,6Ty-KKWq6hLZYW8DWEHYvg,5.0,2010-04-21 15:06:27
ITa3vh5ERI90G_WP4SmGUQ,9cybDNxJ7cyNVkmwm-ktcg,4.0,2010-04-13 17:33:10
ITa3vh5ERI90G_WP4SmGUQ,ChlcxTEoWBQJXJ2Xb2vm5g,4.0,2010-04-17 13:49:17
ITa3vh5ERI90G_WP4SmGUQ,DBaNMnT-ful2ormPOjdIwg,5.0,2017-06-15 12:30:39
ITa3vh5ERI90G_WP4SmGUQ,Df60BZXw3Kj9Xt1UlAidqA,5.0,2015-10-09 13:45:59
ITa3vh5ERI90G_WP4SmGUQ,FaY_9x8ZtsuHe5wS2iJM1Q,5.0,2013-04-25 13:01:18
ITa3vh5ERI90G_WP4SmGUQ,GBTPC53ZrG1ZBY3DT8Mbcw,4.0,2012-11-07 14:01:18
ITa3vh5ERI90G_WP4SmGUQ,GmXC3CBu172Bkb0c6RnO7w,4.0,2012-09-18 13:01:37
ITa3vh5ERI90G_WP4SmGUQ,Jzb2IQSwPfULWzdl9Bq5fg,5.0,2013-03-26 13:05:17
ITa3vh5ERI90G_WP4SmGUQ,NHb6QTrJOnyIj-Zd0fYzFg,5.0,2015-09-29 13:51:32
ITa3vh5ERI90G_WP4SmGUQ,NT5S6JV5wPwKOd3s3Yh1zQ,5.0,2013-04-01 13:05:59
ITa3vh5ERI90G_WP4SmGUQ,RQAF6a0akMiot5lZZnMNNw,5.0,2010-02-14 12:16:53
ITa3vh5ERI90G_WP4SmGUQ,WOdqMURCc0CHXUllPZwpqQ,4.0,2016-11-15 15:00:59
ITa3vh5ERI90G_WP4SmGUQ,Zi-F-YvyVOK0k5QD7lrLOg,4.0,2011-04-30 14:49:52
ITa3vh5ERI90G_WP4SmGUQ,_n539Sga7PCvHQs--a4qkA,5.0,2018-07-17 13:26:50
ITa3vh5ERI90G_WP4SmGUQ,al3Ri6TEqa2rBzjHsn0T_g,5.0,2013-05-20 14:50:16
ITa3vh5ERI90G_WP4SmGUQ,miRxzEzV7OIShLQ5x_Lvvg,5.0,2012-10-03 12:53:31
ITa3vh5ERI90G_WP4SmGUQ,nM3dJkSIWuw01HoJyKt3Pg,4.0,2011-05-14 14:56:05
ITa3vh5ERI90G_WP4SmGUQ,ytynqOUb3hjKeJfRj5Tshw,5.0,2009-02-28 15:03:27
IU86PZPgTDCFwJEuAg2j7g,sB45WFgysT617bKWP_WJwA,4.0,2010-12-09 21:37:06
IY8-YiPfRA6CLoPZ6sa8Ew,xv_U__GI9gmzKIHT_TANnw,5.0,2016-08-09 03:31:53
IZ-MX7S3mzcG-FX2dwE3kg,cezbcRLRWCKz1wztpQGgjA,4.0,2018-12-12 12:52:12
IZQ3nFHqAUoLKGcbub19vA,ltBBYdNzkeKdCNPDAsxwAA,4.0,2017-03-02 02:45:01
I_GferU__AnRQ-QKZxovCA,pWuoHHu0LuVrD0HjadDygg,1.0,2020-06-09 19:34:47
Ia6W2Ml3QsFVPvh__38BNQ,UxNB5QSIiLepKdMHeU0qig,5.0,2013-10-29 20:18:35
IaxoYH3rgl4GJqXQBuu7zQ,Ci9fTZBlMjf3dTrwowuntQ,4.0,2017-05-27 22:04:42
IaxoYH3rgl4GJqXQBuu7zQ,WzEzUDTWr4UQSQykujMwyg,5.0,2015-10-06 17:19:11
Ibk73aIvVRTovuuzEWA86Q,Rb9QIj-NyRn_giOBN991YA,5.0,2021-05-22 18:02:57
IbnlXMD29dw7MM0gnVrdnQ,Hi4AgS-uR-lEOF4oZl546g,5.0,2012-10-22 04:04:13
Id2Gl6Qf1c72GT8UpE7Oag,K_s-9Wd6vXSfnxYFzhE0Kw,5.0,2019-06-04 01:51:01
Id6Mjv-ZlKVzK-AK5B7gzg,Sk1WdGuaCNQlQZ_u_JE0Ew,2.0,2015-02-14 13:58:48
IdKEJJG56vhntWYukM__-A,zD1-R_baSc5_LhFUUlDG2w,3.0,2014-12-22 15:04:47
IdZkKL0NLgx336-MeLJf3A,MuKoTR56s6elHEI2wUkgJA,5.0,2017-12-29 23:02:47
IeSz60ozr1yAVIH8CX9w9w,DE7oNZUBOkAQ4zhA8tZQLg,4.0,2019-02-24 13:39:58
Ij5RI575UJXWnGUv0B2vMw,As6rZWiimkoaV5mCAzf2tQ,5.0,2021-06-21 19:17:47
IkLdv0dFGfRJrtFVJYJnLg,-FM4CxOg4XXmX_Ebky_SiQ,4.0,2017-06-23 23:59:34
IkLdv0dFGfRJrtFVJYJnLg,omnCKxL0f_akh0eYeJxjDg,4.0,2013-09-22 22:13:41
IkRib6Xs91PPW7pon7VVig,VJf43klnGMmKFSzYJ19vEg,4.0,2008-10-25 16:01:16
Il5rEF1q73uT-kzGoXIy_w,-VlBFlHwX-Pt6Xyzs9roGw,4.0,2018-01-13 03:58:56
Il5rEF1q73uT-kzGoXIy_w,OPW8NuOC_9FVFXsaHOO5JA,4.0,2016-08-14 15:08:19
Il5rEF1q73uT-kzGoXIy_w,YvrV_Tc9syF2Wch0HOIT3A,4.0,2018-05-15 15:57:40
IlTR2ylGzr8xMrelkNLbLA,yjcIKn2T2QY_DjXWACsAFw,5.0,2015-02-04 16:09:46
InInjzaZxzQ8_suxZEAP5g,9PXJkRLVWd6IMPfBzdJp2Q,3.0,2018-12-24 23:54:36
InInjzaZxzQ8_suxZEAP5g,pRf9_8_RNSjlRo8YrfqtOQ,4.0,2018-11-06 04:20:30
IoH7RQEbqLoEJlH7zmsFGQ,0UJqTczta018RoktahC0jw,5.0,2016-01-07 17:42:13
IrSRpcw5AprLa604sa_TBQ,tthy48ZIX_wfY8Dy0Dvg6w,1.0,2012-09-04 00:18:52
ItSKQOJQv8BnA3xPCD5O_A,WDLwnD4FUOkKylMkj_FCXA,5.0,2019-06-17 23:38:56
ItSKQOJQv8BnA3xPCD5O_A,iYUwyARgC_RNPA1rTlL3-Q,4.0,2021-01-18 08:56:38
ItSKQOJQv8BnA3xPCD5O_A,vXb4OWsjPoiBtmarfexj-g,5.0,2019-07-14 14:40:42
ItvyYPGXWNhhbYJqyADp7A,qhsJbgxVNDb0973r3Gjrow,5.0,2012-03-28 13:22:32
IuPyJ85XxRMCSFibsWlcKQ,K59I711q4mFXw7ZBxdwBTg,1.0,2016-03-07 16:16:13
IuPyJ85XxRMCSFibsWlcKQ,OOnuozzEfen6PQn7xK3ujA,4.0,2013-04-17 15:05:33
IuZfBchHUeBKNB7ocz9tCQ,mG-JcnRZCAYfznkxhiClkA,1.0,2014-05-14 03:08:28
IufKA98FFrk-mxaQ-ZqTLg,6c8eIawbCBu3FLp2kDraBA,4.0,2020-08-11 14:57:59
IulsQpBrv9mIMqWZ6oPEZg,Tx9kwNLX2lYNqr2weKWEqg,1.0,2014-02-08 05:02:05
IvH2wmiP_3wLLCC0GXkb3Q,IkY2ticzHEn4QFn8hQLSWg,4.0,2019-08-22 12:50:25
IvH2wmiP_3wLLCC0GXkb3Q,PP3BBaVxZLcJU54uP_wL6Q,4.0,2019-08-23 13:31:59
IvH2wmiP_3wLLCC0GXkb3Q,c-iKAO2GBzSKjm7y1Oljcw,4.0,2018-10-14 14:23:57
IvH2wmiP_3wLLCC0GXkb3Q,iSRTaT9WngzB8JJ2YKJUig,5.0,2018-10-14 23:43:33
IvJeabB5dlusMTg0yO72Yg,4g7S9YHPBdqQpDg4SejQaw,5.0,2016-11-09 03:04:52
IvJeabB5dlusMTg0yO72Yg,onp9X_9RRAEzA-yqdiSOcA,4.0,2016-08-22 00:13:03
IvX50u_2WYXh_G1xKUa2Pg,P35nwRGaG1FMn-l8xPEY2Q,4.0,2015-08-14 20:57:39
IvX50u_2WYXh_G1xKUa2Pg,TCWnTa69sJ3vGQsdEe3Esw,2.0,2013-05-28 16:56:48
IvX50u_2WYXh_G1xKUa2Pg,WSx9-iYYyST_umny9sJBFg,5.0,2014-11-22 00:18:24
IvX50u_2WYXh_G1xKUa2Pg,eVYOLoDYGbQ49dCgBSG3fg,2.0,2014-03-03 03:02:05
IvX50u_2WYXh_G1xKUa2Pg,kbjbMffGvyjIdJivotkIiw,2.0,2014-11-18 15:16:37
IvX50u_2WYXh_G1xKUa2Pg,u6P6I5PZnSlnILY5nFWBJA,5.0,2013-09-28 23:51:29
IvX50u_2WYXh_G1xKUa2Pg,vr1I1RkSL-m6c-LCAd3O7A,4.0,2013-10-24 15:37:21
IvX50u_2WYXh_G1xKUa2Pg,z2VVTgZ0aEYmxN4n6RHMJA,4.0,2015-01-25 03:00:11
IvZuFboAtE4nOmE8Ds-MAA,J8S7cPPlTgsQnXKVfTyN8g,1.0,2011-05-02 22:01:10
IxdgCDf90erTD6VhzVkPxQ,YSL06t6e2iKo4ZHZnCZIxw,1.0,2019-03-24 20:21:58
IyCzW-swkIx6bTRHlSqGZQ,G3w7XlKj1kf_5ddg4Faxpw,1.0,2014-10-04 13:19:56
IyKx8xN6fWdyGHsfTcsP4g,dGUyXgFW1WSYMgRypKaYew,2.0,2013-03-19 21:29:06
J--2TdNgMCsb4DWK4BOWCA,Nvx2MceKWAtikcAxk_TBMg,1.0,2014-04-07 00:23:25
J-rYGAr1hcyt7rT5MiVWFQ,q7mKAD93-EeSpeOa9Hu4BQ,3.0,2017-09-22 15:54:55
J-rYGAr1hcyt7rT5MiVWFQ,syuKX2pH3JJhOOppzNI6SA,5.0,2016-04-29 04:49:53
J-urqhA-tYOqvwtxjkJfIA,Gay6ZhRBF8SNF5YudevDoQ,5.0,2009-09-10 02:01:04
J0HY6uvoRL2Rh7bc8mvfqA,14s5gko9slJn9vkjPOiTHA,2.0,2018-07-18 16:21:51
J0HY6uvoRL2Rh7bc8mvfqA,WSx9-iYYyST_umny9sJBFg,5.0,2018-11-11 20:13:20
J0HY6uvoRL2Rh7bc8mvfqA,k_AcP_k0CqjstNNe5QrJSg,3.0,2019-10-20 04:51:33
J1qDO6AzsNTHhAd4Bqt-5Q,J8S7cPPlTgsQnXKVfTyN8g,1.0,2011-10-23 16:39:30
J2q78CYC_sLEHxZ-1dyZbQ,a6J0Jq1GJ6Shk-L10Bp6Cw,3.0,2016-08-11 21:31:07
J2q78CYC_sLEHxZ-1dyZbQ,f4PA-f1tcN1bIpZJLdFsQQ,4.0,2017-06-17 16:27:00
J4HSWXSi657cWvGTIejlNA,7hpUoYdAVToZXwuPRgoqdA,5.0,2008-09-19 11:41:43
J4HSWXSi657cWvGTIejlNA,XVBhNSpKCMz1yJcFtgL2ng,5.0,2008-09-06 08:09:52
J4yF68T9LEUWRvI1v1OQFw,6Aa0t9YWJNknGP9tHWmG5Q,2.0,2016-05-15 04:30:26
J5L_2BTSZOEQzzRcG2KBSA,nlVLzktT0RfgSw-ZL4qPRA,1.0,2016-06-09 02:17:14
J80w5XnjWeqRDpNyZM-3DQ,TjAsf2vHEYh_mCHpQqGgDA,5.0,2018-12-18 15:12:53
J8nBTvhGLE0x_-w3xuZAJA,Gekeq1c-fuezmx0PSGQvzw,1.0,2014-11-30 21:50:30
JADdo9NEeO5Az9aOYbyvZA,8A5LSwsKK5vXDH1M3_Tf1w,5.0,2016-07-03 20:21:12
JADdo9NEeO5Az9aOYbyvZA,Y-phVflbb6RjFCDPEH_DoA,3.0,2018-11-07 05:41:28
JBAvxZK8j5EiR0pMDiE7dA,UWB_Oi9dkPwXfhYgFMnjsw,5.0,2015-04-18 14:59:47
JBBpHxq2hdJIBFxmatcl9w,KFCxKvsEoJvTMY1J7Nno2Q,3.0,2019-11-11 22:41:47
JBBpHxq2hdJIBFxmatcl9w,OLSFUxfRCjLNPi49yOOrsQ,4.0,2017-10-18 02:32:29
JBBpHxq2hdJIBFxmatcl9w,oyA87-Q_vqnmxVOn_auJQQ,3.0,2018-11-09 01:57:56
JBnxN3xhM9TdnD4BF11Tyg,hh-YYOIcr0sEym2cbM0GEA,5.0,2016-10-26 01:48:27
JC0z8FwI1wJ5g6cB6oNMiQ,poruVZH9V5p3u170Pi3iYg,2.0,2012-07-21 01:48:45
JD7L3z31GmOuVsRRPyqdFQ,9xdXS7jtWjCVzL4_oPGv9A,3.0,2021-12-22 12:12:28
JD7L3z31GmOuVsRRPyqdFQ,FEXhWNCMkv22qG04E83Qjg,1.0,2021-12-16 16:20:08
JD7L3z31GmOuVsRRPyqdFQ,eCikDKFbaeYVNdCD2beX0Q,4.0,2021-12-22 12:23:30
JD7L3z31GmOuVsRRPyqdFQ,kGhT5VRj2ZBSdXJl6qkLdw,3.0,2021-12-20 17:00:26
JDNxdmE0CqBa20OjFPV7xQ,ngvE1G9IckUO-ljZBFo23w,4.0,2018-06-04 02:25:21
JFG0enKeWrSUypVqhuugBg,Gekeq1c-fuezmx0PSGQvzw,1.0,2015-06-17 01:28:10
JGvrpjSUnWwfVqpIVyancw,kKPJLiHIr9Gd9sYs3GhxDQ,4.0,2016-07-20 00:11:28
JHwVjHosHuNzlNAZwXvklQ,8A5LSwsKK5vXDH1M3_Tf1w,5.0,2021-04-09 17:05:52
JHwVjHosHuNzlNAZwXvklQ,Slg6Ec2D7vEBRmgVUfwkzQ,5.0,2021-04-09 17:11:26
JI-NtoWdFehqsoP8idOD_w,5CTHq4_zCjPi56h3c7Fmtg,5.0,2022-01-05 05:16:19
JI6T6niNLWzks55uON1QDg,EUkh0Qyf_Y4-B69w_z8n6Q,2.0,2016-03-19 20:24:36
JI6T6niNLWzks55uON1QDg,GTS97x6mFLjGXn3ITKaQuw,4.0,2016-02-19 02:36:32
JI6T6niNLWzks55uON1QDg,ICi5Kv1jbgypI-XdrY_87A,5.0,2016-02-05 03:18:03
JI6T6niNLWzks55uON1QDg,Mha77MN_BYGB-w7DONZ5YA,5.0,2015-07-22 04:36:31
JI6T6niNLWzks55uON1QDg,SwBhaxfQPbyhsi0QHUAN0A,1.0,2015-07-01 23:35:46
JITevzyEgskIJc6sgOyEgw,8FE4V7Y5HliQ2bP-szn_sA,3.0,2012-12-31 15:26:44
JITevzyEgskIJc6sgOyEgw,9ocQBw69M6V3N9LUafw2dg,2.0,2016-02-07 17:09:40
JITevzyEgskIJc6sgOyEgw,OZi0fOn8-ISUwhEAWC_8Gg,5.0,2014-01-28 19:33:23
JK8xDjaj3VFybdeeAoRZAw,VeqkfRUzZAKlQer3npXPdQ,5.0,2017-03-01 20:26:35
JKIkdVqAJLEXTq92gF98bA,NYj8uB9-u0SmRMNDNktb1g,4.0,2013-10-29 20:57:59
JKIkdVqAJLEXTq92gF98bA,mK5gu18whrKEG8aojSzpbA,4.0,2013-10-22 19:36:36
JLAhs76XZyZTwapvvim5Zw,a-fUq78iwilqa9Qd3ozfqQ,3.0,2015-01-05 18:09:32
JLW2uULP_Q1KXHhToNljcQ,bW8D7Q1LAEehQshsaypkCg,5.0,2021-06-05 00:09:26
JLW2uULP_Q1KXHhToNljcQ,rrboiibHEX-2miWnheS5PA,4.0,2019-03-13 17:03:18
JLW2uULP_Q1KXHhToNljcQ,xuYPogbBSHAtOebONVhprA,2.0,2018-06-16 15:03:04
JMsKTU2OCwC5VY8Zrl5tAA,foFpx3znhLJvnplex8aqww,5.0,2014-02-14 22:32:55
JN-TmyjGzUwyxA43IGG2Cg,k1VWscMY1JqCHNVDk-lD5w,5.0,2016-04-30 01:21:02
JNbkJ4kTt8hfK14GtOCEfA,aIVk0IEUj7rPaAMeAmBSGg,4.0,2018-11-09 17:43:00
JOXV4z_oYfROwFe29x7jpQ,0cddB9WRKcQhzAEXEav81w,5.0,2016-04-04 00:40:38
JOXV4z_oYfROwFe29x7jpQ,3zI7Ka2_ZsKh4UwbSFnXdw,4.0,2015-03-26 13:11:24
JOXV4z_oYfROwFe29x7jpQ,7sV9quynaXTvDW85Bixhaw,4.0,2018-07-17 13:45:55
JOXV4z_oYfROwFe29x7jpQ,o62Bm9NyZ20u8EHuhRPB4g,4.0,2019-12-24 19:58:05
JOXV4z_oYfROwFe29x7jpQ,sHwNZLuLZvlVBX17b7RgTw,4.0,2015-04-30 02:39:00
JPVhwIVoTnjRUMFOPzRFzg,DGvkU7CkdBs6lNbncQmF3A,4.0,2015-05-21 15:04:23
JPVhwIVoTnjRUMFOPzRFzg,oqy15jhe1lOXttEvd4Srog,5.0,2015-12-21 20:14:48
JQIZhoQB-Tg9hdBEj90m4g,5j9TfW8RrdkpaHlaBwt6bQ,4.0,2016-11-27 07:59:42
JQIZhoQB-Tg9hdBEj90m4g,Hh8jUR0mtVXkAnv8XDZjyA,5.0,2016-11-25 21:50:20
JQIZhoQB-Tg9hdBEj90m4g,QjQ-gtUnkne7jch0OLsPIg,5.0,2016-11-25 21:51:08
JQm8PJlyiAl2miDNR1PW4g,ymoEdJB5NE56sWw74uyX7A,5.0,2016-07-26 17:43:29
JRAy4P4op3PCISZaMRA9_w,WIY7S0HgG-pnHPARn8gFkg,5.0,2018-08-07 15:37:43
JRMIB3YI-rwnL_t0kr_Qsg,WO-ofNAvSuJpdRt9Auon6w,5.0,2021-05-09 04:14:14
JRMIB3YI-rwnL_t0kr_Qsg,hGsITEITVK7LkZQeNv-Fpw,5.0,2021-02-23 04:31:42
JRMIB3YI-rwnL_t0kr_Qsg,n8NLEmKuhUr4fplfjJdTjw,5.0,2021-03-14 14:06:02
JSzIwMqdSI74_ztnbWzsEA,OVbuOxR3zXExZCKLXewaVg,1.0,2016-06-04 18:03:28
JTVSbPB1EjjMu05JwWCP3A,IkY2ticzHEn4QFn8hQLSWg,1.0,2015-01-01 19:12:46
JTqQ9C9S2Qc8_aHtO1965g,Cfpv0IjS0lI4CgF1fpbF_w,1.0,2011-04-05 15:21:08
JUT0U3HTSB3kz9Wh7N0GqA,nqtN0rfuL6rbi019H0sZCg,1.0,2011-08-28 04:34:47
JW5W4OZCohTvZlRF1jzrTg,HDGTOksawKXEPeoCUrH96g,5.0,2019-10-05 21:32:22
JXM4newYN6TPRCi8TDOHEA,dgyKoIYEYrmRK_hktWBZdA,1.0,2020-03-14 16:59:40
JXn40FBPESLST2iMfMNJRw,mC_mN6yEZwpoZi11ZsGr2g,4.0,2016-01-08 14:14:52
JXyk_ZMDAIn3SxX7Z3Wnig,KVT4RFTRVjSS3zuZ1bmiAA,5.0,2012-12-27 02:34:32
J_0H0joSJswdmE93qqRQPw,sMwK2RWL3vpkAH2nCmSV6g,1.0,2013-12-07 23:08:05
J_9u4wBB62lRLjJDg3OFvA,leXPdmhrrc9Uov1B-zn-WA,2.0,2018-07-24 01:18:45
J_jGNgqni8qjMAtsImDsdQ,l6ilG-3jakpirpfCS_LciQ,4.0,2013-07-04 20:12:42
J_jerijrgPX7CRvG2mMWMw,lRznUOtLYY2GP_dvc7kmYQ,4.0,2017-01-16 17:29:18
J_v42xK6BG7VdYiK3EkN3w,KHe6HAqmyioITwTvg9Bbcg,5.0,2016-09-06 19:59:40
Ja03zB-0NpGWYEeGLxj5QA,rrboiibHEX-2miWnheS5PA,5.0,2015-05-19 13:47:33
Ja3kUT6fmLP8vQfoQMfcrA,R8t9g5nvi7VFyS8zsgmj8Q,5.0,2019-08-26 19:00:59
JapsODq2leyIn5JTgjOvkQ,9fJziJ3o9-QXKuKolg7yEA,4.0,2015-04-06 03:50:55
JapsODq2leyIn5JTgjOvkQ,v2Z_d9d2GWCVUTtPg5ucRw,5.0,2010-07-06 00:29:40
JbjAuSYVjyEz8gXCb7115g,3gVSrS4kffGGZT8oXHsIcw,1.0,2010-01-19 04:53:50
JbjAuSYVjyEz8gXCb7115g,uJZgom8HpK74xz8IojpT0A,1.0,2017-01-07 17:54:18
Jcbj338NjXtSiqvK3LYghQ,xqZ1uuzDwylGrRX9LiR-ig,4.0,2011-10-07 19:14:11
Jd17L6-fmSZzzF-0Fhjhxg,ytynqOUb3hjKeJfRj5Tshw,5.0,2015-02-05 04:44:11
Je1oDwYkvc1qorvj-BOfXw,7PbJjm9Oeq9LqM9zKsF-8g,4.0,2010-01-02 02:25:44
Jed-PEquPj78qyejkevQyQ,eUxD-l-Ddr1iMmzV6prNFw,5.0,2013-05-20 01:07:32
Jf8UDsbnt2PsKEB-0Qglgg,EagkHaaC-kUozD3MPzbRIw,4.0,2015-11-08 17:26:42
Jf8UDsbnt2PsKEB-0Qglgg,iSRTaT9WngzB8JJ2YKJUig,5.0,2015-11-05 06:46:12
Jfo6OMoKpkwX3itJAaZbQg,Se9CEgJEVxcWax1fStWuQA,5.0,2017-10-29 22:11:04
JfqaznyuI0N4FnAXa-644Q,u9vhzYtXpfyvAOAMnyy-Cw,5.0,2011-11-13 00:48:57
Jg3NmrgP-6DcfR_0_6F5hA,4fUrcm8sFSprCbHqa8pdog,1.0,2016-07-17 06:28:11
JgN33czrh4vH1ROUGPLwYg,SBtjW_pKw3XaOKtKAavWZg,5.0,2012-11-30 03:44:15
Jh8K6IdnntfpfqbO4LMDTQ,r1Z0jFdYpNUdIuvsIx21jA,5.0,2012-12-12 16:06:41
JiBXIy-NaJTuV05cxUfIZQ,Fj16uG6BNZOq5K8mS2HHiQ,1.0,2018-01-31 20:37:08
JiUmz7l4rNz4-YmOj13i9g,Z4PF4EtM12L7nwOHZHFJNA,1.0,2014-05-08 02:39:37
JiUmz7l4rNz4-YmOj13i9g,j8JOZvfeHEfUWq3gEz6ABQ,5.0,2014-05-09 16:59:47
JiUmz7l4rNz4-YmOj13i9g,sMwK2RWL3vpkAH2nCmSV6g,5.0,2013-07-05 20:33:58
JjXuiru1_ONzDkYVrHN0aw,0hIXH9jMdHov1VrLC8ujUg,3.0,2016-01-05 16:17:45
JjXuiru1_ONzDkYVrHN0aw,6Md7LjLUqf0scKfl78CQDg,3.0,2016-02-03 15:08:45
JjXuiru1_ONzDkYVrHN0aw,B1OjiK9Bx5t_mIm9I6mZ-Q,3.0,2016-01-07 19:42:59
JjXuiru1_ONzDkYVrHN0aw,C26xmwM2_OgJJi2BbL3KkQ,3.0,2011-07-30 13:03:04
JjXuiru1_ONzDkYVrHN0aw,FaY_9x8ZtsuHe5wS2iJM1Q,5.0,2019-03-24 00:06:56
JjXuiru1_ONzDkYVrHN0aw,IkY2ticzHEn4QFn8hQLSWg,3.0,2014-06-18 11:31:33
JjXuiru1_ONzDkYVrHN0aw,K7vvEwRd6Y8gRftjeuASuQ,5.0,2013-01-28 13:41:41
JjXuiru1_ONzDkYVrHN0aw,L5LLN0RafiV1Z9cddzvuCw,3.0,2016-02-01 15:02:36
JjXuiru1_ONzDkYVrHN0aw,PP3BBaVxZLcJU54uP_wL6Q,5.0,2014-06-18 11:33:06
JjXuiru1_ONzDkYVrHN0aw,QGUj9Za0iG_OJz0CqujE_Q,4.0,2021-07-20 13:21:00
JjXuiru1_ONzDkYVrHN0aw,SNxUXrSr-XkEkSQIdjmjhA,3.0,2018-12-10 18:16:28
JjXuiru1_ONzDkYVrHN0aw,VCGOGpOYnomj7o2qeVHHiA,4.0,2016-02-04 13:51:04
JjXuiru1_ONzDkYVrHN0aw,VVH6k9-ycttH3TV_lk5WfQ,4.0,2017-12-10 20:24:28
JjXuiru1_ONzDkYVrHN0aw,_MWbuRiTqbWEjlfxRAvzWQ,5.0,2013-01-18 16:23:29
JjXuiru1_ONzDkYVrHN0aw,iSRTaT9WngzB8JJ2YKJUig,3.0,2011-07-30 12:51:24
JjXuiru1_ONzDkYVrHN0aw,q_PFmdGcKx2H7z2ze8H26w,4.0,2016-01-18 14:18:33
JjXuiru1_ONzDkYVrHN0aw,wjZwXKDiFBQXlO8-TjQTXA,4.0,2011-07-30 10:13:35
JkyZ_0wVGoyYka5Pbw6Z6w,iSRTaT9WngzB8JJ2YKJUig,2.0,2016-01-02 20:41:45
JlUFYRdIvbElmUqQX8wF8w,CSnu-FS1eNNx6dGyOuSoNA,2.0,2013-01-04 20:18:07
JlUFYRdIvbElmUqQX8wF8w,TUtOrI_GnVwSuHHTTEN8MA,2.0,2012-07-13 13:47:11
JmN0ZSfVzwiY1dBhKF9Uxg,RW7yGyblB2pU6VT56LRCiw,1.0,2018-02-14 14:05:49
JmN0ZSfVzwiY1dBhKF9Uxg,kVrugngpixLsf4pNu4uzrw,4.0,2017-03-01 18:04:26
Jn-Y3d0T3W_KjdZgbWNLNg,gjbmwlYUImb2lQBp5LV3KA,5.0,2017-09-20 15:21:24
Jn-Y3d0T3W_KjdZgbWNLNg,kGhT5VRj2ZBSdXJl6qkLdw,5.0,2017-11-03 13:43:38
JnGjZVSlfCkKHErvO5ts4g,VaO-VW3e1kARkU9bP1E7Fw,3.0,2011-01-28 23:22:01
JnGtgOPpkjyWOvWM0SYEXg,DgCVURTtxxLD9U-Y0NtySQ,4.0,2018-10-23 15:45:17
JnGtgOPpkjyWOvWM0SYEXg,eIKjxqdMduIeIqzPg7yc-Q,3.0,2015-10-13 16:19:26
JnGtgOPpkjyWOvWM0SYEXg,f5S8fr9DruZNwSev1gyFWQ,3.0,2018-10-24 15:13:36
JnGtgOPpkjyWOvWM0SYEXg,ksFVaF5TatgsVGXk7Yyw9A,3.0,2015-10-14 15:36:11
JnW0--jJ8Xcg0sJ19TCezg,L5LLN0RafiV1Z9cddzvuCw,2.0,2021-03-23 23:02:05
JoJRFrKYLM8Cqt861_Harw,tsaifr1x7MHWsUngvZ1SQA,5.0,2021-05-06 11:54:25
JomVanfzaZ3zS1ZzI2wO1A,Zi-F-YvyVOK0k5QD7lrLOg,3.0,2020-01-02 05:30:43
JpUSSA9K-suSKJls-25Wgw,Nvx2MceKWAtikcAxk_TBMg,1.0,2015-07-06 15:59:44
Jr5Ouk7m3MJhgBxABO-cyA,tUkv0ZxUAdpyv8qhgRU5TA,3.0,2011-07-24 19:25:40
JrVVkg7ThLnqVLCpvx5PBw,6h7C53qLfwM7v3zKRqG0yA,5.0,2013-03-13 20:23:29
JrW0TTswNsApOj0n24kUiw,2KIDQyTh-HzLxOUEDqtDBg,5.0,2014-10-23 19:34:08
Js1FsZ6oP_9tO5tbJN-d2g,OgilsqqoshPEsPYdx7GIzg,5.0,2021-11-29 04:00:54
Js1FsZ6oP_9tO5tbJN-d2g,dhj16roKb6Z-TyJ0w6iqjQ,5.0,2021-06-28 03:20:01
Js1FsZ6oP_9tO5tbJN-d2g,wj8XtPyuREj8_0GQz3LZ6w,3.0,2018-02-13 04:40:27
Js4nQlGRjS1Bd5vsAQQfgA,2er_V-oAd7IbQ5YTY56r7A,5.0,2014-09-26 01:32:21
Js4nQlGRjS1Bd5vsAQQfgA,Dv6RfXLYe1atjgz3Xf4GGw,5.0,2012-05-02 21:27:04
JtM1isV48Lu2KBcWRqiKaQ,DTGg9ECF88UqbVHxWSDuHw,1.0,2019-12-18 03:03:16
JtznT7WXiOO2izBZIadeBQ,EVmCBFlY0Hy_62bDRizmGA,4.0,2016-03-11 02:53:01
JuCgoHYJww70wX9M8ndKnQ,lXFpW475fKlACmyyw9_UYA,5.0,2016-01-16 20:11:52
JvzAo6oerqiHkWvftSQgwg,tUkv0ZxUAdpyv8qhgRU5TA,1.0,2010-10-05 13:31:38
JwbPdBrAREFa8IJKi11hiA,9FiiDY8Nrmdn81jHHvJSlA,4.0,2012-06-10 19:16:01
JwpGFZIf5782bwOPgyrZzw,KHe6HAqmyioITwTvg9Bbcg,5.0,2013-12-04 01:02:30
JxA595MQSkNqzSfMXYWatw,WOdqMURCc0CHXUllPZwpqQ,5.0,2013-07-21 21:19:13
JxA595MQSkNqzSfMXYWatw,Zi-F-YvyVOK0k5QD7lrLOg,5.0,2011-02-10 13:46:19
Jy6xuTtmH3jIkdcNp6WsRA,bMratNjTG5ZFEA6hVyr-xQ,1.0,2013-03-06 02:56:52
JyzLjUFEIW3epNlHI6Oa6Q,2KIDQyTh-HzLxOUEDqtDBg,5.0,2020-06-09 13:47:09
JyzLjUFEIW3epNlHI6Oa6Q,Bs0JwJEUdfhL-FtLjuu3vA,4.0,2017-06-14 15:35:03
JyzLjUFEIW3epNlHI6Oa6Q,L5LLN0RafiV1Z9cddzvuCw,4.0,2016-02-29 16:07:52
JyzLjUFEIW3epNlHI6Oa6Q,sTfVZ9xo36tU8R5DnaCGkg,4.0,2019-04-11 18:21:43
JztwPBmpn6uz7rFaTBW8-w,kpK6SmxIiNoGPNhlEGiL4w,5.0,2016-10-21 16:31:12
JzupCYb6JmSOY1uau40ZXw,YT1oM3AlNSCjzKvbH8MPWA,5.0,2019-06-29 13:21:39
K-rMtNcAz0wOWQ81W88NsQ,muCelHtTlX5PrJd8JKkf_w,5.0,2014-01-28 05:05:54
K0fY_YK2sVsigABJU6tDfA,Fj16uG6BNZOq5K8mS2HHiQ,1.0,2019-12-11 03:55:34
K1-42NVrbVA71ajtIfT5ag,YSL06t6e2iKo4ZHZnCZIxw,1.0,2017-03-17 16:17:41
K17847uudqPFPIjSPgxs2A,3gVSrS4kffGGZT8oXHsIcw,4.0,2019-05-04 23:19:34
K17847uudqPFPIjSPgxs2A,5FuQbcHTF_I7PWJzhCMObw,4.0,2020-04-22 23:27:59
K17847uudqPFPIjSPgxs2A,9Uczm0SLoHhopacyKf3-1g,4.0,2021-05-24 00:29:35
K17847uudqPFPIjSPgxs2A,DbPVnihpkXXWkepRzmTPfg,5.0,2020-11-29 02:47:46
K17847uudqPFPIjSPgxs2A,GWv1-6HFvZf4cOy1J6_CKQ,3.0,2019-04-24 22:21:53
K17847uudqPFPIjSPgxs2A,Q0pFg3ri7kt9xIxxXh7-RQ,4.0,2020-10-25 22:06:35
K17847uudqPFPIjSPgxs2A,VVH6k9-ycttH3TV_lk5WfQ,4.0,2021-06-27 03:26:58
K17847uudqPFPIjSPgxs2A,VaO-VW3e1kARkU9bP1E7Fw,4.0,2021-06-28 01:33:58
K17847uudqPFPIjSPgxs2A,_f3JQU6IXpGmTLaSqGy79g,3.0,2019-11-17 23:22:15
K17847uudqPFPIjSPgxs2A,_jM0lxArSLUdq6ogkRhzbA,3.0,2019-02-21 13:51:20
K17847uudqPFPIjSPgxs2A,_n539Sga7PCvHQs--a4qkA,4.0,2020-01-23 17:26:52
K17847uudqPFPIjSPgxs2A,aWuYiz7OCNZpm3173Qr4GQ,4.0,2021-05-26 18:32:43
K17847uudqPFPIjSPgxs2A,c-iKAO2GBzSKjm7y1Oljcw,5.0,2021-06-28 01:51:54
K17847uudqPFPIjSPgxs2A,gVw224_IlTrx3KHEgFBtMg,4.0,2021-06-28 00:54:47
K17847uudqPFPIjSPgxs2A,kvv4hZ8EUe_sGwcsl-mLQw,3.0,2020-07-09 01:51:13
K17847uudqPFPIjSPgxs2A,l4YoHcvnsK7ICDrTqL7EEg,5.0,2020-02-15 17:08:08
K17847uudqPFPIjSPgxs2A,nGOYzNwIjWBufuaW4kEvUw,4.0,2019-08-06 00:53:05
K17847uudqPFPIjSPgxs2A,oqy15jhe1lOXttEvd4Srog,4.0,2020-04-11 23:33:59
K17847uudqPFPIjSPgxs2A,poviu-6n3iaRE4gdQz6OYw,5.0,2019-11-03 12:49:10
K17847uudqPFPIjSPgxs2A,qHXv-os4wfrfSPxGPgj2vg,5.0,2018-10-17 18:52:22
K17847uudqPFPIjSPgxs2A,rK4MQ-vybY5KXI73o-0mlw,4.0,2019-02-13 17:44:20
K17847uudqPFPIjSPgxs2A,r_oscENLKdrF2KNyWP4oow,4.0,2018-11-26 18:26:30
K17847uudqPFPIjSPgxs2A,wB1Tin0OW1JRpaKM-E3ZYA,4.0,2019-11-17 23:30:14
K17847uudqPFPIjSPgxs2A,xb5NsCqvQw2uE5HoQyDr0g,4.0,2019-09-18 11:16:56
K17847uudqPFPIjSPgxs2A,yuIhKvOjgDbYCkgw-j55sA,4.0,2018-07-13 12:24:12
K2Efx0k-ate_qfvuRbP5Yw,ZUPnWlLgqnU1PVtF6Q9-HQ,5.0,2012-07-31 22:44:03
K3IA433mCfVfgmk2E3dGqQ,SxbqEgEwrGmtgvQAgM6kIg,3.0,2015-01-18 03:51:58
K54AVckblbo6mD0Q-_OjRg,J8S7cPPlTgsQnXKVfTyN8g,1.0,2014-09-09 14:56:37
K5FpTJFxEN3SjF6sCN9s_A,KHe6HAqmyioITwTvg9Bbcg,5.0,2018-11-10 00:15:46
K5XtfSYVXIHpEJ7a6yleuQ,1wKbk-FtJBBidd1k8s09DA,2.0,2021-03-23 00:35:42
K5XtfSYVXIHpEJ7a6yleuQ,ZuwJdk2g6XGRWV94TE50Cg,5.0,2020-11-20 01:17:57
K6pcBk5_vqfFb3LJqA0P0A,6h7C53qLfwM7v3zKRqG0yA,4.0,2012-10-03 20:22:47
K74S1UK7QjAhWnkXIN0nhg,W72rYffSVg0pIaOpRgNniw,5.0,2019-10-07 10:59:05
K7EJEADlrJL9H9rd6Do2mg,LHSTtnW3YHCeUkRDGyJOyw,4.0,2015-07-06 21:41:20
K7thO1n-vZ9PFYiC7nTR2w,VVH6k9-ycttH3TV_lk5WfQ,5.0,2016-10-17 15:15:06
K8VSrOOCdXS9VX5S66W4GQ,B5eJm8A4eiuPLW5C6l75dQ,4.0,2019-03-05 03:05:25
K8VSrOOCdXS9VX5S66W4GQ,IkY2ticzHEn4QFn8hQLSWg,3.0,2019-03-02 10:54:59
K8VSrOOCdXS9VX5S66W4GQ,RQAF6a0akMiot5lZZnMNNw,4.0,2019-03-01 10:46:55
K8VSrOOCdXS9VX5S66W4GQ,YPLfRswyryjjW3VJa-SdaA,3.0,2019-02-16 14:44:28
K8VSrOOCdXS9VX5S66W4GQ,fGYnHzFr1z2kv7bPRW6VMA,3.0,2019-02-19 15:15:50
K8VSrOOCdXS9VX5S66W4GQ,h_rcMQtglIiAs-Oc5d8Ozw,3.0,2019-02-27 04:55:57
K8VSrOOCdXS9VX5S66W4GQ,sTPueJEwcRDj7ZJmG7okYA,4.0,2019-02-18 14:44:42
K8VSrOOCdXS9VX5S66W4GQ,ytynqOUb3hjKeJfRj5Tshw,5.0,2019-02-22 15:34:21
KBV_MalXT4bjz_bNFiAAkg,J8S7cPPlTgsQnXKVfTyN8g,1.0,2009-08-01 14:44:12
KDewJBJknfWvQyHHFNbfdg,cYZzwOnwzppjuzseAi2p9w,5.0,2011-03-15 16:10:45
KDuWv96lLrfkKQ-4KtaU8w,iSRTaT9WngzB8JJ2YKJUig,4.0,2018-03-30 19:14:43
KDuWv96lLrfkKQ-4KtaU8w,pWuoHHu0LuVrD0HjadDygg,5.0,2021-05-28 22:36:14
KDw1B6VZ-c0cSobzgRx06A,ZKPrXH_GNW_AtZ31tP3NmA,1.0,2018-11-21 21:55:16
KDw1B6VZ-c0cSobzgRx06A,x5GkG0oI_S107wLlgdBxVA,1.0,2017-02-11 16:59:01
KDz7BjsuBjAxBw2gF3KFQA,45VrJplsLEo9EYMvTjBwGg,5.0,2020-03-08 00:53:37
KDz7BjsuBjAxBw2gF3KFQA,8gY3LGFUMIQubovGbSd7Nw,5.0,2020-03-06 04:24:24
KDz7BjsuBjAxBw2gF3KFQA,DgCVURTtxxLD9U-Y0NtySQ,4.0,2018-11-19 08:15:22
KDz7BjsuBjAxBw2gF3KFQA,JxC9SCQF4aS2lHhRNkKjsQ,4.0,2019-02-25 08:09:18
KDz7BjsuBjAxBw2gF3KFQA,LrkrvFHlnD1BHj2b2w0JpA,4.0,2019-04-28 03:45:50
KDz7BjsuBjAxBw2gF3KFQA,NHnrldYJxgr5_sAWsUi-Uw,5.0,2015-07-17 07:30:12
KDz7BjsuBjAxBw2gF3KFQA,cWcKC9ytDyW3dbqxjb250w,3.0,2021-11-11 04:22:37
KDz7BjsuBjAxBw2gF3KFQA,pAFtOcz710oLQ-e_J6AIzw,4.0,2018-06-26 07:36:55
KE45Oo3VbzXApZVtEnDjDA,3VvZpyRMg5p3nH2-iK3-Vg,5.0,2021-01-31 03:32:02
KETa97Knz4ZJZPv53CHGcg,-8NGFqFrlOmWawr827tZNg,4.0,2013-01-13 04:54:34
KFKrsDRkeo7KqQCm3IN5-g,GC75ZzoLxsfeKyk7vA3pXA,4.0,2017-03-17 15:31:00
KFKrsDRkeo7KqQCm3IN5-g,NQ6v9hMwtfS5mn2a0vQr1Q,4.0,2017-03-07 16:53:07
KFKrsDRkeo7KqQCm3IN5-g,q0L1bP7f5Nd6m1Eq8pD0GA,4.0,2017-04-08 14:18:44
KFiz7nL-lRFF-xIgOPZLkg,YbEVMCXzbcibj2a11Yzg1g,5.0,2020-02-26 22:37:06
KFy8JHIOvgd6XDetjsIfdA,Rl42JbSMsmNW3LRjsTMYAg,5.0,2018-01-13 06:33:32
KG7EMyjv_Zes0HdI8EgtrA,ZQ-Sg1tJXCKD6Dw9DF4X9g,1.0,2015-02-08 21:27:18
KGtl-GDHmyO-ABSJknDBSw,TjBvLFDUj2Hz6bkELIJbng,4.0,2017-10-24 22:26:13
KH4FP3TFEkIhFEVQ7oko4Q,x8-sTKZG59RUhgGj_kcyVg,5.0,2016-10-11 17:19:17
KHOEeBORWu62w5z3yZqGPA,WSx9-iYYyST_umny9sJBFg,5.0,2021-04-26 01:04:57
KHqBJiMT6mZio3vpu67MwQ,-78Va3llKcPbL6SW4is8lw,5.0,2019-12-01 00:54:11
KHqBJiMT6mZio3vpu67MwQ,4HMXL85u_wX0WEHucVkI6A,5.0,2018-11-26 23:12:18
KHqBJiMT6mZio3vpu67MwQ,Aew5uJRpT8Bhr_VT46S1WQ,4.0,2020-12-01 03:49:18
KHqBJiMT6mZio3vpu67MwQ,AjxjKRNin477A7nKAZciGg,5.0,2019-09-18 22:59:22
KHqBJiMT6mZio3vpu67MwQ,QVXfW1c8eOm9SJVb3xdo7w,5.0,2021-03-17 23:44:10
KHqBJiMT6mZio3vpu67MwQ,dmb-LM_EtUB9cY-SsjH0LQ,5.0,2020-03-05 20:13:25
KHqBJiMT6mZio3vpu67MwQ,iGudoXTmbAmz1gg3H7omyA,5.0,2018-06-12 22:38:17
KJXrVjJpLODLQAKSPNu0dQ,0ZsqqzHu1HHkDdIKoivi5g,4.0,2018-02-01 18:57:53
KJXrVjJpLODLQAKSPNu0dQ,zIAYfpeYbnADNwJzVcGE8A,4.0,2017-02-02 04:29:35
KJsG9EzN88bgSrNrsdPiYA,CgiwCrXs3Ggu9eKFPIgjtA,3.0,2018-05-18 00:34:21
KJsG9EzN88bgSrNrsdPiYA,fCDMLD21ypv1XZ_EyafCkQ,5.0,2018-05-15 22:34:51
KKLWlqtaspsWHYGQLfUl1w,26jYcdFR5oLqKDKpTH0JIQ,4.0,2019-12-30 18:55:45
KKW42NUxLFt7BKJ5EF4qnw,2coic7DZlnlqVhblbEOpIA,4.0,2019-09-09 14:55:08
KLrTBLpN4csEWKdLX2meYQ,DfEYyoO1YPHEPy9h3BWGvQ,2.0,2015-01-19 02:24:02
KLrTBLpN4csEWKdLX2meYQ,V8we7-uCa-SouadZmZ9Ieg,3.0,2015-11-06 02:29:02
KN3Ziu2TBUEBl6rHxHtf_Q,oGDGlUbOjHxmmCh8ZYcDCg,4.0,2016-09-08 17:30:20
KNt6RzxrNxIBTUF0NhcPyA,K4wVovK22PnUpCNgy30KSA,5.0,2021-08-01 20:43:56
KOUrGvMfYN8iLQpr9th6DQ,4wq9bzoCe3Mh0cPbYH1eDg,5.0,2018-06-03 15:14:19
KPYdacGNQeYGIcPIb_MyJw,-FM4CxOg4XXmX_Ebky_SiQ,4.0,2020-11-12 19:25:36
KPb8wAaHSlT13ty9hJlmfw,Mz2ojdB5s1xW_tILMLXEDg,3.0,2021-11-26 02:47:32
KRS_0bUdbmhogb0Ou7LewA,Cjwb7VQGP0u2eWYj1wnO3g,1.0,2015-02-08 17:54:31
KRTwbY8J7DA72OQ9t3ofzA,erMhMS6BR4oTvDpJ_rjzJw,3.0,2013-11-22 22:37:01
KRdVRNdVrD9y6vHn907YIQ,LbhraX3qY94g3Xn2Havbpg,2.0,2017-03-18 18:17:37
KSbhY9Oi9ISm-ZudHrm9nw,KHe6HAqmyioITwTvg9Bbcg,5.0,2020-09-02 19:54:53
KSrQ-qr-dXCcJadevuS1RA,Uky0DD3LU4C7eyNDhpmOXg,4.0,2015-10-29 15:04:14
KTlvYU9UzhTwHIki9DbaWw,fBnki9kkjTfepj0HPiUMGQ,2.0,2019-01-01 07:51:43
KTlvYU9UzhTwHIki9DbaWw,sTPueJEwcRDj7ZJmG7okYA,5.0,2019-01-01 07:03:19
KU1hrlODN8yDnDFPWNtCng,TUtf4FLtotdQDleYpRIfnw,3.0,2018-08-03 15:04:56
KVN1eio-4QU3zlkPmZHRFQ,gMbsb4mAs8gkVVOcq0MmCg,5.0,2014-12-04 14:30:05
KVdKagnkzKY2BdDmGnZ7xQ,oCbJpGl8IkH1WdYa25TDBA,1.0,2018-05-03 14:21:30
KVljnlagu1mZp7KZLVwhlQ,MJI-bNIn3QDgiGggm9Wp1w,4.0,2021-09-07 19:16:52
KW2vFEqReoMk9bUqq3u6ng,PgtqA056auCp5EbcZMbXPQ,1.0,2015-01-01 03:19:09
KWJIFPib5sBa3mzSDV4r4g,poruVZH9V5p3u170Pi3iYg,2.0,2013-07-12 22:58:07
KWVIxZIbQq3hLgrbIqWpOQ,JXhIz744GI7U_ereD9Nf8g,5.0,2018-05-19 15:53:38
KXVZqQdcVpa-ZaIdrDpQPQ,RMYjaB5krFGCtlOLf5TBwQ,5.0,2020-02-24 10:20:45
KXYRjdlgg-Gw7mwF22ZAJg,kiA1mrC2ZVoRmpsWgAT7ow,2.0,2014-09-22 13:50:44
KZRwEchozo0qeYdWYerCpw,UWB_Oi9dkPwXfhYgFMnjsw,5.0,2016-08-04 17:07:13
KZjEo1CEvp2NCZPFbe0tBw,PZnz-_Iyvw1syzwjbdR_ew,5.0,2019-03-17 12:03:18
K_YkRbLFSRsJq0MXMuyqyA,rLMRRaLhgxH2cU2XuJf_BQ,1.0,2015-08-30 01:39:16
K_bKkwJfy_p-HC1JlbtZpQ,Nvx2MceKWAtikcAxk_TBMg,2.0,2015-07-08 13:23:48
K_dM0CZKjMi5SM9P8q5C8w,PvWUpIHqV13Qe9crQ6MOsA,3.0,2018-05-29 15:03:10
KaF57_Gqz9cbHHtSzB0CzQ,NcU8WT4TiIrRYhWAoZT4qQ,5.0,2014-07-25 16:39:01
KaF57_Gqz9cbHHtSzB0CzQ,ipPhk2H1S5MjswqJH7xrCA,5.0,2014-07-27 22:44:10
KaYukl9swlpo71HupJrUWw,8fLI8HwccIfQWi0UyH-1Fw,4.0,2020-02-22 09:23:24
Kan5qekF8aFK5nYTVQqtmQ,4ADeBcc3O4zmTrp60H4O_A,1.0,2018-05-05 20:32:15
KbLfnuqdsaIq8lB7vhwAVg,GXFMD0Z4jEVZBCsbPf4CTQ,5.0,2021-05-14 05:34:46
Kc7IwXLrJVqAVMkX6pxWbA,PiQVIJI92Z9O37jg9YMyPw,3.0,2013-04-20 13:07:06
Kc7IwXLrJVqAVMkX6pxWbA,qwmlqH4blnTNTFDhUaCBXw,4.0,2013-03-26 15:31:15
KcS9y8OgVe6NjOPtdMy4Yw,TUhRukcZb3tG0cB_X68FCQ,1.0,2010-12-04 00:45:31
Kf5PVQUdDvQYf-MXoeWqZA,V8we7-uCa-SouadZmZ9Ieg,5.0,2019-03-29 11:48:34
Kg284Bdi5qTJbr5Kmv2rWQ,45D7B9CqiUTTPUFcqmLx5Q,5.0,2021-01-10 03:51:35
Kgb1KdaTrRnGqQ4misL12w,BPB9Tnq7peZo8MHf_egrBA,4.0,2014-02-17 15:53:19
KhSGkmP9adBwKfoE7V-vvg,UfWjaifeYmyldKxlEYI9cg,5.0,2018-03-07 19:09:14
Kho08pWNfeGnRbZTnMKy3w,Ju25XEGy_NWi9heJX3FuZw,5.0,2020-02-18 23:56:02
Ki_AEkJ9rMAfOEJaDLUyig,RQAF6a0akMiot5lZZnMNNw,1.0,2018-11-18 16:40:54
Kig7LAiwLafFKFcZW8BATA,2er_V-oAd7IbQ5YTY56r7A,2.0,2016-11-02 01:43:18
Kiv9IUM4GNqjAEZUji6dUg,Bp2AWqJLBJoBjBwh85rDAw,1.0,2013-01-28 02:14:19
Kj-u8Yq1d3mLKitWsDAxpg,80CuLvezLk7SkkzWbcv1Dg,1.0,2011-11-15 10:48:55
Kj-u8Yq1d3mLKitWsDAxpg,8Ck78FmeRO7W9iy1-5eCeg,4.0,2013-01-25 16:54:05
Kj-u8Yq1d3mLKitWsDAxpg,8xTHtLoNIwdpf0FEvIpQIw,5.0,2009-07-06 20:49:04
Kj-u8Yq1d3mLKitWsDAxpg,Cfpv0IjS0lI4CgF1fpbF_w,4.0,2012-02-17 15:32:17
Kj-u8Yq1d3mLKitWsDAxpg,FXUvbpIGhs1uUwzhu9kXPw,4.0,2012-01-27 18:41:47
Kj-u8Yq1d3mLKitWsDAxpg,GXqzvoBm9iEZ_R6Ubeqzrw,3.0,2009-07-29 21:53:01
Kj-u8Yq1d3mLKitWsDAxpg,HPqTJ_yF2ZJw87yHWnSzSg,4.0,2008-12-02 12:12:29
Kj-u8Yq1d3mLKitWsDAxpg,I5KZm-NnxYeEQsmp6nK5_w,3.0,2011-09-12 16:17:35
Kj-u8Yq1d3mLKitWsDAxpg,LaEnUeazBtFdu8_IJlH97w,4.0,2009-02-08 00:55:19
Kj-u8Yq1d3mLKitWsDAxpg,PP3BBaVxZLcJU54uP_wL6Q,2.0,2008-07-22 11:16:17
Kj-u8Yq1d3mLKitWsDAxpg,TD2Ln8rzK-UbGECZkD6V4Q,4.0,2011-12-11 11:05:24
Kj-u8Yq1d3mLKitWsDAxpg,TiywUz1q7Yw8JL4daD4fKQ,4.0,2008-07-24 13:47:11
Kj-u8Yq1d3mLKitWsDAxpg,YSL06t6e2iKo4ZHZnCZIxw,3.0,2012-01-30 14:11:34
Kj-u8Yq1d3mLKitWsDAxpg,YajautTNwCHcMFKmSkabcg,5.0,2011-09-18 21:36:58
Kj-u8Yq1d3mLKitWsDAxpg,ZyNVYgJ-SB5TLva5HydmGA,3.0,2009-05-14 11:09:20
Kj-u8Yq1d3mLKitWsDAxpg,_RwlMTw9uFeOkfX9Ctf1HA,2.0,2011-01-11 17:04:12
Kj-u8Yq1d3mLKitWsDAxpg,aVslIwCbkM8zEKcJ_c9qIg,3.0,2008-10-20 15:54:21
Kj-u8Yq1d3mLKitWsDAxpg,aduPqegPuD0amg0dXtxBgA,4.0,2010-07-13 14:31:56
Kj-u8Yq1d3mLKitWsDAxpg,cGX-1IUwXOjkUqZbkKYcjw,4.0,2011-06-22 16:22:37
Kj-u8Yq1d3mLKitWsDAxpg,ckF4SrqKfSm8ndr88on1dA,3.0,2009-08-10 11:19:31
Kj-u8Yq1d3mLKitWsDAxpg,ebuycCvuqc3kn4wSBBOxVQ,4.0,2010-01-28 13:56:38
Kj-u8Yq1d3mLKitWsDAxpg,eirHDiyhPn2YSo08G1tt6g,3.0,2012-08-02 22:34:53
Kj-u8Yq1d3mLKitWsDAxpg,fhprRgtBPIr0lxKv9PMVhA,4.0,2008-05-09 19:58:30
Kj-u8Yq1d3mLKitWsDAxpg,gKS0fS91JQOOTICdc2ZvFw,3.0,2008-08-26 13:56:51
Kj-u8Yq1d3mLKitWsDAxpg,p1257iwsyKj00D_145O03w,3.0,2011-07-25 09:59:09
Kj-u8Yq1d3mLKitWsDAxpg,qcguEeAMP0XwFLYqhwX2hg,4.0,2011-11-02 14:23:55
Kj-u8Yq1d3mLKitWsDAxpg,tUkv0ZxUAdpyv8qhgRU5TA,4.0,2011-03-17 12:22:22
Kj-u8Yq1d3mLKitWsDAxpg,uP42QDUxC2lxz15BUDbFnA,2.0,2009-02-19 14:10:19
Kj-u8Yq1d3mLKitWsDAxpg,vOzo4wlUNty2NQuylDrqKA,1.0,2012-09-11 13:46:25
Kj-u8Yq1d3mLKitWsDAxpg,vgNNwYjdZ_waBvgUcwtefA,3.0,2011-06-19 14:48:03
Kj-u8Yq1d3mLKitWsDAxpg,we1k41J13buaXeLrPlYFyg,3.0,2010-04-29 12:15:43
Kj-u8Yq1d3mLKitWsDAxpg,whmn0dUpEb2NbmpVF2Xxcw,4.0,2008-08-19 18:50:15
Kj-u8Yq1d3mLKitWsDAxpg,ytynqOUb3hjKeJfRj5Tshw,5.0,2009-07-28 14:39:36
Kj-u8Yq1d3mLKitWsDAxpg,ziMvN9iVXWQJrBtzcEONMg,5.0,2008-10-28 13:49:46
Kjpl-5YSZpfs_iUZb-LwQw,oCbJpGl8IkH1WdYa25TDBA,2.0,2018-07-14 04:05:56
Kkwsx-aq8Qd4FJ7XevBf0A,J8S7cPPlTgsQnXKVfTyN8g,3.0,2014-04-24 01:48:59
Km6pfnWZsp2ij8LDMCOmnQ,QOcBOX8_yUwbnCsImxJxNg,5.0,2011-06-02 21:58:20
KmaRVufJoggNJGyRvQXT0g,m6ZcOrHJHYmIPhjgh8cycw,5.0,2019-08-07 03:10:11
KoA31N3WA-XxZGhK3NGzDA,lPx8jUBfK1K6u3UgowU5mg,1.0,2021-02-24 00:40:13
KoVIQzpCFKuNTwGXNzBUeA,awOKeCwbzutECzI4R6JGFg,2.0,2019-11-13 03:39:27
Kp-p_FxKVj5me_kEhFQwSw,X3jaJDlA5YqN1EZhV9KCkQ,5.0,2020-08-01 13:13:27
KpMMCkNaCvIEYtA_g6CzeQ,bjj7HIgdC04IhctuMMIF1A,5.0,2021-04-01 13:08:33
KpOE-Z-gzJxwZqss8vO3Tg,bHPq-vQesglrIsvtkVdHrw,4.0,2018-12-05 04:11:35
KqgHSTKL7KcXr8Svai6aTQ,U3grYFIeu6RgAAQgdriHww,4.0,2014-02-26 05:57:22
Ksgxq9-mmarIas-IAjBD0w,17MK8qagV374AuUA4sXuIA,1.0,2011-03-15 02:39:49
KtMBaPrHLPwbvzPnlUHT_g,a-fUq78iwilqa9Qd3ozfqQ,3.0,2018-08-09 00:54:03
KtoFgPE-gKhBjXBcIqoDBg,L5LLN0RafiV1Z9cddzvuCw,5.0,2020-06-14 19:35:35
Kv1cjS6t-5fDNbd77Xej4Q,2oJEZAxMIt9dGwap1r6xAg,4.0,2015-07-28 17:34:16
KvI0vuVnoTuCGt05enG8Ng,qV3D9d2UteZ4-Mq0hqlcBw,1.0,2013-12-20 00:23:22
KvoHp9A3TgaiVWj4SZpdAg,6_37iH47aHnMODiXVl-gUg,5.0,2018-02-10 16:15:12
KvoHp9A3TgaiVWj4SZpdAg,bZrHCONNCQ8NEeXjNnlY0A,4.0,2019-10-16 14:13:08
KwIa8PbbBKoMMUnb_os3jQ,fi264Jd5ThtqP-QIgzzong,5.0,2014-10-21 06:11:44
KwRH-AC-R077WT4pfkiYLw,L5LLN0RafiV1Z9cddzvuCw,5.0,2014-12-23 23:03:14
KxGeqg5ccByhaZfQRI4Nnw,QLHgjBHBoeIUoEvIPvjHnw,2.0,2017-08-03 21:29:18
KzBjE3bcUci0apfsQlf-WQ,poruVZH9V5p3u170Pi3iYg,1.0,2013-12-18 22:43:09
KzHRsFwryS7b5Fog8kkkGA,C6KP0hSutumHzLDCFyjvJQ,5.0,2017-02-25 21:34:15
L-5NjRMaE5KClXYJk8HVcA,04UD14gamNjLY0IDYVhHJg,1.0,2008-12-01 14:51:15
L-qIv1hGyMToUnuyQ2r77w,YPLfRswyryjjW3VJa-SdaA,5.0,2019-05-23 04:04:27
L0yksjKsJrvY6CBGGuX70Q,27YgdDeByUhEF40JWSYk7A,1.0,2011-08-06 03:10:38
L1ayZt4pBRKhO00OhUaLAw,b8a3qRSdA_QMtLIICWoctw,4.0,2015-08-26 15:40:46
L1hb6IddP6oJc5_FX0ebYA,4ADeBcc3O4zmTrp60H4O_A,1.0,2019-12-16 16:19:37
L1r_QZ--M9EFnkpl7qrv_A,_EqGhRXzlUaTpu5eToC8MA,5.0,2020-05-27 16:58:47
L27OShvycGmVOkAxD1h86A,2Yrf_aECZVHgTBVyw1r2kA,4.0,2013-03-14 02:05:51
L27OShvycGmVOkAxD1h86A,MOhvznYP1n1iuwtnsnEzEw,5.0,2014-08-09 20:20:17
L27OShvycGmVOkAxD1h86A,tELoGj2QJYYFQ1jo_XXbpA,4.0,2014-02-04 00:26:25
L27OShvycGmVOkAxD1h86A,zmLhgTlXQn3ZP09MIFEc4A,5.0,2016-11-08 20:09:59
L2U4I05dvNsgCpm0NIxkJA,14s5gko9slJn9vkjPOiTHA,1.0,2019-05-20 21:02:17
L3H1XITAw1Za5_R-A92zRg,3zI7Ka2_ZsKh4UwbSFnXdw,4.0,2017-05-14 01:38:46
L4iT9ZCNxS2YxTzc2G5ucg,4wDo72kKuceoLw8Uu_Y_RQ,5.0,2020-01-04 13:49:59
L4iT9ZCNxS2YxTzc2G5ucg,5IBuPtV3XRE4jVxQgfMn0w,5.0,2016-07-26 11:37:03
L4iT9ZCNxS2YxTzc2G5ucg,5Y4HAjtn0c0TY0aX4XME6w,5.0,2017-09-23 12:01:49
L4iT9ZCNxS2YxTzc2G5ucg,AlnAoqsqChTn1Eg3dzLmMw,5.0,2018-02-28 13:17:32
L4iT9ZCNxS2YxTzc2G5ucg,BZk7GCi2OmKTuvdQk-Wmbg,5.0,2016-02-24 16:07:07
L4iT9ZCNxS2YxTzc2G5ucg,Djdg_JBVHKgGNckbEV27UA,4.0,2017-01-08 23:51:51
L4iT9ZCNxS2YxTzc2G5ucg,K74RHoIbJG_kIi9RsxQQcw,5.0,2020-07-28 20:26:53
L4iT9ZCNxS2YxTzc2G5ucg,NBjZWsD9C-JwjsQ2mQlmNg,5.0,2016-03-26 17:39:23
L4iT9ZCNxS2YxTzc2G5ucg,PRWLolApFNliC92zQMfm9w,4.0,2018-02-07 09:52:08
L4iT9ZCNxS2YxTzc2G5ucg,QN38TkkGzF5vB1urbvi5nQ,5.0,2016-04-09 22:33:44
L4iT9ZCNxS2YxTzc2G5ucg,TopanQyFir2nX2h3e55OnA,5.0,2015-07-19 20:12:21
L4iT9ZCNxS2YxTzc2G5ucg,fCDMLD21ypv1XZ_EyafCkQ,5.0,2017-02-18 12:09:58
L4iT9ZCNxS2YxTzc2G5ucg,faYU9nWyhiYeSwiP05ojvQ,5.0,2020-11-04 15:43:12
L4iT9ZCNxS2YxTzc2G5ucg,n9T2k7tu_5uLAYi5r4Y_Yw,5.0,2017-01-11 08:23:24
L4iT9ZCNxS2YxTzc2G5ucg,sjosv3U_wxN3Zigr7gIx2g,4.0,2016-04-08 14:53:32
L4iT9ZCNxS2YxTzc2G5ucg,t9lFIoKltOdbRWpJLFpCOA,5.0,2016-04-12 03:20:21
L5i2EtjHquQjiDK7KWBPYA,0_J_SEJLxSjHcFfGgWeWow,1.0,2018-01-28 04:56:58
L8LFwHCqg2LyQmPEHVIiMA,SwBhaxfQPbyhsi0QHUAN0A,2.0,2019-08-14 02:38:46
L8f8hpK1gI0zUvWZE7bYhA,8A5LSwsKK5vXDH1M3_Tf1w,1.0,2014-01-02 23:58:47
L9Q1TK7bLs4dOI-rZgaDXA,TUhRukcZb3tG0cB_X68FCQ,2.0,2011-08-21 02:21:55
L9vn5VegOCxN41cduU3POg,VKgK7Z0WR9YIxtAAC63eUA,5.0,2015-06-04 22:53:59
LB4McNKJtLtnJpkTE6PNBQ,J8S7cPPlTgsQnXKVfTyN8g,5.0,2014-09-09 21:24:15
LCcd6tEjC_Ty-aCVBHJjcw,-1XSzguS6XLN-V6MVZMg2A,5.0,2018-05-01 19:35:20
LCzSgeO31wwIMZv0TXPX4Q,GBTPC53ZrG1ZBY3DT8Mbcw,5.0,2016-05-05 17:59:56
LCzSgeO31wwIMZv0TXPX4Q,VaO-VW3e1kARkU9bP1E7Fw,4.0,2016-05-07 01:39:42
LEPULBfMm4zKr_3vITYXzA,kTyqFy9rxxhfsFagIpEAig,5.0,2021-06-12 18:31:04
LF7Be6qpZvTZ9FY4D5GoEw,sTPueJEwcRDj7ZJmG7okYA,5.0,2012-08-06 19:09:00
LFBw81iPHT8TMTcKMMaERQ,HoKH4Rk7wHfVT-60aYIYwA,1.0,2016-12-19 17:18:52
LFiLbQ6rNNjHS3mWwDmKEA,bbEXAEFr4RYHLlZ-HFssTA,5.0,2014-08-23 15:38:38
LFiLbQ6rNNjHS3mWwDmKEA,p5rXRkSJtAKcWd4GY71avQ,4.0,2017-01-31 15:54:48
LFwllYnwoPiaPyV5joO7Ug,jtgBkAQuchDYgkdsebzLsQ,1.0,2018-12-08 22:15:05
LGABwF9U75AZiczeoAkcTQ,H41S-qS3NOUJSbIqWTuyIA,5.0,2018-10-31 01:04:57
LGa1GmTItb4bu6HI7KPKfA,q36uZc2hQml10YGHazJaoQ,4.0,2021-06-06 23:05:10
LGlk-Zb69sGQwJVu2w4U_Q,SwBhaxfQPbyhsi0QHUAN0A,1.0,2015-01-11 15:25:33
LGlk-Zb69sGQwJVu2w4U_Q,VblfPP6EwV70ldrztBHA1A,5.0,2015-02-15 16:08:45
LHRMShsnYlo1i0NCGodr3w,Cjwb7VQGP0u2eWYj1wnO3g,1.0,2010-01-24 18:48:47
LHWtjTG7e1NzNPYUbUo-9w,mVV95BIwhFOa7TNH9pVMGA,5.0,2010-10-07 03:19:58
LK5O-lkUKwTKCBote4I1yQ,rdtx0kMDoC15FvNyom6W_g,5.0,2010-01-23 22:31:47
LM1Aleq_ozhEslRd2GUGEQ,0ac5lGA_0wdKDnib3y59Xg,2.0,2019-12-20 23:38:09
LM1Aleq_ozhEslRd2GUGEQ,f7S0WFDy_J1TGahYhnoMLA,5.0,2019-11-23 23:28:21
LMdnUxAh7srNxPhUtKsFhg,EDRhPfxELquxtMOGuNKFTw,5.0,2010-04-08 18:22:40
LMvGr9_gUrIwnD2iBS5MlQ,EnGnfn_6KMTY2enUD3hqdw,2.0,2013-02-23 14:07:16
LMvGr9_gUrIwnD2iBS5MlQ,dGUyXgFW1WSYMgRypKaYew,5.0,2014-06-23 04:33:14
LNEXz0drBNtLHwrb1G-VPA,ziMvN9iVXWQJrBtzcEONMg,4.0,2018-06-14 05:13:37
LNPyE5X1K5B_flcTCH9StQ,VAIOtbsxdNmuhUKkQZFRlA,3.0,2017-03-09 18:47:30
LNzUe8fwKeS5HRaxtb55gw,AjxhKYSbc1NrGOxAcqxb9w,4.0,2020-03-05 08:15:41
LNzUe8fwKeS5HRaxtb55gw,iBTc6XKgW5HESEZIii-G4g,4.0,2021-11-26 07:27:32
LNzUe8fwKeS5HRaxtb55gw,sTPueJEwcRDj7ZJmG7okYA,4.0,2020-06-13 05:10:57
LNzUe8fwKeS5HRaxtb55gw,ytynqOUb3hjKeJfRj5Tshw,5.0,2022-01-08 17:34:17
LO381U2CFMrNBBDTIVwP2g,dPBup9f9QMW-L9d7IQme0Q,1.0,2016-01-22 15:18:04
LOhEraqv7zXkTzXQsPERHg,KzMgip1V94YCTsU-H6vtFQ,5.0,2019-10-08 04:12:57
LPQBCLsfVVjZh_TbqRqGWA,HoKH4Rk7wHfVT-60aYIYwA,2.0,2015-12-06 00:57:18
LPqV0W54xzjB0hEBKR8fjQ,LdECsE8lJS7v5GTFTcjPSg,4.0,2021-11-01 01:25:21
LQJ7jEWxBBLYiaGVWdN5Dg,-ymffdKa-pkGZa8sDDjSig,5.0,2019-12-16 20:22:05
LQJ7jEWxBBLYiaGVWdN5Dg,Hh8jUR0mtVXkAnv8XDZjyA,5.0,2017-05-30 17:30:29
LQJ7jEWxBBLYiaGVWdN5Dg,LCpHFLUQhVMhfpNngtf_Ew,3.0,2016-04-11 15:20:10
LQJ7jEWxBBLYiaGVWdN5Dg,LrkrvFHlnD1BHj2b2w0JpA,5.0,2017-10-31 19:19:30
LQJ7jEWxBBLYiaGVWdN5Dg,MiPN-oUTmplbe9LTxDmkag,5.0,2020-08-13 20:57:56
LQJ7jEWxBBLYiaGVWdN5Dg,OR7VJQ3Nk1wCcIbPN4TCQQ,5.0,2016-05-29 14:37:13
LQJ7jEWxBBLYiaGVWdN5Dg,Rb9QIj-NyRn_giOBN991YA,5.0,2018-10-07 00:52:22
LQJ7jEWxBBLYiaGVWdN5Dg,ZYoKsoyfRuxqJPwsKtzqFQ,5.0,2015-06-16 03:07:07
LQJ7jEWxBBLYiaGVWdN5Dg,djeYYE2MIT36obh5mcZn8A,4.0,2017-07-09 19:17:06
LQJ7jEWxBBLYiaGVWdN5Dg,hjRxa6xpKOwnbUgGvVCE5Q,4.0,2016-10-07 18:15:13
LQr3zpO_DLLHBGRnOfKz4Q,9KHTQiXutn-W51EjAfrodw,1.0,2020-08-02 18:52:12
LR5KLo9TkFbuLTUnQXz0xA,9PZxjhTIU7OgPIzuGi89Ew,3.0,2021-09-15 23:37:56
LS50MEzvPY2Q90kPr0rbQA,PP3BBaVxZLcJU54uP_wL6Q,5.0,2017-10-02 23:21:37
LSgpMM4vX0uSLLWHopfbOA,8j3blTZChklt3j89jxx0fw,1.0,2014-08-04 02:56:57
LTlFSL3_MnnPu1AC-HSuPQ,ngosa7gVH134bQfXR5JboQ,5.0,2014-08-06 20:32:06
LU2NT3qFrG1p_4uEU0YOTA,Hh8jUR0mtVXkAnv8XDZjyA,1.0,2021-03-07 01:20:47
LWZPsSBB2F9OwzFSyHn9qQ,KHe6HAqmyioITwTvg9Bbcg,5.0,2019-11-27 23:51:51
LZYIadGmAP_bmFYwaORo3g,0jQiSHnQTFyJnw1HHV9NVQ,1.0,2019-09-14 17:49:42
Lb-0y35-vafOkfd9YBWXLA,47Xuiwsv_YsJIm7Px_mNWQ,5.0,2021-06-14 23:22:22
Lb-0y35-vafOkfd9YBWXLA,DI4OK-UVHZqCwpCE8jX2ow,4.0,2021-12-28 00:23:09
Lb-0y35-vafOkfd9YBWXLA,HQUq4glxPzoi5zNqbNfTDA,4.0,2021-12-19 03:38:56
Lb-0y35-vafOkfd9YBWXLA,Zr3CwG-1zbXlktQoHjgIOQ,4.0,2022-01-15 14:21:46
Lb-0y35-vafOkfd9YBWXLA,x1cyB0m8EIR9OE054dgtPg,5.0,2021-12-05 04:06:22
LbtFyFzsdt-d2XDlIGVsaQ,nM3dJkSIWuw01HoJyKt3Pg,4.0,2010-11-07 16:18:32
LbxJELh7_YndlOUeFLlKVw,9XyO6Vk13vUXgJ2yM39P3A,5.0,2019-05-13 02:45:57
LcBZt_bpU5CqwtDJwB3OCg,8Vo6LN9gqULhXzoxj5k6kQ,5.0,2020-07-12 04:16:58
LcBZt_bpU5CqwtDJwB3OCg,KSYONgGtrK0nKXfroB-bwg,4.0,2016-10-01 04:51:06
LcBZt_bpU5CqwtDJwB3OCg,NCMTfUJYTasYZ64UuGC-rg,3.0,2019-12-09 02:18:29
LcBZt_bpU5CqwtDJwB3OCg,Oeaerj6kDDBRGnUh0wLAvA,2.0,2020-09-15 06:01:50
LcBZt_bpU5CqwtDJwB3OCg,RiOcLw__HPf_rTOTpYKnHQ,5.0,2020-01-02 06:01:44
LcBZt_bpU5CqwtDJwB3OCg,VOcGcN0bvGU_nzxbJgR5jQ,5.0,2018-12-07 07:31:06
LcBZt_bpU5CqwtDJwB3OCg,ZJzlns_dFkapVajmdFHGuw,2.0,2019-09-03 04:48:13
LcBZt_bpU5CqwtDJwB3OCg,q36uZc2hQml10YGHazJaoQ,3.0,2020-07-25 23:01:46
LcBZt_bpU5CqwtDJwB3OCg,s4k1P9FHfPUzw3dqXRp7eA,5.0,2020-01-26 04:15:44
LcBZt_bpU5CqwtDJwB3OCg,vyOVT4bcW227LRwJGHTeSw,5.0,2020-04-12 05:26:18
LcBZt_bpU5CqwtDJwB3OCg,vyyr3G874jpRYSQo2KPZow,5.0,2022-01-09 23:14:05
LcBZt_bpU5CqwtDJwB3OCg,xkS_mRHVHuX0ko6kVIyBdA,3.0,2019-03-10 02:42:04
LcKE8icvQvd8HvnGbEK_rA,SJPnC_1BEXUxvU2Xvn9rug,2.0,2015-11-08 01:25:23
Lf9ADVFzUCG1xnD4tRutjw,dYYkzkiAQoOtRjdR0kcspw,5.0,2016-09-30 12:13:01
LfLPR9th9ucueOkdB3Eq4A,hjRxa6xpKOwnbUgGvVCE5Q,5.0,2014-07-26 17:58:07
Lfv4hefW1VbvaC2gatTFWA,S2n_06z4lGLZfdJ53XAXQQ,4.0,2018-11-19 02:16:45
Lg0orR-jutw9qwmz9FH8QQ,6c8eIawbCBu3FLp2kDraBA,1.0,2020-09-26 01:41:49
LhFzr2vZDEc2KNHxuiHtIw,FEXhWNCMkv22qG04E83Qjg,5.0,2021-04-24 14:34:18
LhFzr2vZDEc2KNHxuiHtIw,sy9erwW0yTpjsTQ1eLtnUQ,1.0,2015-01-14 01:11:20
LjFpbvRabuydTDnUTxj0sQ,tUkv0ZxUAdpyv8qhgRU5TA,1.0,2016-01-10 04:03:24
Lk8ziO1ifl0UhPH6dxDvQg,wj8XtPyuREj8_0GQz3LZ6w,1.0,2015-09-30 03:24:43
LkXNQQaIc5yrKu9Ap87RrA,-ymffdKa-pkGZa8sDDjSig,5.0,2019-01-27 07:40:45
LkXNQQaIc5yrKu9Ap87RrA,15OmkswaBLhN0X6UETqvaQ,4.0,2015-06-10 05:51:10
LkXNQQaIc5yrKu9Ap87RrA,DZYSb9amfB3EAh1IdwtbEA,5.0,2016-06-20 02:13:06
LkXNQQaIc5yrKu9Ap87RrA,Fv3iSsxOxI2shzjBGFk_jg,4.0,2018-05-21 20:38:29
LkXNQQaIc5yrKu9Ap87RrA,H-Qs8I6_eJCCbKl-LIVWTA,5.0,2017-06-08 02:14:29
LkXNQQaIc5yrKu9Ap87RrA,IDjYyBrPW5C2CT9mXsyuBA,4.0,2014-02-08 18:38:06
LkXNQQaIc5yrKu9Ap87RrA,J1O6PznPMZaQi_qp0o-D-g,5.0,2019-11-12 04:50:06
LkXNQQaIc5yrKu9Ap87RrA,LCpHFLUQhVMhfpNngtf_Ew,5.0,2016-03-07 22:16:33
LkXNQQaIc5yrKu9Ap87RrA,OJpwmYvsZnXt62sxco3F0Q,5.0,2016-11-28 21:58:19
LkXNQQaIc5yrKu9Ap87RrA,OvREyM6JzUogb8yQXXoF0A,3.0,2017-05-23 03:23:34
LkXNQQaIc5yrKu9Ap87RrA,Pr-OrQ0-hNPFdp8bVZN6Lg,5.0,2014-09-17 03:12:07
LkXNQQaIc5yrKu9Ap87RrA,Rb9QIj-NyRn_giOBN991YA,5.0,2018-09-29 23:47:15
LkXNQQaIc5yrKu9Ap87RrA,RsDUfhQl2R0H2moGv81Uaw,3.0,2018-12-02 05:43:15
LkXNQQaIc5yrKu9Ap87RrA,SG7g4cJFjgWtODi28W4eaw,4.0,2015-09-08 04:49:52
LkXNQQaIc5yrKu9Ap87RrA,SKLMTASxfCDGovlQEaYSnw,4.0,2018-04-30 15:51:03
LkXNQQaIc5yrKu9Ap87RrA,VPEZwyog5oF82gzd9qfcOA,3.0,2018-10-01 01:40:04
LkXNQQaIc5yrKu9Ap87RrA,W9y4JkMqy2dFNwYc3Y5cKQ,5.0,2016-07-26 04:05:25
LkXNQQaIc5yrKu9Ap87RrA,WIY7S0HgG-pnHPARn8gFkg,5.0,2018-10-09 02:37:23
LkXNQQaIc5yrKu9Ap87RrA,eIKjxqdMduIeIqzPg7yc-Q,4.0,2016-02-17 03:24:11
LkXNQQaIc5yrKu9Ap87RrA,evxhNYa77dxWZabIpGQCkg,5.0,2019-03-19 04:44:23
LkXNQQaIc5yrKu9Ap87RrA,fchpEk-UJf_AUz-51LEidg,3.0,2014-08-23 22:48:34
LkXNQQaIc5yrKu9Ap87RrA,gltppHhVxJN9ETmQM6BFxg,5.0,2017-10-04 02:52:14
LkXNQQaIc5yrKu9Ap87RrA,pAFtOcz710oLQ-e_J6AIzw,3.0,2014-02-17 00:04:20
LkXNQQaIc5yrKu9Ap87RrA,q7mKAD93-EeSpeOa9Hu4BQ,4.0,2014-02-15 21:49:30
LkXNQQaIc5yrKu9Ap87RrA,qQpgF5fGMTulUUtjzlsnwg,4.0,2021-12-05 05:58:47
LkXNQQaIc5yrKu9Ap87RrA,wl7rFbvRUstwyB2vRDW6IQ,5.0,2011-03-13 01:57:53
LkXNQQaIc5yrKu9Ap87RrA,yatKUn6nlBp3HA0KBFV_PQ,4.0,2016-05-19 04:22:07
LkppvmQ5Zc5eogJpDIuwJA,WWEx8kEEjzV3mFu1dYfwAA,1.0,2010-02-07 00:08:48
Lly8yjfZBz1EpAPlZal7og,4uZUHjSonatwt-02yqJp6w,5.0,2018-03-14 18:52:14
Lly8yjfZBz1EpAPlZal7og,U0sjKBnSMN5SnWd_xU4GrQ,4.0,2018-01-25 15:55:48
Lly8yjfZBz1EpAPlZal7og,gBGD0dNvfLlQOAaZzCU1NQ,4.0,2019-03-04 16:17:02
Lly8yjfZBz1EpAPlZal7og,xmO9u_t1LspxV5iuF594Tg,5.0,2018-03-20 18:12:35
LmKXOdNKW2ybjLkqUiDhYA,oysMjeirauXKhRklyGy8Dw,2.0,2020-01-06 05:45:04
LmKXOdNKW2ybjLkqUiDhYA,tc_nZBQ46584iOXQgdlBtg,4.0,2016-02-13 18:43:04
LmcmtwlBOkx_VTRcSmYuAg,NHb6QTrJOnyIj-Zd0fYzFg,5.0,2016-01-12 03:32:46
LnFIWZM_l__4t8Qxj3pnOg,uJZgom8HpK74xz8IojpT0A,3.0,2015-11-14 00:25:42
Lo0R9xg0KBZaWcpFQgvq1A,foa_Lkesm4B2adDwbjUX9Q,5.0,2016-09-18 11:50:11
Lqd1JqofF8ECev8uuxb3xA,PP3BBaVxZLcJU54uP_wL6Q,4.0,2008-11-13 14:59:26
Lr-B-r-KF80yFy-2u336bw,8cc3Pmdz7SblEBVDt1eEAA,4.0,2015-04-01 02:31:59
Lr-B-r-KF80yFy-2u336bw,R5YyD9JX5nNX4sE2WMSn3g,4.0,2018-01-01 10:29:52
Lr-B-r-KF80yFy-2u336bw,rncZirFO0DmWEz4mUg2NrQ,4.0,2016-04-11 10:51:13
LrBdK9HdRUHubu9CJVkSxg,-nC9g_6S8kPXFNyee315hA,4.0,2021-11-26 15:37:53
LrBdK9HdRUHubu9CJVkSxg,O1Cw2yzf4bCuKjbVTljqUQ,4.0,2018-11-20 14:55:16
LrBdK9HdRUHubu9CJVkSxg,RCakEv95bIHqYkhMXZwGmQ,3.0,2021-03-12 17:09:13
LrBdK9HdRUHubu9CJVkSxg,fRZtiVd-diDWZ7drxaxOug,5.0,2020-02-22 18:43:35
LrBdK9HdRUHubu9CJVkSxg,i-KD2ru_CLkCCufOFWR5Mg,5.0,2018-11-21 16:28:31
LrazMI91Z7cEgGcPYMiJfg,RSBvoQEHCkXYOGpi9xmTuw,5.0,2013-08-24 01:10:39
LruOyCDYa-hfSwJkOt46VA,1N7RWvz2c_e640PsvnSc0A,5.0,2013-11-26 16:07:30
Lu8y2ayxVlAzuJEVfVcH4w,8j3blTZChklt3j89jxx0fw,5.0,2012-03-15 21:04:38
Lu8y2ayxVlAzuJEVfVcH4w,QCsVilspu6TxuwZMUTabFQ,5.0,2018-11-15 19:39:54
Lu8y2ayxVlAzuJEVfVcH4w,R17gwW6zn9ilslbdvKdgsg,5.0,2012-03-16 21:14:13
Lu8y2ayxVlAzuJEVfVcH4w,_ge7t5HAV_lHG6tVhBDHFw,2.0,2018-12-17 19:52:03
Lu8y2ayxVlAzuJEVfVcH4w,dGUyXgFW1WSYMgRypKaYew,5.0,2013-08-13 21:49:42
Lu8y2ayxVlAzuJEVfVcH4w,tY3Y5NzBBD67uwZvBmbncw,4.0,2018-12-17 20:01:22
Lu8y2ayxVlAzuJEVfVcH4w,ytynqOUb3hjKeJfRj5Tshw,5.0,2012-03-22 20:09:24
LvIdK1DEvwM02N4IM3U9Zw,Gekeq1c-fuezmx0PSGQvzw,2.0,2015-07-21 19:56:19
LwKIl2X2K-B4G5K2q49VNQ,Gekeq1c-fuezmx0PSGQvzw,1.0,2019-10-30 19:37:25
LwNeQI7A9JyYSUS9Xoh06w,-FRHYI6doGCjIsXiKHkUqw,1.0,2016-02-29 06:55:46
Lzd7FTvMOvfg9WmR4MoNxg,Xh08NmHdB86LexgXrIxr2Q,5.0,2018-01-22 14:47:33
Lzd7FTvMOvfg9WmR4MoNxg,_Q3XmBesceFqn9Dk-w6tlA,5.0,2017-05-03 21:02:18
Lziw-39s0bb5abahEep8zw,Gekeq1c-fuezmx0PSGQvzw,1.0,2019-04-10 20:01:38
M-ioj0zpryMKwY98qCEatg,6h7C53qLfwM7v3zKRqG0yA,5.0,2014-02-14 23:30:34
M0AnYyp5EBMryhTNHR8oqQ,26107Pz4hjESgQ8J2c81rA,4.0,2015-11-03 02:02:04
M0AnYyp5EBMryhTNHR8oqQ,ff0fdH-WKmY7WQgLtLkmKw,4.0,2016-01-13 04:23:37
M0AnYyp5EBMryhTNHR8oqQ,oo37sVFYkBTxyPqDpu6WPw,4.0,2016-09-09 12:57:15
M1cMsRL4L7IUr9RILDywEQ,-cEFKAznWmI0cledNOIQ7w,1.0,2016-08-18 17:34:01
M1fk_IYOyZBKIw6ov8Q9hg,YJVXMOIKhJjQczWj9YTwrg,5.0,2019-09-07 00:05:30
M2NS_aQbMY2apoYjTlOCng,-aZpjNPSNfTXYkLMkQDiKw,4.0,2018-08-25 15:59:16
M2NS_aQbMY2apoYjTlOCng,bHPq-vQesglrIsvtkVdHrw,5.0,2013-07-26 15:34:15
M3PCLN8FBOg-aKne6GDFAQ,mVV95BIwhFOa7TNH9pVMGA,1.0,2017-07-03 23:15:02
M3QeZKLhdEy68wxCXfpf6A,dXYmCOVFSsKBkRq_0-tIaw,1.0,2014-04-04 21:51:14
M4MKO2HmwibBpLo9MXUVMg,lPx8jUBfK1K6u3UgowU5mg,1.0,2021-03-13 04:56:45
M5HoGdy-mNOV7EHhxB9P9A,5lvHhLX7-8Mg7Jg3efhwjw,5.0,2020-12-22 00:23:08
M5HoGdy-mNOV7EHhxB9P9A,6dDC5PSmPEoJYuM8r8dN_A,5.0,2021-07-14 22:22:21
M5HoGdy-mNOV7EHhxB9P9A,6iqDIQCE8sq7Xq1xvhG1Tg,5.0,2019-02-06 10:41:26
M5HoGdy-mNOV7EHhxB9P9A,8cc3Pmdz7SblEBVDt1eEAA,4.0,2019-10-25 00:11:26
M5HoGdy-mNOV7EHhxB9P9A,G-p4c4MRyLRXi4D4XEKFLg,2.0,2019-10-19 13:20:53
M5HoGdy-mNOV7EHhxB9P9A,JLumGKzGu9kqGTdwYF41CA,5.0,2019-07-07 16:18:19
M5HoGdy-mNOV7EHhxB9P9A,U1Gao2oKgFaggpksDIctiQ,5.0,2021-09-05 20:27:52
M5HoGdy-mNOV7EHhxB9P9A,aKOo9Kacq-4Wnsy6ilfdQw,5.0,2019-05-31 03:29:20
M5HoGdy-mNOV7EHhxB9P9A,aoBQW6IKzgE-Hst2r_oAEg,1.0,2019-12-14 02:38:51
M5HoGdy-mNOV7EHhxB9P9A,bEw98BIWaAUjL7VNpZ7Crg,4.0,2019-10-31 00:32:50
M5HoGdy-mNOV7EHhxB9P9A,dpwkz52tHB2MCPv53I2aRA,5.0,2019-11-28 02:34:19
M5HoGdy-mNOV7EHhxB9P9A,ij0k8CB6jbvtJCPQOLY1vA,4.0,2019-05-21 03:16:59
M5HoGdy-mNOV7EHhxB9P9A,o8VR_4C-krOcgHiMoi-g6g,4.0,2020-03-07 13:53:20
M5HoGdy-mNOV7EHhxB9P9A,oMhac-1d24apoRDQNxvKew,2.0,2019-08-31 01:26:26
M5HoGdy-mNOV7EHhxB9P9A,qQpgF5fGMTulUUtjzlsnwg,5.0,2020-05-09 03:20:34
M5HoGdy-mNOV7EHhxB9P9A,uihNp1cyWmHkma4U0MJHow,5.0,2021-06-13 04:34:50
M5HoGdy-mNOV7EHhxB9P9A,winkCYdiTroKdbPbV0DfRA,5.0,2019-12-01 14:47:06
M5HoGdy-mNOV7EHhxB9P9A,yqRF449dYddbt1bDg50J_Q,3.0,2019-08-08 02:03:59
M5SNo-S6p-oPzfDhIQkbDA,5qWdftveruKnOJ9FKXcGcA,2.0,2016-10-02 03:59:31
M5fiiFQBPshOH3vZ6WhBSg,1skzWN0fxGgZNRE53Y_3gw,5.0,2013-07-28 15:35:06
M5fiiFQBPshOH3vZ6WhBSg,R8t9g5nvi7VFyS8zsgmj8Q,5.0,2015-03-24 03:00:18
M5xN8U_zOf4xHx8JV0HJSg,Z1YH3dvDwdM6_isWY4jtrQ,1.0,2021-10-08 13:13:42
M6GhCo2b6PjirUSLb0IgZg,0jQiSHnQTFyJnw1HHV9NVQ,5.0,2021-02-23 19:25:23
M6GhCo2b6PjirUSLb0IgZg,Hh8jUR0mtVXkAnv8XDZjyA,5.0,2020-11-09 23:18:08
M6GhCo2b6PjirUSLb0IgZg,QjQ-gtUnkne7jch0OLsPIg,2.0,2021-02-12 17:29:27
M6GhCo2b6PjirUSLb0IgZg,b9oIwBmqX0IdoQCPIqngLA,5.0,2020-12-09 23:50:16
M6GhCo2b6PjirUSLb0IgZg,bPwYP0AHdSbTs2JxBd-10w,4.0,2021-11-03 00:04:17
M6GhCo2b6PjirUSLb0IgZg,fchpEk-UJf_AUz-51LEidg,4.0,2021-01-04 19:25:30
M6GhCo2b6PjirUSLb0IgZg,rncZirFO0DmWEz4mUg2NrQ,4.0,2020-12-09 01:32:28
M6id0az7Q4wJUZyZHibkTg,-FM4CxOg4XXmX_Ebky_SiQ,5.0,2018-12-16 07:10:19
M6id0az7Q4wJUZyZHibkTg,U3grYFIeu6RgAAQgdriHww,4.0,2018-12-06 22:43:59
M6oZKl57_5bz0CeCCADdBA,dju1isgEvDd74tLTDkk5DA,1.0,2014-02-24 02:44:11
M77a2mAR1qL1RvRdQLIKng,rZovLZwbox_O2Qk9x7Uuew,1.0,2011-04-03 00:52:05
M7lXKfzuG-3SkzhM0Mkjag,CQQHON44VFVqcCwsalwLQg,1.0,2014-03-12 21:04:13
M8ajZ6uYKkaXBDUNGZKosw,Gekeq1c-fuezmx0PSGQvzw,2.0,2015-08-03 02:09:12
M9puGD3VU5FuhE60HklCvg,FH0MVF7kK0D76Hh4e7hXfQ,4.0,2018-05-22 06:38:02
M9puGD3VU5FuhE60HklCvg,ZTctPm8-lBy0iJ9dFhYhyQ,4.0,2015-01-23 21:43:42
MB24FupUiQDWXzKO76rgCA,6h7C53qLfwM7v3zKRqG0yA,5.0,2012-12-11 18:13:00
MBuUnl4HXEUmXHV-UEwfZw,X0vPZIkbUj22afBQz5-neA,1.0,2015-09-08 12:47:19
MCJrzBgUjG-m1fi7EpRTWA,gltppHhVxJN9ETmQM6BFxg,4.0,2017-09-16 15:32:34
MDtd2pqpOroIfwSJ4OpdKQ,fJ6AA9S7SEq3sim_3Sim3g,5.0,2020-04-29 03:51:43
MDtd2pqpOroIfwSJ4OpdKQ,tTAb4vrTgcmm0eLC8qy3qw,5.0,2020-12-18 12:41:21
MEYWD3nf64p3INCsJ5KOaA,YbEVMCXzbcibj2a11Yzg1g,4.0,2018-02-16 23:14:32
MEgTog8Eot2kupiPE_1pmA,GXqzvoBm9iEZ_R6Ubeqzrw,5.0,2017-01-16 11:46:11
MEgTog8Eot2kupiPE_1pmA,W_SQ6CfxAZFx6liHLPyajg,4.0,2016-03-20 16:06:39
MFCWX6sHv-unB8q_sqCb9g,G8I9weN2VpCAHs2UEmwf2g,5.0,2019-05-03 17:56:48
MFVHPttPPtvd_7l7e1uKwQ,5HJz1MV553ZKslOwxUKrDA,5.0,2018-11-04 16:22:32
MFVHPttPPtvd_7l7e1uKwQ,dobrhbpdxTMh9EWiTEQk7A,3.0,2014-10-06 05:47:43
MFVHPttPPtvd_7l7e1uKwQ,vuE1iseFrgNPumUEfHIZZQ,3.0,2017-12-02 09:49:49
MFVHPttPPtvd_7l7e1uKwQ,zgGdNJdYjlWDmOIxrJhQ1w,5.0,2015-01-03 21:29:04
MFaa5Wz7mLIrT0ffPM9yyA,UFCN0bYdHroPKu6KV5CJqg,5.0,2016-01-11 17:54:06
MFjAkaFuD4wznsa76d83sQ,BWkiW0r0h7ytdbWMhay7wA,5.0,2016-11-13 23:36:14
MGPQVLsODMm9ZtYQW-g_OA,AjxjKRNin477A7nKAZciGg,4.0,2008-10-13 17:33:08
MGPQVLsODMm9ZtYQW-g_OA,AtQLrRpQan7UtJcIAo9hsA,5.0,2008-11-28 16:52:38
MGPQVLsODMm9ZtYQW-g_OA,FaY_9x8ZtsuHe5wS2iJM1Q,4.0,2012-08-22 03:18:51
MGqAAAAv1bCLybzsAZo6cA,Yu401DtSmkXpJhgXnQcFrg,3.0,2010-06-25 12:53:13
MHXz2fbi1pIZIL-akNvgqQ,jtgBkAQuchDYgkdsebzLsQ,1.0,2018-12-08 21:54:55
MICO1G49b4kCrKDqOMpsxQ,-9r8nAzWyRSLxBWt8uQOdA,3.0,2021-04-11 15:52:40
MICO1G49b4kCrKDqOMpsxQ,F6KHs4GDw_9tpuv65M6PGA,5.0,2021-04-17 15:37:18
MICO1G49b4kCrKDqOMpsxQ,l_slvEnh4v3W8BXF1gYlcQ,5.0,2021-04-04 04:49:58
MICO1G49b4kCrKDqOMpsxQ,uEv1I-0r82Krj4eEysjC4A,5.0,2021-06-13 14:18:37
MICO1G49b4kCrKDqOMpsxQ,vyOVT4bcW227LRwJGHTeSw,5.0,2021-04-11 15:46:20
MIItr6jW1bq_kcp7TROBwg,KHe6HAqmyioITwTvg9Bbcg,4.0,2011-02-10 19:18:46
MK2lttRboMtZvWRIZQqNtw,sr-5EY6bmp4jINhea06MjA,1.0,2015-02-15 01:06:39
MK_ccFMjdQ3IurxnJ_hOpA,onp9X_9RRAEzA-yqdiSOcA,5.0,2016-06-08 13:44:52
MK_ccFMjdQ3IurxnJ_hOpA,p6c70_FsgpmSPGTWdOOuxg,1.0,2013-03-17 13:44:33
ML2Q8uY40Wl0GbGwaKJGUg,trwHwsXOVV-ZmF-MtP98BA,5.0,2014-05-12 15:19:01
MMHqXAhcOZoLxbOMb26nyQ,tV46IhCfHbsx_af-pMupiw,1.0,2012-01-24 20:19:20
MN6vTCeRKWU44M7xwhQc7w,5VR7HFaGtdTPYZd7nJPd8w,5.0,2013-12-19 01:27:16
MN6vTCeRKWU44M7xwhQc7w,A_AEG20YPuVW7Ao7gkHicg,5.0,2017-02-09 01:36:11
MN6vTCeRKWU44M7xwhQc7w,Hp1nkc3c3Q7_8oKXFn0vbw,4.0,2016-04-02 18:27:22
MN6vTCeRKWU44M7xwhQc7w,K-xbMAQYJKC5HlpvC0lnDg,5.0,2013-11-05 18:45:57
MN6vTCeRKWU44M7xwhQc7w,bHPq-vQesglrIsvtkVdHrw,4.0,2015-04-01 15:18:56
MN6vTCeRKWU44M7xwhQc7w,f2bd4yADbdKYGCR_9EjF7A,5.0,2016-11-01 00:55:14
MN6vTCeRKWU44M7xwhQc7w,jbJTF1zVmZsk4hea8hoeVA,3.0,2014-04-12 16:27:11
MN6vTCeRKWU44M7xwhQc7w,t6n3wv1VtZpp7HD4ouWonw,5.0,2010-03-30 20:59:06
MNOTjUt48QS_Mf_79gr7Cw,y7pKM3eFDZ9eRchC6SNMsA,1.0,2019-10-23 05:40:57
MO-ecGSRdYr4aF92G3Rc0g,UiRc8q_KiEeFuWNjuovqxA,5.0,2014-10-03 13:35:01
MOgGz-iTr_vSz12S8bC4mA,GXFMD0Z4jEVZBCsbPf4CTQ,5.0,2014-05-21 23:08:34
MOtVYKI2iWHFDPl8134HxA,NcU8WT4TiIrRYhWAoZT4qQ,3.0,2009-11-17 00:46:30
MPYtgSWb4pTBI5rjefZMhQ,EaOpoKLdqNwZ2q5owQ6LDA,1.0,2013-08-26 16:48:11
MPaWnzh94qmtdjMMrGpSCw,ZYxGiEyHD17kd80zUzaOQA,5.0,2015-08-16 15:25:34
MQI-K98hhjP6h9XEx5KTUw,A5b9nVDi1DPVvPOD24-p6w,4.0,2013-09-06 16:55:00
MQV0AK7cZGQ2xsjQ_kq9FQ,vN6v8m4DO45Z4pp8yxxF_w,5.0,2015-03-13 18:17:21
MQifB9MR9BbDGuL9FqP_lQ,-1XSzguS6XLN-V6MVZMg2A,5.0,2016-03-01 21:10:18
MQifB9MR9BbDGuL9FqP_lQ,hfbZ97Te3T4jeWN6GgsGrQ,5.0,2016-09-01 12:59:25
MR39Vmbfr3StG-Atok3tHA,RSBvoQEHCkXYOGpi9xmTuw,4.0,2014-02-02 19:55:33
MRZ0kv1a5MsaC19fCdHo-Q,1jeaxiZOisgDMxHR2K088g,4.0,2020-05-26 19:33:51
MRZ0kv1a5MsaC19fCdHo-Q,2KIDQyTh-HzLxOUEDqtDBg,5.0,2019-10-02 02:14:33
MRZ0kv1a5MsaC19fCdHo-Q,2pYUBcNkUxD1Bg8FA5lCzg,5.0,2020-02-26 01:25:58
MRZ0kv1a5MsaC19fCdHo-Q,KDzLMPTTLihnpcctZLmg0g,5.0,2019-11-03 03:55:53
MRZ0kv1a5MsaC19fCdHo-Q,QboMIy08NLnBbLXEsmnDHg,4.0,2020-10-29 02:27:25
MRZ0kv1a5MsaC19fCdHo-Q,R_Wi9jh57H_OzzAVWO71Bw,5.0,2020-12-19 19:33:05
MRZ0kv1a5MsaC19fCdHo-Q,_kZXJOn9clP4QqAZVNS8oQ,4.0,2020-11-23 21:19:20
MRZ0kv1a5MsaC19fCdHo-Q,_o9-JRHHg4pdXXl-LD3k1w,1.0,2020-09-05 16:16:54
MRZ0kv1a5MsaC19fCdHo-Q,f_E5dlBz-78uL8tTQYNPew,4.0,2019-10-07 01:23:42
MRZ0kv1a5MsaC19fCdHo-Q,hV0rmTB2S2fYzjQKlHtKuw,5.0,2019-11-14 01:15:12
MRZ0kv1a5MsaC19fCdHo-Q,mLNSOU8Ki0Fm09xd6ZKkcA,4.0,2019-10-31 02:30:08
MS6PBMI0ovGdswMObEsfnw,XJ1KN2kQGBIo8h1nWvZNzw,5.0,2021-04-18 10:06:32
MTX-MLkGvZfhDOM_Q2sPMQ,c1xuic_qvUfSIr-if6nSUQ,5.0,2012-11-19 19:48:39
MVbbNyjMUK2p1_zSIH1ryg,RiOcLw__HPf_rTOTpYKnHQ,1.0,2021-11-28 02:32:24
MWLQEpkjLqjst7dO8TeEwQ,SVSafDWg9r2Q5XEVOLPSSA,5.0,2020-01-26 23:10:32
MWNfMHIp8A8i40scfNFK6Q,0sb5sHF_BNcUzDxuia-D1w,5.0,2009-09-29 15:40:04
MX5A5tfAJNFR-TZ6r_Cbxg,Ye5nmTmZ7cL7BQshqZeIWQ,5.0,2013-07-31 02:23:21
MXOikDsbAOtQ9Qsip2SP0Q,dBCNUSbz5-8nQNrxWo5deg,1.0,2015-05-30 11:12:00
MZ_2Nd3Xe6-51tU13cF5Cw,F-j6PNGnA8yz77oIZMcPMA,4.0,2015-10-08 17:31:03
M_NXkghCAIMoOhTOsuI5Bg,VBGfYfuHi3hY6phK_G3plA,1.0,2007-01-03 01:55:37
MatyUqISKukPYLms_I95IQ,9b-LZWsj75mmfMYuChXDkg,4.0,2016-03-21 22:06:45
MbO2X1lGWGJdmXmzxRjffA,g2FmJOHqaYFuRnPuMCcEoQ,5.0,2015-03-17 18:10:14
Mbw8FWl4dok7ezTRdC8HOw,1QBbJ27hYLxAwo9zP8436Q,4.0,2018-12-05 22:43:22
Mbw8FWl4dok7ezTRdC8HOw,5DJ2sDvM_XRndlB24DnxYw,4.0,2018-08-02 15:16:53
Mbw8FWl4dok7ezTRdC8HOw,I-nrEtjboBLoEvGiSAcmvw,5.0,2019-01-07 16:23:26
Mbw8FWl4dok7ezTRdC8HOw,JuHa7dMYCZ9xci50M7nG1g,5.0,2018-04-14 04:50:33
Mbw8FWl4dok7ezTRdC8HOw,NT5S6JV5wPwKOd3s3Yh1zQ,4.0,2018-03-17 13:55:14
Mbw8FWl4dok7ezTRdC8HOw,hMLcTXMk6xif0qfBi8-8sw,4.0,2018-03-18 00:09:08
Mbw8FWl4dok7ezTRdC8HOw,mmIF5p4HqyrKSs805mm1lA,4.0,2018-03-18 15:28:05
Mc4C7fVY0sEcD-U5eOA2Og,El_2Cxuq4hxqrmlg_5nzzA,5.0,2017-11-13 23:12:26
MdUimpfJQHijcy1DZu-r4A,X1sZWb7NVXI1gLfLVLWFyA,1.0,2011-06-19 23:00:11
MeDuKsZcnI3IU2g7OlV-hQ,IkY2ticzHEn4QFn8hQLSWg,4.0,2015-04-15 04:22:12
MeJsum3QyTO-UGYvsTpESQ,d4ZPdoYxDnT6f70AZPGrcw,5.0,2018-12-10 13:44:42
Mfw2aWyBj2a_uPC94quJfQ,HQUq4glxPzoi5zNqbNfTDA,1.0,2010-08-14 03:51:25
MgTDfGwzuFrKzBfphvGjEQ,9kv9JpLhzkN3UeWZDrsmEA,4.0,2013-07-11 05:22:01
Mh5HtmJeW7LglS7q8C8YYA,NHb6QTrJOnyIj-Zd0fYzFg,5.0,2013-06-02 23:37:10
Mj2t99eE92BL5AZUHwbNGA,5t-25pkm9ovVcbH3BBIpCw,5.0,2020-06-18 00:48:59
MjB6Ha3rXRS4X3JsOcUiyA,HDnaNdHEZpQMYXo-ZHHG9g,1.0,2021-05-24 01:24:29
Mkzs57RXikgPxhm0Eesm_A,YSL06t6e2iKo4ZHZnCZIxw,1.0,2019-02-03 17:55:01
Mm4xfYGnGcDLWIt32C59ag,18eWJFJbXyR9j_5xfcRLYA,4.0,2016-03-24 02:32:08
Mm4xfYGnGcDLWIt32C59ag,8MoqZqlNN9AXzG91_Hpc_Q,3.0,2014-11-16 16:00:10
Mm4xfYGnGcDLWIt32C59ag,b5hxsRw76UUXcotxlCipuQ,3.0,2014-11-10 13:44:33
Mm4xfYGnGcDLWIt32C59ag,x8JcV7sAyDN5k9qbnlfGdA,3.0,2014-11-12 06:22:35
MmEYowrsA4j3K4gc9Th53g,0ZsqqzHu1HHkDdIKoivi5g,3.0,2018-12-06 07:51:56
MmEYowrsA4j3K4gc9Th53g,1Tb7ION52mf2I7wXJY9HAw,3.0,2016-04-15 04:38:35
MmEYowrsA4j3K4gc9Th53g,2KIDQyTh-HzLxOUEDqtDBg,4.0,2018-02-12 22:48:51
MmEYowrsA4j3K4gc9Th53g,6K3i3-hBaRgNAJi03mt1fA,1.0,2017-12-02 01:41:54
MmEYowrsA4j3K4gc9Th53g,6PmGl1cgMRm0oe5Idu8CZw,5.0,2016-01-09 23:13:04
MmEYowrsA4j3K4gc9Th53g,78aIT4P-0WgLipM2xCt_4w,3.0,2018-04-17 23:14:11
MmEYowrsA4j3K4gc9Th53g,AwmsqV6rXxBf8ycphKzQnA,5.0,2017-08-16 20:24:26
MmEYowrsA4j3K4gc9Th53g,Bii6sQO2QNinBq9vdakNBg,1.0,2016-08-17 02:02:07
MmEYowrsA4j3K4gc9Th53g,D2kZP7jvrWTuRzcPY6NbqA,4.0,2018-05-31 00:29:30
MmEYowrsA4j3K4gc9Th53g,DsPomqfQZ44v5wD-My6dIQ,3.0,2018-09-04 23:02:01
MmEYowrsA4j3K4gc9Th53g,EUkh0Qyf_Y4-B69w_z8n6Q,3.0,2015-07-12 22:01:13
MmEYowrsA4j3K4gc9Th53g,EWLNDXwRylxgV9HtqNmOjA,2.0,2015-07-13 03:09:47
MmEYowrsA4j3K4gc9Th53g,EYw42-YsnMr0pbqM5YXRxw,4.0,2015-01-28 20:45:01
MmEYowrsA4j3K4gc9Th53g,EfYHJN8e-VRIfWyML19gSg,5.0,2014-09-19 22:26:14
MmEYowrsA4j3K4gc9Th53g,I2_0af3Gu4SyAq4Qdz5cFg,2.0,2018-01-24 22:08:01
MmEYowrsA4j3K4gc9Th53g,MxRZHZoDVVnN7EvMAHf1EA,5.0,2019-01-09 16:18:57
MmEYowrsA4j3K4gc9Th53g,RRCgIohWjaeGtlbpcYJBbw,1.0,2016-11-14 23:07:36
MmEYowrsA4j3K4gc9Th53g,SNxUXrSr-XkEkSQIdjmjhA,1.0,2017-02-01 20:12:16
MmEYowrsA4j3K4gc9Th53g,TQKpK-ClRGtEFu_Qf7U-MQ,3.0,2018-08-10 19:52:43
MmEYowrsA4j3K4gc9Th53g,TUCqijHJjzFJhtYhAzzDzQ,4.0,2018-04-25 23:43:47
MmEYowrsA4j3K4gc9Th53g,VSpseb6oijtKffRRL_xfgQ,4.0,2016-06-22 23:08:27
MmEYowrsA4j3K4gc9Th53g,X0vPZIkbUj22afBQz5-neA,5.0,2016-04-09 00:22:55
MmEYowrsA4j3K4gc9Th53g,_HcAoG6Jj_XTj4-XNEbo6Q,5.0,2017-08-27 01:29:25
MmEYowrsA4j3K4gc9Th53g,a8_zOZgxg3lNsEyanuwluw,4.0,2018-07-24 00:16:18
MmEYowrsA4j3K4gc9Th53g,dsKwDe5Mw_SiDBl3d4t1yQ,3.0,2016-10-13 14:55:28
MmEYowrsA4j3K4gc9Th53g,fTXSAVnzPkHqCzA4l6896g,5.0,2015-09-29 20:50:31
MmEYowrsA4j3K4gc9Th53g,g7MCrGz4IsaemAYcXrWPHg,3.0,2017-10-10 04:23:50
MmEYowrsA4j3K4gc9Th53g,pc8D9b_rnL_I8ak91tKjsg,4.0,2018-04-10 23:21:56
MmEYowrsA4j3K4gc9Th53g,qOrd_jWT3e16_wwRSpvYwQ,5.0,2020-02-14 13:42:43
MmEYowrsA4j3K4gc9Th53g,q_PFmdGcKx2H7z2ze8H26w,5.0,2015-06-22 19:37:23
MmEYowrsA4j3K4gc9Th53g,ryhPJ8yVzy7W_25lWOyPdg,5.0,2015-12-19 07:53:46
MmEYowrsA4j3K4gc9Th53g,rzLJskZrSPj6hJHOPmJ0TA,3.0,2018-04-06 23:01:57
MmEYowrsA4j3K4gc9Th53g,sBquL4QKMhTKPL2moFF2GA,4.0,2018-04-11 00:06:25
MmEYowrsA4j3K4gc9Th53g,xYDO35xImuSEGO5fKk6UtA,2.0,2018-06-24 18:02:30
MmEYowrsA4j3K4gc9Th53g,yNCFucjmzObzUI7X3Ql_lw,4.0,2016-08-14 22:37:03
MmEYowrsA4j3K4gc9Th53g,z5nU7jIyr-_Hv5ZDH0nY1A,3.0,2016-01-15 15:31:22
Mnh8Wh2pwIlM1IEf7UJRpw,HV7AHORTkLqIfhR-tpRmzg,5.0,2013-05-21 06:11:36
MpQ8K-NFcIB1gvNUwnAYgQ,NHb6QTrJOnyIj-Zd0fYzFg,4.0,2015-02-15 01:06:37
MqDgSw9wZFsaFFPRKh-k8A,eikRexw04kC6siBDkFnayQ,5.0,2020-12-24 02:52:57
Mrp2cKdr3nDxdR_DTY3NCQ,R_Wi9jh57H_OzzAVWO71Bw,5.0,2020-09-13 12:44:18
Ms2h3Q2EJDYInyJq4cPEZQ,gItWMfgXm568VI85W4cBSw,5.0,2015-12-09 18:59:14
Ms2h3Q2EJDYInyJq4cPEZQ,zBfYuwdybeMHfLuUbO1Ung,5.0,2015-12-15 17:09:06
MtHD0Wdh4FtbyFJCb4yfUQ,Y2Pfil51rNvTd_lFHwzb_g,4.0,2011-02-02 12:45:03
MtHD0Wdh4FtbyFJCb4yfUQ,Zi-F-YvyVOK0k5QD7lrLOg,4.0,2011-11-28 14:15:04
MtHD0Wdh4FtbyFJCb4yfUQ,aPs-Pf4_CLWcFQcMnbfcUw,5.0,2010-12-17 19:53:00
Mu5xg6ZESWCp3rnryAz56Q,8da9PKeUV44KoUUlYNTVOA,5.0,2021-04-27 17:57:18
MuGxIIrcGJ7FnxU7kTPNBw,IkY2ticzHEn4QFn8hQLSWg,2.0,2018-10-29 01:08:36
MuQhiK9Z7xIymRRcxJMojQ,3gVSrS4kffGGZT8oXHsIcw,4.0,2020-02-12 17:23:53
MuQhiK9Z7xIymRRcxJMojQ,AAvoBxeUwDnD5ThE9Cz6Fg,4.0,2020-08-12 01:11:01
MuQhiK9Z7xIymRRcxJMojQ,FeHhy-6uPJUMyVYPAwYjKA,5.0,2020-07-08 14:24:15
MuQhiK9Z7xIymRRcxJMojQ,HPqTJ_yF2ZJw87yHWnSzSg,4.0,2019-08-10 16:16:22
MuQhiK9Z7xIymRRcxJMojQ,I4GAOtrRYbinmI3zEwqxVQ,3.0,2018-03-13 16:54:15
MuQhiK9Z7xIymRRcxJMojQ,NDIiNcJZpdoQpXGXl7IA2Q,4.0,2021-07-01 14:26:31
MuQhiK9Z7xIymRRcxJMojQ,NJe5fkia_63rdKXRdJlmkA,5.0,2020-01-10 20:35:27
MuQhiK9Z7xIymRRcxJMojQ,Q-prSTdggNlxAEFV88BZOw,4.0,2019-10-26 00:05:12
MuQhiK9Z7xIymRRcxJMojQ,UBX73ZWgCdgom4nv0UeGvg,2.0,2018-07-25 19:06:52
MuQhiK9Z7xIymRRcxJMojQ,WxB8498ejPtHE7wFa89_fA,4.0,2020-01-10 20:39:54
MuQhiK9Z7xIymRRcxJMojQ,ZKPrXH_GNW_AtZ31tP3NmA,4.0,2019-07-25 15:59:19
MuQhiK9Z7xIymRRcxJMojQ,krWsMdrE_uglWwOF5BcJcQ,4.0,2019-08-14 14:57:33
MuQhiK9Z7xIymRRcxJMojQ,lWedWkinrM5j13pyimbpbA,3.0,2020-01-15 15:30:17
MuQhiK9Z7xIymRRcxJMojQ,qBwOLby0sOJd3QG1o76W2w,4.0,2019-10-19 22:26:46
MuQhiK9Z7xIymRRcxJMojQ,r3X75SK37buS94mDls3q_Q,4.0,2020-01-27 20:45:02
MuQhiK9Z7xIymRRcxJMojQ,r4eDzodjjoxk79ydS7V67Q,4.0,2019-12-13 15:33:49
Mv6xVzDKY6fA2Ph4etpExQ,1ymFs_vuos2IsTvWAvQv5Q,5.0,2016-05-07 13:06:25
MvLOVsIHlcBjlcaWooVrwg,ij0k8CB6jbvtJCPQOLY1vA,1.0,2018-08-12 20:31:54
MwlHBZDIz5VsKErURQc5cg,pWuoHHu0LuVrD0HjadDygg,1.0,2009-09-14 02:56:16
MwyGGsEDWF0ghqGpmWTBEw,PgtqA056auCp5EbcZMbXPQ,1.0,2014-02-21 00:15:40
N--OQqLEjW24WHZrDfI_JQ,5qpBxIg0n6jxkHIQHJSoZw,3.0,2016-02-10 15:42:45
N08zbwcZ5zToLnCZAFmByg,9xCprW96TZFLajnnN-w8Pg,5.0,2014-01-09 00:57:14
N0BUnkoz2j3tuJzJ0Wl5pQ,13UbOVDFdxloxaient5XWA,4.0,2015-12-17 15:33:00
N0BUnkoz2j3tuJzJ0Wl5pQ,H-1qpp_77KggOAr9htUrEw,5.0,2016-03-24 18:05:16
N0BUnkoz2j3tuJzJ0Wl5pQ,OrU9wTeHJSLMwyGqYg4FAA,4.0,2015-05-05 04:33:37
N0BUnkoz2j3tuJzJ0Wl5pQ,XgehM3pBZWuXi45J2dqRJQ,5.0,2015-08-30 04:35:20
N0QkZHLkM73AYJKQ1YFR6A,Hh8jUR0mtVXkAnv8XDZjyA,1.0,2021-03-10 16:33:15
N0SqCo8ukFB3d3S5OdRQxA,h82_S_QDq8V1htf30pZq2w,1.0,2011-06-23 19:20:08
N0U5qnS_T9BmzAGrD8DlLw,JmzNw0WCPmZPZdq5nx9brg,4.0,2013-01-01 02:37:49
N0un75Nz_OGmhcROiuj8VA,LGYIhGqbYakMMdsn_GCzJg,4.0,2019-01-29 01:58:21
N0un75Nz_OGmhcROiuj8VA,fi264Jd5ThtqP-QIgzzong,5.0,2019-08-29 16:36:58
N0zPkywxRWcdwIdDydRjsg,I5jxUHS1Dp2rg40eDzyiCA,5.0,2019-09-20 15:54:13
N0zPkywxRWcdwIdDydRjsg,L5LLN0RafiV1Z9cddzvuCw,5.0,2019-10-02 19:21:36
N0zPkywxRWcdwIdDydRjsg,nYsNsyIppe_DTueBha1x9A,4.0,2018-01-24 14:14:59
N11AGsSHMp9ZhOARSq8LNQ,DRFYfzBf-WzQUjN0eUo1HA,4.0,2016-09-09 03:02:50
N11AGsSHMp9ZhOARSq8LNQ,OJpwmYvsZnXt62sxco3F0Q,4.0,2017-08-15 22:12:47
N2dacTY2e4Z0gOfF6GE2Fw,L5LLN0RafiV1Z9cddzvuCw,5.0,2014-08-28 00:42:28
N55IRjBGunt-QwU1kiTkwA,4ADeBcc3O4zmTrp60H4O_A,1.0,2018-07-21 22:39:24
N5ek5cqxLhPlGLx6UPbXXA,z7em5co2qckbAXoDGXynsA,5.0,2021-09-05 13:07:01
N5fd36xJuEEHAHLHFirVCg,26EPJeHypRPvF4UgJWi2Zw,5.0,2016-02-17 07:24:32
N5nA0Aq_6P1lA-5MzsYWzw,mbzBcAAR1Hx4G2jWRxJRew,1.0,2010-08-04 21:20:22
N5rthmlZ7HxtQ084nIB7dw,FEXhWNCMkv22qG04E83Qjg,5.0,2020-08-14 18:18:10
N5rthmlZ7HxtQ084nIB7dw,IGna30iAQJa6RMbsv-9tWg,5.0,2020-05-01 20:58:54
N5rthmlZ7HxtQ084nIB7dw,Uphv4I_AtsQbmD9jv7Slig,5.0,2020-04-29 21:18:27
N5rthmlZ7HxtQ084nIB7dw,XtIPfx8ixswyHIuxDwxA4w,4.0,2020-05-28 15:26:43
N5rthmlZ7HxtQ084nIB7dw,fgnHM4VT-n1VjFL3YeBJsg,4.0,2020-05-01 20:57:20
N5rthmlZ7HxtQ084nIB7dw,joCDK7kg-03uo4rZK5X0_A,5.0,2018-02-10 00:14:34
N5rthmlZ7HxtQ084nIB7dw,now2TRoUla_5u_tmH4HGig,2.0,2018-03-15 10:36:12
N5rthmlZ7HxtQ084nIB7dw,qt_E6txwQ1h62wyv8701UQ,3.0,2019-02-24 14:18:36
N5rthmlZ7HxtQ084nIB7dw,zWfzgYe2nT9mHYm_vl1Ukw,4.0,2017-12-17 22:30:38
N61hkQVfKF0GXP3UIVnbWw,wm23rnUccF_3en3NSN7afw,4.0,2018-01-14 21:43:57
N61hkQVfKF0GXP3UIVnbWw,xuYPogbBSHAtOebONVhprA,5.0,2017-11-06 03:46:02
N7NnC6-q0O-Gq2n_7YJkNg,QWqKTWQ2OiDgo3dzNkpung,5.0,2012-02-09 20:25:44
N7NnC6-q0O-Gq2n_7YJkNg,s9ceDy-cVHe0uzvZpWq87Q,4.0,2012-09-10 15:35:26
N82O-pWWp8xBJJH_UNJ0HA,0jQiSHnQTFyJnw1HHV9NVQ,5.0,2020-11-26 07:19:18
N82O-pWWp8xBJJH_UNJ0HA,9cybDNxJ7cyNVkmwm-ktcg,3.0,2019-01-13 20:25:10
N82O-pWWp8xBJJH_UNJ0HA,HMyTZREKcwD6iFYzsqHWWw,5.0,2021-07-04 20:58:07
N82O-pWWp8xBJJH_UNJ0HA,MG_wIwRBwyNnCAEMXe9Jqw,5.0,2019-01-12 00:37:52
N82O-pWWp8xBJJH_UNJ0HA,VVH6k9-ycttH3TV_lk5WfQ,5.0,2019-01-13 23:28:14
N82O-pWWp8xBJJH_UNJ0HA,W72rYffSVg0pIaOpRgNniw,4.0,2021-07-08 18:07:14
N82O-pWWp8xBJJH_UNJ0HA,Xh08NmHdB86LexgXrIxr2Q,4.0,2019-01-11 15:15:45
N82O-pWWp8xBJJH_UNJ0HA,ZQ1xusCuRoHneUw_PfZM3w,5.0,2018-07-09 16:22:37
N82O-pWWp8xBJJH_UNJ0HA,g04aAvgol7IW8buqSbT4xA,4.0,2019-01-12 06:26:01
N82O-pWWp8xBJJH_UNJ0HA,xMsox8o5eZx7JooidQROsA,4.0,2018-07-09 16:04:29
N8ITUUDRBpo1hTNDvk1byA,TjWKL-0U5AHZ7AQOsrP0Ew,5.0,2015-01-11 22:19:36
N8ITUUDRBpo1hTNDvk1byA,W_SQ6CfxAZFx6liHLPyajg,1.0,2018-10-29 18:56:01
N8ITUUDRBpo1hTNDvk1byA,Wr2k0Vz8RbcumYulp-jIrA,5.0,2014-12-25 22:01:48
N8ITUUDRBpo1hTNDvk1byA,l8Cs_Pl6p2TvY72MNg2AWw,5.0,2016-08-27 16:48:49
N8_PNk2yLMiqD6pbZSQHZw,_nqrmx5xKLQyrbmjhwiiuA,5.0,2014-11-17 19:37:55
N9hqTPQu2bmI8c2Pj8F1ww,-2-ih3mE8KPyeKVIzpBfPQ,3.0,2016-08-29 00:10:02
N9hqTPQu2bmI8c2Pj8F1ww,0-JRAY0LpBazDuA9761U5w,4.0,2015-06-04 20:42:45
N9hqTPQu2bmI8c2Pj8F1ww,1fGaY2WlGv2l4as6UkMFrg,4.0,2016-06-06 15:14:48
N9hqTPQu2bmI8c2Pj8F1ww,2er_V-oAd7IbQ5YTY56r7A,3.0,2016-05-28 15:38:58
N9hqTPQu2bmI8c2Pj8F1ww,46_2e1hnQ4csLrYnhn6bkw,5.0,2015-08-25 00:52:53
N9hqTPQu2bmI8c2Pj8F1ww,7mpYTDb24SywNMRn3yeakQ,3.0,2015-01-11 06:41:56
N9hqTPQu2bmI8c2Pj8F1ww,8-0t76fS3LNlLERzJR9aUQ,4.0,2016-03-13 22:11:18
N9hqTPQu2bmI8c2Pj8F1ww,8HAs-c3bh_tr4ggiYAlZng,5.0,2016-03-18 14:47:22
N9hqTPQu2bmI8c2Pj8F1ww,9gObo5ltOMo6UgsaXaHPWA,5.0,2015-08-18 11:51:34
N9hqTPQu2bmI8c2Pj8F1ww,DLmkfCW_Pzi1Pyo6G8FnDg,4.0,2016-11-01 23:46:44
N9hqTPQu2bmI8c2Pj8F1ww,DhZVpgeBKxoLd91MiwTxpg,3.0,2015-07-28 15:18:20
N9hqTPQu2bmI8c2Pj8F1ww,FHNIvNgh3fS7VZQq2Y3dsA,4.0,2015-02-23 00:24:17
N9hqTPQu2bmI8c2Pj8F1ww,GVZUe3iXg75_Zp9ZS91y9g,3.0,2015-05-04 14:32:44
N9hqTPQu2bmI8c2Pj8F1ww,K7KHmHzxNwzqiijSJeKe_A,5.0,2018-07-04 23:07:41
N9hqTPQu2bmI8c2Pj8F1ww,KVFUBgmPEHGUaJNkpMGcLw,4.0,2016-05-21 15:42:10
N9hqTPQu2bmI8c2Pj8F1ww,KscVqYYG7ziAroZhfNb0Ng,4.0,2016-10-17 18:05:27
N9hqTPQu2bmI8c2Pj8F1ww,KyDcAU41QDQpYAFyK6Q6hg,4.0,2015-02-22 02:11:27
N9hqTPQu2bmI8c2Pj8F1ww,NABcZKRWQF9-rDVt0P0bhw,4.0,2016-06-26 11:07:51
N9hqTPQu2bmI8c2Pj8F1ww,N_6lpdW1jhAx1EVcHJPK5g,5.0,2016-01-25 01:47:28
N9hqTPQu2bmI8c2Pj8F1ww,R17gwW6zn9ilslbdvKdgsg,5.0,2015-02-28 00:07:11
N9hqTPQu2bmI8c2Pj8F1ww,T8NWs6flR26edfhhwJNhNA,4.0,2015-02-15 16:13:09
N9hqTPQu2bmI8c2Pj8F1ww,TRwPE6wsoAL6_fRaFdB4FA,3.0,2015-06-01 22:01:46
N9hqTPQu2bmI8c2Pj8F1ww,V6Om7YZhlRQRU7WfuxHq8Q,4.0,2015-06-10 12:26:06
N9hqTPQu2bmI8c2Pj8F1ww,V8we7-uCa-SouadZmZ9Ieg,2.0,2015-08-06 16:14:06
N9hqTPQu2bmI8c2Pj8F1ww,Wtr51cNrv1pYyIRg_IawYQ,5.0,2016-02-20 18:02:22
N9hqTPQu2bmI8c2Pj8F1ww,WxB8498ejPtHE7wFa89_fA,4.0,2016-06-25 12:59:20
N9hqTPQu2bmI8c2Pj8F1ww,_h94BxrrFKPvzUIRx3Xkhg,2.0,2016-01-21 01:22:15
N9hqTPQu2bmI8c2Pj8F1ww,amqruwbDGCcyu55p2pTjMA,4.0,2017-08-20 19:30:23
N9hqTPQu2bmI8c2Pj8F1ww,bLJP0fVgscuUQy0hE_CRXA,5.0,2016-05-14 20:45:50
N9hqTPQu2bmI8c2Pj8F1ww,cGX-1IUwXOjkUqZbkKYcjw,5.0,2016-10-17 01:52:39
N9hqTPQu2bmI8c2Pj8F1ww,cbr2Db20L6P50CsxsX6c2A,5.0,2016-07-20 02:37:58
N9hqTPQu2bmI8c2Pj8F1ww,dlFdjPUJI1eqRs8WVPE3QA,4.0,2016-08-15 00:25:53
N9hqTPQu2bmI8c2Pj8F1ww,f8MSbvd5JotxsFsS6fbl-Q,4.0,2016-08-11 15:32:45
N9hqTPQu2bmI8c2Pj8F1ww,fcGexL5VH5G2Xw0tRj9uOQ,4.0,2018-02-20 21:28:07
N9hqTPQu2bmI8c2Pj8F1ww,fneeyCOYV5-oVeQP0TACog,3.0,2016-10-07 14:16:04
N9hqTPQu2bmI8c2Pj8F1ww,gEX_kEhYgvLKGJtlY45BmQ,4.0,2015-11-21 23:53:32
N9hqTPQu2bmI8c2Pj8F1ww,gK9CdFaCXmHoW8aLfXiSqg,4.0,2017-02-25 03:26:18
N9hqTPQu2bmI8c2Pj8F1ww,hHs2Ytn2QSHnFscnALsLlQ,4.0,2016-09-04 03:43:59
N9hqTPQu2bmI8c2Pj8F1ww,h_rcMQtglIiAs-Oc5d8Ozw,5.0,2016-08-01 01:25:32
N9hqTPQu2bmI8c2Pj8F1ww,j-qtdD55OLfSqfsWuQTDJg,5.0,2017-01-03 19:14:15
N9hqTPQu2bmI8c2Pj8F1ww,jS3affmkXWrBnidXA-DIfQ,4.0,2016-09-05 15:36:44
N9hqTPQu2bmI8c2Pj8F1ww,jySVipAqMqczPzOPLMnJpw,5.0,2017-06-19 07:57:29
N9hqTPQu2bmI8c2Pj8F1ww,k2YJkdLg25xlYjshpeEtkQ,4.0,2016-05-07 19:16:54
N9hqTPQu2bmI8c2Pj8F1ww,kZ1q0K13tFYG_ZJrVvsJHA,5.0,2016-06-14 12:06:03
N9hqTPQu2bmI8c2Pj8F1ww,m-5N-fwCIGK5NWMclTqOUw,3.0,2016-09-28 19:43:14
N9hqTPQu2bmI8c2Pj8F1ww,mf0OyZ6DX2iKUFIV9TqFRQ,4.0,2016-11-05 21:10:19
N9hqTPQu2bmI8c2Pj8F1ww,ngvE1G9IckUO-ljZBFo23w,4.0,2015-02-06 20:01:54
N9hqTPQu2bmI8c2Pj8F1ww,oXr3EhnQCqA8SNWIZ3H4Fg,4.0,2015-04-19 23:16:30
N9hqTPQu2bmI8c2Pj8F1ww,oziGQYLaEWOpNmPKrZP86g,5.0,2015-05-09 15:52:38
N9hqTPQu2bmI8c2Pj8F1ww,pP_jeWrWq-lvMitmkM2Gkw,3.0,2016-10-31 02:17:46
N9hqTPQu2bmI8c2Pj8F1ww,qwmlqH4blnTNTFDhUaCBXw,3.0,2015-12-19 17:55:12
N9hqTPQu2bmI8c2Pj8F1ww,rVfe1LHo55A2fworkm_jVw,4.0,2016-09-13 02:32:58
N9hqTPQu2bmI8c2Pj8F1ww,sy7ADvpBA7SfHwbY-Y_5gw,4.0,2017-06-07 08:38:45
N9hqTPQu2bmI8c2Pj8F1ww,un0xxX785wfQfprryh0TjQ,4.0,2016-05-02 15:15:41
N9hqTPQu2bmI8c2Pj8F1ww,vhDWGF-8BfsxvS7Zo5Wv2w,4.0,2015-03-29 20:28:30
N9hqTPQu2bmI8c2Pj8F1ww,vuE1iseFrgNPumUEfHIZZQ,5.0,2017-08-13 03:33:15
N9hqTPQu2bmI8c2Pj8F1ww,wuH4TPUo8oJo4E59xZKsNg,5.0,2017-02-13 02:30:20
N9hqTPQu2bmI8c2Pj8F1ww,xb5NsCqvQw2uE5HoQyDr0g,4.0,2016-05-13 22:58:45
N9hqTPQu2bmI8c2Pj8F1ww,y1Z9tymuBGVDZnYZoLk-2Q,5.0,2015-06-15 11:52:48
N9hqTPQu2bmI8c2Pj8F1ww,ytynqOUb3hjKeJfRj5Tshw,5.0,2016-02-06 18:20:32
N9hqTPQu2bmI8c2Pj8F1ww,zp9OcdUq2CWtQuI9FFBOQQ,5.0,2016-08-13 02:59:17
NANbMviczSYba8azpvvdAw,NJe5fkia_63rdKXRdJlmkA,3.0,2018-12-26 21:39:30
NF85jZgbkbhPNpRh2miWHA,YSL06t6e2iKo4ZHZnCZIxw,2.0,2020-10-06 22:40:11
NFeNXGbZWRCe6qMEppNdRw,-cE9GrThz6HHn2zdpoqY_w,4.0,2016-03-14 22:09:08
NFeNXGbZWRCe6qMEppNdRw,183RrwDm8mmdKCX1E9dUVQ,4.0,2018-04-30 15:23:53
NFeNXGbZWRCe6qMEppNdRw,1hPvAr6D7yPpGbD_4RMqmQ,5.0,2016-05-02 16:38:44
NFeNXGbZWRCe6qMEppNdRw,W_SQ6CfxAZFx6liHLPyajg,4.0,2018-07-22 12:37:07
NFeNXGbZWRCe6qMEppNdRw,_f3JQU6IXpGmTLaSqGy79g,4.0,2016-01-17 15:12:40
NFeNXGbZWRCe6qMEppNdRw,jS3affmkXWrBnidXA-DIfQ,5.0,2017-10-03 15:19:03
NFeNXGbZWRCe6qMEppNdRw,kQRB8RNwd7cEMcURTS-I7A,4.0,2017-03-16 13:43:34
NFeNXGbZWRCe6qMEppNdRw,of-GVqY0G_UDHXT9Xg_ADQ,4.0,2016-03-14 18:34:10
NFeNXGbZWRCe6qMEppNdRw,t6g6Lj8WzjIXXucCl9jdTQ,4.0,2016-01-08 16:25:25
NFeNXGbZWRCe6qMEppNdRw,vVfy055EfLMdd0yJYHxiMQ,5.0,2018-01-09 02:15:57
NFeNXGbZWRCe6qMEppNdRw,yMeC2ltA33lJ-nBIQP4sJQ,5.0,2016-03-04 15:54:55
NFxeV-swQIge0tYoWL3rhg,ObkVEcYUuf3efg-0V_WYfQ,1.0,2016-05-11 08:56:15
NGcH1lvIvrzgzCTPca3DEQ,oGDGlUbOjHxmmCh8ZYcDCg,4.0,2018-10-03 19:33:12
NIRDbdUyBSvZY30m7QUlug,OR7VJQ3Nk1wCcIbPN4TCQQ,5.0,2016-05-07 19:06:11
NIaj2mcreClg7-_YMcev5w,V378VWx4D8BstWNRFwDULg,4.0,2017-02-14 19:02:19
NIaj2mcreClg7-_YMcev5w,_ehSDMpnQ67RR0Yy0yv_3A,5.0,2016-02-02 03:33:25
NIvJg811OO-ovOOg_2udAw,mlT53d4uAbe2_W4eDP1TYg,4.0,2017-05-13 03:15:11
NJvhOn-RhkDd7P-k5D-A5A,AjxjKRNin477A7nKAZciGg,5.0,2013-05-30 02:42:05
NKZAj21AtSfanbz6Yv-wdg,zWfzgYe2nT9mHYm_vl1Ukw,5.0,2020-12-27 04:26:23
NMLvjdY7IOdtfU0TepvUuA,l4YoHcvnsK7ICDrTqL7EEg,5.0,2019-09-11 13:52:27
NMVURT96-Dbtq0q0ocO7ZQ,3CFVBCfjdCvESS1ogBv21A,5.0,2013-01-18 21:02:44
NMVURT96-Dbtq0q0ocO7ZQ,8FE4V7Y5HliQ2bP-szn_sA,1.0,2013-01-29 22:02:58
NMVURT96-Dbtq0q0ocO7ZQ,9mE7Xp0hH6TMv3eaf2Ylxg,5.0,2015-01-28 18:26:57
NMfWtO7YV9V5kshtxjdorg,Nvx2MceKWAtikcAxk_TBMg,2.0,2014-11-08 18:06:58
NMkDuImNeu2rI631-Snv3w,KWMdCTrepsB8YFBC8JBQsA,2.0,2013-11-11 14:39:49
NNL1zLTP2J_SOputgoPYeQ,FaY_9x8ZtsuHe5wS2iJM1Q,5.0,2016-02-12 15:10:38
NNL1zLTP2J_SOputgoPYeQ,I_3LMZ_1m2mzR0oLIOePIg,4.0,2019-05-30 02:30:38
NNL1zLTP2J_SOputgoPYeQ,WO-ofNAvSuJpdRt9Auon6w,5.0,2019-04-22 16:54:13
NNgQ8fV5ARQgHw-Ob7l50A,6JFMbFYVbl8ufz74NSDgOA,5.0,2011-02-17 14:28:54
NNgQ8fV5ARQgHw-Ob7l50A,D00oq_GL2RzcSiHh2QLP3A,4.0,2012-12-20 15:51:35
NNgQ8fV5ARQgHw-Ob7l50A,K7KHmHzxNwzqiijSJeKe_A,4.0,2013-02-01 15:49:39
NNgQ8fV5ARQgHw-Ob7l50A,Oun4NN-u5yiHIxDqtJnxgA,5.0,2011-10-31 18:45:11
NNgQ8fV5ARQgHw-Ob7l50A,Q-4tY-IVxZCB6ot3x068zQ,2.0,2014-04-28 17:29:36
NNgQ8fV5ARQgHw-Ob7l50A,Q-prSTdggNlxAEFV88BZOw,5.0,2010-11-23 16:36:38
NNgQ8fV5ARQgHw-Ob7l50A,SHYPQbYqbfK4CwTDjtBH7Q,4.0,2010-05-11 13:59:52
NNgQ8fV5ARQgHw-Ob7l50A,bdteJqgoj0OaALhj9RFtmw,4.0,2010-06-19 12:12:14
NNgQ8fV5ARQgHw-Ob7l50A,dlFdjPUJI1eqRs8WVPE3QA,5.0,2014-02-06 19:47:50
NNgQ8fV5ARQgHw-Ob7l50A,tUkv0ZxUAdpyv8qhgRU5TA,3.0,2014-04-05 13:43:50
NNgQ8fV5ARQgHw-Ob7l50A,uJZgom8HpK74xz8IojpT0A,5.0,2013-07-21 17:43:12
NNgQ8fV5ARQgHw-Ob7l50A,znx1v_c2IPKOXlYAbqFYvg,4.0,2010-03-06 22:26:25
NNyr4wknApjc5nF9QOO2Mg,XNllgtbX8Er5sixIrJMEoQ,5.0,2011-04-09 04:28:37
NOs3g2KLfNvuc9dDWy3syg,3cT6KPlkOQGZv2Lk7p9_1A,5.0,2018-10-28 01:09:17
NOvbwDPu0FaS1SpkXvHdAQ,r926yelr_EJAKQCjdD6AWA,3.0,2014-08-14 07:38:16
NP7qX0GQ72R9aP1kqXKMdQ,HLyfHwyEioeD-C3j8z-5bA,1.0,2015-06-30 22:31:32
NP9R7p32u_tTkCV717eB7w,b2FwlYZiMKEB95fFhLEqWw,5.0,2022-01-04 23:22:12
NPLXjXwcupQsugDe-WFQiQ,rTXNiH-RROF1OQHVIn5qJQ,5.0,2014-04-06 17:56:35
NPoMCxJOTIkH71nuR5flRQ,8A5LSwsKK5vXDH1M3_Tf1w,2.0,2019-10-14 06:31:55
NQ8tfWK1_r8tr1-LjiE9zg,UuuBYchJI23ddIoKl8fPfA,1.0,2017-07-17 02:07:20
NRGJ4IvauajqqCbhT640cw,IkY2ticzHEn4QFn8hQLSWg,3.0,2015-10-09 01:42:27
NRGJ4IvauajqqCbhT640cw,JKR09pJneafnwpUg0FNEzw,4.0,2017-01-23 18:05:19
NRGJ4IvauajqqCbhT640cw,WxB8498ejPtHE7wFa89_fA,4.0,2016-05-09 18:27:57
NRGJ4IvauajqqCbhT640cw,ZUp2DI8r1ro5iY3ldR6x6w,5.0,2016-10-28 18:16:12
NRMlDBUoGJdgoXTUllZpuA,-Dg2pJigtydnPUUW5XBamQ,5.0,2015-06-08 12:02:19
NRMlDBUoGJdgoXTUllZpuA,GjpMXrlTWpADpyUR1WByNA,4.0,2014-09-16 11:00:01
NRMlDBUoGJdgoXTUllZpuA,ay9zMsFHhwD483o8Zwdc_A,5.0,2015-06-03 16:31:13
NRMlDBUoGJdgoXTUllZpuA,xP5o6PVU3tWOixLJTIdVVA,5.0,2015-01-24 06:12:59
NRRPUnrCEIjDSt4uGV-rSw,ECmPXOHont5XlHp3zs4g4A,2.0,2016-01-14 16:01:03
NRwM425GVb-ileidCoSz6w,pDR3n7cjtbTrkgDxfUUDtw,1.0,2016-07-28 00:19:53
NT1mgLRQ2d_zyM6ksuVA6w,CANuOWl6Z4soWkK2_1NWcw,1.0,2019-01-29 18:38:46
NTxxhyB5w1kBHUy1MZc2sw,mmIF5p4HqyrKSs805mm1lA,4.0,2012-10-21 20:13:36
NVndhVfffw7ScRKviRdRYw,tthy48ZIX_wfY8Dy0Dvg6w,5.0,2017-03-07 13:57:03
NWKkrswnlRkSrqF1IzliDQ,Y2Pfil51rNvTd_lFHwzb_g,2.0,2021-04-14 20:14:15
NWKkrswnlRkSrqF1IzliDQ,ZTctPm8-lBy0iJ9dFhYhyQ,1.0,2019-10-15 13:49:34
NWKkrswnlRkSrqF1IzliDQ,ww3YJXu5c18aGZXWmm00qg,4.0,2021-03-09 12:21:36
NWUQCWiY0w97l2mcWq9GAQ,GBTPC53ZrG1ZBY3DT8Mbcw,5.0,2016-11-01 11:00:08
NWuFF7-HjYE9dvt_xGbEhw,Aes-0Q_guDeYewMapFs_vg,1.0,2016-12-31 03:55:43
NXnWmsyvBx8hjmCTFROt2Q,LQcGL4hfJAeK6bk2ZdhmXw,5.0,2015-12-03 03:13:27
N__vP0SludJNCJxuDXNZ8A,26jYcdFR5oLqKDKpTH0JIQ,3.0,2014-08-20 17:19:37
N__vP0SludJNCJxuDXNZ8A,GXqzvoBm9iEZ_R6Ubeqzrw,5.0,2013-04-08 03:30:58
N__vP0SludJNCJxuDXNZ8A,TD2Ln8rzK-UbGECZkD6V4Q,4.0,2013-04-08 04:04:05
N__vP0SludJNCJxuDXNZ8A,UGefDZNmnBztS0eoXWtHyQ,5.0,2014-07-15 15:15:56
N_mlUKdFuFN6Z6LiDWfTdw,EPXnaI6YQlmK5VUDAI0o7A,5.0,2018-10-30 17:49:00
N_mlUKdFuFN6Z6LiDWfTdw,MuKoTR56s6elHEI2wUkgJA,5.0,2018-07-13 18:42:18
N_mlUKdFuFN6Z6LiDWfTdw,R8t9g5nvi7VFyS8zsgmj8Q,5.0,2015-02-14 15:20:11
N_mlUKdFuFN6Z6LiDWfTdw,_4bhVmlvT9dvqydQG2TOMA,5.0,2019-03-03 22:51:04
N_mlUKdFuFN6Z6LiDWfTdw,ee-2Z5tuo9bUbe9ZDgNgbQ,2.0,2016-07-21 01:13:34
N_mlUKdFuFN6Z6LiDWfTdw,hbs43HZRB1nwMzMtiT9lsQ,5.0,2017-06-03 13:19:44
N_x1sC-KdyuDOSG8H_ePvA,Fj16uG6BNZOq5K8mS2HHiQ,1.0,2018-08-04 21:43:29
Nakn7m0LPnSXtJyCrwMKVg,oCbJpGl8IkH1WdYa25TDBA,4.0,2018-07-08 21:25:26
NbADJE6l0O-cjIqsy2bPRA,winkCYdiTroKdbPbV0DfRA,5.0,2021-06-24 03:31:10
NbyICxQ51Kan_JtlkmOffg,Fj16uG6BNZOq5K8mS2HHiQ,2.0,2020-03-15 13:42:30
NdaWcXuf6BMaFuLwsSZKPg,_nqrmx5xKLQyrbmjhwiiuA,2.0,2013-09-11 12:47:43
NdvDnzlmNNywx4g286-Hbw,slO-qEE0z8-BLRTvMYW6HA,5.0,2021-02-10 15:48:56
NenDodwXi58-vb06A2t8YQ,dGUyXgFW1WSYMgRypKaYew,4.0,2014-03-04 16:19:13
NfQOO5jBV8MUGu5IhwWHgw,P2Lm1g_RztvIaH4daQsXoQ,2.0,2014-07-06 22:15:02
NfQOO5jBV8MUGu5IhwWHgw,YSL06t6e2iKo4ZHZnCZIxw,1.0,2019-06-18 15:44:07
NgsEu6AyDgy5C_nFtZGglA,9wPX6OoUifn9qfKGwrX0xw,4.0,2021-06-28 21:39:03
NgsEu6AyDgy5C_nFtZGglA,gndi4-wzu66Mtp4E0zHt7g,3.0,2021-07-19 03:05:19
NhCou7yj-VHGes5O4XryfA,04l8PYcuYQeEkEhJCbhtOA,5.0,2021-03-27 18:58:41
NhCou7yj-VHGes5O4XryfA,FEXhWNCMkv22qG04E83Qjg,4.0,2020-03-16 20:40:26
NhCou7yj-VHGes5O4XryfA,GXFMD0Z4jEVZBCsbPf4CTQ,5.0,2020-12-17 02:44:32
NhCou7yj-VHGes5O4XryfA,Jzb2IQSwPfULWzdl9Bq5fg,5.0,2020-12-07 23:42:14
NhCou7yj-VHGes5O4XryfA,N1Kv9Uxx4ZHeooGcpNe_RQ,4.0,2021-05-30 21:13:01
NhCou7yj-VHGes5O4XryfA,Y2Pfil51rNvTd_lFHwzb_g,5.0,2021-05-02 14:30:21
NhCou7yj-VHGes5O4XryfA,iSRTaT9WngzB8JJ2YKJUig,4.0,2021-04-12 00:43:15
NhCou7yj-VHGes5O4XryfA,tELoGj2QJYYFQ1jo_XXbpA,4.0,2020-12-02 22:48:30
NhCou7yj-VHGes5O4XryfA,yoQBK3OUDqWEFoUDE5lM4w,4.0,2021-03-26 01:40:39
Njy7LlKmjEiLjsYe3Qngwg,aoBQW6IKzgE-Hst2r_oAEg,3.0,2008-04-30 03:32:12
NlJXVOhbzhHIJFobjTmO9w,VVH6k9-ycttH3TV_lk5WfQ,5.0,2019-05-17 15:27:52
Nlu-Rb9PQPNlzW4JonP4Hw,lXVJLzBNEd5qWuoX1d1okQ,5.0,2018-07-02 04:20:25
NmRXyeArfD8pVKwJK4t1bA,zC_2cSAkMKkSAykOk72LcA,5.0,2011-06-15 20:50:12
NqBYt9pw7kNoytFQ9ATS-w,UwwimB6EoAsKJ6BCVBifVw,4.0,2015-03-24 12:47:50
NqBYt9pw7kNoytFQ9ATS-w,tBO9ttcLUjsQzpCApeWu-g,4.0,2015-11-13 22:39:23
Nr2nibp1Oya1MPsuAgqB9A,VVH6k9-ycttH3TV_lk5WfQ,5.0,2017-10-10 18:28:52
Nr4vKfdhXCWHR-_aONNspw,SxbqEgEwrGmtgvQAgM6kIg,4.0,2015-05-19 19:33:49
NrSURtBigpxbdfL4nGB-Jg,zjahEwvJWOgUss5mA5MZeA,5.0,2018-09-20 20:23:47
NrW0Jrvo90EINzaHsOeKag,DKrC3kWnF91hmUvDPoYp4A,1.0,2018-09-09 02:47:23
Ns0hZ0xDOuVRMpHk0Q-5Yw,KVT4RFTRVjSS3zuZ1bmiAA,5.0,2014-04-26 18:51:44
NsMx7FwsMmylYqHcLWbU3A,TODSpqAYU59Y_sfcL98rLA,1.0,2013-08-02 02:37:10
NsicWaIz8TqYAbkIpi3wFA,-hsR1sWeD9Vw_nh5Qym2fg,1.0,2011-02-07 21:58:28
Nu2kOyS4ircX7rajM9msgQ,IkY2ticzHEn4QFn8hQLSWg,3.0,2013-03-07 21:41:17
Nu2kOyS4ircX7rajM9msgQ,PP3BBaVxZLcJU54uP_wL6Q,3.0,2013-04-28 19:28:43
NuDamcRGX6GhFB4EHCAEsA,eVYOLoDYGbQ49dCgBSG3fg,3.0,2013-10-08 10:05:32
Nun2tsAdXkcOLXBM4PG9XA,SwBhaxfQPbyhsi0QHUAN0A,1.0,2014-11-29 01:37:46
NvUeb5G_mSSxgKhEE_Hueg,-VlBFlHwX-Pt6Xyzs9roGw,4.0,2020-02-11 22:58:10
Nx08hoMzSbhYSoeCLhksmQ,CH-bVS0BiJ-6uJe2KwYsYQ,5.0,2021-09-24 20:37:23
NxNV8s9pdC2lgt89CDej7A,SwBhaxfQPbyhsi0QHUAN0A,4.0,2013-08-27 16:50:13
Ny4NJ-xg8TDjAK2GE3F7Qw,6RBZfirnzE4NahJTn1UPNA,4.0,2019-02-06 04:30:48
NzUzlpp0UEGzGVHcHnzTIw,SNKYs259mdKxiCdWd83U-w,5.0,2017-06-01 01:49:56
NzUzlpp0UEGzGVHcHnzTIw,YGeAhy-hhi6Z_NquLmNLcA,4.0,2018-01-28 23:30:52
O1Tx4A2xH66MkVY9lVLOhA,f2KFAhVWZmFm63liyG8rVw,1.0,2014-04-29 03:42:13
O1p6LsCiTbT7d7AE6zkIfw,26jYcdFR5oLqKDKpTH0JIQ,4.0,2017-11-09 02:31:06
O1p6LsCiTbT7d7AE6zkIfw,Ye5nmTmZ7cL7BQshqZeIWQ,5.0,2016-08-31 22:13:56
O2bDLdyNdbBwPabAbblwZA,Tqt99-TsbRT4bmsXHyA1lA,4.0,2015-02-03 18:27:54
O3WTUXUe0a3OM2NENcCuiA,HDnaNdHEZpQMYXo-ZHHG9g,1.0,2012-05-18 03:23:25
O4GWQhK4ta31pzdwnA0scg,qY-BUQY-SFBaSrFHowF3nA,1.0,2015-04-07 20:50:55
O5LARG9cHfV09x0ss3Zblg,aCahbvq6zBX2jUReMlJq6Q,1.0,2011-01-16 00:40:35
O5y7KlfBdqV6Ih8yhjZLsg,36rz3AMPh8ETMJq7cTG2Rw,1.0,2012-03-01 01:37:49
O5y7KlfBdqV6Ih8yhjZLsg,7_1GqlDlbkShY0az7J0XNg,5.0,2014-02-05 19:22:59
O5y7KlfBdqV6Ih8yhjZLsg,EaOpoKLdqNwZ2q5owQ6LDA,2.0,2013-05-18 18:26:12
O5y7KlfBdqV6Ih8yhjZLsg,HoKH4Rk7wHfVT-60aYIYwA,2.0,2012-09-01 18:42:57
O5y7KlfBdqV6Ih8yhjZLsg,NhIa6lf-D60Tgdj4RN3gjw,4.0,2014-11-21 00:12:28
O5y7KlfBdqV6Ih8yhjZLsg,Reuk1p7ZUrLikUjzv70jYA,5.0,2015-07-06 01:38:57
O5y7KlfBdqV6Ih8yhjZLsg,XyGRDrgCK0z4CiA6nhwEaw,5.0,2018-07-01 19:38:42
O5y7KlfBdqV6Ih8yhjZLsg,wj8XtPyuREj8_0GQz3LZ6w,2.0,2017-11-07 14:23:56
O5y7KlfBdqV6Ih8yhjZLsg,xNZMbdl8ga_wjBPFMZOsyQ,1.0,2018-01-10 21:34:18
O6_KZyTlgv8LKr-UBY60rw,eLAd1Jw-g1NKymBx1XPDoA,1.0,2020-06-19 01:51:00
O7w5gTtdg-RpZEsbR7ZITg,YSL06t6e2iKo4ZHZnCZIxw,1.0,2017-04-15 18:05:45
O8bqW6_vB0rfjtyzvyHOzQ,1UNJeHTsS7WS9RxRzHw06g,1.0,2013-09-29 13:28:58
O9GcNqVhaXGQBf-EeHIZgA,-rCB_kCW-u84S-CQir-lng,5.0,2013-02-17 18:18:00
OACjhgf8nnYGzFnOhA7uhg,KHe6HAqmyioITwTvg9Bbcg,4.0,2019-10-07 22:33:27
OADwxJqXxuI30aB8HvI9QA,kg_QWZcQro58Ks8OcB4_aA,1.0,2019-07-28 13:48:28
OBt8rpPq73T_ytK9vOBw3w,whi0nRqdeKE8FGuIzdkYvQ,1.0,2020-12-24 17:30:46
OCizBSsT7V0TceW2pSbzYg,zjqh_qoBS1BWVSbC51BNjw,5.0,2021-02-16 05:25:12
OCwLhS1CwFYwmzTnKpdkpg,-78Va3llKcPbL6SW4is8lw,5.0,2021-06-28 14:37:25
OCz0i-3FnrHBuyY_Wn88Ng,tUkv0ZxUAdpyv8qhgRU5TA,4.0,2016-08-20 14:33:00
OEBc6COVJdO9rqLy88fsKw,I2YZuyG1KjiTbtwfNFHaOQ,5.0,2014-05-07 23:44:21
OExmdhEdcKHQQqXrv6ftTg,2er_V-oAd7IbQ5YTY56r7A,5.0,2017-12-23 02:21:08
OExmdhEdcKHQQqXrv6ftTg,4rG4tJF2EC2CfYvBu_uqpQ,5.0,2019-02-08 03:25:41
OExmdhEdcKHQQqXrv6ftTg,5Gdz1b4bffTJAWXENGtQPA,5.0,2018-06-25 13:32:05
OExmdhEdcKHQQqXrv6ftTg,xdc0TbKkHMZN3N82oeq2XA,5.0,2021-01-22 02:34:03
OF8qkYo5Jo2In3G6D4I4EQ,wj8XtPyuREj8_0GQz3LZ6w,1.0,2018-08-27 06:50:59
OF9J8dDe3TyTAc32nyauvA,dGUyXgFW1WSYMgRypKaYew,2.0,2013-03-12 01:28:36
OFiql6570Ts_rnq-OZQr2Q,Dh65GRW4FmOEjDv_UuPP4A,4.0,2017-10-02 19:07:35
OFpMvzHwsfsAISKY88srOw,dGUyXgFW1WSYMgRypKaYew,5.0,2014-04-21 03:54:01
OG1plHx9jfsrojJ7qrN5TA,OwBgQo86CL2GmGX0OIUEEw,2.0,2018-10-16 01:06:24
OG1plHx9jfsrojJ7qrN5TA,RQAF6a0akMiot5lZZnMNNw,3.0,2020-01-04 01:06:45
OG1plHx9jfsrojJ7qrN5TA,UBX73ZWgCdgom4nv0UeGvg,4.0,2017-03-12 16:08:49
OG1plHx9jfsrojJ7qrN5TA,ZLKLshuZ2HcwbPDpb3l-AQ,3.0,2018-07-31 23:31:58
OG1plHx9jfsrojJ7qrN5TA,h3DUMo4oWyVQ9ZfGar6vPg,3.0,2017-12-02 03:42:42
OG1plHx9jfsrojJ7qrN5TA,mLdqrqgEXuUrCdgHLr30QQ,5.0,2018-07-17 00:11:15
OG1plHx9jfsrojJ7qrN5TA,tqCDj8b0lcRfhLMP9iZ3FA,2.0,2019-01-11 01:57:54
OG1plHx9jfsrojJ7qrN5TA,wbDRmtxaKRpBOjutvV6TEA,5.0,2017-05-07 18:19:20
OGAZ1a6olN5IXaeOpaQmZA,_357-ycTGX1t0Pla4ShVAA,1.0,2015-04-17 18:11:37
OHVhLKw_uIE7saIt_S-udw,Hp1nkc3c3Q7_8oKXFn0vbw,5.0,2019-06-07 13:27:18
OHVhLKw_uIE7saIt_S-udw,S2n_06z4lGLZfdJ53XAXQQ,5.0,2020-11-13 02:29:54
OHVhLKw_uIE7saIt_S-udw,xlMQBBt9wrtahdqiRDcVSg,5.0,2020-11-11 15:10:56
OI1kiLZU9-6qs6hh0KxB1g,LHSTtnW3YHCeUkRDGyJOyw,5.0,2015-08-06 14:57:16
OIDpKC2p61qVO_spPqw1qA,14Mth2EHCYDRDfJ0ngsWfg,5.0,2021-01-27 00:00:22
OIDpKC2p61qVO_spPqw1qA,368cyArdo0P0aDUOhhE4PA,5.0,2019-11-28 01:39:42
OIDpKC2p61qVO_spPqw1qA,E97-OARDmnrwzdM0BR8eMA,4.0,2019-07-09 00:54:04
OIDpKC2p61qVO_spPqw1qA,en9sRChY9wYY9DoRioodNg,4.0,2019-10-18 22:58:15
OIDpKC2p61qVO_spPqw1qA,sr-5EY6bmp4jINhea06MjA,2.0,2017-05-27 00:27:43
OIDpKC2p61qVO_spPqw1qA,tFpstYqxugKHzeyNUsuD_A,4.0,2021-02-24 22:29:47
OIDpKC2p61qVO_spPqw1qA,uTEvgnFfZk6s-apf1j5Dnw,5.0,2020-01-18 23:15:11
OIDpKC2p61qVO_spPqw1qA,vXZpf13libUqm6KhEzUiNg,3.0,2021-06-06 22:47:13
OIaX_WTVzRL_rqr12FPFSw,7JPbpoD_oyG0AUbRwHR75g,4.0,2021-03-05 01:46:58
OIaX_WTVzRL_rqr12FPFSw,k5ODiSuPem4rHsBgi-iCSA,4.0,2018-06-14 12:44:20
OIaX_WTVzRL_rqr12FPFSw,kxX2SOes4o-D3ZQBkiMRfA,4.0,2019-04-25 15:27:26
OIaX_WTVzRL_rqr12FPFSw,rLRw73bopdUf4spMxIAhIQ,4.0,2020-02-29 20:50:41
OIaX_WTVzRL_rqr12FPFSw,xb5NsCqvQw2uE5HoQyDr0g,5.0,2017-10-05 13:01:27
OIl_ZSc0rDE8iphiAjS-xQ,4rG4tJF2EC2CfYvBu_uqpQ,5.0,2020-12-15 18:30:19
OIygI2H2N74-O88rtFrQVg,1FURjeGJi_LBXcJQg8eskw,3.0,2020-09-06 22:21:10
OJ51hK74ubFL87jO1wj-ig,-1XSzguS6XLN-V6MVZMg2A,1.0,2016-05-29 06:58:46
OJIprIDVsUo3_sA9MUkKIQ,nlVLzktT0RfgSw-ZL4qPRA,2.0,2015-05-23 13:30:12
OLGQ7alK4VKl3YdQk6UF5g,-cEFKAznWmI0cledNOIQ7w,5.0,2020-01-16 00:27:04
OLGQ7alK4VKl3YdQk6UF5g,DTbKzkWQGWJsHvhE6OcUFw,5.0,2020-11-21 20:00:17
OLGQ7alK4VKl3YdQk6UF5g,RQAF6a0akMiot5lZZnMNNw,5.0,2014-06-11 17:20:39
OLGQ7alK4VKl3YdQk6UF5g,bN_9QgxdOIk4oK-6fBDJtQ,4.0,2016-01-05 19:00:29
OLGQ7alK4VKl3YdQk6UF5g,fneeyCOYV5-oVeQP0TACog,4.0,2016-11-10 19:18:45
OLGQ7alK4VKl3YdQk6UF5g,gK9CdFaCXmHoW8aLfXiSqg,4.0,2016-01-04 22:20:02
OLGQ7alK4VKl3YdQk6UF5g,jS3affmkXWrBnidXA-DIfQ,5.0,2017-09-18 00:19:59
OLGQ7alK4VKl3YdQk6UF5g,jt1TfLJQN20aoVskD_8DuQ,5.0,2020-11-05 00:52:05
OLGQ7alK4VKl3YdQk6UF5g,kL98j83h3QFUoSBBevCHOw,4.0,2015-11-09 14:46:58
OLGQ7alK4VKl3YdQk6UF5g,nk2a2nI1jfln9zLpxEvTnw,5.0,2016-04-01 15:10:50
OLGQ7alK4VKl3YdQk6UF5g,rgSHLh2Le0Un82FDxbq0mg,4.0,2016-03-21 18:48:42
OLGQ7alK4VKl3YdQk6UF5g,uJZgom8HpK74xz8IojpT0A,5.0,2016-10-31 16:41:37
OLGQ7alK4VKl3YdQk6UF5g,vUrTGX_7HxqeoQ_6QCVz6g,5.0,2019-07-05 16:09:22
OLGQ7alK4VKl3YdQk6UF5g,wbDRmtxaKRpBOjutvV6TEA,5.0,2017-09-17 23:28:55
OLGQ7alK4VKl3YdQk6UF5g,yuIhKvOjgDbYCkgw-j55sA,4.0,2018-03-05 12:23:35
OQ2Lpoz27MPuxs-Chd19SA,vWjME92WddneF98IqzaNfQ,3.0,2021-07-05 23:29:47
OQ7d95TFr8RBWeChIx6rAg,LHSTtnW3YHCeUkRDGyJOyw,5.0,2015-08-03 18:30:56
OQyo0E5jZjI7o2lkrOw3Zg,MJI-bNIn3QDgiGggm9Wp1w,4.0,2017-02-22 05:30:22
OQyo0E5jZjI7o2lkrOw3Zg,ZYqNIWch6Ik9wLZCa1hxkw,4.0,2015-11-12 00:22:55
OS2NzaZu8rOsm6zrNv8TvA,KHe6HAqmyioITwTvg9Bbcg,5.0,2013-03-31 17:03:53
OS4I90fQ6PxkuqKhR_cACA,FEXhWNCMkv22qG04E83Qjg,4.0,2022-01-06 01:39:04
OSbuXWZqW4iouNTKibaw6w,Gay6ZhRBF8SNF5YudevDoQ,3.0,2010-01-10 03:30:55
OSrj6qpb7RY6QGRJ8vYaUA,oipTcwrQb6jQy0VrqpFumQ,1.0,2019-12-24 03:21:49
OT_6Xwvtpl_Hw-UR2yR6wA,gSIfAcRzIoI9HR6m-5TWSQ,4.0,2018-12-21 14:46:08
OTeVV3oqdwXpyJ9KbWIPxg,of-GVqY0G_UDHXT9Xg_ADQ,4.0,2018-01-04 04:09:14
OTmv2Oow9eaz-Irgj2AYSw,KHe6HAqmyioITwTvg9Bbcg,5.0,2017-09-13 14:30:28
OU7NniisLxW2PJc5odGFxg,QCaidu0NAS_sseca_xe4hQ,5.0,2020-08-04 03:46:44
OUEyHz1wv5KJYpLVtC5ZTA,qHXv-os4wfrfSPxGPgj2vg,1.0,2014-03-24 02:21:55
OUKg4qpovErGyaK2o4lS7A,uP42QDUxC2lxz15BUDbFnA,2.0,2019-10-28 15:45:49
OV4eIrxnN3NQ6v4y8Hd3Cg,HoKH4Rk7wHfVT-60aYIYwA,1.0,2016-04-25 00:19:29
OVoM0VzWh_Mneq-69_GzeQ,waWvlZPOgPkfSTsnCju4aA,5.0,2019-01-17 21:36:44
OXlfFHsM15JYh_lvat2w2w,0a1KouvHD546FJ27sfW8SA,5.0,2017-04-09 22:13:30
OXlfFHsM15JYh_lvat2w2w,64i1xdiU1Wvo1Cuu0erFGA,4.0,2015-11-13 14:44:29
OXlfFHsM15JYh_lvat2w2w,7Cx7EYUGQ2_KHS80s87rbw,5.0,2015-05-17 21:50:07
OXlfFHsM15JYh_lvat2w2w,9PZxjhTIU7OgPIzuGi89Ew,4.0,2015-04-29 00:23:51
OXlfFHsM15JYh_lvat2w2w,9gOB2Tqc_LtvSRDxviFlHA,5.0,2018-06-08 19:09:23
OXlfFHsM15JYh_lvat2w2w,AmYpyArIwjZVnJLRPXEpLw,5.0,2021-02-08 00:32:23
OXlfFHsM15JYh_lvat2w2w,B5eJm8A4eiuPLW5C6l75dQ,4.0,2017-10-20 16:00:02
OXlfFHsM15JYh_lvat2w2w,Bp2AWqJLBJoBjBwh85rDAw,4.0,2013-10-15 17:13:52
OXlfFHsM15JYh_lvat2w2w,C9UylQTOh7uwZo4a7QhLyg,4.0,2018-05-30 00:14:57
OXlfFHsM15JYh_lvat2w2w,CYSPKiVdoPX3erovujnE9Q,4.0,2016-10-27 01:09:03
OXlfFHsM15JYh_lvat2w2w,HDGTOksawKXEPeoCUrH96g,4.0,2020-03-05 23:33:02
OXlfFHsM15JYh_lvat2w2w,ICFaAH2U_nw7eJUvzHBK4w,3.0,2019-04-10 23:17:20
OXlfFHsM15JYh_lvat2w2w,K-GDGw99i_mM-lcyMYon1g,4.0,2015-08-19 23:50:44
OXlfFHsM15JYh_lvat2w2w,Ps7Q7BOKzJO4nDTUhbk43Q,5.0,2015-07-11 19:29:11
OXlfFHsM15JYh_lvat2w2w,VpeqnfECjFNcYLyDxuc-_w,4.0,2018-08-10 21:46:33
OXlfFHsM15JYh_lvat2w2w,Wr2k0Vz8RbcumYulp-jIrA,4.0,2019-08-06 16:48:22
OXlfFHsM15JYh_lvat2w2w,fneeyCOYV5-oVeQP0TACog,5.0,2018-04-02 14:21:09
OXlfFHsM15JYh_lvat2w2w,kvv4hZ8EUe_sGwcsl-mLQw,2.0,2018-06-21 16:46:38
OXlfFHsM15JYh_lvat2w2w,qYREpGOZQ_Xio8Vo-a0TmQ,5.0,2021-12-02 15:45:02
OXlfFHsM15JYh_lvat2w2w,rWjFmr0hhi2w8IwMu162-Q,5.0,2016-01-18 19:00:46
OXlfFHsM15JYh_lvat2w2w,sKDqswbR_bwxLueSOHqqNA,5.0,2020-04-21 13:48:20
OXlfFHsM15JYh_lvat2w2w,u0Bt7uvvj7LAjAdiMtrhug,3.0,2021-05-18 20:34:38
OXlfFHsM15JYh_lvat2w2w,wb_z1h7XR5IQhVRZHlMuLQ,5.0,2016-08-26 19:20:23
OYe3S4XGtdlfjj6nxMRrAg,fgTOJRkc703E4XRdcr5zRA,5.0,2015-12-05 00:46:28
O_-iRmEF_nPgY327XgmmIA,AtQLrRpQan7UtJcIAo9hsA,1.0,2012-03-13 16:49:45
O_Sqnswf23o_vfZYjnhqPQ,Zx7n8mdt8OzLRXVzolXNhQ,4.0,2021-10-27 13:14:05
OaZ7qqCN19lkT1-SHRXBaQ,GwtVBqKzW9j0zNQ7nYnT5g,1.0,2018-10-08 19:19:22
ObSXluQeEYiOP9l9muFlGQ,EZpbFQJEgo00XNlKJe-4ew,5.0,2016-11-15 16:52:33
ObSXluQeEYiOP9l9muFlGQ,MgJ_P-xlnTorvkW7l7fXKg,5.0,2018-05-24 02:19:06
ObSXluQeEYiOP9l9muFlGQ,_NozEKb4y0jkC08DWU8ywA,5.0,2016-07-23 23:09:09
ObZnTiwMA-4gaTqa1_mB6A,-aZpjNPSNfTXYkLMkQDiKw,4.0,2018-09-02 02:48:18
Obp8LRY_MRwUIqTPDbp6Zw,lKU_kljhbEQKIPaM1Zbqiw,4.0,2021-06-04 15:30:21
ObpsMRqxabwLhfUwGwIfnQ,Bp2AWqJLBJoBjBwh85rDAw,1.0,2013-09-14 05:04:40
Od2Ev0b92eKrciDJIRVNpQ,uJZgom8HpK74xz8IojpT0A,5.0,2018-03-08 13:13:08
Oe-iKp0X7luTvlpDuWmgBQ,hjRxa6xpKOwnbUgGvVCE5Q,5.0,2020-09-30 01:36:13
Offt_oOuEYDTAZa2jEE2cQ,eaNouTpxnIu7M80xdeLxFw,4.0,2015-02-05 18:24:04
OgLyhQefoJ35LZRhp8ugWg,Sk1WdGuaCNQlQZ_u_JE0Ew,2.0,2015-02-14 04:35:52
OgYi5x02MBukfxPNFe1ePg,SwBhaxfQPbyhsi0QHUAN0A,2.0,2011-09-02 22:07:39
OgYi5x02MBukfxPNFe1ePg,cQIh4YJlVtZI9TLF5_smOg,4.0,2015-11-30 20:18:56
OgYi5x02MBukfxPNFe1ePg,dIpTuL2T1L98GQGU17IeSw,4.0,2011-03-05 03:53:52
Oh_BbUxUw7ptct5KChKpFw,iQp3QlP4iynGTXgFqpZ7Gg,3.0,2011-05-26 17:55:23
Oi1qbcz2m2SnwUeztGYcnQ,8cjw0td9VVUmhQTLpeFgRA,4.0,2014-05-28 11:41:48
Oi1qbcz2m2SnwUeztGYcnQ,8f5BnHWOn7Igey-TNoY0_Q,3.0,2011-12-21 02:51:52
Oi1qbcz2m2SnwUeztGYcnQ,HPqTJ_yF2ZJw87yHWnSzSg,3.0,2011-09-21 14:55:11
Oi1qbcz2m2SnwUeztGYcnQ,Ht66H1iGx0llc7ne81tjBw,1.0,2012-04-11 17:38:33
Oi1qbcz2m2SnwUeztGYcnQ,Hu5fC_pfgZ6O1LTPwLQQ9w,3.0,2014-11-01 14:18:51
Oi1qbcz2m2SnwUeztGYcnQ,ISijWeb3TndvQRQwjHleMw,4.0,2012-01-10 02:22:18
Oi1qbcz2m2SnwUeztGYcnQ,NYj8uB9-u0SmRMNDNktb1g,3.0,2014-12-23 14:33:02
Oi1qbcz2m2SnwUeztGYcnQ,QhYkr3FO7fz65ULwDPCeEA,3.0,2015-01-26 15:16:44
Oi1qbcz2m2SnwUeztGYcnQ,RnhLCG4N9MPy6ZRzq787Cg,3.0,2015-02-06 19:51:25
Oi1qbcz2m2SnwUeztGYcnQ,TRpIVZlPEShnO8hzJr4dcw,4.0,2013-02-27 10:25:34
Oi1qbcz2m2SnwUeztGYcnQ,UXxSs2c2r0WT_zkWzFJ9cw,3.0,2015-06-14 14:55:22
Oi1qbcz2m2SnwUeztGYcnQ,VDcjrvq1wZhVc_qVcDaa-Q,5.0,2014-12-14 16:10:38
Oi1qbcz2m2SnwUeztGYcnQ,ZdXqFA7NLIcRATmaEn93jA,4.0,2015-07-23 23:38:40
Oi1qbcz2m2SnwUeztGYcnQ,abQpaUX09LiT8GQBWJR99A,4.0,2014-11-18 23:12:16
Oi1qbcz2m2SnwUeztGYcnQ,bFIyk5wMY2WinvONbeVgeA,4.0,2015-10-18 12:28:13
Oi1qbcz2m2SnwUeztGYcnQ,cGX-1IUwXOjkUqZbkKYcjw,4.0,2011-10-25 02:10:33
Oi1qbcz2m2SnwUeztGYcnQ,dmx9rfhDOixCsCA_DcsEEA,4.0,2013-01-13 15:53:13
Oi1qbcz2m2SnwUeztGYcnQ,dobrhbpdxTMh9EWiTEQk7A,4.0,2013-01-16 04:53:32
Oi1qbcz2m2SnwUeztGYcnQ,fGYnHzFr1z2kv7bPRW6VMA,4.0,2015-04-01 22:03:04
Oi1qbcz2m2SnwUeztGYcnQ,fOhnSqmO4XY5vSI8whVKSA,3.0,2012-03-19 01:26:10
Oi1qbcz2m2SnwUeztGYcnQ,gK9CdFaCXmHoW8aLfXiSqg,4.0,2015-07-24 20:41:44
Oi1qbcz2m2SnwUeztGYcnQ,h3DUMo4oWyVQ9ZfGar6vPg,4.0,2011-01-13 16:02:31
Oi1qbcz2m2SnwUeztGYcnQ,hm7YQpJlaeMKh2QGtWVhtg,3.0,2013-12-01 14:44:00
Oi1qbcz2m2SnwUeztGYcnQ,lFs4LIQn_kbsLozQzk-4Qg,5.0,2012-03-16 14:06:50
Oi1qbcz2m2SnwUeztGYcnQ,mF8czpMukj36ovHb3lGSeg,4.0,2014-12-30 21:41:58
Oi1qbcz2m2SnwUeztGYcnQ,mlT53d4uAbe2_W4eDP1TYg,4.0,2015-10-17 13:50:43
Oi1qbcz2m2SnwUeztGYcnQ,pP4q0Mym-qt20nRqTKbzhQ,3.0,2012-02-22 17:28:02
Oi1qbcz2m2SnwUeztGYcnQ,qxRTFagnexBZgDe055CjkQ,4.0,2012-12-24 14:22:24
Oi1qbcz2m2SnwUeztGYcnQ,x8H-yQUbbeaC28Sj4cqy4w,3.0,2014-06-29 13:53:58
Oi1qbcz2m2SnwUeztGYcnQ,ytynqOUb3hjKeJfRj5Tshw,5.0,2012-03-16 17:18:23
Oi1qbcz2m2SnwUeztGYcnQ,yuNf6vYaIZYe88g6pouAiA,4.0,2015-10-10 13:02:10
Oi1qbcz2m2SnwUeztGYcnQ,zD1-R_baSc5_LhFUUlDG2w,4.0,2015-11-14 11:07:26
Oi1qbcz2m2SnwUeztGYcnQ,zE2IC_ocw2dxM6Hzd4iL0g,3.0,2014-01-31 12:38:52
OkRiwbCLCcICvziQE-vxCw,GV1s2EOQX7tLQrDjPGUJUQ,5.0,2014-07-01 23:38:50
OkX3CP9LOf0-gsKZC_WkkQ,9b-LZWsj75mmfMYuChXDkg,4.0,2016-06-22 21:00:25
OkvqxXKstBw1b4dDMbZ_8w,MM_v-KIUJiXLCxnkIqPKWA,1.0,2014-11-16 18:17:47
OmBcJYK_IYDQTIF0LzFw4g,68jYcCg7p8zEeArIUgky9Q,5.0,2008-03-11 14:30:28
OmL2bjLvvRxg1brM5Pehgw,DLmkfCW_Pzi1Pyo6G8FnDg,5.0,2015-10-21 15:17:34
OmL2bjLvvRxg1brM5Pehgw,TsoCCouCudxL2mwn86SFiQ,5.0,2018-04-13 23:40:03
OmL2bjLvvRxg1brM5Pehgw,mlT53d4uAbe2_W4eDP1TYg,5.0,2016-02-05 12:42:02
OmxjOkNxR2a7VaPUUz9Mnw,j_AhCyEzJpo3sS7NZRFKQA,1.0,2014-03-04 06:09:34
OnINcVI4QaneN9XnMUuvsA,LbhraX3qY94g3Xn2Havbpg,4.0,2018-09-21 04:11:48
OnINcVI4QaneN9XnMUuvsA,P2XJbQZmf1zvWp9L_THdjQ,5.0,2016-07-30 02:45:59
OnINcVI4QaneN9XnMUuvsA,WCdSajl5Q0qywpv7K5jHdQ,4.0,2016-07-30 02:37:03
OnyaJzV9GwI7DD4x6rjd1g,sf-KdXHB5nxfNjl2uUpI6Q,4.0,2016-10-27 03:30:22
OoDQrfiiU0gPLSVbj5j-dA,S9qwmdAgz9YYQ6XCvX3aNg,1.0,2020-01-26 15:43:20
OqkHQ8MwreMyo8Z7SS6g6g,C6KP0hSutumHzLDCFyjvJQ,2.0,2016-12-28 18:21:29
OrkHIX-BA2FVVG7v0VbeAg,OMHZ1htcmFQLuTp06hLe2Q,1.0,2016-01-30 18:31:29
OrnQ04JCGie8Q2ymFF97FA,RMYjaB5krFGCtlOLf5TBwQ,5.0,2020-01-07 17:41:53
OtLw_rFdk27Y8e-s3C-Kdw,0vi741BLMGl2QPeTXWeG2w,4.0,2016-03-16 12:47:36
OtLw_rFdk27Y8e-s3C-Kdw,7JhQXpiMml41sxN34CUcKQ,4.0,2016-02-28 12:42:42
OtLw_rFdk27Y8e-s3C-Kdw,rjnjqqwMLbEGs5m16u2cGA,5.0,2016-04-12 01:04:19
OtLw_rFdk27Y8e-s3C-Kdw,ww3YJXu5c18aGZXWmm00qg,5.0,2015-08-09 21:02:59
OtLw_rFdk27Y8e-s3C-Kdw,xv_U__GI9gmzKIHT_TANnw,4.0,2016-03-03 19:47:08
OtLw_rFdk27Y8e-s3C-Kdw,ydmJoaK1PMlwLvMnbFXf1w,5.0,2016-01-19 17:14:41
Ou7wO9_zQo2J12w_tWVYHA,Nvx2MceKWAtikcAxk_TBMg,1.0,2015-10-09 04:54:38
OvpTIjhGpg2y2kklHa47NQ,abzbYCaernXvdmYi1u9y-w,5.0,2015-12-30 05:54:06
OwFU2EF-55e9BGa7RcLIIA,wj8XtPyuREj8_0GQz3LZ6w,5.0,2013-02-19 19:32:01
OwKFdMUsrY9uKMoAUt4EzA,KHe6HAqmyioITwTvg9Bbcg,5.0,2012-03-01 19:56:26
OxPwTirxr6jsthULWBAuZg,1Efjww8n7WtKtKTgDqjgdA,5.0,2020-07-14 13:53:21
OxelAIyQlrN0xXsmsLC-8A,lPx8jUBfK1K6u3UgowU5mg,2.0,2020-12-14 01:51:59
OynVCGhnTKdBXeLzI016ow,29fX9PdevQa5LZavVDJsbw,5.0,2016-02-04 19:23:32
P-NTOAMFVSDFGkhcj4GaIQ,SJPnC_1BEXUxvU2Xvn9rug,1.0,2017-07-04 12:48:44
P0PgMB0WvJkqIBZXdYPnXQ,NRd01eXx85MPnfSz6YInvA,5.0,2013-02-24 14:10:06
P1IQm0Rr5eA9VvmV5HYGVA,SBtjW_pKw3XaOKtKAavWZg,5.0,2016-02-22 02:25:20
P26CLVR2qhj2NYMz0b3IGg,-FM4CxOg4XXmX_Ebky_SiQ,2.0,2017-04-03 19:14:18
P2VwTR-pwCZK-IAtNZzU-A,IkY2ticzHEn4QFn8hQLSWg,1.0,2015-08-15 01:43:34
P2pGdbUdi3OUXl2Nl7ePOQ,x1cyB0m8EIR9OE054dgtPg,1.0,2013-11-22 15:40:31
P323SO9U-xDrKsCcpfAiFQ,YSL06t6e2iKo4ZHZnCZIxw,1.0,2020-05-30 14:49:14
P3g7T9zSEOgjvxirZx_bHw,GC75ZzoLxsfeKyk7vA3pXA,5.0,2019-01-17 04:01:25
P4iCtFJIe1h0IglWYf8FMQ,-rCB_kCW-u84S-CQir-lng,5.0,2011-05-28 15:18:36
P4oGqCkYJ6a_LRheCUVUaA,eT1nr9nFklcUg8hefYcQJA,5.0,2012-05-19 18:20:27
P5F6tfuzk9HgwC5ZqfbjQg,Bs0JwJEUdfhL-FtLjuu3vA,5.0,2020-04-29 16:25:20
P5F6tfuzk9HgwC5ZqfbjQg,hYnMeAO77RGyTtIzUSKYzQ,5.0,2019-04-23 05:06:16
P5hp_o83R5Uzey4xkpCmRw,Djdg_JBVHKgGNckbEV27UA,5.0,2018-05-19 04:07:31
P5hp_o83R5Uzey4xkpCmRw,FkoX3Ux9STu2FAd926FlbA,1.0,2018-05-01 02:16:21
P5hp_o83R5Uzey4xkpCmRw,a6J0Jq1GJ6Shk-L10Bp6Cw,5.0,2017-08-18 18:46:04
P5hp_o83R5Uzey4xkpCmRw,haAIu_BLD6khheesCjKIRw,5.0,2018-07-09 04:51:16
P5hp_o83R5Uzey4xkpCmRw,kmlX0JG-6gVTjsMUnmY18Q,3.0,2018-11-05 04:22:23
P6Ec6qvXpYR7MrBGwgT6RA,E48H5Zpw3ndlu7KLHGRyHg,2.0,2016-01-05 21:23:21
P6_r7O8zEjnxTSBkS6WYfg,-cEFKAznWmI0cledNOIQ7w,5.0,2015-08-27 20:47:06
P6_r7O8zEjnxTSBkS6WYfg,0oSSjekU-3GR8gselReWnA,3.0,2015-09-17 14:51:21
P6_r7O8zEjnxTSBkS6WYfg,ytynqOUb3hjKeJfRj5Tshw,5.0,2015-09-01 21:39:49
P6_r7O8zEjnxTSBkS6WYfg,ziMvN9iVXWQJrBtzcEONMg,3.0,2015-08-27 21:01:44
P72Y7rHqNKulGMbxyQ9FWQ,VVH6k9-ycttH3TV_lk5WfQ,5.0,2016-05-24 00:05:28
P8cwH7A59NgHKFrNjoiojQ,KscVqYYG7ziAroZhfNb0Ng,4.0,2020-06-10 14:40:44
P9VcQ2CnhJlpEaWO2Yd06w,zD1-R_baSc5_LhFUUlDG2w,1.0,2015-01-18 04:51:07
P9hbcVoZIPKF4gV8KH427A,ws7z5fLdaVgwxZ9ex3cKxw,5.0,2011-07-07 09:55:31
P9hbcVoZIPKF4gV8KH427A,xWfm4AwLZr-B97fYVsIgCA,5.0,2013-11-13 03:39:48
PA4GStLi2KGfdGXpMwf7_g,_H30_Y_YcQQ7kbix9a1KfQ,3.0,2016-01-21 04:48:12
PAx6EkkOO19tvNtjuBzVgw,Aes-0Q_guDeYewMapFs_vg,3.0,2014-07-14 03:34:53
PC7N6ibNENuSbCdHo0eMDw,v1Uesklh8DpEufYOhTq4iA,1.0,2015-01-08 06:11:30
PDK6ld4bH502-A40AR22EA,ZVFGfG-BuiCT0RBRFSdx3Q,5.0,2015-07-06 15:01:04
PDfa3ITTVZI_QoeqfRgk8Q,KHe6HAqmyioITwTvg9Bbcg,5.0,2016-12-06 22:52:01
PDjIq_nmePoT4VaJxeOg3g,B6Lvq3sOYwhKxPzadDka9g,5.0,2018-05-05 02:45:47
PFAsrpb5UdiQAReNldrqhQ,naLdPZBHOeC2id4WVSoigA,2.0,2017-03-01 05:14:40
PGMAhDBirUP5kbQIYuGNpg,hwcPLznPbsW8ghC20OluRQ,5.0,2013-08-24 22:56:56
PGkMTm3hiermfR6TE498bw,KS3--17cN4ycmwz56n3CQw,4.0,2012-05-29 18:43:25
PI51J_fKhEfZKhi-MjWBpg,CBo-YlPMKs3vdYJQRtuznQ,4.0,2014-05-14 00:05:25
PI51J_fKhEfZKhi-MjWBpg,_nqrmx5xKLQyrbmjhwiiuA,5.0,2014-05-13 21:21:57
PI51J_fKhEfZKhi-MjWBpg,yZHiutcbym-xLGkmFhP-9A,4.0,2014-05-22 15:21:22
PIQSzLqpsU7YUCcBSTZCBw,Fj16uG6BNZOq5K8mS2HHiQ,2.0,2021-01-14 23:35:36
PJ-poLowwrlfpVCT-E-gcw,KHe6HAqmyioITwTvg9Bbcg,5.0,2016-05-01 17:38:52
PJvFo74j-0iQ1Bp05mowKA,9AdqkHZTVTwGygpHY8NT3A,5.0,2020-04-11 00:54:36
PKELYRWN8kkZFsIlhBKL9w,ByypEk6Cnz99TYLgaj5Adg,2.0,2014-07-02 18:38:14
PKELYRWN8kkZFsIlhBKL9w,g0cUlBQ2pGRxWtL6qwyeIg,5.0,2014-02-03 14:37:25
PKELYRWN8kkZFsIlhBKL9w,xLuEfxyJ8BnDtI9pG-mGAw,5.0,2014-07-26 13:22:51
PKFgiJOXEZfoAhMLYXUqCg,kiA1mrC2ZVoRmpsWgAT7ow,2.0,2016-11-28 03:59:17
PLBeRR3GbgP0tsOUNz63kA,KHe6HAqmyioITwTvg9Bbcg,3.0,2008-07-15 21:06:18
PLCijWEcAk74aiYxHb_tYA,vN6v8m4DO45Z4pp8yxxF_w,2.0,2012-05-14 06:31:27
PLOYtrCMUFPHQe2IbYAd5g,atZ_olNKXOG4rEr6mccN8g,5.0,2018-08-21 19:24:52
PN29j3BdsiVDu8h5rHkBkg,7An2yCegdvJCFrKeNf9zDg,4.0,2018-05-24 05:31:32
PN29j3BdsiVDu8h5rHkBkg,NcU8WT4TiIrRYhWAoZT4qQ,5.0,2019-03-07 15:50:06
PNaYNMSoVZDNtvohQmehbw,Wl7iw_u4WeEreF4ZZF1oDw,1.0,2014-03-20 22:55:12
PNbvzeYAKifu7j-Xmx_CtA,V9WICIspTj2H4wQHgO8ogQ,1.0,2016-11-29 03:20:47
PO_dHCmICcYhMWbMb2ZMDA,G3w7XlKj1kf_5ddg4Faxpw,1.0,2020-06-13 23:48:31
POvWjPL-06je6CIeRRTLNw,g0cUlBQ2pGRxWtL6qwyeIg,5.0,2016-05-25 02:17:10
PQxJ27wiWI8aoDb06vEY_w,J8S7cPPlTgsQnXKVfTyN8g,1.0,2014-09-10 23:50:58
PRM7bfeCMBRPN3JOfdym6A,AjxhKYSbc1NrGOxAcqxb9w,2.0,2015-05-13 22:03:54
PRPAbcAqK98BMIGmKlAQNA,VVH6k9-ycttH3TV_lk5WfQ,5.0,2019-10-22 02:08:32
PRmW4serpMhAnmbWohRleA,lbGQ0fIfpiqltPCtRGt80w,4.0,2020-02-27 13:30:16
PSSpl29ll8GPZgmDuYZe3Q,Rl42JbSMsmNW3LRjsTMYAg,1.0,2020-06-27 19:29:34
PSnUXFT5luMvb73mQQSjUg,oJxsRgj8Un9VAPXpaDuufA,5.0,2020-09-15 23:55:13
PSnUXFT5luMvb73mQQSjUg,sTPueJEwcRDj7ZJmG7okYA,5.0,2020-09-15 23:34:56
PT6GrJLyXYtXvprtQ79IMQ,mlT53d4uAbe2_W4eDP1TYg,2.0,2018-06-09 03:01:17
PTVLT2wEUrFgr_hT5uldoA,5RAj-6dwjudECuuj14GdnA,4.0,2019-10-29 03:54:36
PTVLT2wEUrFgr_hT5uldoA,BjeHLwKOlHyV6DJgmZxAjA,3.0,2019-07-11 03:38:21
PTVLT2wEUrFgr_hT5uldoA,EDRhPfxELquxtMOGuNKFTw,5.0,2019-05-20 02:40:14
PTVLT2wEUrFgr_hT5uldoA,H1Azz4BpHYC8BlUAdMlfxw,4.0,2019-11-09 19:55:27
PTVLT2wEUrFgr_hT5uldoA,H41S-qS3NOUJSbIqWTuyIA,4.0,2019-07-11 04:45:41
PTVLT2wEUrFgr_hT5uldoA,VaO-VW3e1kARkU9bP1E7Fw,5.0,2019-07-14 18:55:43
PTVLT2wEUrFgr_hT5uldoA,Xh08NmHdB86LexgXrIxr2Q,5.0,2019-07-11 03:55:09
PTVLT2wEUrFgr_hT5uldoA,k-tHn9uxgWdq1ROHqwc-lw,4.0,2019-11-09 04:00:31
PTVLT2wEUrFgr_hT5uldoA,lRPOodYgeRScvDDDO8_Qjg,5.0,2019-11-09 20:08:07
PTX3ps_kEII6VnHPXz2qAg,X0vPZIkbUj22afBQz5-neA,2.0,2015-07-04 13:40:42
PTX3ps_kEII6VnHPXz2qAg,kQ-JMOQ_OJL7TZvA0u-WrQ,5.0,2017-12-12 18:19:19
PTuedEpLlBo4gobyOfwlMg,2EmAukTYm2mOBEIKEYBRNg,4.0,2011-09-14 05:45:47
PTuedEpLlBo4gobyOfwlMg,6h7C53qLfwM7v3zKRqG0yA,4.0,2012-04-26 06:07:42
PTuedEpLlBo4gobyOfwlMg,SPEXSaryxJmVpy8QoRz7Tg,3.0,2011-04-02 22:05:57
PTuedEpLlBo4gobyOfwlMg,eLi0bpsDoWQkBhJX1d46tg,4.0,2011-05-25 12:35:28
PUDYBk_OW3dYQFNhGPaRjQ,ytynqOUb3hjKeJfRj5Tshw,5.0,2019-01-05 00:51:00
PUN7JBORv9rv71nE3EI18A,jpw9W_oiaDOMkvifWFCb7Q,4.0,2020-10-04 19:25:48
PV0U0arT_AUfjVBtrKfPSA,617w8MQE3z1szmLvs0WfCw,4.0,2016-01-25 15:54:35
PV0U0arT_AUfjVBtrKfPSA,7hsCR9k_GND2QoQyVkITBg,5.0,2018-04-10 19:14:03
PV0U0arT_AUfjVBtrKfPSA,ILvJAuSP0sYWJKAQ-Goh4Q,5.0,2018-07-30 15:39:34
PV0U0arT_AUfjVBtrKfPSA,OLSFUxfRCjLNPi49yOOrsQ,4.0,2017-10-24 16:30:39
PV0U0arT_AUfjVBtrKfPSA,Ou-_OQUNvBcaAoRU0XPtaQ,5.0,2017-09-11 14:41:29
PV0U0arT_AUfjVBtrKfPSA,QtUn-vphzwt_cOQVkDlyow,4.0,2019-06-27 17:30:08
PV0U0arT_AUfjVBtrKfPSA,cbr2Db20L6P50CsxsX6c2A,5.0,2016-08-01 15:43:16
PV0U0arT_AUfjVBtrKfPSA,yYuRiXwKTRP46dsyMVstKA,4.0,2021-03-01 20:23:34
PV0U0arT_AUfjVBtrKfPSA,ytynqOUb3hjKeJfRj5Tshw,5.0,2017-02-06 21:01:19
PVAcfDDY_sdXc1IOaUoZSw,QOc3pCNWs8Z7o-w4bgY6AQ,1.0,2019-04-12 01:08:44
PVjbDq2pLawIcLZ4K4tsiQ,9haFlHQRUwpYzdktVq60EQ,2.0,2016-07-03 05:59:42
PWdye8-VRbkTtKP8oCvDYw,-mDAFyX5kZHXhxjELeMhiQ,1.0,2011-03-23 04:34:13
PZLgQS3YLEszkNtF1olW5w,erCGkXWcik3Kij95vShPVg,1.0,2017-09-17 19:36:05
PZOf15ZMAjmvRTRe2p7W1Q,tthy48ZIX_wfY8Dy0Dvg6w,4.0,2015-10-06 02:12:29
P_BFaQP0rlHpEq9-CZbyCQ,S1FwTmCAwv5ulu5gToWi_w,5.0,2009-12-16 04:36:10
P_kKjxMsIrw5TetQGqOC2w,l_slvEnh4v3W8BXF1gYlcQ,1.0,2012-09-21 11:24:21
Pa8q7Pt36wdORQ7ZqkyRnw,4gszBjoouIzfi1ltSQZ2BQ,4.0,2016-06-13 20:44:28
PaQdy7qtDtFZRf6wEFi7jQ,GWv1-6HFvZf4cOy1J6_CKQ,2.0,2016-10-07 18:19:37
Pay-vdLpNrpWDOjnymCBjQ,LtLbT776NOAjva1ttA2h3w,5.0,2012-09-18 18:13:19
Pay-vdLpNrpWDOjnymCBjQ,T8NWs6flR26edfhhwJNhNA,5.0,2012-10-31 19:53:58
PcvbBOCOcs6_suRDH7TSTg,9xCprW96TZFLajnnN-w8Pg,5.0,2018-06-07 23:22:10
PcvbBOCOcs6_suRDH7TSTg,LJRcRuErc52keHjQLBBLsg,4.0,2018-06-07 18:20:34
PcvbBOCOcs6_suRDH7TSTg,Ps7Q7BOKzJO4nDTUhbk43Q,3.0,2018-06-07 15:15:46
PcvbBOCOcs6_suRDH7TSTg,RRCgIohWjaeGtlbpcYJBbw,5.0,2018-06-09 13:16:35
PcvbBOCOcs6_suRDH7TSTg,_MWbuRiTqbWEjlfxRAvzWQ,5.0,2018-06-09 17:52:36
PeKYtD9xGxLX_0QUQ_WJCA,YJVXMOIKhJjQczWj9YTwrg,5.0,2021-01-07 02:58:18
Pf7FI0OukC_CEcCz0ZxoUw,4WdDY97x4GdMYtyk1KQMnw,3.0,2014-01-16 17:33:33
Pf7FI0OukC_CEcCz0ZxoUw,CPFKi2lZJazP6IdtCdDDyg,4.0,2014-12-22 18:57:05
Pf7FI0OukC_CEcCz0ZxoUw,FaY_9x8ZtsuHe5wS2iJM1Q,5.0,2014-01-07 18:40:40
Pf7FI0OukC_CEcCz0ZxoUw,GBTPC53ZrG1ZBY3DT8Mbcw,2.0,2014-01-14 20:20:28
Pf7FI0OukC_CEcCz0ZxoUw,dEHHpeN5XDXLhMBGNzrl8g,5.0,2015-03-31 16:13:13
Pf7FI0OukC_CEcCz0ZxoUw,xZileQFJ7h-0QKjtGc9xgg,5.0,2014-01-28 17:55:17
PhDLk0sCfdUZU6yUlp5Ukw,HoKH4Rk7wHfVT-60aYIYwA,1.0,2016-02-03 23:08:05
Phta7D0IREvoW-XQTp9PLQ,2r8K64zBf81zBanmxniMkQ,5.0,2021-04-18 20:32:25
Pj7oG3izwwQrTQi07PBkyw,ObkVEcYUuf3efg-0V_WYfQ,5.0,2015-01-26 00:27:22
PjlODGyIXjOGAM3F8Vctxw,v17tgCRjuPQiFOq4uvEI-w,5.0,2016-05-11 15:17:03
Pk-dihlvXRaVfE65ghVOLA,of-GVqY0G_UDHXT9Xg_ADQ,5.0,2014-06-05 01:29:46
PkNs-Rw6MHQfu6j5pBZMMw,tthy48ZIX_wfY8Dy0Dvg6w,5.0,2017-01-04 06:47:02
PlkcpVx74F5bcjTznVoTEg,9xIGw5YaYLlqZ4dfnQ1kKQ,4.0,2021-04-21 18:19:38
PlkcpVx74F5bcjTznVoTEg,BA3IeQf3wQHixCGWS-O_YQ,5.0,2021-09-26 21:58:15
PlkcpVx74F5bcjTznVoTEg,I_3LMZ_1m2mzR0oLIOePIg,5.0,2021-09-26 21:57:26
PlkcpVx74F5bcjTznVoTEg,IkY2ticzHEn4QFn8hQLSWg,3.0,2021-07-20 20:58:45
PlkcpVx74F5bcjTznVoTEg,L5LLN0RafiV1Z9cddzvuCw,5.0,2021-05-20 03:19:51
PlkcpVx74F5bcjTznVoTEg,PP3BBaVxZLcJU54uP_wL6Q,4.0,2021-07-20 20:59:51
PlkcpVx74F5bcjTznVoTEg,Qw7tz-UkPrpXaVidWuab4Q,5.0,2021-10-08 17:33:38
PlkcpVx74F5bcjTznVoTEg,aqqZT3wqqhIkuvVxNrnbLg,4.0,2021-05-20 19:33:50
PlkcpVx74F5bcjTznVoTEg,kjhIbW8NKRvXmLDwz7lzhw,4.0,2021-09-02 22:45:19
PlkcpVx74F5bcjTznVoTEg,lFs4LIQn_kbsLozQzk-4Qg,4.0,2021-07-21 18:47:55
PlkcpVx74F5bcjTznVoTEg,maOMGu_2dSHKydBgZdTsvQ,5.0,2021-09-02 22:39:56
PlkcpVx74F5bcjTznVoTEg,v_AbyvMdKUi_ac4A8nkG-A,5.0,2021-09-02 22:42:17
PnwOegp7RXfMeNAyO9fQhQ,bU3Z7IiLY0-6sswo8WXeKQ,5.0,2016-01-26 17:50:28
PnwOegp7RXfMeNAyO9fQhQ,khJNtyRfPwQ0ybr3tPeZ3g,5.0,2019-02-12 00:43:31
PpUKzltQOf2ptVuKxTyeVQ,tUkv0ZxUAdpyv8qhgRU5TA,2.0,2014-04-19 12:51:06
Psjc3sESRvpqTMyohwPveQ,0UJqTczta018RoktahC0jw,5.0,2018-05-03 04:42:59
PuBoKD0j74RzFa-xQMzjmQ,PP3BBaVxZLcJU54uP_wL6Q,1.0,2008-05-22 21:27:25
PuUX4JFMYDI8C4lQQg8R_A,lQ58_4SzdETRSw0h8tilhA,1.0,2014-07-14 20:06:29
Pw9qJsQpTigVXnXYzkHAGA,ec0MU8FMDBRM6pLaYbWZBg,4.0,2019-01-03 00:21:10
Px7Wv8upFSmB4660i9bOsg,zwd4dyQ5ovnjVojWfAuhMw,4.0,2011-12-27 23:55:39
PxO6LX6hkTUHo916Ht_ahA,EfqMKBHZ3f1Fetrf9KjY3g,5.0,2011-03-23 17:08:39
PxtTzk45ISAdLNDXfmII_Q,F-c7uFx2dsncXXJrgMXKyw,5.0,2021-01-09 20:10:47
PxtTzk45ISAdLNDXfmII_Q,q_PFmdGcKx2H7z2ze8H26w,4.0,2020-05-07 16:20:55
Py5sN3OKoFZ4J90rLosiKg,Eqfks4GEn5dsI4ZGiPrCVQ,2.0,2013-08-16 21:27:29
Py5sN3OKoFZ4J90rLosiKg,kldw3rf8_T6J2LxsetQ5UA,5.0,2013-03-31 08:17:42
Q-Aa04TTvMJgQTP97sHxiw,WO-ofNAvSuJpdRt9Auon6w,5.0,2018-02-01 22:41:10
Q-wgI0PPBJQQX94TCUDp7A,dGUyXgFW1WSYMgRypKaYew,5.0,2014-01-26 20:33:59
Q4EAPcnRENIIHFBmO3JLvQ,5SbXk54zWe22jg95R-8Fjw,4.0,2021-09-26 22:26:19
Q4EAPcnRENIIHFBmO3JLvQ,BHx1SM6rfcowh0DwY-rwfQ,5.0,2021-09-26 22:22:09
Q4EAPcnRENIIHFBmO3JLvQ,IPXIR7DS-9gxbEYSJfysHQ,4.0,2021-09-26 22:24:19
Q4EAPcnRENIIHFBmO3JLvQ,uZsStnH9w2xY15og9VsQZA,3.0,2021-09-26 22:29:24
Q53Sv_kAzu5OKy9eH1n1HQ,_nqrmx5xKLQyrbmjhwiiuA,5.0,2015-10-26 15:09:50
Q6E66wyWs8OOC_KxDLT4MQ,BMKJ3JyD_r_SQ1JXAzo1Hw,5.0,2020-08-24 21:34:46
Q76LHwVAsX8ZwU9n_g8OXQ,ytynqOUb3hjKeJfRj5Tshw,4.0,2014-02-04 23:12:38
Q7s0sXMfeiBup8BoRwuSLg,XeeTJDWyvj6JSDxGgG4A6A,5.0,2018-07-16 15:41:42
Q8V8JWWQNrpvD2bXC3cPpQ,9kv9JpLhzkN3UeWZDrsmEA,5.0,2011-12-15 07:39:28
Q8ehc_ZPMZxQXeomyqGIhw,2D-8pjS2NB9ut8AIUFEu2w,3.0,2011-11-09 01:17:13
Q8ehc_ZPMZxQXeomyqGIhw,7sN7b3Z1Ywge1INmGf6FgA,3.0,2012-02-12 18:46:11
Q8ehc_ZPMZxQXeomyqGIhw,8ZLaJ0IpIdzaPcF05BThIw,1.0,2011-11-10 01:20:52
Q8ehc_ZPMZxQXeomyqGIhw,BHhSUjAJjbV2SnnvWsFmWQ,2.0,2011-11-06 22:49:52
Q8ehc_ZPMZxQXeomyqGIhw,aCahbvq6zBX2jUReMlJq6Q,1.0,2011-11-11 04:06:36
Q8ehc_ZPMZxQXeomyqGIhw,xYEeA5rK8nQxSbETixCQbQ,4.0,2011-11-13 01:30:18
Q99J-AfoyS1GEaYxWJ7LSQ,sxuv5uZU15UHGT_HB1xYxQ,1.0,2018-03-20 23:08:25
Q9c2FM5DBHmSHp5sDdc6uQ,pWuoHHu0LuVrD0HjadDygg,2.0,2019-01-27 22:25:46
QAGZPigQwBWjRc6Pgu7tcQ,6SYG6M05gIwaj3doas6X9Q,4.0,2019-12-05 15:44:03
QAGZPigQwBWjRc6Pgu7tcQ,mcr1lAEdvGLMJhuPwI3I2A,5.0,2019-10-07 21:20:41
QAsPn0I7QQHWbQy203Btfg,g2zwbLIqxtN9nGGuL43trg,2.0,2013-07-29 18:56:06
QBzvPl4XPFvQFDQNZvd1fQ,GXFMD0Z4jEVZBCsbPf4CTQ,5.0,2017-06-16 15:41:19
QDxlTKRvvUdxOZkCE55XvQ,p5rXRkSJtAKcWd4GY71avQ,5.0,2016-05-17 15:04:36
QDxlTKRvvUdxOZkCE55XvQ,v1Uesklh8DpEufYOhTq4iA,4.0,2017-05-22 23:29:03
QEpx7OSUHQ2ck42Ir5Rxhw,pWuoHHu0LuVrD0HjadDygg,1.0,2020-06-21 01:51:24
QEqHKXoD61jM_Cd6RZuqZQ,ww3YJXu5c18aGZXWmm00qg,4.0,2020-02-11 20:53:54
QGMX1H6WQTp-o8Qq3uO3dQ,Meww6RIE4cFL_kG0aRlbAA,4.0,2015-09-15 21:54:38
QGMX1H6WQTp-o8Qq3uO3dQ,ObZu0-S1VAqAuCbAF5AFvw,5.0,2017-09-26 17:50:15
QGMX1H6WQTp-o8Qq3uO3dQ,lPx8jUBfK1K6u3UgowU5mg,5.0,2018-11-06 17:03:03
QHQ0y71kVDMBKvrq4OGsQQ,Gekeq1c-fuezmx0PSGQvzw,2.0,2011-08-30 02:02:22
QJ6NNkFfwl-POaj6A_48eQ,_9x1oSQghxEPuUeb5NPShw,1.0,2008-10-02 15:31:33
QKhJkTpDuwnR6TozGT1eqg,PP3BBaVxZLcJU54uP_wL6Q,5.0,2010-02-26 06:41:18
QL_Mxy1zYDX35ZV3Gj7UGA,fN17POyxijqDNBBe2UGZkA,5.0,2021-02-17 23:12:33
QMWOqJfUa9w24s9oEfd0Mg,465bLtUgHq0mgLCleSTLDQ,2.0,2013-11-25 19:11:25
QMqSgBqSrlRhz2B0UiORjw,EagkHaaC-kUozD3MPzbRIw,4.0,2014-06-22 04:07:20
QMqSgBqSrlRhz2B0UiORjw,UGefDZNmnBztS0eoXWtHyQ,2.0,2014-06-19 20:46:40
QMqSgBqSrlRhz2B0UiORjw,VVH6k9-ycttH3TV_lk5WfQ,4.0,2014-06-30 17:40:21
QOwTc4i67airni8tVXmdaA,HpmsY3JJ4gIuS8EiVHwMJw,2.0,2016-05-25 20:48:17
QPggVAGP4X4bqfwP1id7Pw,fUlCcUBeYRC80S8iWgccAw,5.0,2017-05-12 08:51:13
QQtoHnP0cP7nzNnUob_1CQ,8NyDM-FDoWEEeEG9XUwnbg,5.0,2015-09-27 14:42:29
QQtoHnP0cP7nzNnUob_1CQ,KLCb0nSVjH5er1Ui6bZWdA,2.0,2019-03-10 20:15:49
QQtoHnP0cP7nzNnUob_1CQ,ZTctPm8-lBy0iJ9dFhYhyQ,3.0,2018-04-04 23:09:33
QQtoHnP0cP7nzNnUob_1CQ,dju1isgEvDd74tLTDkk5DA,1.0,2014-03-18 02:07:45
QR4FUqrxxDNJ9DTbvJjAZg,pBl1CSeYKbWMSrqgglIMDw,5.0,2020-07-23 03:32:37
QRUCiW1LwtHiRDjorK3UHA,-pyobEWdpZ6jUp42f3I2xw,5.0,2013-01-07 14:21:51
QRUCiW1LwtHiRDjorK3UHA,17MK8qagV374AuUA4sXuIA,4.0,2016-03-07 16:42:30
QRUCiW1LwtHiRDjorK3UHA,FYhsm9Efvw8lw7zAOIDUbg,4.0,2013-12-18 13:45:10
QRUCiW1LwtHiRDjorK3UHA,Iyopb5uFIBT_HOgp8ipSfw,5.0,2013-01-29 15:12:44
QRUCiW1LwtHiRDjorK3UHA,bjPUhanWoinHi2kywvVzBA,2.0,2017-12-27 22:48:11
QRUCiW1LwtHiRDjorK3UHA,dlFdjPUJI1eqRs8WVPE3QA,5.0,2014-12-08 20:29:08
QRUCiW1LwtHiRDjorK3UHA,oJxsRgj8Un9VAPXpaDuufA,4.0,2015-05-13 16:32:31
QRcEELTO1nSZsl5Gkh2PSw,bEw98BIWaAUjL7VNpZ7Crg,4.0,2018-01-26 12:27:39
QSEWuvTO2ynIyr79Bw9k6A,KHe6HAqmyioITwTvg9Bbcg,5.0,2016-08-18 17:48:05
QSIoCtJ1emofP1My3BfmHA,CQD7-sfUiADa6KyTYJT2NQ,5.0,2020-08-05 01:04:46
QSNzozwTwY9UU3QNvf-3jA,2KIDQyTh-HzLxOUEDqtDBg,5.0,2020-01-19 19:13:57
QSNzozwTwY9UU3QNvf-3jA,kKPJLiHIr9Gd9sYs3GhxDQ,2.0,2015-06-19 01:34:48
QUic4Ja79PQ7wU5fHlBDOQ,9xCprW96TZFLajnnN-w8Pg,5.0,2020-09-11 22:51:51
QV1ijKhfCbhm4SrVG6FT_w,9cybDNxJ7cyNVkmwm-ktcg,4.0,2018-09-11 22:47:36
QV1ijKhfCbhm4SrVG6FT_w,XCDXN4xJh3-DauaO88CZHQ,4.0,2018-09-08 22:50:59
QV1ijKhfCbhm4SrVG6FT_w,fusQg9Pj0xUC8CzbO2IHrA,5.0,2018-09-13 23:01:18
QV1ijKhfCbhm4SrVG6FT_w,h_tRcijFYxrUiZ59FXfBOQ,3.0,2018-09-13 22:58:49
QV1ijKhfCbhm4SrVG6FT_w,j8JOZvfeHEfUWq3gEz6ABQ,5.0,2018-09-15 00:38:11
QXp0kkWHP7HIDbVCS-N4NA,wzIN0IqcNOnUjwuzRoG9AA,5.0,2018-11-11 15:31:34
QYxywQOPiK9dxBxahEMORg,vDU_pwTCyHBPs-JoklOMWQ,1.0,2013-02-28 20:18:00
QZ8hBQ0SMeGyj-wYPZ0RYA,JxC9SCQF4aS2lHhRNkKjsQ,5.0,2013-03-10 06:42:52
QZL4XXDVu1IBgjbHkp6kqw,ghLjxj4HoSHdflBEz2lIqA,1.0,2019-03-05 02:04:25
Q_eqoBUn89G_ArezEmOoHw,fgTOJRkc703E4XRdcr5zRA,1.0,2016-05-08 15:32:40
Qa2NoSc6DphQArihBgY9Gg,Gekeq1c-fuezmx0PSGQvzw,4.0,2009-03-04 06:57:17
Qa2NoSc6DphQArihBgY9Gg,f82dhKNiUXsDVPMLqKYiIQ,3.0,2009-02-08 02:49:31
Qa2NoSc6DphQArihBgY9Gg,wW5vhwrEHrncilGva_63fQ,1.0,2009-12-02 05:29:26
Qaa2sxNfZyTUcmu2hpGTgw,2njTjQ35skXN171KoobeGg,1.0,2021-01-15 21:22:36
Qaye2ONLtDqIdFpuLqq77A,GBTPC53ZrG1ZBY3DT8Mbcw,5.0,2014-02-21 14:00:17
Qaye2ONLtDqIdFpuLqq77A,oBNrLz4EDhiscSlbOl8uAw,5.0,2015-06-06 16:23:27
QboLeletgPOudZruhPJILQ,JIf1gHuAp_abYX7i1b2Y-w,5.0,2021-05-21 20:36:52
Qc5HfT-U-EmvShnEba8DRw,Q_Wo3rX84Dy-YdQsiDmrWw,1.0,2014-09-18 02:13:54
QcTi1zVIsOdmb5_KFqilew,gjbmwlYUImb2lQBp5LV3KA,5.0,2017-01-06 23:22:31
QcckMs29Z47tuSyWDCMUlA,1FURjeGJi_LBXcJQg8eskw,5.0,2019-11-27 04:38:20
QcckMs29Z47tuSyWDCMUlA,QLHgjBHBoeIUoEvIPvjHnw,4.0,2020-07-19 19:36:39
QcckMs29Z47tuSyWDCMUlA,XgehM3pBZWuXi45J2dqRJQ,3.0,2020-07-12 02:29:34
QczCdRxNPg08FGbrj9n0VA,Oh3Q3QfhMl2DArFiLUrT9Q,2.0,2014-09-13 01:44:13
QdADKJ8zTuybNCkOrTtWSA,26jYcdFR5oLqKDKpTH0JIQ,5.0,2018-08-22 04:36:30
QdADKJ8zTuybNCkOrTtWSA,8uF-bhJFgT4Tn6DTb27viA,5.0,2021-01-01 16:14:13
QdADKJ8zTuybNCkOrTtWSA,N1Kv9Uxx4ZHeooGcpNe_RQ,4.0,2018-08-22 03:15:46
QdfFtp430K_-BP1GTPNnDg,yoS-4wkVn6StLiK3RL1bSw,3.0,2016-06-15 18:29:04
QdyCy_QvR25aQNwFs3L4EQ,tILA8ctsD_OZIcM2IfSyQA,1.0,2017-12-22 01:53:25
Qeb836FEX2AKW4-yeaCi7A,KHe6HAqmyioITwTvg9Bbcg,5.0,2015-09-28 14:16:12
QfGuimcRALWB6WiRtXXJ2w,Eqfks4GEn5dsI4ZGiPrCVQ,2.0,2014-03-26 20:23:50
QfGuimcRALWB6WiRtXXJ2w,wj8XtPyuREj8_0GQz3LZ6w,5.0,2013-03-16 19:11:16
QhYJx2jQdPuSq3fGe3aGcA,kBgiy6ulQRiATWFPZjTPKA,4.0,2018-09-23 09:46:29
QhYJx2jQdPuSq3fGe3aGcA,mmIF5p4HqyrKSs805mm1lA,4.0,2019-10-11 07:50:36
QiLRN_sdJSGkWtJnPCwE3w,UBIG1I0th2sSLekfXo-7jA,3.0,2019-05-21 02:09:52
QiLRN_sdJSGkWtJnPCwE3w,elEQxid6rZ3tRZF1Kwkr9A,4.0,2019-05-27 16:41:59
QiLRN_sdJSGkWtJnPCwE3w,ywBRJjqtj2xIfsWzs8ungg,2.0,2019-06-12 12:09:18
QiY3EJSuHDGIgEwogMbj-w,Hh8jUR0mtVXkAnv8XDZjyA,3.0,2021-01-16 05:04:25
QjslceHUb2_JitdU-eFKZA,L-icd2tQI8QwKxBvJ7m0rw,1.0,2011-11-04 22:38:13
Qk1BkBOZ1rnkQwExbhtrsQ,9b-LZWsj75mmfMYuChXDkg,1.0,2015-11-09 22:11:35
Qk3tHYH7y1OUyC57_Om5og,0AQJ-QTu7GtxaP4SoD07yA,4.0,2016-10-26 03:44:14
Qm2Zio4z2YcJ3eGs4CSAzA,J8S7cPPlTgsQnXKVfTyN8g,2.0,2009-07-25 15:58:18
Qms8xNMjY0PSq-SWgZiuuw,J8S7cPPlTgsQnXKVfTyN8g,1.0,2013-06-05 03:02:23
QnHPBx3ZQRBHEYqbZO_5LA,27TyycLr6a5ju7ROXAtbbA,3.0,2015-09-28 20:32:53
QnHPBx3ZQRBHEYqbZO_5LA,YPLfRswyryjjW3VJa-SdaA,4.0,2016-02-09 09:54:13
QnHPBx3ZQRBHEYqbZO_5LA,vgNNwYjdZ_waBvgUcwtefA,3.0,2016-02-09 10:15:08
QnIrewrXxFnssw_gG1gF-Q,-p1n0tJURpNW5vwM0dGBcw,4.0,2016-03-10 13:58:13
QnIrewrXxFnssw_gG1gF-Q,2kfa2IBX3oy2zQX4PAkEpg,5.0,2017-10-31 14:45:36
QnIrewrXxFnssw_gG1gF-Q,3cT6KPlkOQGZv2Lk7p9_1A,4.0,2017-04-17 13:08:14
QnIrewrXxFnssw_gG1gF-Q,6Ty-KKWq6hLZYW8DWEHYvg,5.0,2017-04-13 12:53:54
QnIrewrXxFnssw_gG1gF-Q,9ocQBw69M6V3N9LUafw2dg,5.0,2017-10-10 14:43:29
QnIrewrXxFnssw_gG1gF-Q,Cs0adaMTxJWTDSzuQ3vheg,5.0,2017-11-02 12:32:07
QnIrewrXxFnssw_gG1gF-Q,GBTPC53ZrG1ZBY3DT8Mbcw,5.0,2017-05-23 12:30:56
QnIrewrXxFnssw_gG1gF-Q,GXFMD0Z4jEVZBCsbPf4CTQ,3.0,2014-09-09 13:20:02
QnIrewrXxFnssw_gG1gF-Q,JVFHfavzvCSdh72qWi1eZQ,3.0,2017-10-17 12:19:50
QnIrewrXxFnssw_gG1gF-Q,Jzb2IQSwPfULWzdl9Bq5fg,4.0,2017-10-30 11:50:07
QnIrewrXxFnssw_gG1gF-Q,MIKYzWkBnbo3YUhqZUWlEw,4.0,2017-04-05 14:39:57
QnIrewrXxFnssw_gG1gF-Q,OWOOc0YjU_kioLeEgo5VCA,4.0,2015-07-10 18:42:17
QnIrewrXxFnssw_gG1gF-Q,PlaECqs3oPBRo47p85zkzw,4.0,2017-10-13 18:58:39
QnIrewrXxFnssw_gG1gF-Q,S2n_06z4lGLZfdJ53XAXQQ,3.0,2017-10-09 12:09:36
QnIrewrXxFnssw_gG1gF-Q,VVH6k9-ycttH3TV_lk5WfQ,5.0,2017-04-25 12:34:36
QnIrewrXxFnssw_gG1gF-Q,XCDXN4xJh3-DauaO88CZHQ,3.0,2017-05-09 12:39:21
QnIrewrXxFnssw_gG1gF-Q,dYYkzkiAQoOtRjdR0kcspw,5.0,2014-07-21 15:16:55
QnIrewrXxFnssw_gG1gF-Q,da_jniSpqeo9Z6FLCCh4jQ,4.0,2014-06-13 18:01:47
QnIrewrXxFnssw_gG1gF-Q,e42VEvA54BcgYadQ5dtykw,3.0,2017-04-04 12:27:16
QnIrewrXxFnssw_gG1gF-Q,ei7oceWOL-u1hXsraus7ng,5.0,2017-10-17 13:58:04
QnIrewrXxFnssw_gG1gF-Q,jSYu2apG1uYq3eNzSA-OHw,5.0,2014-07-21 13:12:31
QnIrewrXxFnssw_gG1gF-Q,kBgiy6ulQRiATWFPZjTPKA,4.0,2017-08-17 19:53:09
QnIrewrXxFnssw_gG1gF-Q,rrNF0siUBVQOOgsFVfGpKA,4.0,2017-05-15 13:06:16
QnIrewrXxFnssw_gG1gF-Q,uQnOVqRRLALRNy-kdu1LXQ,5.0,2014-06-30 13:26:48
QnIrewrXxFnssw_gG1gF-Q,x25wzC3pR8u57PyZkBYDnQ,4.0,2017-10-31 15:53:33
Qnhl0bvk_ELPdNxAU9TSMg,rZovLZwbox_O2Qk9x7Uuew,1.0,2010-03-28 12:40:37
QqMeCZMhTFbvz7Em1Jfq5Q,bLJP0fVgscuUQy0hE_CRXA,5.0,2016-05-01 21:28:35
QqMeCZMhTFbvz7Em1Jfq5Q,ngvE1G9IckUO-ljZBFo23w,4.0,2016-04-05 22:30:24
QuZbJquRtbY9O9JrB9NpxQ,E7dj-y6Mt5ESDH8PYlu5WA,2.0,2009-12-23 06:48:43
Quww99MxkPPxU1iKmo2QZg,8jXmNMrGJ2acUG1R-D5e6w,5.0,2021-02-10 17:36:28
QvfgYosCnCNuYR520D3dGw,QJcjW79f5k_HLg5_KgjUtg,1.0,2013-06-01 13:47:13
QwBClXu30xSDkAFuOxIkTA,As6rZWiimkoaV5mCAzf2tQ,5.0,2021-07-05 21:32:24
QwY_IrZ7Xs4N1ksO6GUBOA,GBTPC53ZrG1ZBY3DT8Mbcw,3.0,2011-10-11 19:28:02
QwY_IrZ7Xs4N1ksO6GUBOA,H41S-qS3NOUJSbIqWTuyIA,4.0,2017-05-30 15:45:37
QwY_IrZ7Xs4N1ksO6GUBOA,IkY2ticzHEn4QFn8hQLSWg,2.0,2014-09-05 16:26:40
QwY_IrZ7Xs4N1ksO6GUBOA,PP3BBaVxZLcJU54uP_wL6Q,4.0,2014-09-08 14:29:43
QwY_IrZ7Xs4N1ksO6GUBOA,iSRTaT9WngzB8JJ2YKJUig,4.0,2011-10-05 00:41:56
QxAqWsC5e-OjSHhU-8HVWA,f2KFAhVWZmFm63liyG8rVw,1.0,2011-04-15 15:58:25
QxD742BXbt8-AUc-KFJsag,1RerTYaZEAfmSARDhsZ-8Q,1.0,2017-09-04 18:07:37
Qy4qBiz_ZjNaEl8-uNmhwQ,trwHwsXOVV-ZmF-MtP98BA,5.0,2016-11-30 03:27:00
Qy8jvI2Uqtm7WO2F9tRjew,gwOiwfeHxBemcMV6u1dI_w,1.0,2015-06-17 21:27:19
QyTT8QswP1Mj3fT241eMEQ,W_SQ6CfxAZFx6liHLPyajg,1.0,2010-01-22 18:18:03
QyTT8QswP1Mj3fT241eMEQ,znx1v_c2IPKOXlYAbqFYvg,1.0,2010-02-19 17:32:27
R-SBZKv1XtuODkgkDEtt2w,A5b9nVDi1DPVvPOD24-p6w,1.0,2013-05-15 23:47:55
R-s0RjtnCRaeVW_dZ5DYbw,4SQ5uczVt66-GGGeNQRfEA,1.0,2008-09-16 15:27:24
R-s0RjtnCRaeVW_dZ5DYbw,mK5gu18whrKEG8aojSzpbA,5.0,2009-07-21 14:27:56
R-s0RjtnCRaeVW_dZ5DYbw,wB1Tin0OW1JRpaKM-E3ZYA,5.0,2008-04-21 15:18:13
R0NPQEVtdE-3atyhMFt6PQ,WzAxy5vdpQzahHIN4OMQnQ,2.0,2019-01-23 01:46:42
R0UpTIyy6JPU9RBcPNkvFQ,MG_wIwRBwyNnCAEMXe9Jqw,5.0,2021-06-10 02:49:47
R0UpTIyy6JPU9RBcPNkvFQ,UH1Baremef79qGhPQ0Ef3A,5.0,2021-01-07 00:17:32
R0UpTIyy6JPU9RBcPNkvFQ,oCbJpGl8IkH1WdYa25TDBA,5.0,2021-01-15 02:56:53
R0UpTIyy6JPU9RBcPNkvFQ,wzIN0IqcNOnUjwuzRoG9AA,5.0,2021-08-14 17:30:13
R0UpTIyy6JPU9RBcPNkvFQ,yLh19zRsOYbs2ukRTEhkpA,5.0,2021-07-31 07:33:26
R0_RUi0dGRe_yZ5JLZgvRQ,Tyub4uN0yku6wyS1JWMejA,5.0,2018-10-23 13:57:53
R0_RUi0dGRe_yZ5JLZgvRQ,W72rYffSVg0pIaOpRgNniw,5.0,2019-02-05 00:49:29
R0_RUi0dGRe_yZ5JLZgvRQ,eGK4SEZakzmUzIKBfo_b2Q,5.0,2019-02-24 17:05:30
R0_RUi0dGRe_yZ5JLZgvRQ,xLiN8ZqDaTEn0AXdhRZ-Xg,3.0,2020-02-09 02:21:35
R4C_SnVN4uycHnYnpdUgIw,dGUyXgFW1WSYMgRypKaYew,5.0,2014-05-22 04:58:58
R53y0qIWqJZxnbyWNDbrMg,3yW8-dUi1wwCEf0URxUA7A,4.0,2015-02-07 23:44:21
R5HRoJ2Wx6pWnlBRuPmUrw,IE-5GIHlAINr0zO4lrJ_Lg,5.0,2021-06-09 16:25:42
R5Nh8wSPHCnPLXwpybQOiQ,2TK1p6uIO7dHDWOQeit0Fg,5.0,2017-07-19 17:20:25
R5Nh8wSPHCnPLXwpybQOiQ,5ln4ESCi6mnfTBx4bYr4dw,2.0,2016-02-02 21:59:31
R5Nh8wSPHCnPLXwpybQOiQ,O0CyCnSFr7cYK78nH2w25Q,5.0,2016-07-15 18:51:52
R5Nh8wSPHCnPLXwpybQOiQ,OVbuOxR3zXExZCKLXewaVg,4.0,2017-09-15 16:35:30
R5Nh8wSPHCnPLXwpybQOiQ,WB-eQAgw88fbr15eY761CA,5.0,2014-06-17 01:11:14
R5Nh8wSPHCnPLXwpybQOiQ,_12864iQDcnAs317NlF0hQ,4.0,2014-10-29 20:44:20
R5Nh8wSPHCnPLXwpybQOiQ,mtpbu6J2Jg7RkmTSEEXtFQ,4.0,2018-02-28 18:31:52
R5Nh8wSPHCnPLXwpybQOiQ,w4wYlGd-ADrda22Z7zO0Nw,4.0,2018-11-25 15:08:36
R6wr4CdbpF9hI9GseQMnCg,u9vhzYtXpfyvAOAMnyy-Cw,5.0,2010-08-14 02:55:41
R7C_PGUiBgJbIgXNkk1I1Q,Rv8bW3pkzpi5dZu5ckbgtA,4.0,2017-07-22 23:17:34
R7C_PGUiBgJbIgXNkk1I1Q,muxda1cSVtplETqTfYVgZA,4.0,2017-07-26 23:28:41
R7NM7vIyUfSTXvMsw7jNTA,yzcZ0VkgyxmiH5M_87ADOg,5.0,2021-06-28 22:28:23
R89TKW1yIFeIkS_eDBI0pw,4Ys7xbHfIKiCWRw2_7gJ-Q,1.0,2015-10-21 16:18:53
R95jUAYcnhesh9L5kCSeSA,6yatV6JGRBJXgyJmXY9Fgg,5.0,2016-09-22 20:25:24
R95jUAYcnhesh9L5kCSeSA,9datL-qMsIdhMHb3apzqeA,4.0,2015-02-12 15:38:45
R9IJ1Byr27n6wXj3QvJ2Lg,-tDmeO1Q5aqThVY3AFJJ7A,4.0,2021-05-01 22:36:25
R9IJ1Byr27n6wXj3QvJ2Lg,-ymffdKa-pkGZa8sDDjSig,4.0,2020-07-08 21:52:26
R9IJ1Byr27n6wXj3QvJ2Lg,0ZcYZNGb85gscHglo04qSA,1.0,2020-10-02 01:17:23
R9IJ1Byr27n6wXj3QvJ2Lg,3u4tRuGoPfAAw36b_yO-4Q,5.0,2021-08-02 03:33:50
R9IJ1Byr27n6wXj3QvJ2Lg,6dDC5PSmPEoJYuM8r8dN_A,4.0,2020-12-30 16:03:52
R9IJ1Byr27n6wXj3QvJ2Lg,CPPOKMjjE3-au0BWdbC95Q,3.0,2019-11-27 01:00:35
R9IJ1Byr27n6wXj3QvJ2Lg,EaqASiPkxV9OUkvsAp4ODg,4.0,2021-03-11 21:13:36
R9IJ1Byr27n6wXj3QvJ2Lg,G-p4c4MRyLRXi4D4XEKFLg,5.0,2021-09-13 01:13:47
R9IJ1Byr27n6wXj3QvJ2Lg,HaQ1gzgyWJHwTIe1eS5NFQ,4.0,2021-01-07 02:26:43
R9IJ1Byr27n6wXj3QvJ2Lg,KJUc4AfxB3meP4X2iZMQug,5.0,2021-05-21 02:34:16
R9IJ1Byr27n6wXj3QvJ2Lg,Mr0Ph0NoO7l-r8uXReUOwQ,4.0,2020-04-30 16:16:44
R9IJ1Byr27n6wXj3QvJ2Lg,OR7VJQ3Nk1wCcIbPN4TCQQ,5.0,2021-07-16 02:43:31
R9IJ1Byr27n6wXj3QvJ2Lg,OvREyM6JzUogb8yQXXoF0A,4.0,2020-04-01 13:15:37
R9IJ1Byr27n6wXj3QvJ2Lg,QCaidu0NAS_sseca_xe4hQ,5.0,2020-11-14 16:04:50
R9IJ1Byr27n6wXj3QvJ2Lg,UuuBYchJI23ddIoKl8fPfA,3.0,2021-03-30 18:37:10
R9IJ1Byr27n6wXj3QvJ2Lg,V4WIP6XR8cF-vj2GpwhDhw,4.0,2020-08-15 18:17:35
R9IJ1Byr27n6wXj3QvJ2Lg,WM89sIfap8g0JXmwXoEOcw,4.0,2020-04-27 20:23:27
R9IJ1Byr27n6wXj3QvJ2Lg,bEw98BIWaAUjL7VNpZ7Crg,4.0,2020-09-09 13:49:19
R9IJ1Byr27n6wXj3QvJ2Lg,dEHHpeN5XDXLhMBGNzrl8g,2.0,2021-02-02 20:50:46
R9IJ1Byr27n6wXj3QvJ2Lg,dpwkz52tHB2MCPv53I2aRA,5.0,2020-06-13 02:44:25
R9IJ1Byr27n6wXj3QvJ2Lg,eIKjxqdMduIeIqzPg7yc-Q,5.0,2021-04-22 15:58:24
R9IJ1Byr27n6wXj3QvJ2Lg,fchpEk-UJf_AUz-51LEidg,4.0,2021-08-16 02:35:58
R9IJ1Byr27n6wXj3QvJ2Lg,hjRxa6xpKOwnbUgGvVCE5Q,4.0,2021-10-27 23:28:35
R9IJ1Byr27n6wXj3QvJ2Lg,lM20OuidM_XjYIvoxSsGew,4.0,2021-01-24 03:37:45
R9IJ1Byr27n6wXj3QvJ2Lg,q7mKAD93-EeSpeOa9Hu4BQ,5.0,2021-04-09 16:23:53
R9IJ1Byr27n6wXj3QvJ2Lg,rZ6i69fbbLdgiIgmU5sFUg,4.0,2020-10-27 22:37:33
R9IJ1Byr27n6wXj3QvJ2Lg,uihNp1cyWmHkma4U0MJHow,4.0,2021-02-25 01:36:26
R9IJ1Byr27n6wXj3QvJ2Lg,vHr8qhM4CXYB3Ol_9yS6QQ,4.0,2020-05-11 00:50:05
R9IJ1Byr27n6wXj3QvJ2Lg,vKbCtJEwGnew-BpGIIzxJw,4.0,2021-08-11 13:30:32
R9sjNOCNvvfprh-AuXah-Q,B6Lvq3sOYwhKxPzadDka9g,1.0,2012-12-22 16:57:02
RAVr_68v9aXWs9haVSYcGg,iZ9fg8Dm3SsHa5BqXktGtw,1.0,2016-10-05 01:05:13
RAbMY5K5fwufByqVR1VZYg,CSRJYftc_THPHSJQAqghCg,1.0,2018-02-10 18:55:14
RAbMY5K5fwufByqVR1VZYg,UFCN0bYdHroPKu6KV5CJqg,5.0,2017-09-20 02:00:42
RBzELkwCOCla8yRrMZDGHQ,pJD9h8b6VesW5zpWB7sowQ,5.0,2016-01-23 19:36:07
RCFkgRl54yHMXLtS80-DbQ,wzIN0IqcNOnUjwuzRoG9AA,5.0,2019-01-02 15:51:47
RCXX__k3R2Zf1kzmTpopWA,fOTDwlJdgwuGTbYrjt_88Q,4.0,2016-06-05 00:40:59
RCZG5A4w_oFZYbZvs0uGLw,Nvx2MceKWAtikcAxk_TBMg,1.0,2014-11-25 08:19:00
RDhCew67Wwz33_2_Jpxhew,yE6aDcbbK8pmvNroXnQYQA,5.0,2015-07-21 21:04:29
RDhxRSAkOxB_dubhROyjzg,IGrnxa9v6C1mTwWMjt3_9w,5.0,2014-10-07 02:30:03
RDhxRSAkOxB_dubhROyjzg,SI3q166YxgbxzQxMfpiWjQ,5.0,2013-05-08 14:51:46
RH8JESsGvT8820VDArFyJA,Gekeq1c-fuezmx0PSGQvzw,1.0,2014-08-30 16:00:29
RJH925_Ci598EuRx9JoGwA,BOq6aYbFAyCYNv_7O2mIMg,4.0,2018-05-10 16:46:36
RJH925_Ci598EuRx9JoGwA,E7RtIisUoRMcADSebBgNAA,4.0,2017-01-06 19:53:06
RJm5qxSw1Ct5VNrEOg1h_g,fC03dk7N8XV-RzGh0UJgmA,5.0,2016-12-31 06:17:06
RJn-TVWHbIs6HVoVwC3Y6A,-p1n0tJURpNW5vwM0dGBcw,5.0,2020-07-17 05:45:24
RKkg0t9Z4gv9zMa32Y7pvw,-tDmeO1Q5aqThVY3AFJJ7A,4.0,2019-10-20 16:21:37
RMC1Q93nHAsG0Am_7SRvIA,15OmkswaBLhN0X6UETqvaQ,5.0,2017-06-29 20:01:59
RMcLKAgkYW1AIsOTn-bBUg,0AQJ-QTu7GtxaP4SoD07yA,5.0,2015-09-27 04:07:33
RO5cFdw9n4T3Xwk0tWvA7w,tSXp6gz160xKuOKJpJUPCw,5.0,2021-11-30 02:04:57
ROdlbiYxN3kNh8tNHqT4LA,Tqt99-TsbRT4bmsXHyA1lA,1.0,2014-11-02 05:53:19
RQWQTxfhGGJ7bGgJ1EnExQ,2KIDQyTh-HzLxOUEDqtDBg,5.0,2017-11-21 12:21:42
RQWQTxfhGGJ7bGgJ1EnExQ,3dQaEBDWOyqDYhP3-ac7NQ,4.0,2016-01-14 12:53:42
RQWQTxfhGGJ7bGgJ1EnExQ,54mkE3xkqtpcgmwZPSyiIA,5.0,2014-11-22 19:39:30
RQWQTxfhGGJ7bGgJ1EnExQ,7EhTT4iEuA7JaaWA-eI3Qw,5.0,2015-02-18 14:12:11
RQWQTxfhGGJ7bGgJ1EnExQ,8m3-Xrqr2dkF-lLz5H1ZrA,2.0,2015-09-14 18:08:44
RQWQTxfhGGJ7bGgJ1EnExQ,B1OjiK9Bx5t_mIm9I6mZ-Q,5.0,2014-01-13 13:57:08
RQWQTxfhGGJ7bGgJ1EnExQ,va0tlKELSwfwuPpmsYhqSw,4.0,2019-08-01 14:26:08
RQWQTxfhGGJ7bGgJ1EnExQ,xoVTtQd6xRrFbQcdfH0dLA,4.0,2016-08-09 12:08:24
RQjtzwpJOU3-_g_KxsbgUw,aIoUwpy5ZFQXUDxWMnMZ4Q,5.0,2017-09-30 03:10:54
RQjtzwpJOU3-_g_KxsbgUw,cFoUuE6thjn88cVCTqYBHw,5.0,2019-04-13 22:43:34
RQoL5iuPK3g3nHLcLezT7Q,g2zwbLIqxtN9nGGuL43trg,1.0,2013-12-10 23:06:42
RRYFQo17zogtYBbiUK4l_A,L5LLN0RafiV1Z9cddzvuCw,5.0,2014-10-07 14:28:19
RRYFQo17zogtYBbiUK4l_A,SwBhaxfQPbyhsi0QHUAN0A,2.0,2013-11-17 00:32:19
RRYFQo17zogtYBbiUK4l_A,xoVTtQd6xRrFbQcdfH0dLA,5.0,2015-11-22 14:29:51
RRtMl0kS2ntfoxcQPJcmZA,zRjUMHQJ5gAmFhcXZtLacA,4.0,2013-12-04 14:52:58
RS4AjuF4glgClCkdgD4nDA,XwnkfMUiyH-OsJXbmbOK5g,5.0,2019-07-09 16:38:57
RT5LDpIgI0u2GlprpwwONQ,Cjwb7VQGP0u2eWYj1wnO3g,1.0,2010-05-04 13:41:58
RTQ9HEPfrUrtwSDtzY1cKg,9gObo5ltOMo6UgsaXaHPWA,4.0,2017-12-26 14:16:22
RUkLH1i152bEqfqwgnOpjA,68vO3osEXU00U5uLwsabPw,4.0,2016-10-18 21:26:22
RW8HtjnUlnAvg_l-yGdO7g,Se9CEgJEVxcWax1fStWuQA,4.0,2014-09-02 21:05:55
RW8HtjnUlnAvg_l-yGdO7g,e-fXMT8R3j7BKMTh8xn8aw,5.0,2015-07-13 13:28:30
RXHDqRPD5cDsQlcSO_-9Xg,JVZ_c3k01uAIas5B61iISg,1.0,2016-11-26 01:29:22
RYfd-Mn5jBdKkCitLKD2Pw,bN_9QgxdOIk4oK-6fBDJtQ,5.0,2016-04-01 20:17:02
RYsKa2UBPnKyCz1ddR_48w,_4bhVmlvT9dvqydQG2TOMA,5.0,2016-02-01 17:26:20
R_cli6kTPDOdJxo2kt-E_g,pG3BViWKznBrEPlbV9wxPA,1.0,2012-07-04 14:26:34
Rb1yFgZWNnoTmf9nPAgalw,l6ilG-3jakpirpfCS_LciQ,4.0,2013-06-06 15:33:21
Rb9h7rGhhE7m-a43nXlOXQ,6h7C53qLfwM7v3zKRqG0yA,4.0,2013-08-24 01:54:10
RbMta8rXN3nBaKbloDWeng,dGUyXgFW1WSYMgRypKaYew,3.0,2022-01-06 12:56:32
RbMta8rXN3nBaKbloDWeng,jSYu2apG1uYq3eNzSA-OHw,4.0,2022-01-06 00:34:48
RbMta8rXN3nBaKbloDWeng,yK5WnMiXZe5hmNFx0xXb-w,5.0,2022-01-06 11:51:59
RcwUJFb354noXCAjrbXB6A,xZileQFJ7h-0QKjtGc9xgg,5.0,2019-01-06 20:35:19
Rd4vMBN8EKpTwbRArLZlcg,J8S7cPPlTgsQnXKVfTyN8g,3.0,2014-06-09 16:07:24
RdJ7Ykelg8w4y5FTmxjT8g,P2Lm1g_RztvIaH4daQsXoQ,5.0,2007-06-29 22:49:07
RerTI-Q-8Rz1Z9Ioh3kAVg,Ul3hhOASszHUVxeN95XVNQ,5.0,2015-05-18 06:22:03
RgDVC3ZUBqpEe6Y1kPhIpw,0R2yKDNMUztQwgo8pG4z-Q,4.0,2009-07-03 19:36:30
RgDVC3ZUBqpEe6Y1kPhIpw,0oSSjekU-3GR8gselReWnA,5.0,2010-01-15 03:33:55
RgDVC3ZUBqpEe6Y1kPhIpw,0sb5sHF_BNcUzDxuia-D1w,5.0,2009-09-24 03:42:42
RgDVC3ZUBqpEe6Y1kPhIpw,1UNJeHTsS7WS9RxRzHw06g,4.0,2009-10-01 17:44:57
RgDVC3ZUBqpEe6Y1kPhIpw,2PWmnUV2Leb2Loj0TqxCMA,3.0,2009-12-04 20:40:58
RgDVC3ZUBqpEe6Y1kPhIpw,2pMdDOWl14rU4jdAH4oZXw,5.0,2009-10-17 23:35:17
RgDVC3ZUBqpEe6Y1kPhIpw,4hQxm6xckt0EGqfAGzQDyg,4.0,2009-09-07 22:48:21
RgDVC3ZUBqpEe6Y1kPhIpw,68jYcCg7p8zEeArIUgky9Q,5.0,2009-09-30 03:33:51
RgDVC3ZUBqpEe6Y1kPhIpw,6F-6mFFNw2YXN7lD_Gukcg,4.0,2010-04-08 16:57:56
RgDVC3ZUBqpEe6Y1kPhIpw,7hpUoYdAVToZXwuPRgoqdA,5.0,2009-08-27 13:13:59
RgDVC3ZUBqpEe6Y1kPhIpw,8j3blTZChklt3j89jxx0fw,1.0,2009-09-10 15:23:17
RgDVC3ZUBqpEe6Y1kPhIpw,99e7bysta1myyrQogFEWUQ,4.0,2009-08-27 14:50:20
RgDVC3ZUBqpEe6Y1kPhIpw,9mA9qYqiv4c0T9ASid3PIQ,5.0,2009-10-30 23:09:16
RgDVC3ZUBqpEe6Y1kPhIpw,J8S7cPPlTgsQnXKVfTyN8g,5.0,2009-07-29 13:56:46
RgDVC3ZUBqpEe6Y1kPhIpw,MM_v-KIUJiXLCxnkIqPKWA,5.0,2010-03-30 21:53:54
RgDVC3ZUBqpEe6Y1kPhIpw,Q-prSTdggNlxAEFV88BZOw,5.0,2009-05-25 15:39:23
RgDVC3ZUBqpEe6Y1kPhIpw,REiAM73RkOxFqCVlEFiRWA,5.0,2010-03-22 01:18:44
RgDVC3ZUBqpEe6Y1kPhIpw,S1FwTmCAwv5ulu5gToWi_w,5.0,2010-02-28 20:47:49
RgDVC3ZUBqpEe6Y1kPhIpw,WWEx8kEEjzV3mFu1dYfwAA,4.0,2011-05-16 22:46:14
RgDVC3ZUBqpEe6Y1kPhIpw,XVBhNSpKCMz1yJcFtgL2ng,4.0,2009-06-11 02:09:29
RgDVC3ZUBqpEe6Y1kPhIpw,_pKEjjvNINYXArJwQSsoOg,5.0,2009-06-18 15:56:25
RgDVC3ZUBqpEe6Y1kPhIpw,d28lZlSps97FHhXZazJ8zA,4.0,2010-01-06 21:11:18
RgDVC3ZUBqpEe6Y1kPhIpw,d5fAUl4lKaNxGfiXj4Kygg,5.0,2010-01-13 21:38:00
RgDVC3ZUBqpEe6Y1kPhIpw,d_tRshM-w6S4QxE4VVi8tQ,3.0,2010-01-27 17:17:52
RgDVC3ZUBqpEe6Y1kPhIpw,dpiaAGgEMm9Lf8dbx0yEJQ,4.0,2012-02-08 21:44:01
RgDVC3ZUBqpEe6Y1kPhIpw,fN12ywQpLXQ93bpwe1N_Ww,5.0,2009-06-25 20:48:04
RgDVC3ZUBqpEe6Y1kPhIpw,fhoqmnw5sXzj91-7yBW0Kw,3.0,2009-08-18 15:41:50
RgDVC3ZUBqpEe6Y1kPhIpw,mf0OyZ6DX2iKUFIV9TqFRQ,3.0,2010-04-28 14:31:57
RgDVC3ZUBqpEe6Y1kPhIpw,or_WcjWELDsssk2JruvJcg,5.0,2009-06-08 13:29:31
RgDVC3ZUBqpEe6Y1kPhIpw,qcguEeAMP0XwFLYqhwX2hg,5.0,2010-01-21 05:53:37
RgDVC3ZUBqpEe6Y1kPhIpw,wB1Tin0OW1JRpaKM-E3ZYA,5.0,2010-03-05 21:09:38
RhP4oyRMvxgYhSGHyJy_1w,IkY2ticzHEn4QFn8hQLSWg,5.0,2019-12-07 19:09:44
RhP4oyRMvxgYhSGHyJy_1w,NYj8uB9-u0SmRMNDNktb1g,4.0,2019-12-07 02:31:04
RhP4oyRMvxgYhSGHyJy_1w,OHzX-ZD9qyoeoxR8Z0dlIA,5.0,2019-12-08 22:44:31
RhP4oyRMvxgYhSGHyJy_1w,PP3BBaVxZLcJU54uP_wL6Q,4.0,2019-12-07 19:00:16
RhP4oyRMvxgYhSGHyJy_1w,Qw7tz-UkPrpXaVidWuab4Q,5.0,2019-12-07 17:18:52
RhP4oyRMvxgYhSGHyJy_1w,l4AjbrjS91Z70AYQbABxvA,1.0,2019-12-07 19:21:15
RhP4oyRMvxgYhSGHyJy_1w,sTPueJEwcRDj7ZJmG7okYA,5.0,2019-12-08 17:11:26
RiOvKcUrQ1_ymc6bXWc90g,dYYkzkiAQoOtRjdR0kcspw,5.0,2016-09-01 14:03:41
RkOdQL51_KAkxlGbIUIXIA,CxXYiJBkq9kqsgtdagqVgw,5.0,2014-08-01 23:26:46
RkY3bDoxG4a1FSA_tuD3Eg,d5fAUl4lKaNxGfiXj4Kygg,5.0,2018-05-30 03:03:37
Rm-fS0kR27Mrm0cMeqYyWQ,tUkv0ZxUAdpyv8qhgRU5TA,2.0,2012-12-17 01:29:47
RmDRlZsRr63cAWpmomMJrw,9b-LZWsj75mmfMYuChXDkg,5.0,2019-01-02 09:32:40
RmXIjppHNtVveguN10iO1g,NFzfuIFghE-HnrodHpaT6A,5.0,2010-10-01 15:58:31
RmXIjppHNtVveguN10iO1g,PP3BBaVxZLcJU54uP_wL6Q,3.0,2009-05-17 02:20:13
RoN7vGQN0FvrVp225ZF4Ag,HoKH4Rk7wHfVT-60aYIYwA,1.0,2016-09-05 00:21:59
RozW31TWJMSsBPjnzOZgbA,8MzF1Tlgz0pOkxmhP5dYzA,5.0,2020-11-19 19:21:27
RozW31TWJMSsBPjnzOZgbA,93UD654AB6IzMPFlQgwfOg,4.0,2020-06-02 23:21:39
RozW31TWJMSsBPjnzOZgbA,9VjTlbKOI8Tlo2gwkMpdgw,4.0,2020-07-18 23:43:32
RozW31TWJMSsBPjnzOZgbA,AcGOk0jbFkvI1QzDpkqA8w,4.0,2020-07-27 15:55:53
RozW31TWJMSsBPjnzOZgbA,B1OjiK9Bx5t_mIm9I6mZ-Q,5.0,2021-10-08 20:33:34
RozW31TWJMSsBPjnzOZgbA,BMKJ3JyD_r_SQ1JXAzo1Hw,4.0,2021-10-20 16:13:17
RozW31TWJMSsBPjnzOZgbA,E3Qk7xTznkT0SABL2ltpHA,4.0,2021-06-09 20:50:55
RozW31TWJMSsBPjnzOZgbA,I5jxUHS1Dp2rg40eDzyiCA,5.0,2021-03-28 19:29:18
RozW31TWJMSsBPjnzOZgbA,NHUEUVm5VfkbBwGrXOtitw,5.0,2021-01-26 19:31:08
RozW31TWJMSsBPjnzOZgbA,PigxRedNhAogtfXW2h0t5A,4.0,2019-03-04 16:30:33
RozW31TWJMSsBPjnzOZgbA,Ps7Q7BOKzJO4nDTUhbk43Q,5.0,2019-11-05 12:40:24
RozW31TWJMSsBPjnzOZgbA,Ucl9Vo5lwrUmYbV8Dv8X5g,5.0,2019-06-06 17:26:15
RozW31TWJMSsBPjnzOZgbA,VCGOGpOYnomj7o2qeVHHiA,4.0,2020-07-30 18:44:01
RozW31TWJMSsBPjnzOZgbA,ZtAO8lm9H05HSaPx47ArVA,4.0,2021-06-18 12:16:54
RozW31TWJMSsBPjnzOZgbA,aQFQIlyHasaTz5DtjV57nQ,5.0,2020-02-23 18:00:19
RozW31TWJMSsBPjnzOZgbA,dIpTuL2T1L98GQGU17IeSw,4.0,2021-06-02 14:49:54
RozW31TWJMSsBPjnzOZgbA,e0WnUHCMQBdSFQXFqGwXAQ,2.0,2021-04-17 19:45:03
RozW31TWJMSsBPjnzOZgbA,fgboXnRdTBPfiBMzpuQu1A,5.0,2019-11-27 15:53:38
RozW31TWJMSsBPjnzOZgbA,i_kM6kP4u4Wxr3o3_9XN_A,4.0,2020-11-07 12:27:53
RozW31TWJMSsBPjnzOZgbA,jmXrmPfM_X0dm-9OU8pUKg,4.0,2020-05-12 18:39:58
RozW31TWJMSsBPjnzOZgbA,mEudf3Z2rKw-DoEbsImUCQ,5.0,2019-04-13 19:17:23
RozW31TWJMSsBPjnzOZgbA,syX56DgsypCm35ZGASzuxA,4.0,2019-12-04 14:04:28
RozW31TWJMSsBPjnzOZgbA,va0tlKELSwfwuPpmsYhqSw,5.0,2021-05-05 15:58:35
RpCBawMgTjeAugLOmpd5Gw,znx1v_c2IPKOXlYAbqFYvg,1.0,2010-01-22 23:45:29
RpJwVBqxFOhNt58ti-Brig,VsH6yBTyJaA85-z6yz5JBg,4.0,2008-02-21 01:10:44
RpgDtSpeeSZUEnh2PGot-A,KHe6HAqmyioITwTvg9Bbcg,5.0,2020-01-10 18:37:02
Rrmb6UQUR-U3an6wy2h9wA,hkh5iyDeGLNhu-JUQFRE1Q,4.0,2018-08-28 08:09:30
RsSHMsYK9BIRr4d35yJOLA,UtVrrnZjUh29lcZZz7gFmQ,1.0,2021-04-05 00:00:12
RsnB0SOUAqgqCfamc0iZIg,rTXNiH-RROF1OQHVIn5qJQ,5.0,2014-02-02 00:44:14
RuYYtPAdhVjQ6u6GqmgZHw,4QMIJJWQOh7zpEwOXhFJqw,4.0,2018-05-10 14:56:23
RuYYtPAdhVjQ6u6GqmgZHw,7_1GqlDlbkShY0az7J0XNg,4.0,2018-05-09 14:17:34
RuYYtPAdhVjQ6u6GqmgZHw,HLh0we-7JQ322p6a7z5hAA,4.0,2015-10-19 00:34:09
RuYYtPAdhVjQ6u6GqmgZHw,TjBvLFDUj2Hz6bkELIJbng,4.0,2020-03-04 14:02:30
RvI9RpAqywu6jRah1edJDw,bLJP0fVgscuUQy0hE_CRXA,4.0,2018-03-04 06:50:05
RvnKitrRUKt41GpBM0xGxg,KHe6HAqmyioITwTvg9Bbcg,5.0,2017-01-06 04:59:16
Rw-yMXT_D30SxQwrkRfxZQ,Oh3Q3QfhMl2DArFiLUrT9Q,2.0,2014-03-18 17:35:18
RwLm-HWnXh8LtWnie0_kIw,AMIEPDGK0AhOCmWKmRruwA,1.0,2012-03-29 16:32:38
RwPKUrc0ae54hV1DWU1MsQ,Dkd-YyNmNwVs8PzmEaTIXQ,4.0,2018-10-07 11:32:15
RwYB0r8kSt1WjTGUEDCPAg,MFxRPt8-B2xTYmon3s84kg,5.0,2019-12-15 05:07:55
Rx-113l9m4ex64C8DZPEbA,pWuoHHu0LuVrD0HjadDygg,1.0,2011-08-24 00:06:32
Rxmww5nPfQSADXK8B2B7qg,Esf3-D_44pArPd9GqysoCg,5.0,2019-09-22 15:51:03
Rxmww5nPfQSADXK8B2B7qg,XCHMsIpz2htBIvE7dxXL0g,5.0,2019-09-22 15:53:02
Rxmww5nPfQSADXK8B2B7qg,mMnkbIMG9MUW-rb5a5Q8Og,2.0,2019-09-22 18:29:40
Rxmww5nPfQSADXK8B2B7qg,vDU_pwTCyHBPs-JoklOMWQ,3.0,2019-09-22 18:24:47
Rxx3Eac70Q5AYLETwlMGiw,poviu-6n3iaRE4gdQz6OYw,5.0,2014-09-08 16:41:40
RzF5S8k1gboLT1_0AEmMug,SVSafDWg9r2Q5XEVOLPSSA,1.0,2019-07-26 00:00:16
RzF5S8k1gboLT1_0AEmMug,rncZirFO0DmWEz4mUg2NrQ,5.0,2020-08-13 21:47:30
S-TfcjAz5PtE6WimFEvNoQ,un0xxX785wfQfprryh0TjQ,5.0,2021-03-10 20:46:19
S0zqwiRSN188DIRx_vg2og,2E5fh57OvOQMWwxxEOkN8A,4.0,2017-02-20 10:50:48
S0zqwiRSN188DIRx_vg2og,ipPhk2H1S5MjswqJH7xrCA,4.0,2016-04-27 23:58:20
S0zqwiRSN188DIRx_vg2og,jmtDnQIeTgkjbGgazIJxFw,3.0,2016-04-06 00:28:22
S1bcv4QpwW7Ysy0T9edlOQ,HPqTJ_yF2ZJw87yHWnSzSg,3.0,2010-02-16 13:30:08
S1bcv4QpwW7Ysy0T9edlOQ,HS5CfzQ_gOJHgqwtv9rvNQ,3.0,2010-02-02 19:55:33
S1bcv4QpwW7Ysy0T9edlOQ,J8S7cPPlTgsQnXKVfTyN8g,4.0,2010-07-21 02:03:39
S1bcv4QpwW7Ysy0T9edlOQ,NB9wGhMqy27suWqNzk3laA,5.0,2010-01-21 14:04:57
S1bcv4QpwW7Ysy0T9edlOQ,ytynqOUb3hjKeJfRj5Tshw,5.0,2010-01-27 14:39:35
S1bcv4QpwW7Ysy0T9edlOQ,zp9OcdUq2CWtQuI9FFBOQQ,4.0,2010-06-23 21:23:53
S2nzw5-cxnVcMV8f9fLfXQ,KHe6HAqmyioITwTvg9Bbcg,4.0,2008-08-11 02:59:26
S3pLmxeNmEle4r4rXYraIw,OVbuOxR3zXExZCKLXewaVg,2.0,2016-06-19 02:04:13
S3pLmxeNmEle4r4rXYraIw,sCkBUXw-GrMvRRxcun-Alg,5.0,2018-04-28 21:32:33
S5-yNGUdDoSnp5A1puYjIQ,S2cKcdtOIDFyUfXYNPJUIw,4.0,2017-06-26 02:57:40
S5-yNGUdDoSnp5A1puYjIQ,x0hzVPfxWXRIu0yOSEnLCQ,5.0,2018-03-04 17:26:21
S65LF_t54BLuCZjyr3fEzg,n5i09tgSuzv9ZeIN9Qe5oQ,2.0,2014-01-12 13:12:38
S7jEEZVw3EJ6Guo3IiKCUA,FEXhWNCMkv22qG04E83Qjg,5.0,2019-08-28 14:26:30
S7jEEZVw3EJ6Guo3IiKCUA,JvawJ9bSr22xn4R9oLvl_w,5.0,2019-08-28 14:47:03
S7jEEZVw3EJ6Guo3IiKCUA,eCikDKFbaeYVNdCD2beX0Q,5.0,2019-08-28 14:37:55
S7zVbmIA1MHaTBqoZ6x8-Q,LVRRjPZZ2pRrOUbBN1rRCA,4.0,2014-03-21 15:09:37
S9GD5PRbE11cdF11xF32hg,Zqd_DHAtrdzRJ8u3zwrvEA,5.0,2016-11-10 01:02:02
S9vtNMvKK3B8V6dWaiS0Mg,G8qUUwXPhmQABBIbpbV47A,5.0,2018-07-17 22:40:48
SAZJ4KUljx4Q6JEzjYKmyg,gjbmwlYUImb2lQBp5LV3KA,5.0,2021-05-11 03:43:20
SAZeSmuUeq4uCAS5lMtuig,epVHdJqIFN0dtAiFvnVJVg,1.0,2015-06-11 01:48:42
SB0v_3xMDi1HIHF7PGF4Zw,jS3affmkXWrBnidXA-DIfQ,5.0,2017-06-05 17:24:36
SB6AnaxQEPg0uJgewo3ztw,Sb_YCZMaIyM4FUUjhsQRAg,4.0,2018-07-24 12:06:34
SBjQX8BNQk4KtLVf8W14zQ,dGUyXgFW1WSYMgRypKaYew,4.0,2014-02-04 21:32:07
SBjQX8BNQk4KtLVf8W14zQ,rTXNiH-RROF1OQHVIn5qJQ,4.0,2015-08-12 02:23:33
SBjQX8BNQk4KtLVf8W14zQ,sY7tjANWK_dgHeZDqWLlsA,4.0,2015-10-28 04:08:11
SCDH6Mfq8_NRuo6e8praMg,cfFdnSlMmqQoAb0KDk9IPw,5.0,2021-07-13 00:32:24
SDATRl3Vs4eKyd6Mhzhhsw,ZUPnWlLgqnU1PVtF6Q9-HQ,5.0,2012-02-28 20:46:30
SDSqjDHBBxix-vCK_0bmsA,KQgCflC8eqJU5kvJkByXzw,4.0,2018-07-31 04:23:27
SDytcPY5fiuuDbTkPE8GyA,RA5E6BDiAzgSmsxdc1A4tw,5.0,2013-03-18 05:49:24
SE3lwVKAonE6wTK7V7aLBQ,NQ6v9hMwtfS5mn2a0vQr1Q,5.0,2018-01-05 15:18:35
SFIFCanAYs8sOXfSHzaHxg,33zxFqIOe6Yg8qPXKkhUjg,5.0,2017-02-08 14:26:36
SFIFCanAYs8sOXfSHzaHxg,rB-BUDjuOZWe_4vUhbPavQ,4.0,2017-06-02 14:18:18
SFi2ayCGkIMLd_ZiIy706A,hwcPLznPbsW8ghC20OluRQ,5.0,2014-11-06 23:48:03
SG6A6DpC3MmumUVNQHf8Hw,xxvgV_6FrRzXPhpT8EWXUg,1.0,2013-03-15 17:44:06
SGPCLi-kVZ_pz1w7VJtkeA,4UDm69SbXGjjlbVVy3GNcQ,4.0,2016-03-28 21:31:37
SGPCLi-kVZ_pz1w7VJtkeA,4_W5pstoN1166TGjjPOrMg,4.0,2017-03-20 16:48:12
SGPCLi-kVZ_pz1w7VJtkeA,CYSPKiVdoPX3erovujnE9Q,4.0,2018-01-25 00:44:06
SGPCLi-kVZ_pz1w7VJtkeA,XQfwVwDr-v0ZS3_CbbE5Xw,5.0,2018-04-02 20:44:37
SGPCLi-kVZ_pz1w7VJtkeA,iUZEGx29miZObLd6_lt7Vg,4.0,2019-02-01 18:45:34
SGPCLi-kVZ_pz1w7VJtkeA,vUrTGX_7HxqeoQ_6QCVz6g,5.0,2018-01-16 12:45:38
SGPscai169s5QLriYf0_jQ,Oun4NN-u5yiHIxDqtJnxgA,5.0,2011-10-17 13:24:32
SHJo1dtnlOIfndhBcon-xg,iSRTaT9WngzB8JJ2YKJUig,1.0,2016-01-17 22:57:24
SIHDDRwe28uWyAe763R50A,kQRB8RNwd7cEMcURTS-I7A,5.0,2016-12-28 02:19:15
SIHDDRwe28uWyAe763R50A,t6g6Lj8WzjIXXucCl9jdTQ,2.0,2015-08-15 01:12:00
SIMmWRIgny3U8Z4MaYchCA,Hu5fC_pfgZ6O1LTPwLQQ9w,1.0,2014-10-02 22:47:00
SIlGe7Ow3AzPiDFh-xHa7Q,Q1wTWAhOaoOZQRiGeL6N7g,5.0,2012-10-28 06:10:22
SIpBqzGhRM7T5cDFiuIryg,C26xmwM2_OgJJi2BbL3KkQ,5.0,2016-08-12 04:50:50
SIpBqzGhRM7T5cDFiuIryg,ELGdPtyfE_zC10VYc6Zskw,5.0,2010-04-14 04:13:26
SIpBqzGhRM7T5cDFiuIryg,wl7rFbvRUstwyB2vRDW6IQ,5.0,2009-02-12 05:43:56
SKJpOreXKa1PRpvSKjzMng,3NNRlx0GS0mzrTYCx8m8FQ,3.0,2019-05-12 00:32:04
SKdMmvRoh0Kbp1PHrCVyMA,J8S7cPPlTgsQnXKVfTyN8g,1.0,2013-09-08 02:08:36
SKwMaFXP4Umiihb7bd4xlg,aQFQIlyHasaTz5DtjV57nQ,4.0,2019-06-27 23:07:22
SKwMaFXP4Umiihb7bd4xlg,oGU1LmdbKyYm_05PN0F77Q,5.0,2020-07-14 21:27:28
SKwMaFXP4Umiihb7bd4xlg,sCkBUXw-GrMvRRxcun-Alg,4.0,2016-11-21 18:48:52
SLGN2kIDc4SFAxRiNsNuYw,HPqTJ_yF2ZJw87yHWnSzSg,1.0,2010-09-25 08:29:37
SNuH-Of0BcEEuI_4KMJlWw,AlnAoqsqChTn1Eg3dzLmMw,5.0,2017-09-01 14:41:51
SO9FkyfukJBZACBg2N1_Fw,6h7C53qLfwM7v3zKRqG0yA,4.0,2012-10-12 03:35:50
SOfNNK2sv5iVYDyXy5TcIw,hkh5iyDeGLNhu-JUQFRE1Q,4.0,2013-09-09 20:38:09
SPQT8wC1gFX3a-EkXkhgdQ,Sw53KWMB8cYjF7EZX7O9PA,5.0,2020-09-01 18:37:25
SPbdGX1c5q2UoFngJJVvRQ,ECmPXOHont5XlHp3zs4g4A,4.0,2009-06-26 06:17:51
SPuzzZ0VZ1yyD3s9ObLnaw,5kXqNRNpxm4vP_awcidPDA,5.0,2017-10-12 01:49:24
SQCkvaqmgLcRkn6T6pZ7AQ,EYw42-YsnMr0pbqM5YXRxw,5.0,2020-05-15 23:46:32
SQXsow-nuLYYQnTcsIedIA,SxbqEgEwrGmtgvQAgM6kIg,5.0,2018-11-24 12:06:50
SQXsow-nuLYYQnTcsIedIA,vXQLdqB-stL2JTP5AsPVaA,5.0,2018-11-19 16:56:01
SQq8b7VP7kyNU6e4-Xagew,IiJ744MOUKmRYAgNFkcs0g,4.0,2016-11-19 20:52:41
SRd7-3R8jG_WHAS5C4BfaQ,zFcE7bQ2oDfwpPgl_PxOTA,5.0,2016-02-23 01:06:40
SUI0gDDnCUOnDpVQHci_1A,EagkHaaC-kUozD3MPzbRIw,4.0,2016-02-16 23:32:47
SUI0gDDnCUOnDpVQHci_1A,uLp_wwemUq6cAuxPwaZF3Q,1.0,2016-02-16 22:52:54
SUI0gDDnCUOnDpVQHci_1A,wBa-Abx8y5SLOqbohCA4nQ,5.0,2016-02-16 23:18:16
SUI0gDDnCUOnDpVQHci_1A,wqGkMLZVXc0pYVjr3zDrpA,4.0,2016-02-18 02:18:03
SVJvTooDYFA2OJn1vU_ofA,OR7VJQ3Nk1wCcIbPN4TCQQ,5.0,2017-06-04 06:31:29
SVL1Oir45owS_oKg-ylqfw,a-fUq78iwilqa9Qd3ozfqQ,3.0,2016-01-27 02:14:09
SVO8tY3ryARNFb_bX4VVBg,8Vo6LN9gqULhXzoxj5k6kQ,5.0,2016-04-04 19:37:05
SWeMQPWbHNFKdW26STWjdw,EVqumzu_CSGws7XMTCl5og,1.0,2011-11-21 01:34:22
SWeMQPWbHNFKdW26STWjdw,Jy1ivHnSRtNNA6snZSAKBw,4.0,2012-04-27 15:25:25
SXYWt825y8ieyG9sOVNYWA,OR7VJQ3Nk1wCcIbPN4TCQQ,5.0,2021-05-18 00:40:26
SXeMGP5lNgc03z7cl9Xihg,foFpx3znhLJvnplex8aqww,5.0,2013-09-29 18:34:55
SXeMGP5lNgc03z7cl9Xihg,poruVZH9V5p3u170Pi3iYg,2.0,2011-11-26 15:57:10
SYZVCsBMVHmhGRcdvNvA8w,HoKH4Rk7wHfVT-60aYIYwA,1.0,2017-03-25 01:48:16
SZEY3EfGLvYu-eRF-lZPoA,vj6AetpADpHOYtMRZsXX3g,5.0,2019-08-29 19:22:08
S_llEH0Hdbipg1xUAmr7kw,Pr-OrQ0-hNPFdp8bVZN6Lg,5.0,2015-05-24 01:52:42
S_llEH0Hdbipg1xUAmr7kw,SG7g4cJFjgWtODi28W4eaw,5.0,2017-11-30 18:04:14
S_llEH0Hdbipg1xUAmr7kw,gYIpn-llVaQM11yDRHdkwQ,5.0,2019-10-07 01:47:38
S_llEH0Hdbipg1xUAmr7kw,hgPKpBdUOx2hVyGrzY70yQ,4.0,2015-03-09 21:39:28
S_llEH0Hdbipg1xUAmr7kw,wl7rFbvRUstwyB2vRDW6IQ,5.0,2017-01-21 00:29:22
SaFs8ThfmEgdQm16iXoNqQ,GV1s2EOQX7tLQrDjPGUJUQ,5.0,2014-04-15 22:44:33
SaHGFMFLdU-KRiup-8TKdg,Ko6WrkU-vUngOIJG_isrzA,4.0,2013-11-23 23:41:19
SaYctOj-v2LNNkD4EXtZUA,-cEFKAznWmI0cledNOIQ7w,5.0,2021-09-28 20:40:34
SaYctOj-v2LNNkD4EXtZUA,FIFi_8eNmc-jPHZVHPS3NQ,5.0,2021-08-23 20:17:51
SaYctOj-v2LNNkD4EXtZUA,FeHhy-6uPJUMyVYPAwYjKA,5.0,2020-12-13 05:10:11
SaYctOj-v2LNNkD4EXtZUA,Mwc3n5Psw9wRaQ22vZWDYQ,4.0,2020-11-05 18:23:50
SaYctOj-v2LNNkD4EXtZUA,W6k6b-bUaX0goySzl-zgTg,5.0,2021-06-22 21:42:35
SaYctOj-v2LNNkD4EXtZUA,WDm-Z705Wp93k-46PN_g9Q,4.0,2021-07-29 21:06:36
SaYctOj-v2LNNkD4EXtZUA,Wl7iw_u4WeEreF4ZZF1oDw,5.0,2022-01-04 21:39:17
SaYctOj-v2LNNkD4EXtZUA,ZLKLshuZ2HcwbPDpb3l-AQ,4.0,2021-05-13 17:51:35
SaYctOj-v2LNNkD4EXtZUA,cbr2Db20L6P50CsxsX6c2A,5.0,2021-04-20 17:59:59
SaYctOj-v2LNNkD4EXtZUA,eAzeb04i354i6VZFI4bJRQ,5.0,2021-08-23 19:57:52
SaYctOj-v2LNNkD4EXtZUA,ka2XO8vL_PqCS-xk3SVauA,5.0,2021-07-27 16:40:00
SaYctOj-v2LNNkD4EXtZUA,qDEcJ48kXdWxQGZefgG94w,5.0,2021-10-14 20:21:11
SaYctOj-v2LNNkD4EXtZUA,s9ceDy-cVHe0uzvZpWq87Q,5.0,2021-12-17 20:11:19
SaYctOj-v2LNNkD4EXtZUA,xb5NsCqvQw2uE5HoQyDr0g,5.0,2020-12-24 22:33:34
SaYctOj-v2LNNkD4EXtZUA,y1Z9tymuBGVDZnYZoLk-2Q,5.0,2021-07-21 15:00:10
SbSz1tzmRaGfiApub31R1A,eVYOLoDYGbQ49dCgBSG3fg,5.0,2013-10-01 01:22:33
SbpGncVoxFIi_J2xOelJYQ,1Mmo93UBNsaVW7OnpWDuQg,4.0,2021-11-09 20:26:29
SbpGncVoxFIi_J2xOelJYQ,5fCpIolPWznGdz3D6hjrvg,4.0,2021-11-08 00:20:02
SbpGncVoxFIi_J2xOelJYQ,8uF-bhJFgT4Tn6DTb27viA,5.0,2021-01-07 03:50:24
SbpGncVoxFIi_J2xOelJYQ,9ruUYAz35q6mgUpxb5zZhg,4.0,2015-06-20 04:36:01
SbpGncVoxFIi_J2xOelJYQ,C26xmwM2_OgJJi2BbL3KkQ,5.0,2021-07-29 01:30:18
SbpGncVoxFIi_J2xOelJYQ,CR8n4CVq19UqPpJlapQ7jg,4.0,2021-10-26 20:30:58
SbpGncVoxFIi_J2xOelJYQ,FCfTUUTYXfZchPvx7tkoWA,4.0,2021-11-09 21:11:52
SbpGncVoxFIi_J2xOelJYQ,MDtu8_LFbbkCgzCzIoEWng,4.0,2021-04-08 21:21:26
SbpGncVoxFIi_J2xOelJYQ,NHdE_ObFj7OjQBB3jjqBNQ,4.0,2017-03-12 14:28:38
SbpGncVoxFIi_J2xOelJYQ,SJIQFKTW6uUsOo29w9IHxw,4.0,2021-09-22 02:39:01
SbpGncVoxFIi_J2xOelJYQ,TzkVUJab9Sh0CqDk2sCF-w,5.0,2013-07-18 03:33:37
SbpGncVoxFIi_J2xOelJYQ,aIVk0IEUj7rPaAMeAmBSGg,4.0,2022-01-17 23:16:46
SbpGncVoxFIi_J2xOelJYQ,dGeXdSMah56gEHwZNaRQKA,5.0,2021-03-04 20:11:07
SbpGncVoxFIi_J2xOelJYQ,fusQg9Pj0xUC8CzbO2IHrA,4.0,2021-03-25 04:21:29
SbpGncVoxFIi_J2xOelJYQ,g-IXI3v3fOudMsyLPKb-eQ,4.0,2021-02-18 01:26:46
SbpGncVoxFIi_J2xOelJYQ,gVw224_IlTrx3KHEgFBtMg,5.0,2021-06-13 23:03:39
SbpGncVoxFIi_J2xOelJYQ,hfbZ97Te3T4jeWN6GgsGrQ,5.0,2021-08-08 17:43:05
SbpGncVoxFIi_J2xOelJYQ,iZ7-gwaBWYHiWhez4514jA,5.0,2021-04-20 20:58:11
SbpGncVoxFIi_J2xOelJYQ,j8JOZvfeHEfUWq3gEz6ABQ,5.0,2021-08-08 03:57:12
SbpGncVoxFIi_J2xOelJYQ,pKvKZCB0fq4KgtK2Pc0yaQ,5.0,2021-03-04 04:14:50
SbpGncVoxFIi_J2xOelJYQ,qF8jkN4q4SajC4p4nKwjgQ,5.0,2020-05-14 19:44:42
SbpGncVoxFIi_J2xOelJYQ,tsaifr1x7MHWsUngvZ1SQA,3.0,2021-01-31 15:43:58
SbpGncVoxFIi_J2xOelJYQ,wjZwXKDiFBQXlO8-TjQTXA,5.0,2021-07-26 03:08:07
SbpGncVoxFIi_J2xOelJYQ,yoQBK3OUDqWEFoUDE5lM4w,4.0,2021-06-13 03:17:54
Scmyz7MK4TbXXYcaLZxIxQ,GXFMD0Z4jEVZBCsbPf4CTQ,5.0,2021-07-12 22:00:22
Scmyz7MK4TbXXYcaLZxIxQ,jSYu2apG1uYq3eNzSA-OHw,5.0,2021-07-15 22:42:32
Scmyz7MK4TbXXYcaLZxIxQ,pFzcy84OCWx1_x2Tdv7g3A,4.0,2021-10-12 00:04:17
Scmyz7MK4TbXXYcaLZxIxQ,wrgtmWOkq1FwnlSgl6QcJg,5.0,2021-10-13 17:51:35
SeTSsi60-5RD4E6Fu_oEBA,aoBQW6IKzgE-Hst2r_oAEg,1.0,2012-04-09 00:39:22
SeWsQoYPbQuMAqfRNNS6Jg,4PgNs7K7gGfGqXNHwAgyzQ,4.0,2019-05-14 14:19:38
SeWsQoYPbQuMAqfRNNS6Jg,AjxhKYSbc1NrGOxAcqxb9w,1.0,2017-10-10 18:08:22
SeWsQoYPbQuMAqfRNNS6Jg,CQQHON44VFVqcCwsalwLQg,4.0,2018-06-14 15:53:39
SeWsQoYPbQuMAqfRNNS6Jg,GoGss2SqsUPwP0xcI9IUuw,4.0,2018-06-12 16:28:01
SeWsQoYPbQuMAqfRNNS6Jg,Zqd_DHAtrdzRJ8u3zwrvEA,5.0,2019-07-09 13:02:25
SeWsQoYPbQuMAqfRNNS6Jg,gK9CdFaCXmHoW8aLfXiSqg,3.0,2019-06-28 13:17:27
SeWsQoYPbQuMAqfRNNS6Jg,j8JOZvfeHEfUWq3gEz6ABQ,5.0,2018-06-04 18:58:49
SeWsQoYPbQuMAqfRNNS6Jg,ytynqOUb3hjKeJfRj5Tshw,5.0,2018-03-09 16:12:03
Sf3LGHUsHr5ZocB5b2TdNA,6KgBjfn1c1GxZXZNNeQYtg,4.0,2013-07-21 01:05:15
SfdcJuwEAc-34Rrdf-ls-Q,HDNeRsScQG_YQevwNPOcJQ,2.0,2012-04-12 14:24:58
SgxD74-CkftmYxm2-KNKgg,WrZaL6BxHqVqt3sAcJ-5Rg,5.0,2012-06-26 16:49:24
SiyLpq0GI61G8AZaycA3hw,Nvx2MceKWAtikcAxk_TBMg,1.0,2015-10-09 01:58:57
SlH3DCXVxltSCo8gt9p2iQ,TCWnTa69sJ3vGQsdEe3Esw,2.0,2010-12-14 08:32:13
SlQNwOKszHMRjG-0vjawAw,1Hd-0f0gWvI7y9CI_3kFVg,3.0,2015-01-05 21:46:46
SlQNwOKszHMRjG-0vjawAw,Rl1NN7QH08h5h0XO00lPFA,3.0,2011-08-25 17:38:54
SlQNwOKszHMRjG-0vjawAw,aKOo9Kacq-4Wnsy6ilfdQw,2.0,2015-08-05 00:20:40
SlQNwOKszHMRjG-0vjawAw,gndi4-wzu66Mtp4E0zHt7g,3.0,2015-02-06 06:20:51
Slc16vviuuTWgZ9OsaJzKQ,wopwoiKIllIzcggK7HkTmw,1.0,2011-12-11 21:46:36
SmlbUwImY3otJh_lMip4pw,cX1VH_vpqGoLrio4sV9xcA,1.0,2015-08-10 15:23:00
Sn73fweSBkP_qYHfMgsmWg,tf6S06LD09IFDHUpOPqPaw,4.0,2019-01-10 04:00:31
Sna7dwda9K5NcWNFcq2e7A,2MHNvEPEGxvBxZLXM5ESpg,5.0,2013-05-09 22:20:28
SnufRADVJEYHGMcha7nRVA,qHXv-os4wfrfSPxGPgj2vg,1.0,2013-08-04 00:47:59
SoMesfs19wOj0EQKsNBXlA,VEsI9_aDFzIrk8wh0QCOAw,4.0,2021-08-28 13:09:19
SpR_vMU933oYFMqRX2OVgQ,RVzroffkQf6P8uv4qCBh8w,1.0,2015-01-12 16:32:33
SqkbioT3gylpW6h2cV4EGA,kf8HXRAZxtC7xVR0Tg-rhA,5.0,2020-07-26 16:11:52
SqkbioT3gylpW6h2cV4EGA,pPKFIFDY2u1KCupXzHNtnw,5.0,2017-05-08 13:59:30
SrDqrIqZl-gtVYbINIxYoA,7sN7b3Z1Ywge1INmGf6FgA,3.0,2013-12-31 08:58:03
SrDqrIqZl-gtVYbINIxYoA,CFBnmxqAm4vX6v4BFye70w,3.0,2016-09-01 21:39:46
SrDqrIqZl-gtVYbINIxYoA,eirHDiyhPn2YSo08G1tt6g,4.0,2013-11-04 01:18:32
SrDqrIqZl-gtVYbINIxYoA,qxRTFagnexBZgDe055CjkQ,3.0,2013-12-04 09:06:12
SsP1Lx1gxN7aFXIWtp5qLQ,nlVLzktT0RfgSw-ZL4qPRA,1.0,2015-07-08 22:28:37
SslgC6kUSxuHFCTzDbUtYA,YSL06t6e2iKo4ZHZnCZIxw,3.0,2016-06-13 16:16:51
St_-kC_BBIGxChO0JDUGGg,EmJF-xSIOaEEOWcK8UOBqg,5.0,2017-07-02 21:10:17
StlGWDIwOXfpmX-UvIe5bA,AbtYqoBGuvlWmR1gU0c3XA,1.0,2009-03-07 04:21:10
SyABteXA7u_-GA2nKLJ-XQ,VNvJuCTMdGBj4lwC0L1Ghg,5.0,2021-05-10 16:09:59
SyOG4eHZK3wv3MnpiZVX9w,4ADeBcc3O4zmTrp60H4O_A,1.0,2020-09-15 15:50:14
SzE_k1gwqVC2P8oOaj4tCA,K7KHmHzxNwzqiijSJeKe_A,5.0,2019-04-09 15:42:25
T-pM8IV8VxHOeps3em_GGA,lPx8jUBfK1K6u3UgowU5mg,1.0,2020-09-19 15:15:22
T090FL7DIqZ46lX-mz8tkw,Gekeq1c-fuezmx0PSGQvzw,1.0,2018-10-10 23:31:44
T1Roa_rMKSB8k9OuoKRw7w,Jv4af70Tbc_R_GqvkumqaQ,4.0,2019-09-01 21:57:27
T1Roa_rMKSB8k9OuoKRw7w,tMUA2eajVUqrU8tdA-DvnA,5.0,2019-12-16 21:04:21
T2CenOfGvQsbAEY9YdNhBQ,5fCpIolPWznGdz3D6hjrvg,5.0,2013-08-11 19:48:07
T3Nhi1hAa3tagnod8KP8hg,e_MDOxwYA6b8XThonDDI_g,5.0,2014-08-12 22:09:57
T46BA9GqSKY2BkkKbqamVg,6dDC5PSmPEoJYuM8r8dN_A,3.0,2010-03-13 10:43:48
T46BA9GqSKY2BkkKbqamVg,Fbi_W-EQqJ6Ay5_5UGnO5A,4.0,2009-07-01 09:27:42
T46BA9GqSKY2BkkKbqamVg,IDjYyBrPW5C2CT9mXsyuBA,3.0,2010-04-01 08:53:19
T46BA9GqSKY2BkkKbqamVg,jmMCUCuErJP7EtR_6RVRig,2.0,2009-07-09 23:39:49
T46BA9GqSKY2BkkKbqamVg,vSuBdRP57QxIvURlZV-6FA,1.0,2009-07-12 05:33:36
T4Ehd2aNc2fh63boRl0hUQ,thb9MKU1kOG_TZ0sn2RxcA,5.0,2014-02-01 15:41:26
T4Pq2T8WGExBbFGX6XPpYQ,0bPLkL0QhhPO5kt1_EXmNQ,1.0,2012-06-24 10:33:18
T4Pq2T8WGExBbFGX6XPpYQ,NBVR352MT2JkObaT1MfIDQ,5.0,2011-10-28 20:14:27
T4Pq2T8WGExBbFGX6XPpYQ,r1Z0jFdYpNUdIuvsIx21jA,5.0,2013-12-17 13:00:47
T6TInNEhz-qm5tT_ZjQEoA,ZpgVL2z1kgRi954c9m9INw,5.0,2018-03-18 13:10:30
T74Ex3g-1cxqlumV3kYXNg,P4FbQGEWTp73MXjG1N-e_g,5.0,2015-06-16 15:35:57
T9AtZPYC4W81rylyvOOmQQ,7u3LzhyxgPMo__24R4dmAQ,5.0,2010-11-28 23:00:57
T9AtZPYC4W81rylyvOOmQQ,XqSLir6xs3I6ntf-xIQzrQ,3.0,2014-01-25 19:33:30
T9AtZPYC4W81rylyvOOmQQ,jHrp-GQ2iSKUgHd_dvnWqg,5.0,2011-12-11 21:46:31
T9YdQIlKEd_ytTXRQ5dpaw,dGUyXgFW1WSYMgRypKaYew,4.0,2014-03-10 03:46:11
T9p_H8NK2A8kXk-MZJgW7Q,6JFMbFYVbl8ufz74NSDgOA,3.0,2010-05-23 03:00:47
TAJjurJ9bv6q56LJHehB3w,KHe6HAqmyioITwTvg9Bbcg,4.0,2009-03-06 18:59:09
TBVwAvxz70PSi4Y3sOixWg,kZ1q0K13tFYG_ZJrVvsJHA,5.0,2016-11-29 03:38:49
TByIC8xa764582FYwIwPeA,yuNf6vYaIZYe88g6pouAiA,1.0,2011-09-10 22:53:52
TE199OBEeJ4gmtRo-2kOfw,0UJqTczta018RoktahC0jw,5.0,2018-11-24 19:40:17
TE199OBEeJ4gmtRo-2kOfw,FlDkxuO6MGrW7x1OJTtJew,5.0,2018-07-11 17:12:35
TE199OBEeJ4gmtRo-2kOfw,GM6j5hDNqra0pVfTcpTMMw,5.0,2018-03-15 15:38:20
TE199OBEeJ4gmtRo-2kOfw,SyKHFYhRzW1hlwDga5EWWw,5.0,2013-09-05 15:20:46
TE199OBEeJ4gmtRo-2kOfw,VVH6k9-ycttH3TV_lk5WfQ,5.0,2017-09-14 18:36:45
TES0PPhg-9jaFj9v28M0cw,kKPJLiHIr9Gd9sYs3GhxDQ,5.0,2015-06-04 20:03:57
TESUeCPNTpoovu7sJypdzw,Mgaxy0pJAlhAjdNivhu82A,5.0,2016-03-29 00:19:41
TFN3KZqfhMfikiDGORZVlA,JxC9SCQF4aS2lHhRNkKjsQ,5.0,2020-02-09 18:34:48
TFN3KZqfhMfikiDGORZVlA,U_NagvNEa4k150qLgul_zw,5.0,2020-12-01 15:26:27
TFN3KZqfhMfikiDGORZVlA,dpwkz52tHB2MCPv53I2aRA,1.0,2020-09-13 07:32:04
TFN3KZqfhMfikiDGORZVlA,pPKFIFDY2u1KCupXzHNtnw,4.0,2019-09-29 23:16:39
TFN3KZqfhMfikiDGORZVlA,vetEEi-77Mlik9SogwlcFg,4.0,2020-11-05 20:33:51
TFWtU4CQU8l84Uj88DRcKw,thb9MKU1kOG_TZ0sn2RxcA,5.0,2014-02-22 02:12:59
TFwdSSKw3vWJgj0lqqd-iw,_ge7t5HAV_lHG6tVhBDHFw,3.0,2020-01-12 02:35:03
TFwdSSKw3vWJgj0lqqd-iw,diwwt5QBU3-Thig9SVlsOA,4.0,2019-01-17 16:01:15
TFwdSSKw3vWJgj0lqqd-iw,jfIWqMrdWnPNORcDnQ7VNg,3.0,2019-05-18 23:46:03
TG0bhYjtbRWrhZyqwpaW9A,eX7o_-s5TmDT-DMfTV4cmw,3.0,2017-07-18 07:46:09
TG0bhYjtbRWrhZyqwpaW9A,o4IiNbNybcy-L4vzTSoDJw,1.0,2016-01-17 02:17:48
TGHGEwLn691gvfe3mL9I5A,nlVLzktT0RfgSw-ZL4qPRA,1.0,2016-06-17 22:57:44
THJo4sOXgM4jxA9UUocJag,y1Z9tymuBGVDZnYZoLk-2Q,4.0,2021-04-22 19:49:52
THK3LFPPVNREV4Zra_HmXw,j7LZM6rf4Bf33exo6XXKGA,2.0,2017-09-27 05:12:09
THU0eXkboAWId-ZlWCMl2g,Mw1Bj-MrIYUMAUwCAGEKeQ,5.0,2018-07-23 18:04:13
TIFuTbhRcrn3k_reUZR3iw,K_s-9Wd6vXSfnxYFzhE0Kw,3.0,2017-11-05 22:12:53
TINJU5ib4OMlCL07JqYGhA,3X1IHpOzx0IYp5wM7JVF4g,5.0,2013-02-26 15:48:16
TIeXcKbDeGBy-UsgSjRJQg,JIpEYwaAM2XO1s8KHF5-EA,5.0,2015-02-15 23:57:13
TJ8Hawan8jDIZHS7AAZJwg,KHe6HAqmyioITwTvg9Bbcg,4.0,2019-06-19 02:11:56
TLRlAcSlpKkhGvP2nq7w6A,dN7AMKUhwTa4Kk0bdMRPgA,5.0,2018-03-31 20:56:17
TLpnu9BZNLTuB1ngxjnIpA,_EqGhRXzlUaTpu5eToC8MA,4.0,2014-02-17 06:09:02
TM4WQDNrUMJYLZeuZl-OVQ,HDnaNdHEZpQMYXo-ZHHG9g,1.0,2017-08-07 12:27:28
TMGvlV6_Ih3ezILVUGvdXQ,qmiz3iYOn4pZylOe27OTUQ,4.0,2010-09-10 06:10:54
TN-ALIvsOlEEAE6ngtsQEg,KDzLMPTTLihnpcctZLmg0g,2.0,2015-02-13 00:55:06
TNYM6vmcp1Nxibt7vsbx3g,TzNk1TcWLZn0JCpO83hBAA,5.0,2017-05-23 15:51:31
TNYM6vmcp1Nxibt7vsbx3g,vj6AetpADpHOYtMRZsXX3g,5.0,2017-05-21 19:24:21
TNa1OSZ-iz144iMkIyr13g,Nvx2MceKWAtikcAxk_TBMg,1.0,2014-06-01 16:14:22
TO0bPuHD4La4L1xcqd5z9Q,vUrTGX_7HxqeoQ_6QCVz6g,5.0,2017-12-15 18:57:30
TQXEFaoqo66USjGzCk3BDg,oBNrLz4EDhiscSlbOl8uAw,5.0,2017-11-26 22:28:43
TR7ezcRznfr1Jif7euZZJg,Gw7UW0E2BguzL9suQnwDeg,3.0,2016-06-02 21:21:21
TR7ezcRznfr1Jif7euZZJg,I8IPPZvEPdb_xG0nGIMyjA,5.0,2020-09-22 15:54:49
TR7ezcRznfr1Jif7euZZJg,T9n_LqUUhC2b1ALhg57Y5Q,4.0,2013-06-17 02:55:00
TR7ezcRznfr1Jif7euZZJg,kjIyHGVbVpQYK_UzetPShg,5.0,2018-05-25 15:36:58
TR7ezcRznfr1Jif7euZZJg,qqtGFnjyZWV--_YqabSb8A,5.0,2016-07-30 23:31:57
TR7ezcRznfr1Jif7euZZJg,sf-KdXHB5nxfNjl2uUpI6Q,5.0,2014-09-24 01:43:58
TRFyKGJ4cDtKIAPQOFs2HQ,dLLldDhrNbgQVIqf1vGJ4Q,5.0,2020-09-09 21:19:16
TS2j_gt5qugbmQ1R_fq6TA,_EqGhRXzlUaTpu5eToC8MA,5.0,2012-04-23 04:05:25
TSThjU32HAnq3Opa_y2T8Q,LHSTtnW3YHCeUkRDGyJOyw,4.0,2015-07-25 17:34:58
TT4Z-tfhBkeBDBXNZLcuKQ,AtQLrRpQan7UtJcIAo9hsA,4.0,2010-03-25 14:32:20
TThz1MQ2SCb7L48MqoRoLw,2KIDQyTh-HzLxOUEDqtDBg,5.0,2020-02-17 21:02:11
TThz1MQ2SCb7L48MqoRoLw,B7nlRFe3EeQwAWpUpefGHA,4.0,2018-10-06 16:34:32
TThz1MQ2SCb7L48MqoRoLw,PEYgtOhGVoBoWwTJJg4M7A,5.0,2020-03-01 16:21:57
TThz1MQ2SCb7L48MqoRoLw,W57360g1e7xMGerm7wPW0Q,5.0,2019-06-23 14:55:04
TThz1MQ2SCb7L48MqoRoLw,ec0MU8FMDBRM6pLaYbWZBg,4.0,2019-06-16 21:49:32
TThz1MQ2SCb7L48MqoRoLw,fxV5Iv7goPEUz-AReRLxkw,4.0,2018-10-21 19:35:56
TThz1MQ2SCb7L48MqoRoLw,izrRlcMMXei917WAEl3s3Q,5.0,2019-06-13 22:07:20
TThz1MQ2SCb7L48MqoRoLw,yJWLNXLbqsMoB6fgGsvr9A,3.0,2019-03-06 23:04:38
TTibuRAx2gxu-nVAymFijQ,dGUyXgFW1WSYMgRypKaYew,5.0,2014-08-27 15:27:13
TUR21jv1-_GCwmeO3ouOBg,5tLa_hMZjlpuM0tvoKjDGA,5.0,2011-05-01 02:15:33
TUR21jv1-_GCwmeO3ouOBg,Bii6sQO2QNinBq9vdakNBg,5.0,2011-02-27 03:15:41
TUR21jv1-_GCwmeO3ouOBg,YbEVMCXzbcibj2a11Yzg1g,4.0,2013-12-01 00:49:26
TUctSAJ8guGdrwdiuvyfkw,mC_m-4k9Xo1kzjSL0w7uoA,1.0,2015-08-31 15:57:39
TWQdco_Ow_Fcps6Jq2NfKg,3WC9HidyqFisiDxP1dcFCA,5.0,2019-09-18 15:09:17
TX4RFDBXKEEEMMQXoihInA,ol6ATB97MdIuhm6yAGOeMQ,5.0,2018-10-31 03:53:48
TYCkjEHPSJSnFb6m6GDluw,0oSSjekU-3GR8gselReWnA,4.0,2022-01-18 01:21:05
TYCkjEHPSJSnFb6m6GDluw,j-qtdD55OLfSqfsWuQTDJg,2.0,2021-07-20 12:05:13
TZwKmfmbzevOtOoZhlZVxA,Qf4e6amvsjdKgz-b02gvUg,1.0,2011-06-17 06:25:28
TZwKmfmbzevOtOoZhlZVxA,ebuycCvuqc3kn4wSBBOxVQ,1.0,2011-05-24 14:55:50
T_XJsruBmyHSuEkJO1UC0g,PgtqA056auCp5EbcZMbXPQ,1.0,2013-07-16 01:46:13
TaEyaLfO0sB4xqk68nss9A,adb1hOYICrJ1Ix8M0sRpbw,2.0,2014-04-20 02:53:48
TaVuQWmXAhxy_LvIXBs9sg,3xHkEBrXjrTrAY3vpxy23A,5.0,2021-01-06 02:11:29
TbXMSZIGqpvbXL7BFRHMUA,CBo-YlPMKs3vdYJQRtuznQ,2.0,2018-12-10 21:39:57
TbXMSZIGqpvbXL7BFRHMUA,GXFMD0Z4jEVZBCsbPf4CTQ,5.0,2018-12-10 22:11:03
TbXMSZIGqpvbXL7BFRHMUA,Q_L2wD7JrLq-GHVYU1dJfA,2.0,2018-05-02 06:17:37
TcbV7Mdc0jqxZlYtLCBTAg,kpK6SmxIiNoGPNhlEGiL4w,5.0,2018-07-19 00:00:01
TchV5FdrA3-9fgHA-LEbSA,dGUyXgFW1WSYMgRypKaYew,5.0,2014-07-16 00:12:35
TdCeQnHVjA2FgwBnA9lx_g,17xOCrWgZwT4iAx-24NETw,4.0,2020-03-20 17:32:37
TdCeQnHVjA2FgwBnA9lx_g,5ln4ESCi6mnfTBx4bYr4dw,1.0,2019-01-14 00:18:10
TdCeQnHVjA2FgwBnA9lx_g,6_37iH47aHnMODiXVl-gUg,4.0,2019-01-23 18:48:57
TdCeQnHVjA2FgwBnA9lx_g,L5LLN0RafiV1Z9cddzvuCw,5.0,2019-01-19 03:24:57
TdCeQnHVjA2FgwBnA9lx_g,dgyKoIYEYrmRK_hktWBZdA,5.0,2019-01-22 16:24:24
TdrlUOK1UdjDomWhrTKJ3A,8x5RiYBEuThT3KIqiBniUw,2.0,2015-05-28 13:22:29
Tf1EmLLUZ2tlpOhaU2kvpg,EME5hqQLjBD7e2cLryupbA,1.0,2019-10-16 04:33:43
Tf1EmLLUZ2tlpOhaU2kvpg,lo3zYtvPB6-iVok2C7HsGw,5.0,2019-10-18 04:26:17
TfzGqBc2kq6n_4fuYd4AzQ,_pKEjjvNINYXArJwQSsoOg,1.0,2009-10-12 15:31:53
Thj6eXV5lzZrbGjR0lUGpg,zjqh_qoBS1BWVSbC51BNjw,1.0,2019-04-23 12:35:42
Ti5ywmyk8pFakNmf98FB5Q,9FiiDY8Nrmdn81jHHvJSlA,5.0,2014-07-17 02:30:38
TiikA-pjftLxzo5tr-fIig,9xdXS7jtWjCVzL4_oPGv9A,5.0,2018-01-27 18:21:27
TjCS-ZDDpgp38DNKv6bhJA,8rpTqJOgmOCqLN5OCxaVOw,5.0,2017-09-11 15:23:00
TjCS-ZDDpgp38DNKv6bhJA,SbuLL-8eSaUs-huaYR5_IQ,5.0,2018-08-30 03:30:01
Tju-w21DcxSp3Ud1nHYpOg,Gekeq1c-fuezmx0PSGQvzw,1.0,2017-05-16 02:19:57
TjudI8AeyOIW7pRXljD5Qg,ncyt6jLL3iAICPRGFe7Ihw,2.0,2014-03-08 21:27:50
TjwPPpz0o8URfa6RXE8-oA,awOKeCwbzutECzI4R6JGFg,1.0,2020-10-08 14:42:09
TkFfkUhNLczx5LB-uR9qaw,2KIDQyTh-HzLxOUEDqtDBg,5.0,2016-01-15 17:04:51
TkFfkUhNLczx5LB-uR9qaw,5rSg5FARufPsy_ACLLhy-g,4.0,2016-01-28 12:12:54
TkFfkUhNLczx5LB-uR9qaw,9b-LZWsj75mmfMYuChXDkg,5.0,2015-08-14 15:18:10
TkFfkUhNLczx5LB-uR9qaw,Bii6sQO2QNinBq9vdakNBg,4.0,2016-06-23 04:30:02
TkFfkUhNLczx5LB-uR9qaw,GTS97x6mFLjGXn3ITKaQuw,5.0,2016-03-09 22:43:55
TkFfkUhNLczx5LB-uR9qaw,I5jxUHS1Dp2rg40eDzyiCA,5.0,2019-01-29 16:34:37
TkFfkUhNLczx5LB-uR9qaw,PM_WuWyoqrKf20vYcD6ihQ,5.0,2016-01-12 13:28:31
TkFfkUhNLczx5LB-uR9qaw,Ps7Q7BOKzJO4nDTUhbk43Q,5.0,2019-06-03 13:36:25
TkFfkUhNLczx5LB-uR9qaw,R_Wi9jh57H_OzzAVWO71Bw,5.0,2019-11-04 17:04:06
TkFfkUhNLczx5LB-uR9qaw,XBlwldJfMJPzgEatHKFx8w,4.0,2016-06-25 14:26:38
TkFfkUhNLczx5LB-uR9qaw,hV0rmTB2S2fYzjQKlHtKuw,5.0,2016-01-17 14:12:18
TkFfkUhNLczx5LB-uR9qaw,n5i09tgSuzv9ZeIN9Qe5oQ,5.0,2016-01-28 13:32:42
TlWN7zYAOXT4VYgaTXY8Cw,Q4_uwzXOKX5jv1I6SBR9ig,4.0,2019-06-06 02:31:48
TlWN7zYAOXT4VYgaTXY8Cw,T0GS1FEYQBy2xlxWGWamBw,4.0,2018-02-20 04:07:18
Tm3SdDX5fa8O6NN-tciSkA,IkY2ticzHEn4QFn8hQLSWg,1.0,2017-05-24 19:39:08
Tn8iXFhLvKL3N5oxGI1Qww,QtUn-vphzwt_cOQVkDlyow,5.0,2018-01-17 16:49:57
TnxZgS3lrNYsPohd_OpiCg,0ZsqqzHu1HHkDdIKoivi5g,4.0,2016-08-25 02:27:57
TnxZgS3lrNYsPohd_OpiCg,6_Gsn1ZxSosWb6mZusap0Q,5.0,2018-02-22 01:31:40
TnxZgS3lrNYsPohd_OpiCg,GTS97x6mFLjGXn3ITKaQuw,5.0,2016-02-12 00:32:40
TnxZgS3lrNYsPohd_OpiCg,SqnMmUeoWrc5g66wAHOq4g,5.0,2016-05-02 03:29:27
TnxZgS3lrNYsPohd_OpiCg,gytqFU8j-b6dpNcLEwMDYQ,5.0,2019-11-05 14:42:16
TnxZgS3lrNYsPohd_OpiCg,sSzoKdBQlU2DvNurOHxCFQ,5.0,2017-06-14 22:03:53
TnxZgS3lrNYsPohd_OpiCg,yySSmWlJau9hQkyolVIEQQ,2.0,2017-01-01 16:02:52
To0GTLW5MGZwOg5TxxZIQA,oJ4ik-4PZe6gexxW-tSmsw,3.0,2018-01-24 16:00:47
ToG-oQVqhKp00tjlSxQZTg,KHe6HAqmyioITwTvg9Bbcg,5.0,2020-07-28 19:17:14
TqEOK7uxaXj7SbJZKEktxw,IkZgPqgwKSuQFAf4s0Z21g,4.0,2019-04-02 21:01:57
TqEOK7uxaXj7SbJZKEktxw,IxlIgLbIbynzJdzeqO860Q,5.0,2019-04-06 01:13:23
TqEOK7uxaXj7SbJZKEktxw,tf6S06LD09IFDHUpOPqPaw,5.0,2021-04-19 18:19:17
Tqm7Wu7IBJ1td3Ab5ZpUhw,Nvuya8iH_NaJlzXg-dx1-A,5.0,2013-07-19 14:40:42
TrU49Ydk2ZMjlh0rtOVj7g,3XirYkP9PJvVXIEDPNNXLA,4.0,2017-09-19 23:38:39
TrU49Ydk2ZMjlh0rtOVj7g,5ZXmpIVqjGB9cqEUDJ7Reg,4.0,2017-12-01 03:56:16
TrU49Ydk2ZMjlh0rtOVj7g,EYw42-YsnMr0pbqM5YXRxw,4.0,2018-04-11 23:27:11
TrU49Ydk2ZMjlh0rtOVj7g,Fok0BLJP0OMxbbl3l6QmZA,5.0,2021-11-03 23:39:32
TrU49Ydk2ZMjlh0rtOVj7g,GXFMD0Z4jEVZBCsbPf4CTQ,5.0,2017-11-25 04:47:16
TrU49Ydk2ZMjlh0rtOVj7g,N17pdux3YwNgeXHZEXppBA,5.0,2018-04-14 02:59:23
TrU49Ydk2ZMjlh0rtOVj7g,OZcl2HOUXAHuICrh5d2WjQ,4.0,2017-12-20 02:44:27
TrU49Ydk2ZMjlh0rtOVj7g,TNTBObKmICMn13T0pyAGyg,4.0,2018-04-13 11:20:19
TrU49Ydk2ZMjlh0rtOVj7g,UfWjaifeYmyldKxlEYI9cg,5.0,2019-07-01 04:14:44
TrU49Ydk2ZMjlh0rtOVj7g,cQIh4YJlVtZI9TLF5_smOg,5.0,2017-12-20 03:20:17
TrU49Ydk2ZMjlh0rtOVj7g,fCDMLD21ypv1XZ_EyafCkQ,4.0,2019-10-23 23:37:49
TrU49Ydk2ZMjlh0rtOVj7g,kfqgGm2hJUj4NXEkkk1qIA,4.0,2019-07-01 15:54:14
TrU49Ydk2ZMjlh0rtOVj7g,oC91lprbbfzw7DOYiYln7Q,4.0,2017-12-17 15:41:15
TrU49Ydk2ZMjlh0rtOVj7g,xB3MxRBF6l8rd9xxJVnLhw,5.0,2021-09-05 01:57:35
TrgS0XlD250YEf281vXN0w,yXJsY6k67TfO7du7UJVWCg,5.0,2020-06-06 22:16:35
Ttn1RtATzZBtWsx6MoPGqQ,k6xc8FiZp2hppWcQJzNVpQ,5.0,2020-12-10 20:54:49
TtuLyYy4Gf41XA2JUQgY8A,2D-8pjS2NB9ut8AIUFEu2w,4.0,2013-11-15 20:06:09
Tuihtzlt52SVPwLn03Lv0Q,SwBhaxfQPbyhsi0QHUAN0A,1.0,2015-06-30 14:49:50
Tuv7Vgr-tgpBIIgxxaOzqQ,SJ27iHWa1HwlW_1YRWXZcg,5.0,2013-12-23 06:12:24
TvLSzBrSM1EkzCL1np6imw,lPx8jUBfK1K6u3UgowU5mg,1.0,2021-08-15 23:00:06
Tvegk5s428x5XwFZcTQypg,Q-prSTdggNlxAEFV88BZOw,2.0,2010-01-19 06:18:55
Tvegk5s428x5XwFZcTQypg,RnhLCG4N9MPy6ZRzq787Cg,3.0,2009-04-07 23:19:39
Tvegk5s428x5XwFZcTQypg,ZUp2DI8r1ro5iY3ldR6x6w,5.0,2010-01-19 21:17:25
Tvegk5s428x5XwFZcTQypg,d28lZlSps97FHhXZazJ8zA,4.0,2010-02-11 22:57:03
TwPlaNvnziaN2wB3lk_9Mw,9cybDNxJ7cyNVkmwm-ktcg,5.0,2020-03-09 18:20:38
TwPlaNvnziaN2wB3lk_9Mw,C26xmwM2_OgJJi2BbL3KkQ,3.0,2020-03-08 16:08:28
TwPlaNvnziaN2wB3lk_9Mw,FaY_9x8ZtsuHe5wS2iJM1Q,5.0,2017-01-06 00:58:10
TwPlaNvnziaN2wB3lk_9Mw,SbuLL-8eSaUs-huaYR5_IQ,5.0,2018-07-10 16:18:29
TwPlaNvnziaN2wB3lk_9Mw,ZTctPm8-lBy0iJ9dFhYhyQ,5.0,2014-09-10 18:43:15
TwoySZgw93uN6VcXJD5iJA,pqcYTOo8kMYoNt4fjOm_vQ,2.0,2021-02-17 03:03:28
TwtDg6JoL3k1sJetfE_K0Q,035gK3ASKDns-ojUSnV4IA,1.0,2019-05-28 06:17:38
Tys-LkUZLtVtN2Yl5om2Qw,IkY2ticzHEn4QFn8hQLSWg,1.0,2013-08-20 01:08:55
TzUbr6BiQwR1bNfVOuE4GQ,EaOpoKLdqNwZ2q5owQ6LDA,4.0,2013-04-04 03:53:02
TzUbr6BiQwR1bNfVOuE4GQ,UjQnH-pElJZ9jD51vOt5Rw,4.0,2012-07-06 04:27:06
TzUbr6BiQwR1bNfVOuE4GQ,tV46IhCfHbsx_af-pMupiw,2.0,2012-04-28 04:59:34
Tzdu8NMT7Sv87HLkpHl1LA,CX41cIFRNSYtcv8ZbpiMkw,5.0,2015-07-26 23:00:26
Tzql1xnrk8BLS3-h7-eYTQ,xxvgV_6FrRzXPhpT8EWXUg,3.0,2013-03-09 15:34:27
U-blmCm_qUbibUUgqDSB_g,s4k1P9FHfPUzw3dqXRp7eA,4.0,2021-06-04 14:37:04
U-nR7ND8CDN2x8ia73CH2Q,wl7rFbvRUstwyB2vRDW6IQ,5.0,2016-05-24 20:46:54
U0iT329n01nNubidPZJhMQ,6Aa0t9YWJNknGP9tHWmG5Q,5.0,2015-05-09 22:27:13
U0o2WkxhZId0eL1LzYgsKQ,3X2pmXKqaMQ6xZjJHlKn8w,5.0,2019-08-17 06:29:56
U0o2WkxhZId0eL1LzYgsKQ,3tf6oHkhN22mqFNMSPsZlQ,4.0,2019-01-16 06:50:29
U0o2WkxhZId0eL1LzYgsKQ,MNnCUYhi8JGEF7isbLXAFg,4.0,2018-10-25 16:21:09
U0o2WkxhZId0eL1LzYgsKQ,jbJTF1zVmZsk4hea8hoeVA,5.0,2019-01-10 14:06:48
U0o2WkxhZId0eL1LzYgsKQ,k66N-4OusE74AAbUR9L1Tg,5.0,2019-04-11 06:09:27
U0vzuP_b7vwX8OnLkXaQFQ,2SVykxI_KVFiHQYpLfmU3g,4.0,2013-07-17 20:43:38
U0vzuP_b7vwX8OnLkXaQFQ,jbJTF1zVmZsk4hea8hoeVA,4.0,2013-07-15 23:21:08
U13tLFucJNz1fNv_Xgdj0g,eUoV6GeeP3GPm9Q3LK3apg,1.0,2018-02-06 18:16:44
U25kwzIUl_YV4h-KVp9fvg,-Dg2pJigtydnPUUW5XBamQ,5.0,2017-06-24 20:20:05
U2sN2-HGvh27FyXKFlvkBg,3pamD1Qj7MXrF6dglK_guQ,5.0,2008-09-10 16:22:40
U4INQZOPSUaj8hMjLlZ3KA,-1XSzguS6XLN-V6MVZMg2A,4.0,2016-11-18 16:18:20
U4INQZOPSUaj8hMjLlZ3KA,GBTPC53ZrG1ZBY3DT8Mbcw,5.0,2010-02-24 14:20:24
U4INQZOPSUaj8hMjLlZ3KA,GXFMD0Z4jEVZBCsbPf4CTQ,5.0,2015-05-23 20:37:26
U4INQZOPSUaj8hMjLlZ3KA,MuKoTR56s6elHEI2wUkgJA,2.0,2019-12-13 13:42:26
U4INQZOPSUaj8hMjLlZ3KA,OWOOc0YjU_kioLeEgo5VCA,4.0,2015-05-15 22:44:29
U4INQZOPSUaj8hMjLlZ3KA,VVH6k9-ycttH3TV_lk5WfQ,5.0,2016-12-02 17:39:39
U4INQZOPSUaj8hMjLlZ3KA,_nqrmx5xKLQyrbmjhwiiuA,3.0,2015-06-05 14:41:20
U4INQZOPSUaj8hMjLlZ3KA,ltBBYdNzkeKdCNPDAsxwAA,2.0,2015-06-04 04:43:06
U4INQZOPSUaj8hMjLlZ3KA,vN6v8m4DO45Z4pp8yxxF_w,4.0,2016-11-17 15:52:41
U4INQZOPSUaj8hMjLlZ3KA,yj9lGwTLo_R1rMxJoEiR8g,3.0,2015-05-14 20:07:36
U6CknC8K0NTsXn_yLPV6tQ,IGna30iAQJa6RMbsv-9tWg,5.0,2013-11-04 20:21:14
U6CknC8K0NTsXn_yLPV6tQ,SBtjW_pKw3XaOKtKAavWZg,5.0,2014-06-13 04:30:57
U6zA3bzUGAcvy4_-izntKw,IzTh_D90T7LZRxy1lgAG-Q,4.0,2019-03-18 00:15:39
U6zA3bzUGAcvy4_-izntKw,S1FwTmCAwv5ulu5gToWi_w,4.0,2018-12-11 19:15:46
U7NLhaVfOJrHb9XLsZbJnQ,DytKODMqcvQ7MWA0NN2uNw,5.0,2012-11-09 15:44:11
U7NLhaVfOJrHb9XLsZbJnQ,yMeC2ltA33lJ-nBIQP4sJQ,4.0,2014-03-28 17:23:01
U9R5bmRb_RcgZHVOX7vvMw,pWuoHHu0LuVrD0HjadDygg,1.0,2014-05-13 02:22:08
UATJHaTQf5fufIWLC43gyg,11qwVOxX-Z0bWAnfpVLnlw,3.0,2015-04-16 05:36:02
UATJHaTQf5fufIWLC43gyg,EagkHaaC-kUozD3MPzbRIw,4.0,2015-04-15 21:15:57
UATJHaTQf5fufIWLC43gyg,FaY_9x8ZtsuHe5wS2iJM1Q,5.0,2015-04-17 04:50:03
UATJHaTQf5fufIWLC43gyg,GBTPC53ZrG1ZBY3DT8Mbcw,4.0,2015-04-16 03:53:20
UATJHaTQf5fufIWLC43gyg,oBNrLz4EDhiscSlbOl8uAw,4.0,2015-04-15 22:09:27
UAmNOcKIkTiYUHhFdZ3jYA,Oh3Q3QfhMl2DArFiLUrT9Q,1.0,2013-12-28 23:58:00
UB8TnUnRSCOVglqBDgQkoQ,BiwzXBmuQX5-P5dW9ZjCMA,5.0,2021-06-27 04:54:15
UB8TnUnRSCOVglqBDgQkoQ,vWjME92WddneF98IqzaNfQ,5.0,2017-03-23 02:28:13
UBr98nMhek-w6XtazKRyYw,l_mx_q740TLKBPCMa_mtJw,5.0,2021-04-22 15:59:01
UCY5tQQ_-7fB_CKZYJYQAQ,RRGLss4hhvZZuR0N6GQlSw,5.0,2016-07-03 02:43:31
UC_q7Ak-r-erKYo4OleZvw,5j9TfW8RrdkpaHlaBwt6bQ,1.0,2010-10-24 14:34:59
UDQI6MyqcoC5MLF7tS6aow,617w8MQE3z1szmLvs0WfCw,5.0,2016-09-28 02:34:17
UEIOT1JdvCDIXLN8dQIiGg,9kv9JpLhzkN3UeWZDrsmEA,5.0,2011-02-28 04:26:56
UEIOT1JdvCDIXLN8dQIiGg,FkmUQqJCjgAYSlckQL0umw,4.0,2014-12-08 04:07:58
UEIOT1JdvCDIXLN8dQIiGg,Meww6RIE4cFL_kG0aRlbAA,5.0,2020-05-05 02:49:15
UEIOT1JdvCDIXLN8dQIiGg,W3vh-SwbjqvTWczrDOsKgA,4.0,2015-07-26 18:23:33
UEIOT1JdvCDIXLN8dQIiGg,XNllgtbX8Er5sixIrJMEoQ,5.0,2013-02-11 19:46:47
UEIOT1JdvCDIXLN8dQIiGg,pGwrPSAlwMvEnOsFHqB72Q,4.0,2017-04-22 12:59:31
UEIOT1JdvCDIXLN8dQIiGg,pSgZ6x48zgkbWucfzswkzg,5.0,2017-12-08 03:42:32
UEf2XkLwnIj4nEZyncILsg,dGUyXgFW1WSYMgRypKaYew,4.0,2014-01-27 20:39:14
UFq51LFmhfEPn21CM9l_RQ,Gekeq1c-fuezmx0PSGQvzw,1.0,2016-02-24 21:10:53
UHXtYHgX4gJawGrWm2595Q,2BGuDmJrn9NLrmhFwYMaPQ,5.0,2021-06-28 18:53:40
UI22qrdULOccVyWGhYDI8A,OgilsqqoshPEsPYdx7GIzg,5.0,2014-04-04 04:34:02
UJEjJgi1xpmLR4b3J8fn2Q,kQRB8RNwd7cEMcURTS-I7A,4.0,2016-02-01 03:53:47
UJJFLUq9PY8uzzM0-9kiiQ,26107Pz4hjESgQ8J2c81rA,5.0,2015-11-25 03:50:29
UKMu3dHJXF4oFYvTLNX9IA,3OOL_DXbqIMvqz_30LfJNw,4.0,2011-08-22 21:29:53
UKSw9kfoBfdatSMUl-jGnA,gK9CdFaCXmHoW8aLfXiSqg,4.0,2018-01-24 02:41:21
UKg3ybTCwNQJHFy-9vJJPQ,5CbJgHWgvjyDRw9Sl4BXhg,5.0,2016-11-26 20:33:16
UL-dYA-QhWeVMfz5NRf1Lg,PP3BBaVxZLcJU54uP_wL6Q,3.0,2015-11-01 21:37:01
ULPkFUg07QPlG9oD-3hGrg,Tyub4uN0yku6wyS1JWMejA,5.0,2018-12-02 01:24:38
UM0lTNFr_sRHYDdoF0IZEw,IkY2ticzHEn4QFn8hQLSWg,1.0,2012-06-03 08:16:04
UMMt4n-TXTuNHG4PbjYEgw,goXz8V980-WFIreZRbLVSQ,4.0,2015-05-27 00:29:36
UN6MXJuhyGcX7LTj4-b7FA,NJe5fkia_63rdKXRdJlmkA,1.0,2018-12-31 15:04:36
UN6MXJuhyGcX7LTj4-b7FA,SPEXSaryxJmVpy8QoRz7Tg,5.0,2020-02-08 17:36:38
UN6MXJuhyGcX7LTj4-b7FA,i6DlLLxZ2iwQRxhUDx3TTg,1.0,2021-08-15 22:18:18
UN6MXJuhyGcX7LTj4-b7FA,kZ1q0K13tFYG_ZJrVvsJHA,4.0,2020-07-19 17:03:52
UN6MXJuhyGcX7LTj4-b7FA,krWsMdrE_uglWwOF5BcJcQ,5.0,2019-08-23 19:19:20
UN6MXJuhyGcX7LTj4-b7FA,oIr50siZDtDYCE_p5K8nYA,5.0,2020-09-04 21:47:20
UN6MXJuhyGcX7LTj4-b7FA,p-MSh95si_sDdih94gyKuw,5.0,2019-11-10 16:43:45
UN6MXJuhyGcX7LTj4-b7FA,vhDWGF-8BfsxvS7Zo5Wv2w,5.0,2019-09-16 14:19:59
UN6MXJuhyGcX7LTj4-b7FA,waWvlZPOgPkfSTsnCju4aA,5.0,2019-01-07 01:25:56
UN6MXJuhyGcX7LTj4-b7FA,ytynqOUb3hjKeJfRj5Tshw,2.0,2021-11-27 15:58:26
UOMSN12IGpju4sKwIJQE_Q,_NozEKb4y0jkC08DWU8ywA,3.0,2010-01-21 21:06:22
URPUZR0LWdIW7c9uMmJJEw,sf-KdXHB5nxfNjl2uUpI6Q,1.0,2019-05-13 14:53:07
URTnq_KYnZtKZOhPvAIlwQ,k40WgsXxRqe9qSHMv95a3w,3.0,2016-09-26 17:53:22
URrgQD93DohctUfRqjYWAA,YPLfRswyryjjW3VJa-SdaA,4.0,2020-10-02 06:08:23
URrgQD93DohctUfRqjYWAA,nMDteyIwo3zLbqm45xBwFw,5.0,2021-07-01 23:08:02
USD9k93iOIB88v93B5iBcw,uJZgom8HpK74xz8IojpT0A,4.0,2014-06-08 17:51:10
USrM9POHutH9QIifiYAfzQ,kGhT5VRj2ZBSdXJl6qkLdw,5.0,2017-08-25 13:41:22
UU9aCh4ZN2N1nfFXAiJz_g,GBTPC53ZrG1ZBY3DT8Mbcw,5.0,2013-11-12 04:28:00
UVxY0iyPaqY7s4BSFtt-xA,fApb6LKfOdy5u7MP0hsHKg,3.0,2010-05-02 22:25:39
UVxY0iyPaqY7s4BSFtt-xA,j_AhCyEzJpo3sS7NZRFKQA,2.0,2011-07-19 08:03:05
UWPPx4KkL9VMxEj4uwe-Ng,1o9IdLrFGMS2o5Y8uXKC0Q,5.0,2015-03-31 23:11:48
UWPPx4KkL9VMxEj4uwe-Ng,FpwmIq3Gpo6hGIrOOv8lTw,5.0,2014-05-04 14:39:55
UWVm7z8pDaJqBpM2gRXq_w,pWuoHHu0LuVrD0HjadDygg,1.0,2016-06-04 01:00:38
UWdOL82q9qnsSZ85f4ZQPg,wMyHVb54Ne9SNasa4kjOCg,4.0,2021-09-12 18:52:26
UXTsDU3DJLW380wgcExy-Q,NdSJl2PIpAWrxVVl0rW7nw,4.0,2012-03-15 23:28:58
UXbCcmkYGl3DH_Py5UOtbQ,ChlcxTEoWBQJXJ2Xb2vm5g,5.0,2012-03-19 03:30:13
UXbCcmkYGl3DH_Py5UOtbQ,FaY_9x8ZtsuHe5wS2iJM1Q,4.0,2012-03-17 23:23:36
UXbCcmkYGl3DH_Py5UOtbQ,G4kmb7lGpbER5Jd2Al2TLw,4.0,2012-03-16 03:26:26
UXbCcmkYGl3DH_Py5UOtbQ,OuaqRGlscxMIqUoN4Vw41A,3.0,2013-10-29 04:19:51
UXbCcmkYGl3DH_Py5UOtbQ,Rv8bW3pkzpi5dZu5ckbgtA,3.0,2013-10-28 04:57:57
UXbCcmkYGl3DH_Py5UOtbQ,UjQnH-pElJZ9jD51vOt5Rw,4.0,2015-01-22 22:05:19
UXbCcmkYGl3DH_Py5UOtbQ,Y2Pfil51rNvTd_lFHwzb_g,4.0,2012-03-19 00:06:24
UXbCcmkYGl3DH_Py5UOtbQ,Zi-F-YvyVOK0k5QD7lrLOg,5.0,2012-03-18 23:46:53
UXbCcmkYGl3DH_Py5UOtbQ,wj8XtPyuREj8_0GQz3LZ6w,5.0,2015-01-21 05:29:16
UYro9RCGGJU66b6lGQXy-A,SmSNWxjEYQgpn-uH7Qfv7A,5.0,2016-10-27 19:36:05
UZ8_xqhiguIYb9Lu2Wu8og,zFcE7bQ2oDfwpPgl_PxOTA,4.0,2020-02-02 22:01:49
UZOm2svtUK-lGt4oTvh4LA,a7__VvDjHpgpncosFsYArA,4.0,2019-11-12 18:28:17
U_RCft_ROtu3ts2StuKSdw,Jcm-2RZWIcF0E4V6kekBsQ,4.0,2019-12-17 00:01:11
Ua-lC5SbEewrvdZ3cooftQ,_EqGhRXzlUaTpu5eToC8MA,4.0,2014-03-03 02:40:01
UbBwtsp5QbZvTIjkwEa3uA,l6ilG-3jakpirpfCS_LciQ,1.0,2013-05-08 05:58:07
UcPPGD7cn99JIQiQcaFCjw,j-qtdD55OLfSqfsWuQTDJg,4.0,2011-12-06 14:18:11
UclU9zIs2BnOMRKPJy5VuQ,6bfas5osLwyvyWcwwDg6XA,4.0,2016-07-22 17:08:54
UclU9zIs2BnOMRKPJy5VuQ,IxlIgLbIbynzJdzeqO860Q,5.0,2019-04-15 14:59:39
UclU9zIs2BnOMRKPJy5VuQ,VPEZwyog5oF82gzd9qfcOA,2.0,2020-02-21 17:34:18
UclU9zIs2BnOMRKPJy5VuQ,aKOo9Kacq-4Wnsy6ilfdQw,2.0,2020-08-18 17:48:40
UclU9zIs2BnOMRKPJy5VuQ,cWcKC9ytDyW3dbqxjb250w,4.0,2021-07-27 14:57:14
UclU9zIs2BnOMRKPJy5VuQ,uihNp1cyWmHkma4U0MJHow,5.0,2021-03-02 22:20:56
UcqNUqTvGT6fHQ-PVf_0mQ,vP6BGF8IqbXlLQiDP5n6dA,4.0,2021-02-24 04:10:10
UcxfSbhuAdM61l0quwQokg,EkGrpiN5gN6TaSfVQ0ggvA,4.0,2020-07-12 00:18:38
UcxfSbhuAdM61l0quwQokg,gjbmwlYUImb2lQBp5LV3KA,5.0,2021-09-04 12:32:57
UcxfSbhuAdM61l0quwQokg,hfbZ97Te3T4jeWN6GgsGrQ,5.0,2021-09-04 12:23:46
UcxfSbhuAdM61l0quwQokg,oBNrLz4EDhiscSlbOl8uAw,3.0,2021-09-04 13:00:16
UczFBWMS6vgI1zX584NyxA,3wghyH3V0jmAQKOnBTdrUQ,1.0,2009-01-21 06:00:51
UdsVxQQoYsvyh8YwbsWpZQ,oFxKFiDkP_lGaFAzvnzZfA,5.0,2013-11-06 22:11:56
UdwmP5xAYKyy06Ddw2syAA,gk3hzKydevLKZ2FVmJdt-A,2.0,2014-02-24 13:26:43
UdyrulYllDxVNmX-32FLFA,6h7C53qLfwM7v3zKRqG0yA,4.0,2012-12-30 14:00:40
UeyvjAQUyDpY8eC479e2cA,Hh8jUR0mtVXkAnv8XDZjyA,5.0,2019-06-25 19:09:58
UiRx8jyS6H957ItwFsP2nQ,WAPhi7JdwIvdTBgM9KsxHA,5.0,2013-11-10 07:43:42
UiRx8jyS6H957ItwFsP2nQ,zAz_ROUOX0s6_Z7N3gqbHw,5.0,2014-09-05 10:35:37
UiTLrhOpgeMyCjGoHDEEVw,_4bhVmlvT9dvqydQG2TOMA,5.0,2016-04-05 14:25:59
Uk3X2AypU8AqvcYEVf7s6Q,035gK3ASKDns-ojUSnV4IA,4.0,2019-02-21 04:04:02
Uk3X2AypU8AqvcYEVf7s6Q,U3grYFIeu6RgAAQgdriHww,5.0,2013-11-07 15:09:20
Uk3X2AypU8AqvcYEVf7s6Q,l_slvEnh4v3W8BXF1gYlcQ,1.0,2012-07-18 15:54:21
Uk3X2AypU8AqvcYEVf7s6Q,m4kvY0viCwxqRtgOycnKVQ,5.0,2014-11-21 18:47:26
Uk3X2AypU8AqvcYEVf7s6Q,oGDGlUbOjHxmmCh8ZYcDCg,5.0,2016-03-30 02:42:43
Uk3X2AypU8AqvcYEVf7s6Q,omnCKxL0f_akh0eYeJxjDg,4.0,2013-04-24 15:56:09
Uk3X2AypU8AqvcYEVf7s6Q,uO39--k_hrCFgZh-Bl8m8A,4.0,2015-10-09 13:56:55
UlWDGR0QrBbdFsVY6ugocw,-rCB_kCW-u84S-CQir-lng,3.0,2012-07-02 19:53:41
UlWDGR0QrBbdFsVY6ugocw,0MhxvTys2ADYa3sOO91ldQ,5.0,2017-02-28 23:57:53
UlWDGR0QrBbdFsVY6ugocw,0QYWhij_YZ7Lyk9F6213Sg,4.0,2012-04-23 02:17:11
UlWDGR0QrBbdFsVY6ugocw,2coic7DZlnlqVhblbEOpIA,5.0,2016-07-14 13:12:14
UlWDGR0QrBbdFsVY6ugocw,3Ym00dQ_oqZ0zunGMLhX3Q,4.0,2013-05-27 02:53:44
UlWDGR0QrBbdFsVY6ugocw,7lwe7n-Yc-V9E_HfLAeylg,5.0,2015-06-29 15:07:30
UlWDGR0QrBbdFsVY6ugocw,7s5ImgKYDMrwYtFuNZuLjw,4.0,2011-03-29 04:04:17
UlWDGR0QrBbdFsVY6ugocw,95r3jAJRn10e9aB5I_NlPg,5.0,2011-06-26 04:03:21
UlWDGR0QrBbdFsVY6ugocw,9GdGe93oLy8MTtmEsfmgEg,5.0,2011-08-04 04:01:47
UlWDGR0QrBbdFsVY6ugocw,A5b9nVDi1DPVvPOD24-p6w,5.0,2012-08-09 04:41:56
UlWDGR0QrBbdFsVY6ugocw,AhptHEV4nFleCv4yOwp6fg,5.0,2011-05-17 19:33:58
UlWDGR0QrBbdFsVY6ugocw,AjxjKRNin477A7nKAZciGg,4.0,2013-07-11 02:10:33
UlWDGR0QrBbdFsVY6ugocw,C6KP0hSutumHzLDCFyjvJQ,5.0,2020-04-21 16:37:45
UlWDGR0QrBbdFsVY6ugocw,DKyJMM2209QrTgclzoCUpw,5.0,2012-01-06 05:26:00
UlWDGR0QrBbdFsVY6ugocw,El_2Cxuq4hxqrmlg_5nzzA,5.0,2015-04-13 14:19:13
UlWDGR0QrBbdFsVY6ugocw,FryXEasH74MQDnj5Bvz3QA,5.0,2011-12-27 06:23:31
UlWDGR0QrBbdFsVY6ugocw,Fx_yFwHlHboVTTj-4NJQyg,5.0,2011-09-06 15:22:14
UlWDGR0QrBbdFsVY6ugocw,HKS-63JzfR0DMNVLBuokYw,5.0,2013-03-22 03:06:09
UlWDGR0QrBbdFsVY6ugocw,H_u6w1hM4WEgOD288i5edw,5.0,2011-09-29 03:46:13
UlWDGR0QrBbdFsVY6ugocw,I_3LMZ_1m2mzR0oLIOePIg,5.0,2011-07-19 04:30:10
UlWDGR0QrBbdFsVY6ugocw,LGYIhGqbYakMMdsn_GCzJg,4.0,2012-11-01 04:01:40
UlWDGR0QrBbdFsVY6ugocw,Ld3qgGua7MqrFnZY8AIo0A,5.0,2011-03-08 22:05:23
UlWDGR0QrBbdFsVY6ugocw,Mr7Aov2n7wPCpwaUxk8lCw,5.0,2011-12-21 06:17:26
UlWDGR0QrBbdFsVY6ugocw,OZcl2HOUXAHuICrh5d2WjQ,5.0,2012-04-26 03:58:27
UlWDGR0QrBbdFsVY6ugocw,Pc3urwUFlzLyDP1qvsHQuA,4.0,2013-02-01 03:29:37
UlWDGR0QrBbdFsVY6ugocw,PcR2ObZX6IAYLE9HiUcG1w,5.0,2011-05-21 04:17:42
UlWDGR0QrBbdFsVY6ugocw,R8t9g5nvi7VFyS8zsgmj8Q,4.0,2018-05-14 15:32:12
UlWDGR0QrBbdFsVY6ugocw,S6L5hB5r9_j6UeanowxRvw,4.0,2013-04-02 20:39:18
UlWDGR0QrBbdFsVY6ugocw,S6tR7vBAg-3b9mGLB13-Ug,5.0,2018-01-02 15:06:19
UlWDGR0QrBbdFsVY6ugocw,TXg82zeFo2MpX5BzZXpJUg,5.0,2017-11-20 20:05:45
UlWDGR0QrBbdFsVY6ugocw,UM6XgOtTX4DWWcGDTWtjEg,4.0,2012-06-16 06:57:10
UlWDGR0QrBbdFsVY6ugocw,VNvJuCTMdGBj4lwC0L1Ghg,5.0,2014-04-07 13:37:38
UlWDGR0QrBbdFsVY6ugocw,Yz4BD3vf8-d14j2T2FgYxA,5.0,2017-10-16 22:58:48
UlWDGR0QrBbdFsVY6ugocw,bqR_3sT_rNp0hZglPtX6rw,5.0,2015-11-13 16:27:41
UlWDGR0QrBbdFsVY6ugocw,cQIh4YJlVtZI9TLF5_smOg,5.0,2011-07-13 04:05:51
UlWDGR0QrBbdFsVY6ugocw,nX2105_S9lUhB5rbhC2n2w,5.0,2013-03-18 18:06:07
UlWDGR0QrBbdFsVY6ugocw,o3hDZ2nv80tApZMNQw2aZA,4.0,2011-03-27 15:30:29
UlWDGR0QrBbdFsVY6ugocw,oC91lprbbfzw7DOYiYln7Q,5.0,2012-10-24 18:56:35
UlWDGR0QrBbdFsVY6ugocw,pG5hLBK49Oz2TLX2qY6UQw,4.0,2011-05-19 14:08:41
UlWDGR0QrBbdFsVY6ugocw,p_6THXiGLViyxYnOY8BzZQ,5.0,2012-04-09 02:22:35
UlWDGR0QrBbdFsVY6ugocw,rdtx0kMDoC15FvNyom6W_g,4.0,2011-04-27 03:14:43
UlWDGR0QrBbdFsVY6ugocw,tqHbdVDUbPub5l5_OcEWvQ,4.0,2015-12-21 16:48:42
UlWDGR0QrBbdFsVY6ugocw,v4S374WpOOhojqpto-AaAA,5.0,2018-08-27 15:02:22
UlWDGR0QrBbdFsVY6ugocw,xP5o6PVU3tWOixLJTIdVVA,4.0,2011-04-24 21:19:22
UlWDGR0QrBbdFsVY6ugocw,y68ddl23zvgIY2aWvCNjaw,5.0,2011-05-07 22:45:29
UlpRAnirM4G-Wv8bd9ab6g,VXh9So-7ZyLot5wjXkTanA,2.0,2014-04-03 01:20:57
Ult681KMSYmgJZBGYlhFwg,Cs0adaMTxJWTDSzuQ3vheg,5.0,2014-09-09 11:44:57
Ult681KMSYmgJZBGYlhFwg,dGUyXgFW1WSYMgRypKaYew,4.0,2014-09-07 17:07:04
Um5bfs5DH6eizgjH3xZsvg,4Cz35phMTQWemqjaBG727w,5.0,2019-05-12 16:02:19
Um5bfs5DH6eizgjH3xZsvg,6K3i3-hBaRgNAJi03mt1fA,5.0,2015-08-24 02:31:32
Um5bfs5DH6eizgjH3xZsvg,Bii6sQO2QNinBq9vdakNBg,3.0,2020-02-26 21:28:48
Um5bfs5DH6eizgjH3xZsvg,SwBhaxfQPbyhsi0QHUAN0A,3.0,2016-08-02 22:49:51
Um5bfs5DH6eizgjH3xZsvg,YLZ6XqKo-cixzMtNMHKEvw,4.0,2017-07-21 06:44:52
Um5bfs5DH6eizgjH3xZsvg,naR0-fib3LmYnxxVP9nNXQ,4.0,2016-11-22 03:00:05
UniMVIU5-JglqwXWVEkvcw,J8S7cPPlTgsQnXKVfTyN8g,4.0,2014-09-10 22:17:29
Uo-DCJHKxKHOPnAVN6J_TA,uJZgom8HpK74xz8IojpT0A,1.0,2015-08-25 15:02:34
Up01JEJT09-gYC2QixklZQ,pP1V9AvK716BMxoHkNVWdw,1.0,2016-12-30 22:16:34
Upa-u-26_RVnjoFsIimjaw,VVH6k9-ycttH3TV_lk5WfQ,4.0,2019-06-28 02:35:03
Upa-u-26_RVnjoFsIimjaw,dpqDfbNpcIERkXVoE5S9Wg,4.0,2018-01-21 08:43:50
Upa-u-26_RVnjoFsIimjaw,jXrhIVKcJ-upvglUmfC1pA,5.0,2018-04-25 09:31:21
UqHsq1NopijbntheBrXN9Q,4ADeBcc3O4zmTrp60H4O_A,1.0,2019-06-22 01:14:31
UqM3bibyA-mnjNthSnlerg,FCfTUUTYXfZchPvx7tkoWA,3.0,2019-02-17 01:09:23
UqkrP5O2ToeXRcYbp7okIA,2njTjQ35skXN171KoobeGg,5.0,2013-10-14 14:22:59
UqkrP5O2ToeXRcYbp7okIA,4QMIJJWQOh7zpEwOXhFJqw,3.0,2013-10-14 23:42:30
UqkrP5O2ToeXRcYbp7okIA,iOFbMitGdfU6i5xm4nZ8Ww,3.0,2013-10-16 04:00:20
UqkrP5O2ToeXRcYbp7okIA,szad9yEwckNw0P3L5FGyNQ,4.0,2013-10-13 14:19:15
UrQw8IyTOAAlokN-SMK3_Q,-hVMfjPPEsSnga_gnYJx2w,5.0,2018-12-30 00:48:40
UrQw8IyTOAAlokN-SMK3_Q,-tDmeO1Q5aqThVY3AFJJ7A,5.0,2020-11-11 06:34:05
UrQw8IyTOAAlokN-SMK3_Q,15BlJKQfD-SLJTebWa14EQ,5.0,2020-11-14 00:13:38
UrQw8IyTOAAlokN-SMK3_Q,45VrJplsLEo9EYMvTjBwGg,5.0,2019-03-02 04:03:51
UrQw8IyTOAAlokN-SMK3_Q,59yqaPOV-q__EqBQ_fDw1g,5.0,2019-12-28 02:27:15
UrQw8IyTOAAlokN-SMK3_Q,5lvHhLX7-8Mg7Jg3efhwjw,5.0,2021-02-28 07:32:29
UrQw8IyTOAAlokN-SMK3_Q,6bfas5osLwyvyWcwwDg6XA,4.0,2020-07-30 05:04:18
UrQw8IyTOAAlokN-SMK3_Q,6iqDIQCE8sq7Xq1xvhG1Tg,5.0,2020-11-01 18:24:35
UrQw8IyTOAAlokN-SMK3_Q,7pwFfnB6FH4lflXWrQ2Tqw,5.0,2019-10-22 19:00:57
UrQw8IyTOAAlokN-SMK3_Q,8OMerSx6en6MgHYg3E89ZA,4.0,2020-08-10 05:44:43
UrQw8IyTOAAlokN-SMK3_Q,9OG5YkX1g2GReZM0AskizA,5.0,2020-11-11 02:01:29
UrQw8IyTOAAlokN-SMK3_Q,9wPX6OoUifn9qfKGwrX0xw,5.0,2019-10-28 23:56:11
UrQw8IyTOAAlokN-SMK3_Q,AbUMLNaW9DzYelM4AGK3Xg,5.0,2021-11-11 19:52:04
UrQw8IyTOAAlokN-SMK3_Q,Bc3C4rM1TVZTJzKEN6REtQ,4.0,2021-02-20 05:51:54
UrQw8IyTOAAlokN-SMK3_Q,EO5ne2jClfd16Sus5D6i6A,5.0,2020-08-13 04:55:18
UrQw8IyTOAAlokN-SMK3_Q,GST3wg-wej15vHeCvaXE6w,4.0,2019-10-23 06:44:25
UrQw8IyTOAAlokN-SMK3_Q,OR7VJQ3Nk1wCcIbPN4TCQQ,5.0,2019-02-27 08:33:05
UrQw8IyTOAAlokN-SMK3_Q,OvREyM6JzUogb8yQXXoF0A,5.0,2020-07-31 04:52:41
UrQw8IyTOAAlokN-SMK3_Q,Pr-OrQ0-hNPFdp8bVZN6Lg,5.0,2020-08-16 20:27:01
UrQw8IyTOAAlokN-SMK3_Q,QCsVilspu6TxuwZMUTabFQ,5.0,2019-08-05 23:05:22
UrQw8IyTOAAlokN-SMK3_Q,Sc6V7hXU7Ar2_mmRoRYsKw,5.0,2021-03-02 00:05:46
UrQw8IyTOAAlokN-SMK3_Q,TF3qNGUBUgIYp6u0j79JHQ,5.0,2019-08-05 21:57:04
UrQw8IyTOAAlokN-SMK3_Q,UBIG1I0th2sSLekfXo-7jA,5.0,2019-12-28 10:27:59
UrQw8IyTOAAlokN-SMK3_Q,V4WIP6XR8cF-vj2GpwhDhw,4.0,2020-02-26 00:55:50
UrQw8IyTOAAlokN-SMK3_Q,VPEZwyog5oF82gzd9qfcOA,5.0,2021-08-04 00:58:05
UrQw8IyTOAAlokN-SMK3_Q,a-fUq78iwilqa9Qd3ozfqQ,4.0,2019-12-29 08:21:35
UrQw8IyTOAAlokN-SMK3_Q,cBp1fn2LXpSHe4VbTXLYEw,4.0,2020-08-14 23:34:39
UrQw8IyTOAAlokN-SMK3_Q,diwwt5QBU3-Thig9SVlsOA,5.0,2019-12-30 22:14:37
UrQw8IyTOAAlokN-SMK3_Q,eIKjxqdMduIeIqzPg7yc-Q,4.0,2019-06-18 18:55:42
UrQw8IyTOAAlokN-SMK3_Q,eUxD-l-Ddr1iMmzV6prNFw,5.0,2018-11-01 06:18:33
UrQw8IyTOAAlokN-SMK3_Q,elEQxid6rZ3tRZF1Kwkr9A,5.0,2021-11-14 00:05:48
UrQw8IyTOAAlokN-SMK3_Q,evxhNYa77dxWZabIpGQCkg,5.0,2020-06-15 05:07:28
UrQw8IyTOAAlokN-SMK3_Q,gItWMfgXm568VI85W4cBSw,4.0,2019-10-26 10:04:46
UrQw8IyTOAAlokN-SMK3_Q,iDrmpQwGAAmftLzWqxEomg,5.0,2018-12-27 23:57:20
UrQw8IyTOAAlokN-SMK3_Q,lGbI4ub1FaTRh51GqmbXeA,4.0,2020-08-01 23:56:29
UrQw8IyTOAAlokN-SMK3_Q,mW-Whzi8dASVhkajlhd1dw,5.0,2019-10-24 05:41:37
UrQw8IyTOAAlokN-SMK3_Q,ow7hDGkfVJH65nniXH1a0g,4.0,2019-10-23 06:28:47
UrQw8IyTOAAlokN-SMK3_Q,pWuoHHu0LuVrD0HjadDygg,5.0,2018-11-04 22:38:19
UrQw8IyTOAAlokN-SMK3_Q,qynne35dp40BzXb5hroudA,4.0,2022-01-18 01:32:04
UrQw8IyTOAAlokN-SMK3_Q,rncZirFO0DmWEz4mUg2NrQ,5.0,2019-06-18 23:30:37
UrQw8IyTOAAlokN-SMK3_Q,uLg0FaTWN2mr3_rrcnoqTw,5.0,2020-02-21 21:09:03
UrQw8IyTOAAlokN-SMK3_Q,uihNp1cyWmHkma4U0MJHow,5.0,2020-08-16 19:25:03
UrQw8IyTOAAlokN-SMK3_Q,winkCYdiTroKdbPbV0DfRA,5.0,2021-08-04 00:49:50
UrQw8IyTOAAlokN-SMK3_Q,x2WLaFlWmF8RoC4ZRTUU6g,5.0,2018-04-08 22:19:13
UrQw8IyTOAAlokN-SMK3_Q,yatKUn6nlBp3HA0KBFV_PQ,4.0,2020-08-13 06:18:09
Us1AthDpqHzcO231z7OlSQ,SYb7oCytGSV6a3RnSFnE1g,5.0,2009-04-06 00:25:23
Us5LJwiMKpdhdvTGkro5HQ,YvrV_Tc9syF2Wch0HOIT3A,4.0,2017-12-04 16:31:11
UsO2t3iKAxzwrEqbhJbEMA,t7pZrv7LaqTQ71Iq6NerCQ,5.0,2017-04-05 16:34:49
UsXqCXRZwSCSw0AT7y1uBg,56M2bwaaSzcmzr2dyEfYQw,5.0,2012-04-19 06:35:09
UsXqCXRZwSCSw0AT7y1uBg,ZgsAlMs5S-TsViLcy9CVhQ,5.0,2013-11-17 08:53:23
UsXqCXRZwSCSw0AT7y1uBg,uQnOVqRRLALRNy-kdu1LXQ,5.0,2011-12-31 21:42:17
UsZv4q6cZOE4-cTJYzK_eQ,Ps7Q7BOKzJO4nDTUhbk43Q,5.0,2021-04-22 10:21:27
UtpU2qK1p1rmAZpwrQK3ng,ZYxGiEyHD17kd80zUzaOQA,5.0,2013-10-06 00:37:43
Utra_WbG2uEQeCNpucoIqg,9Ys1CvuL7GFwRdhudvWWfQ,4.0,2016-08-26 20:42:51
Uu7tuVTnVtc3uKjSMT0UXw,9ocQBw69M6V3N9LUafw2dg,5.0,2020-12-29 00:20:59
Uu7tuVTnVtc3uKjSMT0UXw,DFymbOEhIpWVE_d6BnHFmw,5.0,2021-08-22 13:13:33
UuiCwhkdkJkOY1lv1T18Jg,CBrD7r4PTCAKc7sP_WsXmw,5.0,2019-07-07 00:04:26
Uv5v7r1eN4XFsKZ2jwn1sg,Z4PF4EtM12L7nwOHZHFJNA,5.0,2014-04-05 03:20:59
UvGrtngH9e8MFhaWznAXww,-cEFKAznWmI0cledNOIQ7w,4.0,2016-11-30 04:04:47
UvSOYVwqwyzNr40AU1t6Yw,9iSoPNBV54dj6L0rxO4RWw,4.0,2020-03-08 20:21:36
UyJ4ik025S5htttrXUYJ0A,gK9CdFaCXmHoW8aLfXiSqg,2.0,2016-11-08 01:14:36
UyOY0Wdh1f99oFWWh2SOjA,WO-ofNAvSuJpdRt9Auon6w,4.0,2018-06-27 19:58:04
V-Tv_2hv1Ag3wQrqOpVnEQ,46_2e1hnQ4csLrYnhn6bkw,4.0,2017-01-19 17:09:53
V-jiTqYCFl0Tdxg8cmx1NQ,1UNJeHTsS7WS9RxRzHw06g,5.0,2020-01-12 13:01:07
V-jiTqYCFl0Tdxg8cmx1NQ,2YYN4j68YD8S8PsygtJaQA,4.0,2019-08-22 12:24:38
V-jiTqYCFl0Tdxg8cmx1NQ,Heg_5-Ep0LQ0df8YV7xQCQ,3.0,2019-01-06 16:54:49
V-jiTqYCFl0Tdxg8cmx1NQ,P8B3oNC6HzSyQWHTDXUuXQ,3.0,2020-02-05 01:26:06
V-jiTqYCFl0Tdxg8cmx1NQ,QVqLR6SJZP9DyeYVR9esUg,3.0,2018-10-11 17:26:18
V-jiTqYCFl0Tdxg8cmx1NQ,USskWtGN3NmR3CRRaMX5IA,5.0,2020-01-05 15:35:17
V-jiTqYCFl0Tdxg8cmx1NQ,UdcLHHBRIxtelgbKBnhitA,4.0,2019-07-14 19:39:11
V-jiTqYCFl0Tdxg8cmx1NQ,rAe-1HU5Z-DuUXEbzASXDA,4.0,2019-01-18 13:43:14
V0-DkVYBMlyr9QVlc8DCiQ,SBtjW_pKw3XaOKtKAavWZg,5.0,2018-06-06 03:43:57
V0c-AS2FFCeSaV-3JfG5vA,4_W5pstoN1166TGjjPOrMg,5.0,2016-09-08 02:01:44
V0c-AS2FFCeSaV-3JfG5vA,4gszBjoouIzfi1ltSQZ2BQ,5.0,2016-12-25 04:34:14
V1UMrFEGinOYt-mK4hVtNQ,VTXE1OIWWE-IVFnMEsm39g,1.0,2011-06-24 19:28:35
V1jAX0iNusAVG24Z8PBTjg,QUEWdnmVCv2Ri8xJATTrIQ,1.0,2017-04-20 22:53:29
V1rial53zLecglzJl9cIMA,LHSTtnW3YHCeUkRDGyJOyw,4.0,2015-08-03 19:41:24
V29HZxa2FS06KqsAfrSIHQ,_4bhVmlvT9dvqydQG2TOMA,5.0,2016-01-25 01:21:34
V2OQaeZvePoGkbZ-Uye6KA,S1FwTmCAwv5ulu5gToWi_w,5.0,2009-12-03 20:47:01
V2OQaeZvePoGkbZ-Uye6KA,v1msvs2bf_LwGUnIcCgSEg,4.0,2009-09-14 00:03:16
V2UYaMOC95xNzdAaOEtOeA,OEI17WtL6E3YDhvFE7k7sQ,4.0,2019-08-26 22:57:12
V32uLH9YB4TWP1smbHHEcQ,2er_V-oAd7IbQ5YTY56r7A,1.0,2016-09-20 01:02:43
V3XYG1zKuW8VUBNtjacoxA,3zI7Ka2_ZsKh4UwbSFnXdw,5.0,2018-07-27 17:55:19
V3XYG1zKuW8VUBNtjacoxA,95r3jAJRn10e9aB5I_NlPg,5.0,2020-08-20 02:39:57
V3XYG1zKuW8VUBNtjacoxA,AhptHEV4nFleCv4yOwp6fg,4.0,2020-05-14 22:10:45
V3XYG1zKuW8VUBNtjacoxA,DzVYXX8mc5x31BbaP8c0_Q,5.0,2018-12-04 15:12:20
V3XYG1zKuW8VUBNtjacoxA,El_2Cxuq4hxqrmlg_5nzzA,5.0,2018-08-14 17:32:00
V3XYG1zKuW8VUBNtjacoxA,KMHsCQx4pRqIMdY7mWHOCQ,3.0,2018-07-10 18:08:37
V3XYG1zKuW8VUBNtjacoxA,UM6XgOtTX4DWWcGDTWtjEg,4.0,2018-07-30 17:22:30
V3XYG1zKuW8VUBNtjacoxA,YJVXMOIKhJjQczWj9YTwrg,5.0,2018-10-17 18:57:15
V3XYG1zKuW8VUBNtjacoxA,oUgmm76-UCd5N0z4xwDOYw,4.0,2019-12-20 03:12:24
V3XYG1zKuW8VUBNtjacoxA,q2rR-v9ZStix89t7ihyuqg,2.0,2018-07-09 14:54:37
V3XYG1zKuW8VUBNtjacoxA,v4S374WpOOhojqpto-AaAA,5.0,2020-01-04 22:40:08
V52Szy8N3uQI1RL1NtBppQ,_357-ycTGX1t0Pla4ShVAA,1.0,2016-10-02 01:18:21
V68aQyvejS3-VjORfb77mQ,scotX4dcVT8Co0Nyy1pDYA,5.0,2021-02-14 15:57:17
V6XgqmZ_zgPa0qMPs9mN3w,Hh8jUR0mtVXkAnv8XDZjyA,1.0,2021-03-06 04:49:45
V7Aw4uUdPoX3kYdLACAxxg,dGUyXgFW1WSYMgRypKaYew,1.0,2013-08-08 17:38:35
V7wu2LMjiLDBY8vuGpELoQ,J-Go00lYW4f4a3lLLtoh_A,5.0,2011-02-01 23:05:03
V8GLG6fK_rDYobnzV7BneQ,AtQLrRpQan7UtJcIAo9hsA,2.0,2011-03-29 07:09:48
V9j7n_uEu72bPSqlJGKVdg,Fj16uG6BNZOq5K8mS2HHiQ,1.0,2018-09-27 20:33:11
V9jZ3YweliimCT7TP6ZJVQ,W_SQ6CfxAZFx6liHLPyajg,2.0,2012-12-17 18:46:22
VA1vV3EaD1ohS7gGOLc5WA,2KIDQyTh-HzLxOUEDqtDBg,5.0,2019-07-19 16:07:36
VA2V65RAdCCbnbusPmBoxQ,EDRhPfxELquxtMOGuNKFTw,5.0,2012-06-08 17:18:39
VA6r_aDjeGKiD9HC86FudA,dGUyXgFW1WSYMgRypKaYew,5.0,2014-07-13 22:10:16
VB-DFqhRr_TPA1faJhHclA,dS9HVkAU9IwOIjl4UdJvhA,5.0,2017-08-10 17:35:50
VB2FbK8dq9Poz-ZPGXgmeg,ZOZ94_vjuogm6PzmuIa1FQ,3.0,2017-01-20 09:21:23
VB2FbK8dq9Poz-ZPGXgmeg,iwmW2mgcn2YdirXUHCsgXQ,5.0,2017-02-03 10:06:54
VClMTiHXXYlLNjalD3N4XQ,CYSPKiVdoPX3erovujnE9Q,3.0,2016-10-21 14:19:01
VClMTiHXXYlLNjalD3N4XQ,HS5CfzQ_gOJHgqwtv9rvNQ,1.0,2013-02-10 21:38:13
VClMTiHXXYlLNjalD3N4XQ,KscVqYYG7ziAroZhfNb0Ng,4.0,2016-01-03 17:43:28
VClMTiHXXYlLNjalD3N4XQ,cWu31txqrvLHMCUNdmnxfQ,4.0,2014-10-17 19:51:44
VClMTiHXXYlLNjalD3N4XQ,eJDUZMLSwYT8QRKbZVTZKg,4.0,2016-09-29 03:01:06
VClMTiHXXYlLNjalD3N4XQ,oXr3EhnQCqA8SNWIZ3H4Fg,4.0,2014-10-18 18:10:57
VClMTiHXXYlLNjalD3N4XQ,or_WcjWELDsssk2JruvJcg,5.0,2016-05-13 21:04:51
VClMTiHXXYlLNjalD3N4XQ,qY-BUQY-SFBaSrFHowF3nA,5.0,2015-04-04 15:19:48
VClMTiHXXYlLNjalD3N4XQ,r_oscENLKdrF2KNyWP4oow,5.0,2014-04-25 01:55:11
VClMTiHXXYlLNjalD3N4XQ,vhDWGF-8BfsxvS7Zo5Wv2w,5.0,2014-09-29 21:28:17
VClMTiHXXYlLNjalD3N4XQ,ytynqOUb3hjKeJfRj5Tshw,5.0,2013-04-10 04:36:09
VDZ51Sr0vHsIUwfZ6d8vmQ,Dv6RfXLYe1atjgz3Xf4GGw,5.0,2020-02-17 15:07:13
VDwOwhrNZE5Ard-91TH-wA,EagkHaaC-kUozD3MPzbRIw,4.0,2011-01-01 19:56:21
VDwOwhrNZE5Ard-91TH-wA,GBTPC53ZrG1ZBY3DT8Mbcw,5.0,2010-07-29 19:06:16
VDwOwhrNZE5Ard-91TH-wA,sMhdwnrxQd8NWPCxLKqG2A,4.0,2011-01-23 19:00:32
VEF5f6aGYfkX8W9mipdotw,54mkE3xkqtpcgmwZPSyiIA,5.0,2018-12-21 21:46:53
VEF5f6aGYfkX8W9mipdotw,ryhPJ8yVzy7W_25lWOyPdg,4.0,2018-12-06 03:54:53
VERlHTAhClBWQYMYE3919A,7lwe7n-Yc-V9E_HfLAeylg,4.0,2008-11-24 22:00:13
VEj1OuO6QrQMXFhuMZJ8cQ,KWMdCTrepsB8YFBC8JBQsA,4.0,2011-07-17 22:02:01
VEj1OuO6QrQMXFhuMZJ8cQ,cLxia5oKALmQ1HDWq0KPmw,5.0,2012-06-09 21:10:05
VF0EFi-eV1t1uYcK0wH9DA,KHe6HAqmyioITwTvg9Bbcg,5.0,2018-05-25 04:35:13
VFRIv3-_Og34wZyy-LigQQ,J8S7cPPlTgsQnXKVfTyN8g,1.0,2012-02-02 14:52:45
VFRIv3-_Og34wZyy-LigQQ,ZKPrXH_GNW_AtZ31tP3NmA,1.0,2013-04-04 20:02:13
VFldOrdsr4S4tt4oUrWCRg,BN3LFoIi1AFQ4IZhvrMXsw,2.0,2012-03-24 02:07:52
VHdY6oG2JPVNjihWhOooAQ,BO0obUwPGWytgFR5zkhE5Q,4.0,2019-05-13 23:07:12
VHdY6oG2JPVNjihWhOooAQ,j8JOZvfeHEfUWq3gEz6ABQ,5.0,2019-05-10 20:54:28
VHdY6oG2JPVNjihWhOooAQ,nYzCXMzSk8pjMnYVI6z3RA,5.0,2019-05-02 17:14:12
VHdY6oG2JPVNjihWhOooAQ,swVdc9piXvG0AXwL-F0GfQ,5.0,2019-05-01 20:36:24
VHeUpDC37hePXOSc5w6QKQ,kGhT5VRj2ZBSdXJl6qkLdw,5.0,2019-04-30 19:33:49
VIKzQ1NcRkWuFCJKDPG3xw,Jy1ivHnSRtNNA6snZSAKBw,5.0,2016-11-30 15:47:40
VJ-5b4O4-QsfRAKEezebCg,NT5S6JV5wPwKOd3s3Yh1zQ,1.0,2012-06-25 01:25:02
VJvOMCjU3_PJJR4-RhAkEg,AAvoBxeUwDnD5ThE9Cz6Fg,3.0,2019-11-25 06:31:18
VKFI7fwm57xYx_gG9MbkZg,YSL06t6e2iKo4ZHZnCZIxw,2.0,2020-03-05 05:19:42
VL12EhEdT4OWqGq0nIqkzw,5wwBRxOeYOmle48Ls9kBrw,4.0,2016-04-04 00:46:39
VL12EhEdT4OWqGq0nIqkzw,E3Qk7xTznkT0SABL2ltpHA,2.0,2014-02-16 17:12:34
VL12EhEdT4OWqGq0nIqkzw,GTS97x6mFLjGXn3ITKaQuw,4.0,2016-04-25 00:54:35
VL12EhEdT4OWqGq0nIqkzw,Mha77MN_BYGB-w7DONZ5YA,5.0,2011-06-15 23:53:39
VL12EhEdT4OWqGq0nIqkzw,XBlwldJfMJPzgEatHKFx8w,5.0,2014-04-11 13:22:16
VLe2CowQTFedHWa8BGFLyQ,008FLyatMEsZzmmKALIgDg,5.0,2020-01-10 21:04:21
VMLDVK6ANh-CnDxQNIAEEw,5SbXk54zWe22jg95R-8Fjw,5.0,2014-02-07 02:33:48
VMVGukgapRtx3MIydAibkQ,U3grYFIeu6RgAAQgdriHww,5.0,2020-10-02 01:20:19
VN3apynnuv00bFwNOnXqqg,BaSwNEingTmrBw4shffK5w,5.0,2021-02-01 22:40:37
VN3apynnuv00bFwNOnXqqg,lRznUOtLYY2GP_dvc7kmYQ,5.0,2019-08-25 02:09:06
VNDDhFOdqF7DCPpz0GFMyA,kiA1mrC2ZVoRmpsWgAT7ow,4.0,2014-09-06 02:12:45
VNDDhFOdqF7DCPpz0GFMyA,zU5PPd9j4bYC_MepNSEDcA,4.0,2017-12-26 11:51:50
VOYwu-0hSVgGfNhdmE4xMw,4wDo72kKuceoLw8Uu_Y_RQ,5.0,2013-01-04 14:36:37
VPjsXy_9OiqGFIfQUTXGrg,u9vhzYtXpfyvAOAMnyy-Cw,5.0,2012-01-05 23:15:23
VPvQYL6ura-0U9HdHDjX9Q,fSx8zLSP_LBtIm_mfQRbTQ,4.0,2012-11-07 14:24:03
VQVhi5ObTQ8PE8glP5ZITw,4gszBjoouIzfi1ltSQZ2BQ,5.0,2020-09-23 11:26:46
VQVhi5ObTQ8PE8glP5ZITw,KiwskluQ7tMqZqvuf872vg,5.0,2017-06-03 11:28:44
VQVhi5ObTQ8PE8glP5ZITw,W57360g1e7xMGerm7wPW0Q,4.0,2018-12-02 21:40:47
VQVhi5ObTQ8PE8glP5ZITw,oMTXtSJzEiHudUY3T68sPg,5.0,2020-07-01 23:22:45
VQc2mcpD-bB9Ypzj7uoE0w,4ADeBcc3O4zmTrp60H4O_A,1.0,2018-06-21 10:57:34
VRkv17cgz3qDw_6XbqwyIg,2D-8pjS2NB9ut8AIUFEu2w,2.0,2011-08-10 15:10:52
VTKMyK73IPrYcC8WNurYAQ,zWfzgYe2nT9mHYm_vl1Ukw,4.0,2014-03-06 15:08:18
VTR-U9JZ4PdLqqJm2gJ5mw,BMVDzCh3om7pF2_-4TCVsQ,5.0,2018-04-30 13:23:17
VU0u2p9dE4-GhnjpQqZyig,gVU0U7gNBMQxKTzqmRtdLg,4.0,2013-07-19 18:14:12
VU48UT3Kei5QERQSBZT99w,YSL06t6e2iKo4ZHZnCZIxw,1.0,2015-04-27 18:10:11
VUllFn1I5j056JyVqsQXBQ,LQcGL4hfJAeK6bk2ZdhmXw,5.0,2012-12-07 22:25:49
VUllFn1I5j056JyVqsQXBQ,XIM7DpbNlwNfbmczd8XJbQ,3.0,2015-01-06 03:38:39
VUllFn1I5j056JyVqsQXBQ,fgTOJRkc703E4XRdcr5zRA,5.0,2015-03-18 08:22:17
VUllFn1I5j056JyVqsQXBQ,vSS_H_9mEARWnQe7NtFNSg,5.0,2012-08-22 04:46:01
VUxK1Y6Fl6oB68fpHixJlQ,QUEWdnmVCv2Ri8xJATTrIQ,1.0,2015-05-28 21:57:34
VVNj3hSE8drWCu8xUXH05Q,_nqrmx5xKLQyrbmjhwiiuA,5.0,2014-10-19 03:50:17
VVNj3hSE8drWCu8xUXH05Q,u9vhzYtXpfyvAOAMnyy-Cw,5.0,2012-08-05 16:30:50
VVyDDjrBIUVdgX1WewPdCQ,4ADeBcc3O4zmTrp60H4O_A,1.0,2021-01-02 00:41:47
VYgpunBJtq7UQPw2pzjq7Q,ObkVEcYUuf3efg-0V_WYfQ,1.0,2011-10-23 15:50:14
VYuuNzTWju8D0rr8SvaZjA,bN_9QgxdOIk4oK-6fBDJtQ,4.0,2015-11-26 23:28:58
VZNWqQD2V5jukp0sPcD2lw,atZ_olNKXOG4rEr6mccN8g,4.0,2013-08-24 20:32:26
V_JBfN8Y6d6DkNsJVXVUtQ,mjOmgTps0-zZ8DfmJO3iAg,3.0,2020-11-19 22:52:49
Va1VeFo3so8d444ohkSGjg,GV1s2EOQX7tLQrDjPGUJUQ,5.0,2014-09-15 22:50:30
Vaw5DUlK46KrmyDIX3cYbw,IrUhsjQZtSB-TjxqtXaKkg,1.0,2016-03-10 14:47:51
VbrKKJWG7NAzIQP0EIaJFg,aOQxfwzQIHclkeg1jH0NBQ,1.0,2018-03-21 02:51:54
VbrRjksuNBcjgE4mdkAoCQ,3Sxj2NQ-2Gr06qoax1R-Kw,5.0,2014-12-09 01:59:11
VbrRjksuNBcjgE4mdkAoCQ,eqie9blpl8t2vBGQc7D4ig,3.0,2014-09-16 14:53:46
VcvtcjSyh3R79lMW9tgvHw,znx1v_c2IPKOXlYAbqFYvg,1.0,2010-02-07 04:50:21
Vd-OUZVdVmcwbAY8yWaYRw,7xckZSLRWf5uf3L1IsF1Kg,1.0,2016-06-12 02:30:10
Vd5ZQKvhdXS3WgECV78_hQ,3XirYkP9PJvVXIEDPNNXLA,5.0,2012-12-26 10:42:48
Vd9hFqOGzttsbjsRJXniCw,LG03thDHBO4vRcYZ7g_zmg,5.0,2019-08-24 12:12:18
Vd9hFqOGzttsbjsRJXniCw,VVH6k9-ycttH3TV_lk5WfQ,5.0,2019-08-22 12:16:16
Vdfwb03txbKpbnAo-lvaOQ,9w-LZEkP1hf363G-OYvKDg,2.0,2015-04-27 21:50:44
Ve0LUwcrzxL7w0RYgY4Aaw,Esf3-D_44pArPd9GqysoCg,5.0,2013-06-28 04:54:55
Ve0LUwcrzxL7w0RYgY4Aaw,K-xbMAQYJKC5HlpvC0lnDg,5.0,2014-12-10 10:17:59
Ve0LUwcrzxL7w0RYgY4Aaw,ReX09lhufLTAx19krkltDA,4.0,2014-01-02 10:39:51
Ve0LUwcrzxL7w0RYgY4Aaw,dGUyXgFW1WSYMgRypKaYew,4.0,2013-10-22 17:20:30
Ve0LUwcrzxL7w0RYgY4Aaw,e1P-sfC54cO7WoAYRXvBxA,5.0,2015-08-14 07:26:37
Ve0LUwcrzxL7w0RYgY4Aaw,uLM1kVK3-gYuUYkgnCoTyw,4.0,2015-06-29 19:58:31
VfTtPxT6lKIGFWMiYqlKrw,IujwicxDML3FMfHURhkojA,1.0,2015-09-06 02:13:25
VfcceTxKiBq4xaeZFywRQg,Cjwb7VQGP0u2eWYj1wnO3g,1.0,2009-08-10 14:21:33
Vh7HIQbRF7ruUeloK1T5xg,Oh3Q3QfhMl2DArFiLUrT9Q,1.0,2011-02-13 01:03:42
VhyMPBkWc1mcFpuu2CAAKw,FhwTEGqdir75uyXZqWqxlw,2.0,2018-05-29 01:48:04
VhyMPBkWc1mcFpuu2CAAKw,wbDRmtxaKRpBOjutvV6TEA,5.0,2021-09-06 21:07:15
ViU3lMasot1uBokMHqNx1Q,4ADeBcc3O4zmTrp60H4O_A,1.0,2018-08-03 01:41:02
VifJ_QF4-14fvb3-L-NvuA,Fj16uG6BNZOq5K8mS2HHiQ,2.0,2018-06-22 01:33:57
VigsAph76fP7pechJ743EA,-QpRF-N2_Pga52VgNMipNA,5.0,2019-06-30 15:47:32
VigsAph76fP7pechJ743EA,05GLPgaqx5y4H9dBU6CP2w,4.0,2017-06-25 21:39:55
VigsAph76fP7pechJ743EA,0ZsqqzHu1HHkDdIKoivi5g,5.0,2019-12-17 03:31:19
VigsAph76fP7pechJ743EA,1Tb7ION52mf2I7wXJY9HAw,4.0,2016-12-03 21:27:07
VigsAph76fP7pechJ743EA,1pi4PuZxgSnRRNLnyMCD4w,4.0,2019-04-27 21:59:39
VigsAph76fP7pechJ743EA,2TK1p6uIO7dHDWOQeit0Fg,4.0,2017-12-10 01:51:21
VigsAph76fP7pechJ743EA,3dQaEBDWOyqDYhP3-ac7NQ,4.0,2017-03-18 02:32:36
VigsAph76fP7pechJ743EA,4U8tToDb49xGDzWfn5TPaA,3.0,2020-06-14 17:10:34
VigsAph76fP7pechJ743EA,4gszBjoouIzfi1ltSQZ2BQ,5.0,2019-11-18 02:48:50
VigsAph76fP7pechJ743EA,575inWPYxLk4YzwWqRhexw,4.0,2016-12-27 23:53:56
VigsAph76fP7pechJ743EA,5SbXk54zWe22jg95R-8Fjw,2.0,2018-04-06 22:28:40
VigsAph76fP7pechJ743EA,5rSg5FARufPsy_ACLLhy-g,4.0,2019-06-18 18:49:47
VigsAph76fP7pechJ743EA,7zVlXkudkfhE9oZjtp_1IA,2.0,2018-03-11 03:06:51
VigsAph76fP7pechJ743EA,9KiDjwHiQbHBV6iSTvIz7Q,3.0,2020-09-07 12:48:04
VigsAph76fP7pechJ743EA,9b-LZWsj75mmfMYuChXDkg,3.0,2019-07-19 22:46:00
VigsAph76fP7pechJ743EA,9dGzGbNKLMP0_wOqI5GffQ,4.0,2017-07-16 03:23:39
VigsAph76fP7pechJ743EA,9xCprW96TZFLajnnN-w8Pg,4.0,2017-05-19 02:25:35
VigsAph76fP7pechJ743EA,CQD7-sfUiADa6KyTYJT2NQ,4.0,2018-02-13 02:06:23
VigsAph76fP7pechJ743EA,DsPomqfQZ44v5wD-My6dIQ,4.0,2019-09-23 02:22:31
VigsAph76fP7pechJ743EA,EmHXLffnzvntWzO6Ba3Atw,5.0,2019-05-31 03:38:49
VigsAph76fP7pechJ743EA,ICi5Kv1jbgypI-XdrY_87A,4.0,2018-04-08 02:26:53
VigsAph76fP7pechJ743EA,IIrLSevZ85oGWw31AaAOBQ,5.0,2019-08-02 15:25:20
VigsAph76fP7pechJ743EA,IPXIR7DS-9gxbEYSJfysHQ,4.0,2019-04-25 23:05:30
VigsAph76fP7pechJ743EA,IiSXzsFJaFEMTkiUsPFm_g,4.0,2017-05-23 19:52:26
VigsAph76fP7pechJ743EA,L5LLN0RafiV1Z9cddzvuCw,5.0,2018-05-16 15:22:47
VigsAph76fP7pechJ743EA,PEYgtOhGVoBoWwTJJg4M7A,4.0,2017-02-20 19:37:58
VigsAph76fP7pechJ743EA,QRotJ0k3qj4ecdqNprStxQ,4.0,2017-04-23 03:18:41
VigsAph76fP7pechJ743EA,QUshQjkKA_s0yTrxOGbRrQ,4.0,2017-04-18 13:57:34
VigsAph76fP7pechJ743EA,T3Bbtht3jO2izyO6f6W8bg,5.0,2020-09-14 12:27:36
VigsAph76fP7pechJ743EA,U0ICWpbd1C0GD9SpIv3bSA,5.0,2017-05-06 19:54:15
VigsAph76fP7pechJ743EA,UTXwFoe-KOo0SqnBqtbyhQ,4.0,2016-12-20 19:06:20
VigsAph76fP7pechJ743EA,Vf0inZOaad8sv1uG8mGIGw,4.0,2016-11-03 19:53:56
VigsAph76fP7pechJ743EA,X0vPZIkbUj22afBQz5-neA,3.0,2016-11-17 19:11:45
VigsAph76fP7pechJ743EA,YLZ6XqKo-cixzMtNMHKEvw,4.0,2017-07-11 01:40:20
VigsAph76fP7pechJ743EA,YbEVMCXzbcibj2a11Yzg1g,4.0,2019-06-18 18:36:17
VigsAph76fP7pechJ743EA,ZdkonZFKPrGVeu-ZLQfE6A,3.0,2017-07-30 13:39:39
VigsAph76fP7pechJ743EA,ZpXZgnBrNodHH8pKpOK_Kg,4.0,2017-02-12 19:00:32
VigsAph76fP7pechJ743EA,a6J0Jq1GJ6Shk-L10Bp6Cw,5.0,2016-12-31 01:54:48
VigsAph76fP7pechJ743EA,aAdGIK9ewmiWtGzIcrQgNA,3.0,2017-10-02 01:49:21
VigsAph76fP7pechJ743EA,b3tI8ODMieXSflFHLFA92A,4.0,2016-11-07 20:48:16
VigsAph76fP7pechJ743EA,czMJC9pUOMuxse5cEh_lbQ,3.0,2017-05-18 19:33:53
VigsAph76fP7pechJ743EA,dIpTuL2T1L98GQGU17IeSw,4.0,2019-01-12 13:47:44
VigsAph76fP7pechJ743EA,ew_Hhp12Silh3qjoPaW9IA,2.0,2017-12-03 02:27:02
VigsAph76fP7pechJ743EA,ff0fdH-WKmY7WQgLtLkmKw,4.0,2018-01-03 01:08:22
VigsAph76fP7pechJ743EA,ffP1GQlXVK2SROuzU9KBfA,1.0,2019-02-17 20:29:01
VigsAph76fP7pechJ743EA,gKPWC7F219oEbu5NXPzH4g,4.0,2016-11-12 20:20:38
VigsAph76fP7pechJ743EA,h6v5Tgs6Wa97_XoureEkGw,4.0,2017-05-12 20:57:39
VigsAph76fP7pechJ743EA,h8orJ40GJZU2uxJTxLLp7g,5.0,2018-12-31 15:55:00
VigsAph76fP7pechJ743EA,ihYtslFvge9B9KK1S_E8rw,5.0,2017-01-08 18:28:46
VigsAph76fP7pechJ743EA,j2YLhPQg-3TDUAy6mWoBtQ,4.0,2017-06-09 20:29:13
VigsAph76fP7pechJ743EA,jYEPmsqP5-Zg__YcMeAzJQ,5.0,2019-07-21 20:40:48
VigsAph76fP7pechJ743EA,kVrugngpixLsf4pNu4uzrw,2.0,2018-01-24 20:32:37
VigsAph76fP7pechJ743EA,n5i09tgSuzv9ZeIN9Qe5oQ,5.0,2018-12-18 13:52:24
VigsAph76fP7pechJ743EA,q2iS794-52tFAC2ScQFTug,4.0,2019-09-27 03:52:09
VigsAph76fP7pechJ743EA,q_PFmdGcKx2H7z2ze8H26w,5.0,2018-08-03 19:58:39
VigsAph76fP7pechJ743EA,rQCTWNMzIZTfqWEAjxDpKQ,4.0,2017-06-17 17:19:19
VigsAph76fP7pechJ743EA,tkY5BJVXxUmP4jsKavkf2g,4.0,2018-02-18 01:56:50
VigsAph76fP7pechJ743EA,v5ur7Ceat3IiRyFzEzLqHw,4.0,2016-12-31 02:40:29
VigsAph76fP7pechJ743EA,yNCFucjmzObzUI7X3Ql_lw,4.0,2017-08-05 01:24:27
VigsAph76fP7pechJ743EA,z3TB52s5p5PcRsw2T3J6MQ,4.0,2020-08-23 17:14:06
VigsAph76fP7pechJ743EA,zFcE7bQ2oDfwpPgl_PxOTA,5.0,2019-07-08 03:04:07
VjA1teP4BA2y9ZNzfihr0w,6uT6Py3nhuNuEyMJ_IADZQ,5.0,2019-03-15 14:12:10
VjA1teP4BA2y9ZNzfihr0w,XCHMsIpz2htBIvE7dxXL0g,4.0,2018-11-09 21:34:54
VjA1teP4BA2y9ZNzfihr0w,jZSTJr11c4mo9NrKyJodnQ,1.0,2019-03-07 17:32:06
VkMxVcWxTUZ8u_GWihUnew,TzNk1TcWLZn0JCpO83hBAA,4.0,2017-02-15 08:16:59
VkMxVcWxTUZ8u_GWihUnew,p5rXRkSJtAKcWd4GY71avQ,5.0,2017-02-28 19:15:23
VkVyamF71Dwyia1AjbWvhg,CANuOWl6Z4soWkK2_1NWcw,1.0,2018-06-28 00:31:42
Vl-c9zRq-tcst4uC8GG1hw,gP_oWJykA2RocIs_GurKWQ,5.0,2017-09-03 21:23:39
VlyHGaMz3gbbQz5hytCeGA,8Vo6LN9gqULhXzoxj5k6kQ,5.0,2017-05-11 18:19:24
VlyHGaMz3gbbQz5hytCeGA,TGHxU9bjU4vPpAqOdD0Eew,5.0,2017-08-24 21:24:09
Vm0fyrUjwMTDgwqV6DhqDw,adb1hOYICrJ1Ix8M0sRpbw,1.0,2014-06-02 23:20:46
VnwAkLCq_Xx2YlJck3AxTg,GsiS-voyfSYHoZ0GMHgavA,5.0,2018-03-09 23:57:04
Vos_HPh7uBvFOMhu8v4wVg,hjRxa6xpKOwnbUgGvVCE5Q,5.0,2021-06-28 21:17:42
Vp5DzIiP_MmaMZMZVFFltA,1xsBRB203LiYLcC3mktfdA,3.0,2010-01-05 20:40:59
Vp5DzIiP_MmaMZMZVFFltA,tthy48ZIX_wfY8Dy0Dvg6w,5.0,2010-01-04 17:58:06
VspP8zMI87c6O0Eh30rX-A,DgCVURTtxxLD9U-Y0NtySQ,3.0,2019-04-18 15:00:28
VspP8zMI87c6O0Eh30rX-A,LrkrvFHlnD1BHj2b2w0JpA,5.0,2019-03-11 07:17:13
VtiE3eXNYtH-tb0aFCF1Pw,0msaBRr1q6IV0jGOnamlfA,5.0,2021-08-11 17:00:30
VtiE3eXNYtH-tb0aFCF1Pw,5DJ2sDvM_XRndlB24DnxYw,4.0,2019-08-27 18:15:47
VtiE3eXNYtH-tb0aFCF1Pw,6TUOsIU1vNNQcoauKrZFCw,3.0,2021-08-10 13:31:59
VtiE3eXNYtH-tb0aFCF1Pw,8x7oJzbcOndkG7Mlo96eXA,2.0,2019-06-08 15:52:13
VtiE3eXNYtH-tb0aFCF1Pw,GST3wg-wej15vHeCvaXE6w,5.0,2019-05-17 15:21:49
VtiE3eXNYtH-tb0aFCF1Pw,N5ekxQd7wGHWJJK-p9qqXw,3.0,2021-08-11 16:53:32
VtiE3eXNYtH-tb0aFCF1Pw,V7dXBEowSa53mOVaDtnj_A,4.0,2019-06-28 15:14:12
VtiE3eXNYtH-tb0aFCF1Pw,pIvX_Kw4f82baMUhRO6WxQ,5.0,2019-09-08 19:42:52
VtiE3eXNYtH-tb0aFCF1Pw,v_AbyvMdKUi_ac4A8nkG-A,5.0,2019-05-17 17:05:34
VtiE3eXNYtH-tb0aFCF1Pw,yGlPsqK8ck33EgvUINIfvQ,5.0,2019-05-17 16:59:50
VtnCudEFLBjnxblLUAPYhA,IkY2ticzHEn4QFn8hQLSWg,4.0,2015-11-11 06:11:57
VtnCudEFLBjnxblLUAPYhA,cOXc8c85Ms6dMEAJazLXHQ,3.0,2015-11-29 19:46:14
Vw-2QsrVJbxV6JryaxR7_Q,Pc3urwUFlzLyDP1qvsHQuA,2.0,2016-03-14 03:06:24
VwWYIBvVgx9PVoOoD_Vb_w,IkY2ticzHEn4QFn8hQLSWg,2.0,2009-09-28 23:50:13
Vwslifegl59fQVOe5BH1gw,-rDN9oCIZmmL6nM_NTDQ8w,1.0,2011-11-16 19:57:02
Vwslifegl59fQVOe5BH1gw,mMnkbIMG9MUW-rb5a5Q8Og,3.0,2012-08-15 21:02:27
Vwu1CHQ2CbYF0tNo0xY2rQ,YG1fT80sd9swV0oe1gPh7A,1.0,2012-08-22 20:00:20
VxQdmAO6lghp7_ZG0hpojA,-78Va3llKcPbL6SW4is8lw,1.0,2015-12-14 11:28:44
Vz9432xA7WG2HZRhRi4Afg,t7pZrv7LaqTQ71Iq6NerCQ,5.0,2017-05-23 22:14:01
W-JDo8XXO14z7xTde7ggAw,_EqGhRXzlUaTpu5eToC8MA,3.0,2008-06-14 00:43:24
W0Tt-teLjxhI-K2qwrZRhA,oCbJpGl8IkH1WdYa25TDBA,1.0,2018-04-15 18:12:37
W1DtZplBRFDAWqWSr4gUlg,nlVLzktT0RfgSw-ZL4qPRA,1.0,2014-07-03 16:08:10
W1tLvceQ3fy7ckQyjliLbQ,2KIDQyTh-HzLxOUEDqtDBg,5.0,2019-09-29 12:30:45
W1tLvceQ3fy7ckQyjliLbQ,8MzF1Tlgz0pOkxmhP5dYzA,5.0,2021-03-18 17:40:28
W1tLvceQ3fy7ckQyjliLbQ,ruE_DRE6fTIE6who59hdfQ,5.0,2019-08-25 14:02:50
W1tLvceQ3fy7ckQyjliLbQ,uKEabBQrn0gLzvTppOrKIA,5.0,2020-05-30 12:40:32
W3Z5K5Ks4PJHo_RFexaqdA,G0rJD85hUDQ0Omz0rOFeOQ,2.0,2018-04-23 04:17:28
W3Z5K5Ks4PJHo_RFexaqdA,Hp1nkc3c3Q7_8oKXFn0vbw,5.0,2015-11-11 04:02:47
W3Z5K5Ks4PJHo_RFexaqdA,l6cY2ndR-6GmqhVeuA0VgQ,5.0,2015-10-24 02:03:05
W48aWI8oACKFjTt1hBZb8A,-dVBeSZxtxpHQ3XdL4E4bQ,4.0,2016-03-10 19:03:49
W4D2Sb5DRSxngZcjZ4mD0A,p5rXRkSJtAKcWd4GY71avQ,2.0,2015-10-03 21:49:39
W4O2b5cAvwl4IqEe6vGqBQ,6h7C53qLfwM7v3zKRqG0yA,5.0,2012-08-05 19:19:29
W6g_3i_l1cliY9s0qqfsNA,lPx8jUBfK1K6u3UgowU5mg,2.0,2021-01-19 11:46:32
W7iLDP6GY4joKZ1zSCOEfA,qQ5uuXrKu-Japb9rT2sx0Q,5.0,2013-01-18 15:43:21
W7o-AY6Hpyb5WkgxwGH_Yw,DTGg9ECF88UqbVHxWSDuHw,5.0,2016-11-13 04:13:21
W7o-AY6Hpyb5WkgxwGH_Yw,LdECsE8lJS7v5GTFTcjPSg,2.0,2020-01-01 23:23:22
W7o-AY6Hpyb5WkgxwGH_Yw,SAp1Nk3XLbQ-zeJKyASICQ,3.0,2015-10-28 04:34:32
W7o-AY6Hpyb5WkgxwGH_Yw,VaO-VW3e1kARkU9bP1E7Fw,4.0,2018-01-16 05:34:02
W7o-AY6Hpyb5WkgxwGH_Yw,Y2Pfil51rNvTd_lFHwzb_g,5.0,2019-12-13 21:32:46
W7o-AY6Hpyb5WkgxwGH_Yw,c-iKAO2GBzSKjm7y1Oljcw,5.0,2019-12-14 18:42:51
W81-CPVrM9c6F8XiNuEUvA,7wSnkgOORRCqVDa_n8Upxg,3.0,2013-02-26 03:57:56
W83aZrDrYKwycCHB_eOYYg,c1xuic_qvUfSIr-if6nSUQ,5.0,2013-02-02 20:22:58
W8I95pNuakveQabnhEIddA,ytynqOUb3hjKeJfRj5Tshw,5.0,2017-06-10 18:44:45
W8Rf7y6vPn4c5WJvSGbRng,UBIG1I0th2sSLekfXo-7jA,1.0,2014-08-08 07:24:49
W9ejs03dLF8X7VeljNbB_A,RQAF6a0akMiot5lZZnMNNw,1.0,2021-07-04 00:58:14
WA7WBW_7fDsevBZz8pT8Aw,wj8XtPyuREj8_0GQz3LZ6w,5.0,2012-12-12 23:08:56
WAAYgXdq-1zdo5Je-pq3kg,KHe6HAqmyioITwTvg9Bbcg,5.0,2019-05-23 00:11:10
WBlAiBpB9kMG2YbO7ngYvg,6c8eIawbCBu3FLp2kDraBA,1.0,2018-09-29 12:17:03
WBw3oLgQKOWTrRxLUX7nlQ,E3WUDYEvCVMplIFMgeN1xw,4.0,2017-09-28 04:05:01
WBw3oLgQKOWTrRxLUX7nlQ,b5hxsRw76UUXcotxlCipuQ,5.0,2019-06-04 03:11:12
WC80PqX537UgJvxVR2fSvg,znx1v_c2IPKOXlYAbqFYvg,5.0,2009-12-16 18:56:47
WDX_KkxwI8VYOF3RHpNLpA,EYs_T4NU2BbaUF7vUDI55Q,5.0,2020-08-04 04:25:36
WDpvs6U_TCx4799oxXcnag,JVZ_c3k01uAIas5B61iISg,4.0,2019-06-14 23:34:00
WDpvs6U_TCx4799oxXcnag,Qw7tz-UkPrpXaVidWuab4Q,4.0,2019-06-21 02:05:54
WDpvs6U_TCx4799oxXcnag,ytynqOUb3hjKeJfRj5Tshw,4.0,2019-06-10 20:50:22
WF1o6AyXm6-NovD5dFnMOg,B4QPxY5mZzkZhTyBGCPQQQ,4.0,2010-10-05 20:27:11
WFXqCsd97UsXcE8K_uQ4_Q,cQIh4YJlVtZI9TLF5_smOg,5.0,2011-04-06 17:59:05
WFXqCsd97UsXcE8K_uQ4_Q,fVRnz0q3qMvEzHrH_blSKg,4.0,2011-07-27 17:46:31
WFXqCsd97UsXcE8K_uQ4_Q,zvcyW3ZtPYWziX7k9tCFBg,4.0,2011-08-06 00:46:10
WHaISgEzqLJDfZ6EmiqOaA,AbUMLNaW9DzYelM4AGK3Xg,5.0,2015-04-22 15:55:38
WHaISgEzqLJDfZ6EmiqOaA,JLumGKzGu9kqGTdwYF41CA,5.0,2016-03-26 00:24:00
WHe5tyJbVpkvO_3meMUrdg,2E5fh57OvOQMWwxxEOkN8A,5.0,2021-02-28 02:50:33
WHe5tyJbVpkvO_3meMUrdg,bEw98BIWaAUjL7VNpZ7Crg,4.0,2020-11-16 14:01:09
WHe5tyJbVpkvO_3meMUrdg,bbEXAEFr4RYHLlZ-HFssTA,5.0,2018-07-15 16:45:53
WHge08rDV2tw_Wc65QCsFw,YYqRjbCVyoRfTV1R16eqxw,4.0,2013-10-02 16:25:42
WHuuz1Xm8zkrUl8fAd31Eg,0vI6ceUOgRhLCkGrSryYFQ,5.0,2019-04-22 04:22:54
WHuuz1Xm8zkrUl8fAd31Eg,F0n-lzB9vqRLdH5Ihcs1Ag,2.0,2020-05-25 04:12:02
WHuuz1Xm8zkrUl8fAd31Eg,Rb9QIj-NyRn_giOBN991YA,5.0,2018-10-04 21:08:00
WHuuz1Xm8zkrUl8fAd31Eg,bPwYP0AHdSbTs2JxBd-10w,1.0,2020-10-19 17:00:02
WHuuz1Xm8zkrUl8fAd31Eg,egDsfkn6ZYrYRnlGe4I94g,5.0,2021-04-26 18:43:41
WHuuz1Xm8zkrUl8fAd31Eg,gYIpn-llVaQM11yDRHdkwQ,2.0,2020-03-06 00:56:33
WHuuz1Xm8zkrUl8fAd31Eg,ksFVaF5TatgsVGXk7Yyw9A,5.0,2020-10-04 16:14:46
WHuuz1Xm8zkrUl8fAd31Eg,rncZirFO0DmWEz4mUg2NrQ,5.0,2020-02-11 04:25:04
WHuuz1Xm8zkrUl8fAd31Eg,vKbCtJEwGnew-BpGIIzxJw,2.0,2019-03-01 22:54:50
WIDiCSoG68ScNeLLhORN6A,9_B5sCqKBOKDAmYpByiFFg,1.0,2020-08-27 19:15:09
WIW_aAP5tkFTxlMSSeiV-w,Gekeq1c-fuezmx0PSGQvzw,1.0,2018-12-07 05:08:18
WJR8f_QNG1kuPq5V6RxeFA,0AQJ-QTu7GtxaP4SoD07yA,5.0,2015-08-31 14:30:47
WJR8f_QNG1kuPq5V6RxeFA,3NNRlx0GS0mzrTYCx8m8FQ,4.0,2021-10-05 13:41:36
WJVedIAJN0FRxDn6M1tLkA,KscVqYYG7ziAroZhfNb0Ng,5.0,2015-11-08 15:46:55
WJVedIAJN0FRxDn6M1tLkA,lWedWkinrM5j13pyimbpbA,5.0,2020-12-29 13:25:37
WKIW7tWyMq7_XN0V2ouo0A,aOQxfwzQIHclkeg1jH0NBQ,5.0,2016-03-28 17:43:10
WKIW7tWyMq7_XN0V2ouo0A,gjbmwlYUImb2lQBp5LV3KA,5.0,2017-12-15 07:39:22
WKIW7tWyMq7_XN0V2ouo0A,ws2gnWU77nydKJB81GXT9g,4.0,2019-03-25 20:26:08
WLQLvFtl1AR_hwwemVRH6w,q7mKAD93-EeSpeOa9Hu4BQ,4.0,2017-03-07 20:16:52
WL_9BpaHVNsy1ECoW4Xfrg,awOKeCwbzutECzI4R6JGFg,1.0,2020-10-19 05:04:39
WMJ8EG0uDutRAYgNIUpqgQ,TSKCK51GymAsxiA-kx-RiA,1.0,2015-04-12 23:16:08
WMK-2Su_q2GoxhchmotOsw,KQgCflC8eqJU5kvJkByXzw,4.0,2020-03-02 01:38:36
WMK-2Su_q2GoxhchmotOsw,oIr50siZDtDYCE_p5K8nYA,5.0,2019-06-03 00:15:40
WMK-2Su_q2GoxhchmotOsw,poviu-6n3iaRE4gdQz6OYw,4.0,2018-03-03 14:25:58
WMK-2Su_q2GoxhchmotOsw,u0Bt7uvvj7LAjAdiMtrhug,5.0,2020-03-02 01:50:11
WN-b6cm5t3J6kwn-p6Bonw,nlVLzktT0RfgSw-ZL4qPRA,4.0,2010-02-16 18:29:29
WOyX1oiMVAc-MQ4Z-6MGXw,_tt4nysrN8JpzLLVXL-z5A,5.0,2019-05-01 16:44:18
WPBrjBbk76ZtZQ8QpG09cQ,mcr1lAEdvGLMJhuPwI3I2A,4.0,2015-01-06 06:24:37
WQ33XeXfN14Gw-Lvj1idJw,YSL06t6e2iKo4ZHZnCZIxw,1.0,2014-09-20 22:25:28
WQe6P6Sp1RUT5Lc5jUDGwA,znx1v_c2IPKOXlYAbqFYvg,4.0,2010-01-13 20:46:06
WRGJX46lHlSxrVCA0iWNnw,2Yrf_aECZVHgTBVyw1r2kA,5.0,2010-12-22 23:19:05
WRWPzjZ51lJ8pp32SYXq6g,IkY2ticzHEn4QFn8hQLSWg,1.0,2014-01-24 16:59:18
WS86EtpLh2zKVTvik7d-Wg,Hh8jUR0mtVXkAnv8XDZjyA,2.0,2021-02-25 16:32:11
WT1kawqQ43mXUNS2xL3Iyg,8Vo6LN9gqULhXzoxj5k6kQ,5.0,2015-10-11 04:59:19
WT36RE4WkUIaEbLDjkPB3g,-cEFKAznWmI0cledNOIQ7w,1.0,2015-01-07 16:50:51
WT36RE4WkUIaEbLDjkPB3g,CYSPKiVdoPX3erovujnE9Q,1.0,2016-11-01 17:46:44
WUgxsRUFjATha8L4qWYDww,KVT4RFTRVjSS3zuZ1bmiAA,5.0,2013-04-27 14:49:05
WVWknTDLYl11kiWIJI456g,GSdW5Yge8cl6AL7uV66Zxw,2.0,2021-12-13 04:12:22
WVWknTDLYl11kiWIJI456g,aBRWomTQ6VdjP4kcFY161A,5.0,2021-12-13 03:34:53
WVdObKHcfDTvJ4lG9lqj_A,6iqDIQCE8sq7Xq1xvhG1Tg,4.0,2020-07-28 03:44:07
WVdObKHcfDTvJ4lG9lqj_A,pWuoHHu0LuVrD0HjadDygg,1.0,2021-04-18 22:29:37
WVqS85AUR20gbSFkuKH8Ig,wjZwXKDiFBQXlO8-TjQTXA,5.0,2012-09-04 10:29:22
WWWujmZ95y0a2RR5_kQ9sw,JVFHfavzvCSdh72qWi1eZQ,4.0,2020-12-08 02:19:07
WWnhqRnWWjutMqh-2SzEuQ,6HTGlttrzCMsuGBHO1ZGiw,5.0,2020-01-11 00:47:56
WWnhqRnWWjutMqh-2SzEuQ,eikRexw04kC6siBDkFnayQ,4.0,2019-09-04 21:54:00
WWnhqRnWWjutMqh-2SzEuQ,oktohqIGhMQxOP7h5ugHlg,5.0,2010-09-12 20:22:39
WWnhqRnWWjutMqh-2SzEuQ,ol6ATB97MdIuhm6yAGOeMQ,5.0,2019-09-06 20:28:05
WXNi47QBnu0CkMBRsnKEqg,qY-BUQY-SFBaSrFHowF3nA,2.0,2017-11-21 07:40:59
WXNi47QBnu0CkMBRsnKEqg,uJZgom8HpK74xz8IojpT0A,5.0,2014-09-18 21:12:29
WZ6lOP7KZyz-qXJTCiGSuQ,4UDm69SbXGjjlbVVy3GNcQ,1.0,2014-04-27 15:33:58
WbSzNsehu1ilac1eY-Ol7A,Mfvk9uEEhdCqj8S2u7dWgQ,4.0,2020-09-21 21:06:41
WcQ01IBbW0ID01EE7bdH4g,n8NLEmKuhUr4fplfjJdTjw,2.0,2019-07-23 01:29:06
We5qZqGPLi-M2vUCCkAFmA,KHe6HAqmyioITwTvg9Bbcg,5.0,2021-01-29 02:53:12
We7c7g580Fesn8Pn_XARdg,fUlCcUBeYRC80S8iWgccAw,2.0,2017-04-15 13:23:47
WeVkkF5L39888IPPlRhNpg,vN6v8m4DO45Z4pp8yxxF_w,5.0,2017-02-27 18:25:27
WeX7GMbX8WsMoLyyTDPqqg,RLRTakpA-jtBsurYHjZRRQ,5.0,2016-05-21 22:02:14
WfBe3uL225QWCqzLzc-Jxg,OMHZ1htcmFQLuTp06hLe2Q,1.0,2013-05-27 00:05:23
WfiilB5OXV7vSmHP-80n-A,v1Uesklh8DpEufYOhTq4iA,4.0,2015-11-24 01:25:40
Wfs-T59g44HuveKEoM8fJQ,u9vhzYtXpfyvAOAMnyy-Cw,5.0,2012-06-02 18:54:08
Wg2-1uulLKhnZmoUe19Rfw,4wq9bzoCe3Mh0cPbYH1eDg,5.0,2011-05-08 23:40:02
Wh2sG-n65m4u1zZ7whPG5w,FcZxIZcFyJFDny8J83KzCw,5.0,2018-07-30 04:07:35
WhUpJKUdAfFFdUQjZ0mYmg,pJtvP5aHophr2gjIVvX-YA,2.0,2015-09-10 14:51:51
WiC1IYsNB__eQBY95KMNSA,pPKFIFDY2u1KCupXzHNtnw,5.0,2021-04-16 20:25:28
WiQFLDULDDvjdUMpUNAEvQ,4ADeBcc3O4zmTrp60H4O_A,1.0,2018-08-23 03:21:00
WiWVUgQWW4j_x2z5bUopZw,tBO9ttcLUjsQzpCApeWu-g,1.0,2018-04-07 21:40:00
Wjia69bHEb7xeWMlxWNPGA,2KIDQyTh-HzLxOUEDqtDBg,5.0,2013-11-14 16:06:57
Wjia69bHEb7xeWMlxWNPGA,HgPTy_OGoaxllb2EXkC1sQ,3.0,2017-05-02 16:59:13
Wjia69bHEb7xeWMlxWNPGA,L5LLN0RafiV1Z9cddzvuCw,5.0,2014-10-07 12:14:35
Wjia69bHEb7xeWMlxWNPGA,MQRZphoLZVK278Na2YjzgQ,5.0,2018-07-25 12:57:43
Wjia69bHEb7xeWMlxWNPGA,MxRZHZoDVVnN7EvMAHf1EA,4.0,2014-10-02 13:20:27
Wjia69bHEb7xeWMlxWNPGA,QboMIy08NLnBbLXEsmnDHg,5.0,2020-11-03 13:16:51
Wjia69bHEb7xeWMlxWNPGA,SwBhaxfQPbyhsi0QHUAN0A,2.0,2018-12-14 12:45:52
Wjia69bHEb7xeWMlxWNPGA,Yj5JUGZsOeUEiSI1T9xj5A,3.0,2018-03-26 13:46:21
Wjia69bHEb7xeWMlxWNPGA,aQFQIlyHasaTz5DtjV57nQ,3.0,2019-07-01 15:07:28
Wjia69bHEb7xeWMlxWNPGA,ansXZRD996GrOrR3esP_eA,3.0,2017-08-14 15:51:26
Wjia69bHEb7xeWMlxWNPGA,sankqYOVWpYX_T5kGZRRKQ,4.0,2017-07-12 18:34:45
Wjia69bHEb7xeWMlxWNPGA,vXQLdqB-stL2JTP5AsPVaA,5.0,2017-01-12 16:49:37
Wjia69bHEb7xeWMlxWNPGA,wbwDE3g8j4w-TGy_E6dMSw,5.0,2017-01-09 15:47:40
WlgB9SAzYAyHEAlawc27xg,17MK8qagV374AuUA4sXuIA,5.0,2009-05-08 05:34:34
Wmk0OzoXBeFh3DUj4Zj9yw,LQcGL4hfJAeK6bk2ZdhmXw,4.0,2014-02-24 02:41:37
Wmk0OzoXBeFh3DUj4Zj9yw,yjcIKn2T2QY_DjXWACsAFw,5.0,2015-01-03 22:00:50
Wphq2ZRlC4XHzETQvjDjmQ,bmq7tvQ3Qbmg9Jpw4E4VFQ,5.0,2021-12-08 05:29:24
Wq7cs2PhKsLBwoGgg1FnCA,eUxD-l-Ddr1iMmzV6prNFw,5.0,2013-05-29 00:31:45
WqGJ3NB0IklvfNuYRgZLww,lNECraPTMtUPDJPjmF0tVA,1.0,2013-08-04 05:46:00
WqScj3d0EiisaAwa-KSA8w,9AdqkHZTVTwGygpHY8NT3A,5.0,2020-09-19 14:04:16
WqScj3d0EiisaAwa-KSA8w,KY5ndIM2KL0ViL5s6pnNYg,3.0,2019-08-24 13:33:58
WqScj3d0EiisaAwa-KSA8w,v17tgCRjuPQiFOq4uvEI-w,4.0,2016-02-26 23:24:50
WqScj3d0EiisaAwa-KSA8w,yu1jfaztXmvnIAuU-_ccxQ,4.0,2020-03-15 15:18:26
Wr6GWK_zmqN6WouA2Ljv4w,nTkJq7iDAcPyoe2zP5NhyA,4.0,2018-12-26 05:20:47
WrssRnScQvB7CPYgCB1ldA,46_2e1hnQ4csLrYnhn6bkw,2.0,2015-09-22 20:20:51
Ws_hiBhm3A_bpWpaXRsGaw,YJVXMOIKhJjQczWj9YTwrg,5.0,2018-01-08 15:32:55
Wshkpj8aHWuzIeca1QxWTA,-v8dtO9BZmKidXLMohiQhQ,2.0,2010-02-05 18:41:10
Wshkpj8aHWuzIeca1QxWTA,0sb5sHF_BNcUzDxuia-D1w,5.0,2009-09-26 13:56:55
Wshkpj8aHWuzIeca1QxWTA,mVV95BIwhFOa7TNH9pVMGA,5.0,2010-09-27 19:30:32
Wt-dSc-L33pKiQ4mdZv3nQ,4wq9bzoCe3Mh0cPbYH1eDg,5.0,2019-06-19 23:11:12
WtBfZpY5xW1Gji6x04Fdwg,ElqoiaCSUA8oyyvixox9lQ,5.0,2015-10-13 16:21:20
WtBfZpY5xW1Gji6x04Fdwg,da_jniSpqeo9Z6FLCCh4jQ,5.0,2015-07-14 13:37:05
WtBfZpY5xW1Gji6x04Fdwg,vwrdjcP5pAhpANbSPEzAmw,5.0,2015-12-01 13:25:14
WtKeiYlHBaG_N6ntgua80g,F88yRsOo9Eqo-0oxs8U1OQ,5.0,2014-08-29 15:26:41
WtKeiYlHBaG_N6ntgua80g,J3Jnm1G1h6tBxsgjU9fqxQ,4.0,2014-12-01 21:19:24
WuGrrM__qrTHal6fkr9rZg,DKyJMM2209QrTgclzoCUpw,5.0,2014-12-31 19:34:41
WuGrrM__qrTHal6fkr9rZg,W4JLP5jFlBh0LrmDYgzJUw,5.0,2014-01-27 19:34:50
WuiEYopWZOWOuWQD87fVSw,0s-BXJhYQc_mLFjHD4Xbww,1.0,2014-12-16 14:42:09
WuiEYopWZOWOuWQD87fVSw,zU5PPd9j4bYC_MepNSEDcA,4.0,2017-01-15 01:30:34
WvutaEoxM-8ME0JFTTWBDg,USskWtGN3NmR3CRRaMX5IA,5.0,2017-04-04 23:05:02
WvutaEoxM-8ME0JFTTWBDg,jt1TfLJQN20aoVskD_8DuQ,5.0,2017-05-07 13:37:41
WvutaEoxM-8ME0JFTTWBDg,zAz_ROUOX0s6_Z7N3gqbHw,4.0,2017-09-15 18:50:46
WwulXySQN8t2hwqH_yWurA,-B_2jHrwV2nWNqdoWtBC8A,5.0,2021-01-27 20:06:35
WwulXySQN8t2hwqH_yWurA,14Mth2EHCYDRDfJ0ngsWfg,5.0,2019-12-09 15:01:21
WwulXySQN8t2hwqH_yWurA,3hrEWKJxJUwEBmzw8oUYHw,5.0,2020-03-31 00:31:05
WwulXySQN8t2hwqH_yWurA,7pwFfnB6FH4lflXWrQ2Tqw,4.0,2021-05-21 14:21:31
WwulXySQN8t2hwqH_yWurA,8zJYnVNKD7XUHaKFMMREBg,4.0,2019-09-26 11:58:59
WwulXySQN8t2hwqH_yWurA,9AdqkHZTVTwGygpHY8NT3A,4.0,2020-07-20 16:22:15
WwulXySQN8t2hwqH_yWurA,9C27gYO2tbthNOier8bHzw,3.0,2018-07-13 13:28:31
WwulXySQN8t2hwqH_yWurA,9V0LMtO1riRw9-pUuG4NFg,5.0,2015-11-08 20:22:33
WwulXySQN8t2hwqH_yWurA,9jHgloOaXt-clmnOmwZNZw,4.0,2019-11-21 17:23:04
WwulXySQN8t2hwqH_yWurA,BUPtFEuzN1KeB4erBi-ivA,5.0,2020-08-13 14:36:42
WwulXySQN8t2hwqH_yWurA,CBrD7r4PTCAKc7sP_WsXmw,5.0,2021-04-28 14:06:27
WwulXySQN8t2hwqH_yWurA,Cckfq1IRAAN4Q7YJh7Ru6A,5.0,2020-10-06 17:45:25
WwulXySQN8t2hwqH_yWurA,DKrC3kWnF91hmUvDPoYp4A,5.0,2021-12-29 17:54:07
WwulXySQN8t2hwqH_yWurA,EQXQ8KvVBLeOdzlwXjwGYA,5.0,2018-08-14 03:14:15
WwulXySQN8t2hwqH_yWurA,H3WJK0fpoPrIotWqOG_yIA,5.0,2019-12-28 01:01:13
WwulXySQN8t2hwqH_yWurA,JB-w3Z8j4dX8sjV4dJvCyw,5.0,2021-08-09 15:42:02
WwulXySQN8t2hwqH_yWurA,KY5ndIM2KL0ViL5s6pnNYg,5.0,2021-03-01 20:13:04
WwulXySQN8t2hwqH_yWurA,L6LiIjKsMcxguEGnr5ilqQ,5.0,2020-12-22 17:31:51
WwulXySQN8t2hwqH_yWurA,NTiPDvC99_yK0RY9ltnLgQ,4.0,2019-12-09 15:03:13
WwulXySQN8t2hwqH_yWurA,VE9TeBKNZnu33iBzfYMiag,2.0,2021-10-29 14:48:22
WwulXySQN8t2hwqH_yWurA,WrZaL6BxHqVqt3sAcJ-5Rg,5.0,2018-01-24 23:41:00
WwulXySQN8t2hwqH_yWurA,X_E7U2lVNEwbH_gpOBmAHQ,4.0,2021-06-29 14:09:28
WwulXySQN8t2hwqH_yWurA,Xv5rxZGfOQvhJHhsBLjW-Q,5.0,2020-11-26 16:22:39
WwulXySQN8t2hwqH_yWurA,XwElaqpvIW70qJVCqpVubw,5.0,2020-02-26 21:21:58
WwulXySQN8t2hwqH_yWurA,YwrL69clJBmO9-HgA7dfUA,5.0,2018-05-29 21:55:43
WwulXySQN8t2hwqH_yWurA,Z5OeDuyiPwmt7P89DOjYsw,5.0,2020-04-12 00:07:15
WwulXySQN8t2hwqH_yWurA,ZiEnbtECCJjvBegWMFLs1g,5.0,2018-02-10 17:12:48
WwulXySQN8t2hwqH_yWurA,Zx05t1cRAipPrpQOtzd9RQ,5.0,2020-10-30 16:12:51
WwulXySQN8t2hwqH_yWurA,aBRWomTQ6VdjP4kcFY161A,5.0,2020-08-10 22:14:49
WwulXySQN8t2hwqH_yWurA,aREOVt958pzJsuNmX1-LUQ,5.0,2019-02-02 22:05:28
WwulXySQN8t2hwqH_yWurA,celJoKvziNB7tgeih7NIbg,5.0,2020-12-10 00:01:16
WwulXySQN8t2hwqH_yWurA,dRTzm4V5hcbkYgLIV6kC4w,5.0,2018-12-19 22:00:24
WwulXySQN8t2hwqH_yWurA,dtU_DsHVOCi-2-mWe7gabw,4.0,2021-12-14 18:43:18
WwulXySQN8t2hwqH_yWurA,ehzdBdCuwFNHEoIfpJY7Iw,5.0,2016-06-30 17:35:08
WwulXySQN8t2hwqH_yWurA,en9sRChY9wYY9DoRioodNg,4.0,2019-10-31 19:20:36
WwulXySQN8t2hwqH_yWurA,gP2pWousNNGLtD4ahpNEow,4.0,2020-04-14 15:49:42
WwulXySQN8t2hwqH_yWurA,goXz8V980-WFIreZRbLVSQ,5.0,2022-01-16 03:53:18
WwulXySQN8t2hwqH_yWurA,kfi-B1KqPzcqz_pjVaXonw,2.0,2021-04-01 16:45:57
WwulXySQN8t2hwqH_yWurA,lJBYrLE3v3d2q5QBIK_S0Q,4.0,2020-01-22 15:46:47
WwulXySQN8t2hwqH_yWurA,lXFpW475fKlACmyyw9_UYA,4.0,2021-04-19 16:40:39
WwulXySQN8t2hwqH_yWurA,quCIR7UcrMmpaKXYwet8pw,5.0,2020-03-25 22:25:38
WwulXySQN8t2hwqH_yWurA,rUVk4xJsaWjWwqslu4OclQ,5.0,2021-02-11 16:58:42
WwulXySQN8t2hwqH_yWurA,rYfMeGbDkYAe6bmSBHQB9w,4.0,2018-04-04 14:53:58
WwulXySQN8t2hwqH_yWurA,rlKC6e3vMjZ7olMI7bACpg,4.0,2020-12-04 17:09:25
WwulXySQN8t2hwqH_yWurA,sB45WFgysT617bKWP_WJwA,5.0,2021-12-23 16:50:31
WwulXySQN8t2hwqH_yWurA,t1mWfxivNyGde5VxYYYhSA,5.0,2017-12-03 15:51:09
WwulXySQN8t2hwqH_yWurA,trDDjiD1PVRcNx36GQCKcw,5.0,2020-08-27 22:51:07
WwulXySQN8t2hwqH_yWurA,uTEvgnFfZk6s-apf1j5Dnw,5.0,2021-10-28 15:29:25
WwulXySQN8t2hwqH_yWurA,ut6fi2W2YaipNOqvi7e0jw,5.0,2015-11-21 23:05:16
WwulXySQN8t2hwqH_yWurA,v17tgCRjuPQiFOq4uvEI-w,5.0,2018-12-23 11:18:54
WwulXySQN8t2hwqH_yWurA,vYv9PhpNZGhrU8t_pvdlCw,5.0,2021-03-11 17:20:16
WwulXySQN8t2hwqH_yWurA,wrgtmWOkq1FwnlSgl6QcJg,3.0,2021-10-27 15:15:59
WwulXySQN8t2hwqH_yWurA,ymoEdJB5NE56sWw74uyX7A,5.0,2016-01-24 23:15:50
WwulXySQN8t2hwqH_yWurA,zobY3ws9R2pgbcP0gOImcg,5.0,2015-04-18 05:48:12
WxGy5exVqu_dvpgC74Q9OA,EaOpoKLdqNwZ2q5owQ6LDA,1.0,2014-07-28 03:16:11
WxixQm3lIPRxTBYsY711TA,El_2Cxuq4hxqrmlg_5nzzA,4.0,2011-02-02 19:00:20
WxixQm3lIPRxTBYsY711TA,FryXEasH74MQDnj5Bvz3QA,1.0,2013-07-30 19:14:20
WyYA1l65Yt98fSL1T8jNyg,0jpFptAehZhLl3nkhHDanA,4.0,2013-06-07 04:08:17
Wz9LLd-P8UDNFNqxKuz1gg,U3grYFIeu6RgAAQgdriHww,4.0,2011-02-14 23:48:11
WzCSCsVjTCLGTcNYfPZ61Q,6EPPtwJR1kdIfHiCjzCzuw,2.0,2013-07-30 16:40:12
WzhoLpHMXI59ETuQ2sRVeQ,0iwixPVSjrJeJSoUC8Lsnw,1.0,2019-09-29 16:24:31
WzhoLpHMXI59ETuQ2sRVeQ,36_FvBjdMXC949XVYDUb6A,2.0,2018-04-11 21:04:31
WzhoLpHMXI59ETuQ2sRVeQ,4rG4tJF2EC2CfYvBu_uqpQ,4.0,2019-02-18 03:13:53
WzhoLpHMXI59ETuQ2sRVeQ,QkOLTKmHsr2sDWlKxNuvCw,2.0,2018-12-20 18:55:44
WzhoLpHMXI59ETuQ2sRVeQ,auwFZzfhe2pvFw43OfsAfw,3.0,2020-03-08 14:02:26
WzhoLpHMXI59ETuQ2sRVeQ,gXiWHYBuPLWWXZJPOP1uKw,4.0,2019-06-01 15:37:03
WzhoLpHMXI59ETuQ2sRVeQ,lWedWkinrM5j13pyimbpbA,3.0,2020-02-08 20:46:06
WzhoLpHMXI59ETuQ2sRVeQ,ldr7iDtxFXX-q7tJuXqlGQ,3.0,2020-01-19 20:44:25
WzhoLpHMXI59ETuQ2sRVeQ,mf1udZPfiikBAND9upDdoQ,5.0,2018-07-16 10:50:01
WzhoLpHMXI59ETuQ2sRVeQ,rK4MQ-vybY5KXI73o-0mlw,5.0,2019-04-18 19:22:57
X-MEl-JJxrfA6ZZolHLf-A,xuYPogbBSHAtOebONVhprA,1.0,2014-12-08 19:46:40
X-rdf2BAcnhbfz8U0bRAWQ,SsHMgOW3TT48Z7jeV5beqQ,5.0,2018-11-08 22:28:26
X0Bmllln5u8i37-Fo8leVg,K59I711q4mFXw7ZBxdwBTg,1.0,2015-06-19 14:57:02
X0fo7llidfgjn3LcfRANQQ,zD1-R_baSc5_LhFUUlDG2w,2.0,2015-01-03 17:32:29
X1c-tpW95Z8DpPwTFtVebw,fDkOfC0t9coGC34o8Nnjow,1.0,2013-02-19 00:26:21
X1nvKXUJ5Lp3W9Oe-_JrMQ,fiBEzPfn2VOZb-PjLcm7Ng,1.0,2015-03-16 03:02:00
X1uHK9q3QqN723sD4uH7-w,YPLfRswyryjjW3VJa-SdaA,4.0,2012-11-22 20:12:06
X23iGs4CFM8dXbH-mosjUQ,-78Va3llKcPbL6SW4is8lw,5.0,2015-08-30 20:44:24
X4a1WSMYCfG6H46Fc34CUg,QUyLaPjsoZiRJ-RUBVa5rA,5.0,2020-04-11 23:42:35
X4k8ugJaihHVLHq32rNTwQ,XjjgJb0iyG33CQp4ehnRGQ,4.0,2013-02-03 17:34:08
X4k8ugJaihHVLHq32rNTwQ,s688oKDwUayG5rjHbPwK7w,5.0,2013-05-30 17:32:20
X5362HttMZJb--itzXSjDg,8gY3LGFUMIQubovGbSd7Nw,4.0,2017-03-06 22:01:18
X5CF8zerhquR0y-A4hDlyg,OWOOc0YjU_kioLeEgo5VCA,4.0,2021-04-13 22:36:19
X5T45QxyLjnuXohkvE3Rfw,GNo1zeiPKErB7Ww_j3IlOg,5.0,2015-08-20 22:44:09
X5_3x28U9dxzpbh-KGkzdw,O6RCCmz8-x4NhWJpI8KQug,1.0,2016-07-02 17:50:46
X754C7UkbPik6ppvYaIitA,tV46IhCfHbsx_af-pMupiw,5.0,2013-05-24 02:36:32
X81sGji8rliPRunKBLfV3w,dYYkzkiAQoOtRjdR0kcspw,3.0,2021-06-04 20:30:37
X9LI-PPreQLwlDe5lfo9fg,syuKX2pH3JJhOOppzNI6SA,5.0,2015-11-18 15:02:18
X9LT66H7NosO9MOSm_qt8A,PP3BBaVxZLcJU54uP_wL6Q,1.0,2017-04-25 11:57:20
X9LT66H7NosO9MOSm_qt8A,j-qtdD55OLfSqfsWuQTDJg,4.0,2020-01-30 06:10:13
X9LT66H7NosO9MOSm_qt8A,lX50JpkI4TCttcsyMYOcKw,4.0,2017-10-30 02:38:08
X9iNNkbJ-tCzQNjp11TqkA,NHUKQ8XbbVt4Nhy7oUeGpA,1.0,2015-07-20 03:15:25
XBeEmeV16yfP9EXLiqkRhQ,o6S4BEydpftLqzCLZk8dqw,4.0,2016-02-10 18:57:51
XCydwvWxRidDyHKetxx8xw,6gH1VR1YwBBOg8nUCPki2Q,4.0,2015-10-08 12:27:47
XD_SGGnLRR-NmdI_jjobZg,K0lttiVfWWP1u5JmsVp4cA,5.0,2017-03-10 17:20:58
XD_SGGnLRR-NmdI_jjobZg,r_oscENLKdrF2KNyWP4oow,5.0,2019-10-27 20:21:42
XD_SGGnLRR-NmdI_jjobZg,uJZgom8HpK74xz8IojpT0A,3.0,2021-06-27 13:04:14
XES7_GcWW_qK3VTJg1Bztg,nlVLzktT0RfgSw-ZL4qPRA,1.0,2017-04-11 23:35:24
XEwEdPIjryudxfU098wapg,47Xuiwsv_YsJIm7Px_mNWQ,5.0,2019-10-10 18:54:43
XEwEdPIjryudxfU098wapg,BOq6aYbFAyCYNv_7O2mIMg,4.0,2020-12-05 13:02:30
XEwEdPIjryudxfU098wapg,K-GDGw99i_mM-lcyMYon1g,4.0,2020-03-09 16:25:50
XEwEdPIjryudxfU098wapg,kvv4hZ8EUe_sGwcsl-mLQw,4.0,2020-07-22 21:36:11
XF6GG8Y_XKESMfU4_vIgHQ,Iszshjj6I_02Okm5sPpsnw,4.0,2018-05-10 12:30:06
XFjHkHBtjGRV_EvJbuA8Kw,J179GmDalU-NgZ7nhRwBYQ,4.0,2011-04-14 14:41:43
XJ3nsxb_fSDxW1FjKdpxuQ,l_-skjv4wvvtbAz2-vGuVQ,2.0,2019-03-03 04:11:53
XJmCGf1N70GyPLT_wZHxPw,Hh8jUR0mtVXkAnv8XDZjyA,2.0,2019-03-10 01:51:06
XJuBP5ttHUEdL2zPVJZJHg,llYsxQ0IuKh0HXULlqu6fw,5.0,2017-03-13 19:28:32
XJuBP5ttHUEdL2zPVJZJHg,r6dvcGaTEcvN4nUIeS15nA,4.0,2016-04-15 21:11:03
XKCSgQC_z4jnKPy-lnphgA,KHe6HAqmyioITwTvg9Bbcg,5.0,2011-10-15 09:02:16
XLD6kubIF2PxJf5s7cAzCw,-fJPJP7iOd1ukDNqTSINIg,4.0,2019-06-22 21:28:10
XLD6kubIF2PxJf5s7cAzCw,e-fXMT8R3j7BKMTh8xn8aw,4.0,2019-02-10 20:46:31
XLD6kubIF2PxJf5s7cAzCw,n8NLEmKuhUr4fplfjJdTjw,2.0,2019-10-16 10:13:44
XLD6kubIF2PxJf5s7cAzCw,qvGfM67TXU-akls99x2ibg,4.0,2019-08-01 14:52:25
XLaO5xmki_wxeIO83E-2Xg,NL_RDDQ_uPAT8t-x7hINvA,5.0,2019-11-19 17:32:06
XMTt7RdipRrWQwVF-yuqgQ,0ZsqqzHu1HHkDdIKoivi5g,1.0,2017-01-11 02:01:47
XMTt7RdipRrWQwVF-yuqgQ,DfEYyoO1YPHEPy9h3BWGvQ,4.0,2016-02-02 14:40:38
XMgSvrWrkuVRua-M2XPRqg,1Hd-0f0gWvI7y9CI_3kFVg,4.0,2014-08-17 03:20:35
XMgSvrWrkuVRua-M2XPRqg,QAYu-WTCZYvOxccDvj4S5Q,2.0,2016-01-30 17:07:58
XNSipd3ZL7DoYdvGubj9kQ,uihNp1cyWmHkma4U0MJHow,5.0,2020-07-01 04:41:02
XNhp8e67LdLuOmqY9LfaPw,fgboXnRdTBPfiBMzpuQu1A,5.0,2020-03-30 23:39:16
XO_d_cRH61VAO2Na_lSZAQ,bdXSkYTovwYSv2hpOp5iZQ,1.0,2014-05-22 13:04:09
XPderoC6jaM4DJjaoP-log,uJZgom8HpK74xz8IojpT0A,5.0,2015-02-26 21:15:57
XPvmbMbcK6CfRqsW1FGVIg,SJPnC_1BEXUxvU2Xvn9rug,2.0,2016-03-09 20:01:25
XQU46gFfVmgSjTOTvc5Jew,tf6S06LD09IFDHUpOPqPaw,5.0,2015-09-25 17:53:05
XQU46gFfVmgSjTOTvc5Jew,wBa-Abx8y5SLOqbohCA4nQ,5.0,2016-11-08 07:36:18
XQk-XZKwNim2fsc8_LHksA,0oSSjekU-3GR8gselReWnA,4.0,2011-05-06 22:00:56
XQk-XZKwNim2fsc8_LHksA,0sb5sHF_BNcUzDxuia-D1w,4.0,2010-01-05 00:14:17
XQk-XZKwNim2fsc8_LHksA,1UNJeHTsS7WS9RxRzHw06g,4.0,2009-11-13 06:18:02
XQk-XZKwNim2fsc8_LHksA,6F-6mFFNw2YXN7lD_Gukcg,5.0,2009-03-02 20:56:47
XQk-XZKwNim2fsc8_LHksA,L5U9dBXYKNDyWp4lk9j9QQ,4.0,2009-08-02 16:22:02
XQk-XZKwNim2fsc8_LHksA,R17gwW6zn9ilslbdvKdgsg,4.0,2010-04-29 12:48:02
XQk-XZKwNim2fsc8_LHksA,YN4Kk751tmdvoarGo8z7_A,5.0,2009-08-19 23:26:06
XQk-XZKwNim2fsc8_LHksA,dBCNUSbz5-8nQNrxWo5deg,5.0,2009-10-16 13:26:27
XQk-XZKwNim2fsc8_LHksA,eFvzHawVJofxSnD7TgbZtg,4.0,2010-12-13 17:36:58
XQk-XZKwNim2fsc8_LHksA,fqyJZMsKG-oWSGdZIftQgQ,4.0,2011-07-27 14:50:51
XQk-XZKwNim2fsc8_LHksA,ghFNIv9_Bde6uquScRZD7g,5.0,2011-05-21 21:28:25
XQk-XZKwNim2fsc8_LHksA,j-qtdD55OLfSqfsWuQTDJg,3.0,2009-04-27 22:26:11
XQk-XZKwNim2fsc8_LHksA,luv3Y2AjoOhxYRY_u5tRJA,5.0,2009-09-14 00:52:48
XQk-XZKwNim2fsc8_LHksA,ws7z5fLdaVgwxZ9ex3cKxw,5.0,2010-07-16 03:42:29
XS4rYA1V_Ru7tyf0Jl15aw,6FvC6w810uf6O7Ocd6Wpog,4.0,2016-08-24 13:43:54
XS4rYA1V_Ru7tyf0Jl15aw,DzVYXX8mc5x31BbaP8c0_Q,5.0,2017-10-16 16:40:33
XS6LEJoORdlpd6NnDKSpKQ,9b-LZWsj75mmfMYuChXDkg,5.0,2020-11-21 12:46:43
XT8U_rCZ4c15BoFkDjkOIA,PuD-E-CH57TkaoMhrmS4qg,5.0,2020-05-18 16:57:23
XTvbWJ6EFAOkiLvA6OxZWw,Nvx2MceKWAtikcAxk_TBMg,2.0,2013-12-09 17:43:44
XUMkFho1Ly9A-b5UYJuYtg,VNvJuCTMdGBj4lwC0L1Ghg,5.0,2013-06-15 20:28:39
XW-BonrE_YzzSgfdRD_1KA,0MhxvTys2ADYa3sOO91ldQ,5.0,2021-01-17 21:46:04
XWgdznDS4NqkicZXtjqQaQ,KQgCflC8eqJU5kvJkByXzw,5.0,2016-11-05 01:41:08
XXDgvskDimCG3u95nglKBw,SBtjW_pKw3XaOKtKAavWZg,5.0,2018-12-02 17:52:54
XXDgvskDimCG3u95nglKBw,VVH6k9-ycttH3TV_lk5WfQ,5.0,2019-04-29 00:50:10
XXDgvskDimCG3u95nglKBw,c-iKAO2GBzSKjm7y1Oljcw,5.0,2018-05-25 16:49:58
XYh5gBDuBSPHUW-TUi2_TA,1aR_kqb9d8jmRWCwXqoJJQ,5.0,2019-11-23 04:32:22
XYh5gBDuBSPHUW-TUi2_TA,Gksv0lbchfKxljBm5puCBQ,5.0,2019-09-25 22:22:24
XYh5gBDuBSPHUW-TUi2_TA,HSY2c6NbngjDHkuwZi7C2Q,5.0,2019-01-01 17:20:57
XYh5gBDuBSPHUW-TUi2_TA,JuHa7dMYCZ9xci50M7nG1g,4.0,2019-11-18 15:22:07
XYh5gBDuBSPHUW-TUi2_TA,NB5XTBuLVCn7c9Lu5SUqKg,5.0,2020-01-06 15:57:45
XYh5gBDuBSPHUW-TUi2_TA,ap5bxhjMs3f4alh7Zu51nQ,5.0,2019-11-18 15:41:14
XYh5gBDuBSPHUW-TUi2_TA,gVU0U7gNBMQxKTzqmRtdLg,5.0,2019-11-23 04:44:44
XYh5gBDuBSPHUW-TUi2_TA,gYeqbVXu13UcMZcp6cS-Bw,5.0,2019-11-07 13:21:16
XYh5gBDuBSPHUW-TUi2_TA,jSYu2apG1uYq3eNzSA-OHw,3.0,2019-12-29 19:18:32
XYh5gBDuBSPHUW-TUi2_TA,pFoS41r45N2VL0sHIGdJ-g,5.0,2020-03-16 04:50:59
XYh5gBDuBSPHUW-TUi2_TA,v63vLjagqV609L5NweBJ6w,5.0,2020-03-06 17:28:14
XZ9XJ5GALmFJoc-EVO_LEg,SxbqEgEwrGmtgvQAgM6kIg,5.0,2018-10-04 19:41:59
X_14Pe-kpmR_QiU-SRJvgg,VaO-VW3e1kARkU9bP1E7Fw,5.0,2014-03-28 02:32:57
X_14Pe-kpmR_QiU-SRJvgg,c-iKAO2GBzSKjm7y1Oljcw,5.0,2014-04-04 05:11:23
X_14Pe-kpmR_QiU-SRJvgg,j8JOZvfeHEfUWq3gEz6ABQ,5.0,2014-03-22 20:00:25
X_EP3kbaQpqTFtI10oAg5Q,zp9OcdUq2CWtQuI9FFBOQQ,5.0,2016-10-07 01:19:18
XbThi2N1IOrmBsb6ITFFGA,winkCYdiTroKdbPbV0DfRA,5.0,2017-03-01 22:00:04
XbyKDPoPD5TWOa8_5Gijxg,YcY48yvPw6-FE-5DJCY14g,5.0,2017-04-02 06:41:01
XcKWWRBKhSwA6eGZb547PQ,2coic7DZlnlqVhblbEOpIA,5.0,2016-06-18 21:33:20
XcKWWRBKhSwA6eGZb547PQ,C6KP0hSutumHzLDCFyjvJQ,5.0,2016-08-08 14:38:06
XcKWWRBKhSwA6eGZb547PQ,EAPAK_XoJMXtUADVkB3xoA,4.0,2016-01-09 19:14:44
XcqI0-w7aEK5mwn8wJAXvg,Rl1NN7QH08h5h0XO00lPFA,2.0,2016-07-13 03:31:15
XdXKVTIDFG3o3icYRjxCdw,5vObJIHLO-QOMrw_MvC4rA,1.0,2014-03-30 18:52:29
XdajpcjZtYlTokqQJjQ4ZQ,9KHTQiXutn-W51EjAfrodw,1.0,2017-01-24 16:16:24
XenwjpYlw2rmAMwei3KFMQ,9KHTQiXutn-W51EjAfrodw,1.0,2017-06-09 19:12:27
XewxSO2jW8KRM79XgS-6rA,9w-LZEkP1hf363G-OYvKDg,1.0,2017-11-22 00:29:25
XfdP4UU3xMcdJbM3qUIaPA,WYY48I1MVYSmVdd_ZQ1EOQ,5.0,2016-10-07 18:14:38
Xflos_NjAxc5mEwg-uaFNA,RQAF6a0akMiot5lZZnMNNw,4.0,2018-08-15 13:10:44
Xflos_NjAxc5mEwg-uaFNA,gKThxS9CbVNM-58GbkRS4w,4.0,2018-09-05 20:17:22
Xflos_NjAxc5mEwg-uaFNA,rWjFmr0hhi2w8IwMu162-Q,4.0,2017-05-16 13:10:00
XgyM_Ba2l65zhyYJQn978g,Fbtcj6j9-byxq68ACKpcUA,5.0,2020-04-25 17:05:02
Xh-9bO8BDQ_9QEFHWXChmg,dGUyXgFW1WSYMgRypKaYew,3.0,2013-03-30 14:27:28
XhXkdGzInaBCz8q54o_1eg,J8S7cPPlTgsQnXKVfTyN8g,2.0,2014-09-09 12:18:28
XhrlkiNB867EmtYuDTcq7Q,QqvMMaeNJqaEJihkhdYiAQ,5.0,2020-11-30 23:04:23
XiEkBO-U69VBYqPYGGg1vA,_357-ycTGX1t0Pla4ShVAA,1.0,2016-01-23 14:23:24
XiLxIJThWsE0x4d0IeSPsg,Qkg16mN-8QR66gjzg6gMyw,5.0,2021-08-03 15:43:20
Xk1bqFYbe4kKZX_RnpsOdQ,sV6up2rehuTegmfo3uYUtA,5.0,2020-02-02 06:52:31
XkHe39fTAhIpjfpY6MLmdA,eIKjxqdMduIeIqzPg7yc-Q,5.0,2019-12-01 09:13:04
XkRNqNB1RquIF2Gw4Lk--A,nTBStZYJfHGdSZJbpaBiPA,1.0,2015-09-21 02:30:11
XmBm3C-Y7TKHuMoEMO5AtQ,0ac5lGA_0wdKDnib3y59Xg,5.0,2021-07-01 22:31:15
XmBm3C-Y7TKHuMoEMO5AtQ,6RBZfirnzE4NahJTn1UPNA,4.0,2008-02-11 22:59:24
XmBm3C-Y7TKHuMoEMO5AtQ,9xW7LsJpyhVZFRb6z9xorg,5.0,2020-11-27 22:06:49
XmBm3C-Y7TKHuMoEMO5AtQ,EZc2myE2mYk2h9JK9qu8gw,5.0,2020-10-30 19:41:34
XmBm3C-Y7TKHuMoEMO5AtQ,FTFaEinJgzqY0ZHQMUSpQQ,5.0,2020-02-10 20:27:57
XmBm3C-Y7TKHuMoEMO5AtQ,NTLvzcGNm4IUF_yXIwIhvA,5.0,2020-02-10 22:57:58
XmBm3C-Y7TKHuMoEMO5AtQ,QBNATcq7Stx9LxcSq16W7w,5.0,2021-01-31 21:09:03
XmBm3C-Y7TKHuMoEMO5AtQ,b5hxsRw76UUXcotxlCipuQ,5.0,2021-08-11 05:35:37
XmBm3C-Y7TKHuMoEMO5AtQ,bPVPZeqMuYtU_yGCb4P-jg,5.0,2020-01-21 02:36:04
XmBm3C-Y7TKHuMoEMO5AtQ,bXrQejeR66IwebuhxPS7GA,5.0,2020-03-28 23:19:55
XmBm3C-Y7TKHuMoEMO5AtQ,c1tH5Btm_f7SQ-6ju22wag,5.0,2019-10-05 19:22:28
XmBm3C-Y7TKHuMoEMO5AtQ,eX7o_-s5TmDT-DMfTV4cmw,5.0,2020-07-04 04:06:17
XmBm3C-Y7TKHuMoEMO5AtQ,omnCKxL0f_akh0eYeJxjDg,5.0,2021-11-19 07:53:01
XmBm3C-Y7TKHuMoEMO5AtQ,vyOVT4bcW227LRwJGHTeSw,5.0,2021-10-05 03:28:43
XmBm3C-Y7TKHuMoEMO5AtQ,vyyr3G874jpRYSQo2KPZow,5.0,2021-10-31 00:48:28
XmBm3C-Y7TKHuMoEMO5AtQ,xkS_mRHVHuX0ko6kVIyBdA,5.0,2019-04-16 21:35:26
XmC8fJw9s9Ogsukqby8TxA,GNo1zeiPKErB7Ww_j3IlOg,3.0,2011-11-13 03:21:31
XmIyqvl9487pGH7gvrkjgg,qu2XI51ZjlTR1relPGrK8w,5.0,2020-05-14 13:09:28
XorrHKNbvh_TJKUHYuxbUg,UKjsgjXuWfRFyb8ArFOfCg,1.0,2019-11-23 08:20:29
XqceyLgJztk7b5haKY5J_Q,xSn2d1RTvK7e4KM0bI2NLg,2.0,2017-06-06 04:01:06
XqipzN6PRoWm4oG4hVS-pg,KHe6HAqmyioITwTvg9Bbcg,5.0,2019-03-13 15:08:43
Xqz7p9LGVGwtyxQqg0OEqw,hXvf5a798WvQtFn0Zbh2yw,5.0,2017-12-21 15:46:41
XrWAdRK4CUUK85Ak3x-HDw,2HxkdqHmbYGj_BH1bLaiSw,4.0,2018-09-28 16:02:58
XrWAdRK4CUUK85Ak3x-HDw,DOl21AqtT74dUZ3kvXNNcA,5.0,2018-02-24 23:08:37
XrWAdRK4CUUK85Ak3x-HDw,HCN3XWVqv04fws8vkC4H7w,5.0,2019-01-02 22:54:49
XrWAdRK4CUUK85Ak3x-HDw,NDIiNcJZpdoQpXGXl7IA2Q,4.0,2018-08-09 20:22:52
XrWAdRK4CUUK85Ak3x-HDw,Ou-_OQUNvBcaAoRU0XPtaQ,5.0,2018-11-27 20:56:27
XrWAdRK4CUUK85Ak3x-HDw,Rzx2E5XgTeGU7FEbUZ-bGg,5.0,2019-01-27 14:52:28
XrWAdRK4CUUK85Ak3x-HDw,Wtr51cNrv1pYyIRg_IawYQ,5.0,2017-04-20 14:29:48
XrWAdRK4CUUK85Ak3x-HDw,cGX-1IUwXOjkUqZbkKYcjw,5.0,2018-03-17 18:10:01
XrWAdRK4CUUK85Ak3x-HDw,wctrPm9rrluvZXsnGkyrcw,4.0,2018-06-28 20:07:20
Xs4FXTw3FsLWBFHqw20KYA,AjxjKRNin477A7nKAZciGg,5.0,2013-05-22 03:55:25
XsFI8-O1H-Pl_yhSQrI09A,WB-eQAgw88fbr15eY761CA,1.0,2017-01-18 03:37:44
XsnL3gdNiPRnj9svFvz-EA,I0I2mkCOPTYVSLpc8A8VVw,5.0,2015-05-27 05:18:00
XsnL3gdNiPRnj9svFvz-EA,SYCGlb0WFyyVxD2K9Z-YuA,4.0,2015-05-05 20:47:24
XsnL3gdNiPRnj9svFvz-EA,ga7jZd-JccpMqdSTgY2lUA,5.0,2017-06-10 02:11:26
XsskSV-sZad49nP18NlIOw,celJoKvziNB7tgeih7NIbg,5.0,2013-09-12 19:03:39
Xstf9n7v8rSOryJAuY2S7Q,tUkv0ZxUAdpyv8qhgRU5TA,2.0,2014-01-12 17:59:42
XtsfkdOJfTWLm20oLMJcNg,KHe6HAqmyioITwTvg9Bbcg,5.0,2020-06-14 21:53:39
Xu7itIAz90gMsN33mzbO9A,32It9NN_lVismU9tcuLB0A,5.0,2020-05-27 23:17:19
Xu7itIAz90gMsN33mzbO9A,Wtr51cNrv1pYyIRg_IawYQ,5.0,2020-01-15 04:36:33
Xu7itIAz90gMsN33mzbO9A,YBq6blbEs3Vc43x-G0mC8w,4.0,2020-01-24 19:23:44
XuaqlmZdRldcw97I_TtX9w,Dv6RfXLYe1atjgz3Xf4GGw,5.0,2016-03-10 14:03:25
XuaqlmZdRldcw97I_TtX9w,Gay6ZhRBF8SNF5YudevDoQ,4.0,2016-03-30 16:12:47
XuaqlmZdRldcw97I_TtX9w,K0Mb7ebSa4DRUpEmfDZVuw,5.0,2018-11-05 19:29:35
XuaqlmZdRldcw97I_TtX9w,K7KHmHzxNwzqiijSJeKe_A,2.0,2016-11-23 17:48:18
XuaqlmZdRldcw97I_TtX9w,PYUI1OJVksGUbCrteU68bw,5.0,2019-08-30 12:12:07
XuaqlmZdRldcw97I_TtX9w,gIzKVqQf-sU_BngnhqyOpw,4.0,2016-02-22 17:52:47
XuaqlmZdRldcw97I_TtX9w,gK9CdFaCXmHoW8aLfXiSqg,4.0,2016-03-19 15:01:37
XuaqlmZdRldcw97I_TtX9w,muCelHtTlX5PrJd8JKkf_w,4.0,2015-12-21 16:02:41
XuaqlmZdRldcw97I_TtX9w,nKdvOAenRN4WllzGJ3hd4g,5.0,2018-08-06 16:24:23
XuaqlmZdRldcw97I_TtX9w,sy7ADvpBA7SfHwbY-Y_5gw,3.0,2016-01-19 12:53:34
XuaqlmZdRldcw97I_TtX9w,vXb4OWsjPoiBtmarfexj-g,4.0,2016-01-03 17:18:51
XuaqlmZdRldcw97I_TtX9w,zp9OcdUq2CWtQuI9FFBOQQ,4.0,2016-01-18 14:23:29
XuhpPK0bZgVenkGBh7KA6w,xb5NsCqvQw2uE5HoQyDr0g,1.0,2016-06-03 13:07:39
XuyvAX_JHmyIKdhi_DgQtQ,oX37HLs9-zhWJKDRWstgNQ,5.0,2014-05-22 21:16:25
Xv3ckcl1D7bcsWJc3ZHdQQ,FhwTEGqdir75uyXZqWqxlw,4.0,2017-03-28 19:43:45
Xv3ckcl1D7bcsWJc3ZHdQQ,qY-BUQY-SFBaSrFHowF3nA,3.0,2017-07-05 19:02:23
Xv3ckcl1D7bcsWJc3ZHdQQ,uP42QDUxC2lxz15BUDbFnA,4.0,2021-12-05 15:02:26
XvdZC7XWSwnqoiMBJPj55Q,cw1Zl4UCDt6gQyMayRLV6Q,1.0,2013-09-03 14:01:06
Xvv0P_0B57LoyGrVHGG_8A,04l8PYcuYQeEkEhJCbhtOA,5.0,2019-03-27 11:31:48
Xvv0P_0B57LoyGrVHGG_8A,8uF-bhJFgT4Tn6DTb27viA,4.0,2020-01-03 22:19:56
Xvv0P_0B57LoyGrVHGG_8A,EagkHaaC-kUozD3MPzbRIw,4.0,2019-03-26 11:23:56
Xvv0P_0B57LoyGrVHGG_8A,HEf0QXnhxrcIWxRfAbQ2iA,5.0,2021-06-01 20:30:20
Xvv0P_0B57LoyGrVHGG_8A,I0I2mkCOPTYVSLpc8A8VVw,5.0,2020-01-12 23:43:11
Xvv0P_0B57LoyGrVHGG_8A,IZ6vx85mSdC2zp0STFzTIw,5.0,2020-01-08 17:29:47
Xvv0P_0B57LoyGrVHGG_8A,VVH6k9-ycttH3TV_lk5WfQ,5.0,2020-01-03 21:37:30
Xvv0P_0B57LoyGrVHGG_8A,VaO-VW3e1kARkU9bP1E7Fw,2.0,2021-05-30 07:06:56
Xvv0P_0B57LoyGrVHGG_8A,ei7oceWOL-u1hXsraus7ng,5.0,2021-01-10 20:00:41
Xvv0P_0B57LoyGrVHGG_8A,gCmyE-atK7PLFsRDWa-iOA,5.0,2021-06-02 01:18:54
Xvv0P_0B57LoyGrVHGG_8A,oBNrLz4EDhiscSlbOl8uAw,4.0,2021-06-01 23:09:38
Xw7ZjaGfr0WNVt6s_5KZfA,26jYcdFR5oLqKDKpTH0JIQ,5.0,2017-01-19 19:47:04
Xw7ZjaGfr0WNVt6s_5KZfA,3n2FIVhxAjG6fjju4wdzXw,4.0,2016-12-21 18:55:39
Xw7ZjaGfr0WNVt6s_5KZfA,5CbJgHWgvjyDRw9Sl4BXhg,4.0,2011-10-23 20:39:50
Xw7ZjaGfr0WNVt6s_5KZfA,6xA3Zg26SbaftWvzf6Rn4Q,5.0,2016-11-02 17:31:55
Xw7ZjaGfr0WNVt6s_5KZfA,7D5-a53BLau19RpMu-L3zg,5.0,2015-03-31 18:58:07
Xw7ZjaGfr0WNVt6s_5KZfA,8uF-bhJFgT4Tn6DTb27viA,4.0,2013-11-04 19:40:49
Xw7ZjaGfr0WNVt6s_5KZfA,9xdXS7jtWjCVzL4_oPGv9A,5.0,2015-12-05 20:54:00
Xw7ZjaGfr0WNVt6s_5KZfA,AubKobiTtnvsjM7NEMmMdQ,4.0,2011-01-22 00:02:48
Xw7ZjaGfr0WNVt6s_5KZfA,C26xmwM2_OgJJi2BbL3KkQ,5.0,2016-07-26 18:05:15
Xw7ZjaGfr0WNVt6s_5KZfA,EME5hqQLjBD7e2cLryupbA,4.0,2017-09-27 18:13:06
Xw7ZjaGfr0WNVt6s_5KZfA,Eg9InViFO0EYOP40Im8Hpw,5.0,2018-12-21 19:21:50
Xw7ZjaGfr0WNVt6s_5KZfA,EmJF-xSIOaEEOWcK8UOBqg,5.0,2016-08-24 18:31:14
Xw7ZjaGfr0WNVt6s_5KZfA,HEf0QXnhxrcIWxRfAbQ2iA,5.0,2018-05-04 19:12:41
Xw7ZjaGfr0WNVt6s_5KZfA,HV7AHORTkLqIfhR-tpRmzg,5.0,2013-11-18 22:07:39
Xw7ZjaGfr0WNVt6s_5KZfA,I0I2mkCOPTYVSLpc8A8VVw,4.0,2016-12-12 19:43:59
Xw7ZjaGfr0WNVt6s_5KZfA,IiJ744MOUKmRYAgNFkcs0g,4.0,2016-05-04 17:18:29
Xw7ZjaGfr0WNVt6s_5KZfA,Meww6RIE4cFL_kG0aRlbAA,5.0,2016-06-11 21:57:26
Xw7ZjaGfr0WNVt6s_5KZfA,Nhci37qY0HPCNWc5UQul9w,4.0,2012-01-27 21:00:52
Xw7ZjaGfr0WNVt6s_5KZfA,Nu-DLt0yxVO89R0FsSJm2g,5.0,2014-11-09 01:34:00
Xw7ZjaGfr0WNVt6s_5KZfA,ORVWMFwF5qTWy9Cbahf0Pg,4.0,2016-08-31 18:07:30
Xw7ZjaGfr0WNVt6s_5KZfA,PKZwdGTapRvFsBYh0zQXpw,5.0,2016-04-04 18:11:45
Xw7ZjaGfr0WNVt6s_5KZfA,RCvzFRJoc4RZPwUSey1MeA,5.0,2016-12-15 21:18:29
Xw7ZjaGfr0WNVt6s_5KZfA,SBtjW_pKw3XaOKtKAavWZg,5.0,2013-06-13 21:39:39
Xw7ZjaGfr0WNVt6s_5KZfA,SkjUwG0FerzrxnIV8N56CA,4.0,2016-04-19 18:06:35
Xw7ZjaGfr0WNVt6s_5KZfA,TvbJq1a1Xto5w6t4zMUYHQ,5.0,2016-08-22 19:10:43
Xw7ZjaGfr0WNVt6s_5KZfA,W3vh-SwbjqvTWczrDOsKgA,3.0,2012-04-21 17:32:43
Xw7ZjaGfr0WNVt6s_5KZfA,WO_5ViN3KaeYZaAxTSRjdg,4.0,2017-11-10 16:45:35
Xw7ZjaGfr0WNVt6s_5KZfA,XCDXN4xJh3-DauaO88CZHQ,5.0,2014-10-23 23:07:26
Xw7ZjaGfr0WNVt6s_5KZfA,XzXKyR0r7zXF6a0JkhLD5Q,5.0,2017-01-15 17:29:33
Xw7ZjaGfr0WNVt6s_5KZfA,Ye5nmTmZ7cL7BQshqZeIWQ,3.0,2016-02-08 23:39:43
Xw7ZjaGfr0WNVt6s_5KZfA,Zi-F-YvyVOK0k5QD7lrLOg,5.0,2014-04-21 19:44:23
Xw7ZjaGfr0WNVt6s_5KZfA,aIVk0IEUj7rPaAMeAmBSGg,4.0,2017-01-11 17:16:19
Xw7ZjaGfr0WNVt6s_5KZfA,b8a3qRSdA_QMtLIICWoctw,4.0,2017-07-03 23:39:22
Xw7ZjaGfr0WNVt6s_5KZfA,c-iKAO2GBzSKjm7y1Oljcw,4.0,2017-05-05 20:33:06
Xw7ZjaGfr0WNVt6s_5KZfA,cfFdnSlMmqQoAb0KDk9IPw,4.0,2017-05-24 20:06:55
Xw7ZjaGfr0WNVt6s_5KZfA,drepaTu9BS0qCof5mMpfqA,4.0,2014-03-10 23:23:24
Xw7ZjaGfr0WNVt6s_5KZfA,eT1nr9nFklcUg8hefYcQJA,4.0,2016-12-24 20:43:24
Xw7ZjaGfr0WNVt6s_5KZfA,ej2kU6KU2TEL7uY_EB_zVQ,5.0,2016-08-05 17:14:01
Xw7ZjaGfr0WNVt6s_5KZfA,gjbmwlYUImb2lQBp5LV3KA,5.0,2017-11-13 18:13:03
Xw7ZjaGfr0WNVt6s_5KZfA,h8h1QvEQruTkBI50NlWsyA,5.0,2011-08-09 23:32:39
Xw7ZjaGfr0WNVt6s_5KZfA,hfbZ97Te3T4jeWN6GgsGrQ,5.0,2016-03-14 17:24:57
Xw7ZjaGfr0WNVt6s_5KZfA,iwmW2mgcn2YdirXUHCsgXQ,3.0,2016-06-13 17:30:19
Xw7ZjaGfr0WNVt6s_5KZfA,j4kYliTkKf7k-oDqVgyXYA,4.0,2012-04-09 21:24:16
Xw7ZjaGfr0WNVt6s_5KZfA,j8JOZvfeHEfUWq3gEz6ABQ,3.0,2011-07-06 23:13:37
Xw7ZjaGfr0WNVt6s_5KZfA,jMZ56S8Y1t7cA1Ob-d-qeA,5.0,2015-01-20 19:44:18
Xw7ZjaGfr0WNVt6s_5KZfA,jqizXUuIQmSZ2gloidWUMw,3.0,2015-04-28 19:27:21
Xw7ZjaGfr0WNVt6s_5KZfA,jrGaVL6KIwYpwivse_eKXw,5.0,2011-09-30 20:08:17
Xw7ZjaGfr0WNVt6s_5KZfA,p2J__JQ_mN5lVd7iGXYgGA,4.0,2017-09-19 18:20:32
Xw7ZjaGfr0WNVt6s_5KZfA,pSgZ6x48zgkbWucfzswkzg,4.0,2017-09-22 15:05:24
Xw7ZjaGfr0WNVt6s_5KZfA,rQgvzje411OZY2p9fLdycQ,4.0,2016-11-01 17:33:50
Xw7ZjaGfr0WNVt6s_5KZfA,sMhdwnrxQd8NWPCxLKqG2A,5.0,2012-12-18 03:01:44
Xw7ZjaGfr0WNVt6s_5KZfA,u40qery_d1rwMwOprqCfKw,5.0,2016-01-14 18:31:37
Xw7ZjaGfr0WNVt6s_5KZfA,wHnk0H_5RGBSYCC32SmkIQ,4.0,2016-03-08 22:45:19
Xw7ZjaGfr0WNVt6s_5KZfA,wjZwXKDiFBQXlO8-TjQTXA,3.0,2016-12-28 20:10:31
Xw7ZjaGfr0WNVt6s_5KZfA,wqGkMLZVXc0pYVjr3zDrpA,5.0,2016-09-02 19:11:20
Xw7ZjaGfr0WNVt6s_5KZfA,xZileQFJ7h-0QKjtGc9xgg,4.0,2012-12-05 01:11:18
XwaM3J0igbwbFy8zpGB15w,EUkh0Qyf_Y4-B69w_z8n6Q,5.0,2015-03-24 13:54:31
XwbnUSJeDscLDGfe4A1x3Q,Df60BZXw3Kj9Xt1UlAidqA,1.0,2007-10-07 01:22:48
XwtnXeJjMv64Ei9QvZ2lMw,TUTQeLjq1UbkR5r8mOvMqw,4.0,2017-09-07 01:21:10
XxejtWDAMesAtfRb8gr0Ow,ObkVEcYUuf3efg-0V_WYfQ,5.0,2014-07-17 04:45:21
XyD_NQoeZWFIjZ7F1Cvqlw,wj8XtPyuREj8_0GQz3LZ6w,5.0,2020-06-02 20:24:28
XzYyKC84ccqgw0DccAgEsQ,2r8K64zBf81zBanmxniMkQ,5.0,2017-10-16 00:20:48
XzmOmJftOYvhPifB_4uyCA,wMyHVb54Ne9SNasa4kjOCg,5.0,2018-08-29 00:03:40
Y-01WCH_xFZaLKA5CHpuwA,qYREpGOZQ_Xio8Vo-a0TmQ,1.0,2019-01-23 04:21:49
Y-4RCXXrQ8hS5bR5uTp48Q,9AxWt9VSp1yg7dv5D62W5Q,4.0,2010-04-08 17:40:19
Y-4RCXXrQ8hS5bR5uTp48Q,lJ-H-RFwuA55X0cE_1nkZA,4.0,2011-04-19 16:08:59
Y-HpR79F_ZqRtGMjZnhwVg,v17tgCRjuPQiFOq4uvEI-w,5.0,2018-01-14 05:56:32
Y-HpR79F_ZqRtGMjZnhwVg,yu1jfaztXmvnIAuU-_ccxQ,5.0,2016-02-11 03:25:48
Y-fPeP9dmciMYg83esNSWw,OqysWiDpJJbeZpmk5QOdgA,5.0,2019-06-25 23:42:50
Y-fPeP9dmciMYg83esNSWw,UQ9zn4jcjkTDOw0OwIOaxQ,5.0,2017-12-17 03:10:59
Y168y3YkSgY_ptXwp0E2Eg,59yqaPOV-q__EqBQ_fDw1g,5.0,2019-12-06 03:12:51
Y168y3YkSgY_ptXwp0E2Eg,Sc6V7hXU7Ar2_mmRoRYsKw,5.0,2020-10-22 04:42:03
Y22BW098M-wXAKe45paJgA,_357-ycTGX1t0Pla4ShVAA,1.0,2015-12-01 01:21:18
Y25mIDhLGejPhesctfEg1Q,KHe6HAqmyioITwTvg9Bbcg,5.0,2016-08-02 17:09:33
Y25mIDhLGejPhesctfEg1Q,gK9CdFaCXmHoW8aLfXiSqg,2.0,2016-11-22 20:49:35
Y3bVP7Vrl43H2MJojVXVFA,Eqfks4GEn5dsI4ZGiPrCVQ,2.0,2016-06-29 18:40:23
Y3bVP7Vrl43H2MJojVXVFA,NQ6v9hMwtfS5mn2a0vQr1Q,1.0,2016-07-29 22:20:15
Y4EjztIbIWmzHoYJdr4L6A,8FE4V7Y5HliQ2bP-szn_sA,1.0,2013-02-11 18:30:27
Y4Ofs-uvMBZseDFxs3PwAw,0QYWhij_YZ7Lyk9F6213Sg,5.0,2013-11-10 14:59:14
Y57v2xdkOzcfApWHN4qXfA,ZUPnWlLgqnU1PVtF6Q9-HQ,5.0,2010-10-03 01:10:52
Y61y11_nYsbc2UWjDh8ZEA,zTIOa5RufkL3NNKXwrBKLQ,4.0,2014-02-03 16:41:09
Y7E4Q4xHfuW4w1o5KUNWuw,ZQ1xusCuRoHneUw_PfZM3w,4.0,2017-09-22 02:21:23
Y8I9X-VwHKb6ZjzJAiUTEg,tFpstYqxugKHzeyNUsuD_A,5.0,2015-08-08 16:39:47
Y8S5Od6GxOr0tZtLVWHpew,OuaqRGlscxMIqUoN4Vw41A,4.0,2013-08-17 17:49:58
Y8S5Od6GxOr0tZtLVWHpew,Z56KCCG4wRBy0zAafFaltA,5.0,2013-08-10 06:05:48
Y8S5Od6GxOr0tZtLVWHpew,sGy67CpJctjeCWClWqonjA,2.0,2016-04-13 05:35:39
Y8TBzS9sZ1Fi4FqmqvSvSA,-Y0d5ckFTrjvzxZCQoxhhQ,5.0,2020-02-12 17:37:47
Y9CCrqhYue2Eh2eBiH7KiQ,znx1v_c2IPKOXlYAbqFYvg,3.0,2010-02-21 14:25:59
YDYfSX1tDs3pz8sYzcCd_Q,cGX-1IUwXOjkUqZbkKYcjw,4.0,2017-11-19 15:18:53
YEfXH2GLYzcfT-znxnSGyA,ckF4SrqKfSm8ndr88on1dA,1.0,2018-06-26 13:52:57
YG-eYLLjy4hdblS2kzN74w,fgTOJRkc703E4XRdcr5zRA,2.0,2014-09-19 23:50:05
YHr-ijGyWQg3hsP-sEEl4A,ga7jZd-JccpMqdSTgY2lUA,5.0,2017-03-29 03:47:25
YHx6XZEQYpL1EBazyAw6og,pWuoHHu0LuVrD0HjadDygg,1.0,2012-12-06 21:13:25
YJLMa0DDZbRIGaoqWoXUcQ,ZwCvURKz4l5OBp5trIR02A,5.0,2015-08-30 04:30:10
YLRpMbcQ-YvTYl7pEVcrwQ,1fGaY2WlGv2l4as6UkMFrg,5.0,2012-09-12 20:46:59
YNBqhYEnJDe2W4c_oAScTg,9VjTlbKOI8Tlo2gwkMpdgw,1.0,2015-01-20 15:22:32
YNh4pFBa88NA2zUiHqBLqw,iDrmpQwGAAmftLzWqxEomg,4.0,2017-07-04 12:10:43
YO65xxpdlEhNlKDNYvviig,Fj16uG6BNZOq5K8mS2HHiQ,1.0,2018-06-25 15:53:29
YRVViSU_owudV3stN4Sh0Q,ZwCvURKz4l5OBp5trIR02A,5.0,2017-01-11 14:06:44
YSb8JRyI75M8FkbYWLH4UA,I_3LMZ_1m2mzR0oLIOePIg,4.0,2014-01-23 04:06:06
YSfAlm6XNaym-JOrRjv3Tg,gYeqbVXu13UcMZcp6cS-Bw,1.0,2011-03-14 01:50:57
YSo9QxFInRH_jvHllLXkbA,Gekeq1c-fuezmx0PSGQvzw,2.0,2016-01-24 23:44:40
YTNlahhi4OiqVqP_5U1LCg,Gekeq1c-fuezmx0PSGQvzw,2.0,2017-06-11 18:30:41
YTu0c-1I9ECeksIgoHXFPA,05GLPgaqx5y4H9dBU6CP2w,5.0,2017-09-30 17:09:39
YTu0c-1I9ECeksIgoHXFPA,0ZsqqzHu1HHkDdIKoivi5g,4.0,2020-01-22 03:16:35
YTu0c-1I9ECeksIgoHXFPA,5rSg5FARufPsy_ACLLhy-g,4.0,2018-10-09 16:54:38
YTu0c-1I9ECeksIgoHXFPA,9xCprW96TZFLajnnN-w8Pg,5.0,2018-12-19 02:44:27
YTu0c-1I9ECeksIgoHXFPA,Bk6uzC83wbmCHm2i5Uz8OA,5.0,2020-09-21 21:50:31
YTu0c-1I9ECeksIgoHXFPA,EME5hqQLjBD7e2cLryupbA,4.0,2018-07-30 13:30:51
YTu0c-1I9ECeksIgoHXFPA,Gi4ex2Tq7ggRlpN0S7k5Xg,5.0,2020-09-12 11:38:01
YTu0c-1I9ECeksIgoHXFPA,VaO-VW3e1kARkU9bP1E7Fw,4.0,2018-07-30 12:35:03
YTu0c-1I9ECeksIgoHXFPA,Vn6fOha6UZ2HGyZoAcxPkw,5.0,2020-09-12 19:11:42
YTu0c-1I9ECeksIgoHXFPA,XEuryfYZwcivUtijaZ5laQ,3.0,2018-07-27 19:08:47
YTu0c-1I9ECeksIgoHXFPA,XkQadWW9bUR855KvPZBNUw,3.0,2018-07-29 12:01:14
YTu0c-1I9ECeksIgoHXFPA,_A2YtPqLxss0uLhRey5yCw,4.0,2021-04-05 21:54:08
YTu0c-1I9ECeksIgoHXFPA,bsUZVF1WNrrwXvkAhoKRaQ,4.0,2020-09-16 13:06:35
YTu0c-1I9ECeksIgoHXFPA,g5ogvPhw3PSobtaZFkdEXg,4.0,2018-07-26 00:05:03
YTu0c-1I9ECeksIgoHXFPA,jSYu2apG1uYq3eNzSA-OHw,5.0,2020-09-18 20:04:07
YTu0c-1I9ECeksIgoHXFPA,sitve7-2mPUQQ2bV8jLCRg,3.0,2018-07-29 14:39:14
YTu0c-1I9ECeksIgoHXFPA,tkY5BJVXxUmP4jsKavkf2g,4.0,2017-09-26 12:01:11
YTu0c-1I9ECeksIgoHXFPA,ww3YJXu5c18aGZXWmm00qg,4.0,2018-07-27 00:15:40
YTvT_E_GL2cO5OLL6_AIWg,DN-_YyjHroilqRMrMLwewA,1.0,2015-07-04 03:09:07
YUFqbfAePA8tgT2zE2y4xQ,XVBhNSpKCMz1yJcFtgL2ng,5.0,2008-08-31 06:52:16
YUFqbfAePA8tgT2zE2y4xQ,bdteJqgoj0OaALhj9RFtmw,4.0,2009-05-29 01:48:45
YUFqbfAePA8tgT2zE2y4xQ,lFs4LIQn_kbsLozQzk-4Qg,5.0,2008-11-19 20:06:24
YUNvoadebRrbyq06T4Hcbg,YSL06t6e2iKo4ZHZnCZIxw,1.0,2017-06-06 19:41:32
YV5mvL6YQ3oX0fa3CwAiCA,IkY2ticzHEn4QFn8hQLSWg,1.0,2014-08-01 14:42:52
YWB5HV5VFWXz4TOYBMmiEg,6dDC5PSmPEoJYuM8r8dN_A,5.0,2020-12-26 01:14:17
YWFbTcVnun8i03XnEU7kVg,mPKqBWLSD8wxJLJ_4juY2w,4.0,2012-06-29 03:00:10
YWqgaqWNWLQXPzGR5c5j1w,ebuycCvuqc3kn4wSBBOxVQ,3.0,2010-10-04 07:13:11
YWs053gCitKsj2986a13CA,dGUyXgFW1WSYMgRypKaYew,4.0,2014-07-05 17:30:27
YX32uIyzBZYSIKXQFkD2vQ,0QYWhij_YZ7Lyk9F6213Sg,3.0,2016-02-08 20:05:27
YX32uIyzBZYSIKXQFkD2vQ,9qXZSFq9vPdX4F6kGjXC-g,4.0,2016-05-23 21:54:50
YX32uIyzBZYSIKXQFkD2vQ,CVqpTp3Cmud3rwAuKj15gw,3.0,2016-05-25 20:52:57
YX32uIyzBZYSIKXQFkD2vQ,DT_ZjeS2ZvBuzZvt9h48fg,3.0,2015-04-03 17:16:21
YX32uIyzBZYSIKXQFkD2vQ,HKS-63JzfR0DMNVLBuokYw,4.0,2016-01-14 19:42:04
YX32uIyzBZYSIKXQFkD2vQ,I_3LMZ_1m2mzR0oLIOePIg,5.0,2016-01-05 20:20:11
YX32uIyzBZYSIKXQFkD2vQ,IrUhsjQZtSB-TjxqtXaKkg,5.0,2016-01-24 05:02:48
YX32uIyzBZYSIKXQFkD2vQ,KdAWjL9MKjpJzEeI902qBA,4.0,2016-03-25 16:12:23
YX32uIyzBZYSIKXQFkD2vQ,Mr7Aov2n7wPCpwaUxk8lCw,5.0,2016-01-14 22:34:12
YX32uIyzBZYSIKXQFkD2vQ,NYcXibc_RzSI7wgGbidi8w,4.0,2015-07-21 20:20:29
YX32uIyzBZYSIKXQFkD2vQ,UU503tMXdZR4oDZXuoKuGA,2.0,2015-04-27 19:09:52
YX32uIyzBZYSIKXQFkD2vQ,aDm4JESclYP_L2tY_sqaDA,5.0,2014-09-06 21:53:23
YX32uIyzBZYSIKXQFkD2vQ,bIO97JjDA9FgS4IPlKC2jA,3.0,2016-01-10 01:45:11
YX32uIyzBZYSIKXQFkD2vQ,iay91CweEOzRIW6wjcOjuA,5.0,2016-01-31 03:20:12
YX32uIyzBZYSIKXQFkD2vQ,oeGv2lfbSMfwZ0x7jvOQdQ,5.0,2014-09-09 20:38:45
YX32uIyzBZYSIKXQFkD2vQ,xmO9u_t1LspxV5iuF594Tg,4.0,2016-11-10 21:20:53
YX32uIyzBZYSIKXQFkD2vQ,xxvgV_6FrRzXPhpT8EWXUg,3.0,2015-06-17 17:40:16
YX32uIyzBZYSIKXQFkD2vQ,zi0gBCtnESAbVKRNYHrKog,2.0,2015-10-24 22:48:01
YXBOQ-jNyPLHzuVYWX0_nQ,ZCZkxo29UKOkKYcxgmwLSA,5.0,2018-02-22 03:04:23
YXKgoeQCtA_a9M9F_XxWKw,Fok0BLJP0OMxbbl3l6QmZA,5.0,2017-06-22 19:11:53
YZ7WPYfqGLq_og5jMV2XUQ,lDWmc7FpLjYoSFxrtbnMbg,1.0,2017-12-17 16:48:40
Y_2jMUKz6pvJ0JSWG3u10A,-2-ih3mE8KPyeKVIzpBfPQ,4.0,2016-12-09 16:29:51
Y_2jMUKz6pvJ0JSWG3u10A,tUkv0ZxUAdpyv8qhgRU5TA,4.0,2013-03-09 18:31:18
Y_Aj3fX2JlJh9glH5LX6VA,l6ilG-3jakpirpfCS_LciQ,4.0,2013-05-13 18:37:35
Y_Aj3fX2JlJh9glH5LX6VA,nEaTbGFlU7d9eLU2kl6KBw,5.0,2014-08-17 16:01:17
Y_Aj3fX2JlJh9glH5LX6VA,xuYPogbBSHAtOebONVhprA,5.0,2009-09-30 19:04:04
Y_iTTjKvV5hLy-880SZzlA,RQAF6a0akMiot5lZZnMNNw,4.0,2016-04-09 07:13:48
Y_iTTjKvV5hLy-880SZzlA,VVH6k9-ycttH3TV_lk5WfQ,3.0,2020-04-02 04:03:15
Y_iTTjKvV5hLy-880SZzlA,Zqd_DHAtrdzRJ8u3zwrvEA,3.0,2016-04-12 01:16:49
Y_iTTjKvV5hLy-880SZzlA,mcr1lAEdvGLMJhuPwI3I2A,4.0,2016-09-07 03:13:23
Y_iTTjKvV5hLy-880SZzlA,vVfy055EfLMdd0yJYHxiMQ,4.0,2016-04-14 03:17:52
Y_t5q-UsgTwUEnzAQ73u1g,Fok0BLJP0OMxbbl3l6QmZA,5.0,2015-01-19 22:10:40
Y_xMGVNGeuftiTj2_IDZ4g,NHdE_ObFj7OjQBB3jjqBNQ,4.0,2017-08-09 01:04:10
Ya4iCiP7gXpZHIQbqr8_Lw,X4kLBCoQeS-x6zVH7fnOvw,5.0,2015-05-30 19:02:11
YbCkQ5z_hD2OdsIPllaJTA,znx1v_c2IPKOXlYAbqFYvg,4.0,2010-01-09 19:24:32
Yc32gzn-Phho2afitymtXA,J8S7cPPlTgsQnXKVfTyN8g,1.0,2011-05-31 19:07:20
YcmtCs2XKvWU0dv1L4tenw,BpIwDr5mG6wG5-Pxu3yxSg,5.0,2019-05-15 04:23:18
YcmtCs2XKvWU0dv1L4tenw,dRTzm4V5hcbkYgLIV6kC4w,4.0,2020-01-30 15:46:28
YcmtCs2XKvWU0dv1L4tenw,n5Fdf9RzooS7obq0NecOWw,5.0,2021-11-23 02:09:47
YdpOweVqYzeSgG54EkcJXA,kf8HXRAZxtC7xVR0Tg-rhA,5.0,2020-06-10 02:09:58
Ye-9S8f2dt41UBfy4lXffA,SkjUwG0FerzrxnIV8N56CA,4.0,2011-05-13 13:49:27
YeIZJEOpxseTskT20ihQnw,cx2fwY66_xTNFo0p2EEC4g,4.0,2015-09-11 17:03:19
YeiMabWJfsJnsq2RktGfmw,Mwc3n5Psw9wRaQ22vZWDYQ,5.0,2021-05-31 06:39:23
YgF4zJnHiG9vXnGQi4JxFQ,4rG4tJF2EC2CfYvBu_uqpQ,2.0,2019-01-28 06:12:49
Ygi1otJvXe_RLyIAVulsEQ,TUtOrI_GnVwSuHHTTEN8MA,4.0,2018-05-28 02:22:27
Yii1ZCDZjJbmGi7KytfgHw,VBGfYfuHi3hY6phK_G3plA,3.0,2016-08-22 23:42:44
Yit0pmHaEtaR_gkclOUUzw,Z4PF4EtM12L7nwOHZHFJNA,5.0,2017-11-12 03:13:54
Yj4SpqG0OJxbg8L1Qsrlsw,CW-wbGD-RNoxYTRqSIXojg,1.0,2016-01-25 19:45:46
Yj4SpqG0OJxbg8L1Qsrlsw,dtU_DsHVOCi-2-mWe7gabw,5.0,2017-03-21 13:47:42
Yj4SpqG0OJxbg8L1Qsrlsw,gBGD0dNvfLlQOAaZzCU1NQ,5.0,2018-10-17 13:31:37
Yj4SpqG0OJxbg8L1Qsrlsw,kpK6SmxIiNoGPNhlEGiL4w,4.0,2016-11-13 16:25:53
Yj4SpqG0OJxbg8L1Qsrlsw,v2Z_d9d2GWCVUTtPg5ucRw,5.0,2018-11-11 15:51:22
Yj9TXFf1qNuIyVFT3EHzDA,u-wkhjV7CfvGJVY7hGULjw,5.0,2018-09-24 02:20:56
Yj9TXFf1qNuIyVFT3EHzDA,uLp_wwemUq6cAuxPwaZF3Q,2.0,2018-09-23 05:34:26
YjNGT6WbkQ-3tgDR0qgYRQ,vWyg7n0gGVinsrSj68GDeQ,3.0,2012-01-12 21:28:40
YjQAF3_GvXKFCYxLNCPUbw,znx1v_c2IPKOXlYAbqFYvg,4.0,2010-06-08 18:27:49
YjZXcCaNFB0EY1inI65eHw,KHe6HAqmyioITwTvg9Bbcg,5.0,2017-07-03 01:29:33
YlW-iaOSoWW2CINjCSk8hg,0ZsqqzHu1HHkDdIKoivi5g,3.0,2017-04-28 14:06:57
YlW-iaOSoWW2CINjCSk8hg,K0oRQuRcTkrS-sQlfH5JMA,5.0,2017-04-21 16:26:16
YlW-iaOSoWW2CINjCSk8hg,f4PA-f1tcN1bIpZJLdFsQQ,4.0,2020-01-05 17:59:00
YlW-iaOSoWW2CINjCSk8hg,hp9h_Cq-W0ki7JMArSvYSQ,4.0,2020-02-23 22:02:22
YlW-iaOSoWW2CINjCSk8hg,zIAYfpeYbnADNwJzVcGE8A,4.0,2017-03-27 16:58:40
YmVAysf6VHMthExyKwDQXA,6RDGvdukSq3YHPYvG8sIEQ,4.0,2015-01-14 22:10:36
YmVAysf6VHMthExyKwDQXA,HDnaNdHEZpQMYXo-ZHHG9g,1.0,2016-02-09 21:04:24
YmVAysf6VHMthExyKwDQXA,QUEWdnmVCv2Ri8xJATTrIQ,3.0,2016-03-14 13:54:32
YmVAysf6VHMthExyKwDQXA,XDMno4l95AXgYOd0yDtHZA,4.0,2015-05-15 20:46:30
YmVAysf6VHMthExyKwDQXA,dGeXdSMah56gEHwZNaRQKA,4.0,2014-06-04 11:42:32
YmVAysf6VHMthExyKwDQXA,eLjXnfYwkr8zz0VhwMhOGw,4.0,2016-01-21 00:09:32
YmdO0B0RkWYjIiA6CztxLA,v17tgCRjuPQiFOq4uvEI-w,5.0,2016-06-15 17:37:23
Ymi6SLVPnCkSxUh6dcOq9Q,Qo14LZITJ4fIhSdqOVsm6w,2.0,2018-01-16 21:08:24
Ymi6SLVPnCkSxUh6dcOq9Q,kKPJLiHIr9Gd9sYs3GhxDQ,5.0,2017-03-03 17:02:00
Ymi6SLVPnCkSxUh6dcOq9Q,lRPOodYgeRScvDDDO8_Qjg,5.0,2018-05-03 19:35:14
Yn7sRi3WKHQNHfmRyoixzw,ekYEnQ5xKIGjdWIXwE98zg,1.0,2015-03-12 00:20:50
YnAk0xF2CU2L_h3dHbOLmw,1UNJeHTsS7WS9RxRzHw06g,4.0,2017-02-13 01:19:12
YnAk0xF2CU2L_h3dHbOLmw,2HxkdqHmbYGj_BH1bLaiSw,5.0,2017-10-02 00:55:19
YnAk0xF2CU2L_h3dHbOLmw,6DTwmhrbm9x-WO-A8Db9rQ,4.0,2018-10-06 13:24:34
YnAk0xF2CU2L_h3dHbOLmw,qYREpGOZQ_Xio8Vo-a0TmQ,4.0,2017-10-01 14:06:41
YpPdAIm10nrxrvb8WPCRwA,SdU54YlTaCCFvtcfouoBpQ,5.0,2021-06-19 17:39:20
YqyMDNf5svD7wOy8lk1rDg,BHx1SM6rfcowh0DwY-rwfQ,4.0,2021-01-24 04:35:47
YqyMDNf5svD7wOy8lk1rDg,L5LLN0RafiV1Z9cddzvuCw,5.0,2021-01-24 16:12:26
YqyMDNf5svD7wOy8lk1rDg,_P0-D02F_0SgFUuJLtHK1A,4.0,2021-01-07 19:48:16
YqyMDNf5svD7wOy8lk1rDg,llYsxQ0IuKh0HXULlqu6fw,2.0,2021-01-16 15:35:43
YqyMDNf5svD7wOy8lk1rDg,zjqh_qoBS1BWVSbC51BNjw,4.0,2021-01-25 20:45:06
YrlNGnrofZHseVYxrLrvJA,WO-ofNAvSuJpdRt9Auon6w,4.0,2018-11-12 13:31:57
YrlNGnrofZHseVYxrLrvJA,dju1isgEvDd74tLTDkk5DA,2.0,2014-03-18 02:42:18
YrlNGnrofZHseVYxrLrvJA,iYUwyARgC_RNPA1rTlL3-Q,5.0,2017-08-21 13:14:10
YsDbMDO7GAfcqZOwicRzdQ,-81BXpO5Fuk-RqCabS7LMw,5.0,2016-02-22 01:57:51
YsDbMDO7GAfcqZOwicRzdQ,07i5EdI8v2FBhVV-rya8Wg,3.0,2015-03-21 23:44:34
YsDbMDO7GAfcqZOwicRzdQ,2KIDQyTh-HzLxOUEDqtDBg,4.0,2014-08-15 18:40:14
YsDbMDO7GAfcqZOwicRzdQ,5IBuPtV3XRE4jVxQgfMn0w,5.0,2016-03-08 23:41:09
YsDbMDO7GAfcqZOwicRzdQ,6K3i3-hBaRgNAJi03mt1fA,4.0,2014-08-11 18:57:24
YsDbMDO7GAfcqZOwicRzdQ,7EhTT4iEuA7JaaWA-eI3Qw,5.0,2015-10-26 21:09:51
YsDbMDO7GAfcqZOwicRzdQ,BEMSDLPP630Fpdw_QpqLVA,5.0,2014-06-10 23:59:30
YsDbMDO7GAfcqZOwicRzdQ,BZk7GCi2OmKTuvdQk-Wmbg,3.0,2015-03-31 21:19:11
YsDbMDO7GAfcqZOwicRzdQ,DMERsCH4JKV-F7jtuBMrqg,4.0,2016-05-07 21:32:23
YsDbMDO7GAfcqZOwicRzdQ,FSTLTRc_7BTgv99kWSnhIw,4.0,2020-04-17 14:43:55
YsDbMDO7GAfcqZOwicRzdQ,JQz0_R70G3bjQ5dRqrhxKQ,5.0,2014-08-21 21:33:59
YsDbMDO7GAfcqZOwicRzdQ,K74RHoIbJG_kIi9RsxQQcw,5.0,2015-11-14 22:46:29
YsDbMDO7GAfcqZOwicRzdQ,K7vvEwRd6Y8gRftjeuASuQ,4.0,2014-05-21 16:31:06
YsDbMDO7GAfcqZOwicRzdQ,Mha77MN_BYGB-w7DONZ5YA,3.0,2015-12-01 01:01:12
YsDbMDO7GAfcqZOwicRzdQ,NBVR352MT2JkObaT1MfIDQ,3.0,2015-05-08 17:24:30
YsDbMDO7GAfcqZOwicRzdQ,Oo2QSeBVkx8HJQm8SIL1Fg,3.0,2017-08-27 17:12:20
YsDbMDO7GAfcqZOwicRzdQ,QHUj7c1MkC3jnkku5S1Pcw,5.0,2014-11-12 04:12:08
YsDbMDO7GAfcqZOwicRzdQ,QN38TkkGzF5vB1urbvi5nQ,5.0,2016-02-10 01:03:23
YsDbMDO7GAfcqZOwicRzdQ,RhBsbZ8N_bSH-jD9X9FFZg,2.0,2015-12-05 16:19:06
YsDbMDO7GAfcqZOwicRzdQ,SKKiHIOPKD3wdf0heTBfZw,5.0,2016-01-08 03:46:24
YsDbMDO7GAfcqZOwicRzdQ,TopanQyFir2nX2h3e55OnA,5.0,2016-02-01 20:58:58
YsDbMDO7GAfcqZOwicRzdQ,V5_GSFYasyVDDoRFEmvP2g,4.0,2015-02-14 03:22:48
YsDbMDO7GAfcqZOwicRzdQ,W-fBHvwfkPuyojEbOQTHOQ,5.0,2015-11-20 20:01:16
YsDbMDO7GAfcqZOwicRzdQ,_ehSDMpnQ67RR0Yy0yv_3A,3.0,2016-01-08 21:54:33
YsDbMDO7GAfcqZOwicRzdQ,fCDMLD21ypv1XZ_EyafCkQ,5.0,2015-05-31 04:23:34
YsDbMDO7GAfcqZOwicRzdQ,g0cUlBQ2pGRxWtL6qwyeIg,3.0,2014-08-11 19:41:31
YsDbMDO7GAfcqZOwicRzdQ,g13stqpyZ9j8-cmdkVmvfQ,2.0,2015-07-03 12:17:02
YsDbMDO7GAfcqZOwicRzdQ,iTUOSsXRZcJxPkNrobrG_Q,5.0,2014-09-08 17:47:10
YsDbMDO7GAfcqZOwicRzdQ,oRZzKWdyMQld6N_y4UWkAg,3.0,2014-07-10 23:53:52
YsDbMDO7GAfcqZOwicRzdQ,qsLVHCPvRkDX2sQdQM-RDQ,3.0,2020-05-04 03:38:13
YsDbMDO7GAfcqZOwicRzdQ,r1Z0jFdYpNUdIuvsIx21jA,5.0,2015-03-09 19:30:50
YsDbMDO7GAfcqZOwicRzdQ,sjosv3U_wxN3Zigr7gIx2g,5.0,2014-09-05 17:02:30
YsDbMDO7GAfcqZOwicRzdQ,t9lFIoKltOdbRWpJLFpCOA,5.0,2016-05-21 03:14:45
YsDbMDO7GAfcqZOwicRzdQ,tRrwvG_26qqzMlNIYyz-TQ,5.0,2014-07-13 23:58:15
YsDbMDO7GAfcqZOwicRzdQ,vEJ9dWt5If-u8BmTHocuEQ,4.0,2018-11-11 21:20:19
YsDbMDO7GAfcqZOwicRzdQ,xLuEfxyJ8BnDtI9pG-mGAw,4.0,2014-08-01 00:58:42
YsRPQPruepkX1vL8mCvoLA,KHe6HAqmyioITwTvg9Bbcg,5.0,2019-09-20 22:30:48
YseAMgPEVsZoi9ew_YIxfA,EaOpoKLdqNwZ2q5owQ6LDA,2.0,2013-06-06 02:53:34
YttDgOC9AlM4HcAlDsbB2A,3wogQmKw729tKKWaVbZvbg,3.0,2019-01-03 15:18:36
YttDgOC9AlM4HcAlDsbB2A,6Ty-KKWq6hLZYW8DWEHYvg,4.0,2018-12-29 00:26:22
YttDgOC9AlM4HcAlDsbB2A,FEXhWNCMkv22qG04E83Qjg,5.0,2021-01-13 03:48:00
YttDgOC9AlM4HcAlDsbB2A,SwBhaxfQPbyhsi0QHUAN0A,4.0,2011-06-21 04:44:59
YttDgOC9AlM4HcAlDsbB2A,aOQxfwzQIHclkeg1jH0NBQ,3.0,2019-02-15 16:09:08
YttDgOC9AlM4HcAlDsbB2A,hkh5iyDeGLNhu-JUQFRE1Q,4.0,2021-02-19 17:49:40
YttDgOC9AlM4HcAlDsbB2A,jXrhIVKcJ-upvglUmfC1pA,4.0,2018-12-21 20:35:48
YttDgOC9AlM4HcAlDsbB2A,joxy9N8aJv3_6h0aaYuTzA,4.0,2018-12-20 17:11:33
YttDgOC9AlM4HcAlDsbB2A,u-wkhjV7CfvGJVY7hGULjw,4.0,2018-12-29 18:36:40
YuX70bdZdGXUdyU1mKaP4g,aNNCjIDnTxn3YXRa4SnzYA,4.0,2017-11-20 14:57:31
YuX70bdZdGXUdyU1mKaP4g,fyxmwXdg9fJ13TpuF-KSbQ,4.0,2017-08-02 15:22:32
YvsClQ9-iK8XYuQj8AG8fQ,J8S7cPPlTgsQnXKVfTyN8g,1.0,2014-09-11 07:21:24
YvzCq_EdYWPndsi11ayAJA,gKPWC7F219oEbu5NXPzH4g,1.0,2009-04-11 23:34:04
YwMD-AVT67fmYRGxnlRSPA,znx1v_c2IPKOXlYAbqFYvg,4.0,2010-03-06 04:11:54
YwNLEnHC43zD6wSY2d-_rg,ZufSfqQ4RfUk4RAQgnlc0Q,4.0,2012-09-14 16:38:55
YwqWLWDj7GlxIKD6wI8CIw,NUe39dKrCF8M6jGmP5manA,4.0,2017-04-12 20:56:13
Yybo1Vqr4F2E5kUuGDoYXA,56pLT7QeoPsnpKRw_dtaXg,2.0,2018-02-11 04:05:58
Yybo1Vqr4F2E5kUuGDoYXA,LdECsE8lJS7v5GTFTcjPSg,4.0,2018-11-19 01:46:18
Yybo1Vqr4F2E5kUuGDoYXA,gSIfAcRzIoI9HR6m-5TWSQ,4.0,2019-12-05 13:44:26
Yybo1Vqr4F2E5kUuGDoYXA,tIvfmgT1qMeAEQf8CI5fPQ,3.0,2019-07-12 01:32:36
Yyzkhs2bcAAFut0jGTcvRg,6f8dXcqMrNPMHm1fXFQQbg,1.0,2020-05-30 17:57:51
YzPFH_qbcqTvTtSrDzJ9Tg,KHe6HAqmyioITwTvg9Bbcg,5.0,2018-06-15 22:52:20
Z-1RtSKYQHmqEGpaphnygg,r926yelr_EJAKQCjdD6AWA,3.0,2016-06-23 16:04:27
Z-ee4V5_ZFsI2ltccSpqyw,2EWsaJdeedx_-my5fYEg9A,5.0,2016-06-05 17:40:02
Z-ee4V5_ZFsI2ltccSpqyw,4ZNCc1GzJZkS7XI1c9rCMA,5.0,2012-04-03 15:23:03
Z-ee4V5_ZFsI2ltccSpqyw,FpwmIq3Gpo6hGIrOOv8lTw,5.0,2014-02-15 21:08:13
Z-ee4V5_ZFsI2ltccSpqyw,VeqkfRUzZAKlQer3npXPdQ,5.0,2013-04-12 00:05:31
Z-ee4V5_ZFsI2ltccSpqyw,_-XYJgVGrNMtn_S6nPm-GQ,5.0,2014-05-16 21:56:00
Z00gV7q8zC0__MwOFPNTFg,poruVZH9V5p3u170Pi3iYg,2.0,2013-08-18 03:30:53
Z0L6s5S_I0lGcZqlng_yxw,KHe6HAqmyioITwTvg9Bbcg,5.0,2018-07-20 23:49:46
Z0yHptbS93271s_h6LJOMw,8A5LSwsKK5vXDH1M3_Tf1w,2.0,2019-10-02 16:33:05
Z16OsDnJl1aOkutLuEm7zQ,XlIuTI1NRLzLlp11x-PTHA,3.0,2018-02-18 07:37:02
Z19QkDdtqhl7w88AR_ENXA,VwDrUaY7PPkvfD6M1dAVBQ,2.0,2014-07-31 19:18:18
Z1wU1Ba29df5lYUJL0j8Rg,bf32KWp9yvN-WT8c-QtbzA,5.0,2019-11-19 06:04:24
Z250xbGXhPUETOwjnOJTpg,xJIeT5--AiPdvPb5BRflyQ,1.0,2019-05-20 01:13:27
Z2_WMFjRVN8inyDvigdegA,P_QAD4_iMgqTaWd5On_n3g,1.0,2015-04-24 18:57:12
Z2pXm4f-2O5ZpMUmXuYK0Q,swcfmflnWlhnbvPOHvPq_A,4.0,2009-09-03 12:20:40
Z40ee7j_6A2xJNTKCq4eQw,EV4f9j7k5P3ItvJAGu5AWA,5.0,2017-08-11 16:35:30
Z4GMiHNUMwtwDg-s5i_DZQ,jtgBkAQuchDYgkdsebzLsQ,2.0,2021-04-30 02:34:25
Z4gOjvXRYzB1svBOnWoG7Q,Bp2AWqJLBJoBjBwh85rDAw,3.0,2015-09-09 20:19:11
Z6zAW5KYUbOqlv1pa63STw,nk2a2nI1jfln9zLpxEvTnw,4.0,2015-07-13 13:43:17
Z6zAW5KYUbOqlv1pa63STw,vq73W-SHrwBgXzQ__0yV2w,5.0,2017-02-18 01:05:08
Z88N6qly3Dp5C06XbZ9IMQ,vj6AetpADpHOYtMRZsXX3g,4.0,2018-03-18 01:08:56
Z8qxKJ-mrd0kG82u_DHKZA,ReX09lhufLTAx19krkltDA,1.0,2016-05-19 04:26:13
ZAML372eRdIFS_XzwH40oQ,6c8eIawbCBu3FLp2kDraBA,2.0,2019-05-30 10:51:02
ZCJ3Hk1tGRUrf4Z1fo9cFg,znx1v_c2IPKOXlYAbqFYvg,5.0,2010-01-10 00:27:50
ZCVEZmTB_StK-UXA3WPVlQ,17MK8qagV374AuUA4sXuIA,1.0,2010-09-24 20:31:38
ZCVEZmTB_StK-UXA3WPVlQ,B4JZy1PBgiO3xp8zKgwUJA,5.0,2011-08-06 22:15:18
ZCVEZmTB_StK-UXA3WPVlQ,HRImZ4HeqDJQ5hxSMMlW6w,4.0,2008-12-20 04:05:59
ZCVEZmTB_StK-UXA3WPVlQ,cGX-1IUwXOjkUqZbkKYcjw,5.0,2008-04-24 12:24:53
ZCVEZmTB_StK-UXA3WPVlQ,f2RHDdXezLHILvM7v1xOVA,1.0,2008-09-08 13:39:54
ZCVEZmTB_StK-UXA3WPVlQ,gK9CdFaCXmHoW8aLfXiSqg,5.0,2017-01-16 13:52:54
ZCVEZmTB_StK-UXA3WPVlQ,kxX2SOes4o-D3ZQBkiMRfA,5.0,2011-08-17 12:39:36
ZCyB_9wHPeoR32IkAyHMpA,u9vhzYtXpfyvAOAMnyy-Cw,5.0,2011-10-28 13:13:52
ZD84600Tw1WqeKpVuNiKzg,qmiz3iYOn4pZylOe27OTUQ,5.0,2018-01-06 04:55:14
ZDJ6EO9kDB1HklRNjamg7w,2KIDQyTh-HzLxOUEDqtDBg,5.0,2019-08-24 20:57:37
ZHSWS2Ozqvt0XKmzg9Zdeg,4wq9bzoCe3Mh0cPbYH1eDg,5.0,2014-07-22 17:36:33
ZHU-mgW3hUvjjctbXyRfQw,WWAMlOhMaD8df2clXWcTPQ,1.0,2018-08-21 19:28:50
ZHU-mgW3hUvjjctbXyRfQw,iSRTaT9WngzB8JJ2YKJUig,4.0,2016-01-11 20:48:00
ZIOCmdFaMIF56FR-nWr_2A,-1XSzguS6XLN-V6MVZMg2A,5.0,2019-04-29 15:22:07
ZIOCmdFaMIF56FR-nWr_2A,0oSSjekU-3GR8gselReWnA,5.0,2019-06-20 23:59:08
ZIOCmdFaMIF56FR-nWr_2A,1FURjeGJi_LBXcJQg8eskw,2.0,2015-08-29 15:21:08
ZIOCmdFaMIF56FR-nWr_2A,Rl42JbSMsmNW3LRjsTMYAg,4.0,2021-12-30 17:38:37
ZIOCmdFaMIF56FR-nWr_2A,oBNrLz4EDhiscSlbOl8uAw,4.0,2019-04-28 16:05:13
ZIOCmdFaMIF56FR-nWr_2A,ol6ATB97MdIuhm6yAGOeMQ,3.0,2015-12-06 15:08:38
ZIOCmdFaMIF56FR-nWr_2A,s-Ff-8M5-AR-5jl59lCj1w,4.0,2018-12-13 17:07:37
ZIOCmdFaMIF56FR-nWr_2A,s4k1P9FHfPUzw3dqXRp7eA,5.0,2021-09-16 15:47:57
ZIOCmdFaMIF56FR-nWr_2A,uEv1I-0r82Krj4eEysjC4A,4.0,2018-04-19 16:41:53
ZIOCmdFaMIF56FR-nWr_2A,vhDWGF-8BfsxvS7Zo5Wv2w,4.0,2019-06-20 00:13:26
ZIXaxKy4SSVisS7Zy252tg,Zx7n8mdt8OzLRXVzolXNhQ,5.0,2019-08-07 23:16:46
ZJ2jcCWEpUiFy86Wg1ulcg,KgDBWabaF6J7R6TH0l4I5Q,5.0,2020-01-15 05:54:38
ZJ2jcCWEpUiFy86Wg1ulcg,djeYYE2MIT36obh5mcZn8A,5.0,2020-04-14 02:13:03
ZLFQ_lWSS3jP831q0WGbjg,6c8eIawbCBu3FLp2kDraBA,1.0,2021-07-23 12:03:40
ZLfXwuOYt7YgfDbIGGGrjA,5eayf0Y0TY1ufCWXAk_a3Q,5.0,2016-02-22 17:56:51
ZMbzmJyqxRmJBQnqyfwuLA,XxUz6nWTdb2Vqite9How9Q,4.0,2021-08-12 23:04:05
ZMbzmJyqxRmJBQnqyfwuLA,elEQxid6rZ3tRZF1Kwkr9A,4.0,2021-08-02 19:12:23
ZMbzmJyqxRmJBQnqyfwuLA,winkCYdiTroKdbPbV0DfRA,3.0,2021-08-05 17:31:52
ZMocFA2lNMJeiKjguUKu7g,9xdXS7jtWjCVzL4_oPGv9A,5.0,2020-04-14 03:11:12
ZMocFA2lNMJeiKjguUKu7g,FEXhWNCMkv22qG04E83Qjg,3.0,2020-09-17 04:59:29
ZMocFA2lNMJeiKjguUKu7g,GoGss2SqsUPwP0xcI9IUuw,3.0,2019-12-19 05:04:55
ZMocFA2lNMJeiKjguUKu7g,RQAF6a0akMiot5lZZnMNNw,5.0,2017-10-11 05:58:27
ZMocFA2lNMJeiKjguUKu7g,SHYPQbYqbfK4CwTDjtBH7Q,3.0,2017-09-12 02:12:47
ZMocFA2lNMJeiKjguUKu7g,Y2Pfil51rNvTd_lFHwzb_g,3.0,2021-08-03 02:07:09
ZMocFA2lNMJeiKjguUKu7g,atZ_olNKXOG4rEr6mccN8g,5.0,2017-07-09 17:41:16
ZMocFA2lNMJeiKjguUKu7g,h_rcMQtglIiAs-Oc5d8Ozw,3.0,2017-07-09 17:39:51
ZMocFA2lNMJeiKjguUKu7g,n8NLEmKuhUr4fplfjJdTjw,2.0,2019-11-18 22:57:51
ZMzaOGUlCXY6kWXEnHZbvQ,bLJP0fVgscuUQy0hE_CRXA,5.0,2019-11-08 13:48:48
ZNPI9K-JufHOs0wXkDv0HQ,VBGfYfuHi3hY6phK_G3plA,3.0,2019-01-22 18:23:33
ZNPI9K-JufHOs0wXkDv0HQ,vWyg7n0gGVinsrSj68GDeQ,3.0,2019-01-16 23:02:59
ZONg3CGFq-PPSuYH5swlkA,GmXC3CBu172Bkb0c6RnO7w,5.0,2012-09-20 20:59:36
ZONg3CGFq-PPSuYH5swlkA,KLCb0nSVjH5er1Ui6bZWdA,5.0,2011-05-12 04:04:17
ZOmHHLEYTXxxs3nWJhKoaA,C6KP0hSutumHzLDCFyjvJQ,5.0,2013-12-03 21:13:13
ZOmHHLEYTXxxs3nWJhKoaA,FpwmIq3Gpo6hGIrOOv8lTw,1.0,2013-11-10 03:52:47
ZOmHHLEYTXxxs3nWJhKoaA,RKVZbcCKNcAM5Jk_cV7I9A,1.0,2010-01-11 06:46:17
ZOqhpXPwPPvP5nlW7W_EAw,KHe6HAqmyioITwTvg9Bbcg,5.0,2015-01-25 13:36:40
ZQ-hVBie3ls9u951cJkgSQ,LtG1BloPZmht57B4f8pimA,5.0,2018-01-31 01:20:03
ZRZCGSbYFKJj_16gA7d-Nw,6RBZfirnzE4NahJTn1UPNA,5.0,2021-08-30 18:27:10
ZR_I8YASiWWKbnqRUfdktA,8Vo6LN9gqULhXzoxj5k6kQ,5.0,2019-02-07 18:54:51
ZTPrkhWFuT4HlSifIFWb1A,3zI7Ka2_ZsKh4UwbSFnXdw,5.0,2016-06-30 13:14:36
ZTPrkhWFuT4HlSifIFWb1A,QV7QOLww8ym3E2zBgdE2Ow,5.0,2016-10-07 16:26:03
ZTPrkhWFuT4HlSifIFWb1A,aI3B47Y_AUYFP5K5JAYrlA,5.0,2017-12-03 23:15:21
ZTkuKoOt2vp584A-8hDvBA,3qsHL1xuMPlPqQciHNYkeg,5.0,2018-01-05 18:29:52
ZTkuKoOt2vp584A-8hDvBA,ZCF-HvfbITnNcaomqT5XRw,5.0,2017-09-11 16:52:36
ZUjtrujFUynsLY7lHc2zow,nEaTbGFlU7d9eLU2kl6KBw,5.0,2015-05-14 23:35:58
ZWPNTZeW5pnpAp69PoQAow,aoBQW6IKzgE-Hst2r_oAEg,2.0,2015-11-21 16:58:31
ZX9aq6fKbGaF6hXSnkDiAA,2D-8pjS2NB9ut8AIUFEu2w,4.0,2012-02-18 20:28:09
ZX9aq6fKbGaF6hXSnkDiAA,3gVSrS4kffGGZT8oXHsIcw,4.0,2012-04-05 11:16:54
ZX9aq6fKbGaF6hXSnkDiAA,9PZxjhTIU7OgPIzuGi89Ew,3.0,2012-01-02 08:20:25
ZX9aq6fKbGaF6hXSnkDiAA,9gObo5ltOMo6UgsaXaHPWA,4.0,2013-11-24 12:24:46
ZX9aq6fKbGaF6hXSnkDiAA,BiSdlIuOlf6MqyEZ6aWhfQ,3.0,2014-07-23 09:32:30
ZX9aq6fKbGaF6hXSnkDiAA,JmzNw0WCPmZPZdq5nx9brg,1.0,2016-06-19 15:41:39
ZX9aq6fKbGaF6hXSnkDiAA,R17gwW6zn9ilslbdvKdgsg,4.0,2014-02-15 19:08:45
ZX9aq6fKbGaF6hXSnkDiAA,Ro7opPbuSZdL1igdatdTMw,5.0,2014-07-02 09:26:05
ZX9aq6fKbGaF6hXSnkDiAA,VEsI9_aDFzIrk8wh0QCOAw,4.0,2014-11-17 11:37:15
ZX9aq6fKbGaF6hXSnkDiAA,Vcn_cuQNKRF0eQ16TXVaXQ,4.0,2013-07-01 18:54:45
ZX9aq6fKbGaF6hXSnkDiAA,WxB8498ejPtHE7wFa89_fA,4.0,2012-01-02 08:17:28
ZX9aq6fKbGaF6hXSnkDiAA,cGX-1IUwXOjkUqZbkKYcjw,4.0,2014-11-27 11:51:59
ZX9aq6fKbGaF6hXSnkDiAA,hvr1FhvVqDKkDCoS0GKvyQ,3.0,2013-07-01 18:46:27
ZX9aq6fKbGaF6hXSnkDiAA,iUZEGx29miZObLd6_lt7Vg,3.0,2013-01-26 22:47:20
ZX9aq6fKbGaF6hXSnkDiAA,qDkbudGRfmJvf7trQZea4g,4.0,2013-03-17 11:09:59
ZX9aq6fKbGaF6hXSnkDiAA,rVGxva6cx2eID4ghDLVHJg,4.0,2013-07-01 18:45:00
ZX9aq6fKbGaF6hXSnkDiAA,s5xC3gxk179RV3xtFjFqbw,3.0,2012-01-02 08:17:53
ZXNwO2bY3QTYP0k_5bhG1A,AlGLC5_f_9YvcTMr5GEopQ,4.0,2018-12-22 01:40:11
ZXNwO2bY3QTYP0k_5bhG1A,KobS8yqBelXH11gaIhZJSg,4.0,2018-10-19 00:21:14
ZXNwO2bY3QTYP0k_5bhG1A,O4ADuFI2PX73HUZWvcapdg,5.0,2018-12-18 19:38:16
ZXNwO2bY3QTYP0k_5bhG1A,w_4xUt-1AyY2ZwKtnjW0Xg,4.0,2018-12-28 01:48:00
ZYVYKe3O8tXuicRvfoaGRg,TI3Rydw47yBMzY1oW2wJUg,1.0,2015-12-04 05:24:36
ZZPaQmmnEiL1fyN-4qtvJg,KVT4RFTRVjSS3zuZ1bmiAA,5.0,2013-01-07 04:39:54
Z_5HcKGaTARwJKDMKX5pEw,sjueAFshWHWkKn5a1AymuQ,5.0,2019-09-19 04:41:33
Za2N7jB06TaW3xnNt7Hjpg,jA7MZB1aMgQaiNzIdhkwZg,5.0,2020-12-08 09:47:27
ZbHkj6HH4udAwi6MMx2SjA,pAFtOcz710oLQ-e_J6AIzw,5.0,2018-07-20 14:43:46
ZbkA2bI3HGqQmy_z-YWAmg,B1OjiK9Bx5t_mIm9I6mZ-Q,4.0,2018-04-22 19:34:08
ZcFB7xOpJufgX9hHPFh9mQ,YzluF3FNGjnW-tOrLZt8JA,5.0,2011-09-03 23:50:21
ZcNLb0XgmVOPcYvElhz3WA,AFk6UXFbH-idH31KhFQVCg,5.0,2012-12-01 06:28:15
Zcqr6qojNtslK2_LVaawSw,rUVk4xJsaWjWwqslu4OclQ,5.0,2021-07-12 02:59:54
Zd2MiIfCHT52WXoUKtYONg,l4YoHcvnsK7ICDrTqL7EEg,5.0,2019-08-18 02:21:57
ZdODEy4O0-nPdPKwkdQkdw,GM6j5hDNqra0pVfTcpTMMw,5.0,2016-09-23 15:19:22
ZdODEy4O0-nPdPKwkdQkdw,P_TAcTKHmzQI4OPBDi7UFQ,4.0,2015-06-01 19:55:45
ZdODEy4O0-nPdPKwkdQkdw,RCvzFRJoc4RZPwUSey1MeA,4.0,2015-01-21 22:52:33
ZeHiKEI4SvFIZ8EC6eUlfQ,lGbI4ub1FaTRh51GqmbXeA,5.0,2016-11-29 22:46:48
Ze_Arn8mBwz1mbubc-re5Q,dgyKoIYEYrmRK_hktWBZdA,1.0,2020-03-14 01:18:44
Zg9051S1dPRhbVGvgbNurQ,FEXhWNCMkv22qG04E83Qjg,4.0,2022-01-10 12:49:03
Zg9051S1dPRhbVGvgbNurQ,MG_wIwRBwyNnCAEMXe9Jqw,5.0,2022-01-11 13:53:42
Zg9051S1dPRhbVGvgbNurQ,iSRTaT9WngzB8JJ2YKJUig,5.0,2022-01-12 09:32:21
ZgYe5NVwIK78LAU_if3KfA,Hh8jUR0mtVXkAnv8XDZjyA,5.0,2017-09-11 16:53:02
Zgs45fO7XPQfuvv27u9BUg,gOrJeoLDOiW7muWuoE-sMg,1.0,2013-07-14 17:15:55
ZhQG2tpqA6PBlt-cFMsYBw,Y0I8efE0ryP1--p4NK_rbA,1.0,2014-07-25 23:45:08
Zivs14N02yDUladU7kIRog,upkreyzHS0heQGzCtJ0aNg,5.0,2012-09-24 18:23:57
Zj0QvMoxfhVRL5iUGqbNMg,6iqDIQCE8sq7Xq1xvhG1Tg,5.0,2015-04-11 21:07:41
Zj0QvMoxfhVRL5iUGqbNMg,CPPOKMjjE3-au0BWdbC95Q,5.0,2019-11-24 18:44:33
Zj0QvMoxfhVRL5iUGqbNMg,eIKjxqdMduIeIqzPg7yc-Q,4.0,2017-07-24 00:03:18
Zj0QvMoxfhVRL5iUGqbNMg,vetEEi-77Mlik9SogwlcFg,4.0,2020-04-13 18:12:09
ZkGEQxVKozRfPu6cofmDKQ,OBHirkn1QCd7rsYHYtSdwQ,4.0,2020-07-09 02:08:21
ZkUnwVjyjQamIGvLBRKbug,SmSNWxjEYQgpn-uH7Qfv7A,4.0,2014-10-07 17:10:57
Zkgt52FlOA3O5dhQHXgz2Q,zD1-R_baSc5_LhFUUlDG2w,1.0,2015-01-04 03:58:01
ZlGAsmPgtrWML6a_jjR3-w,ZUPnWlLgqnU1PVtF6Q9-HQ,5.0,2012-02-09 17:37:31
ZlzmAwy6LoB2hrPr4feRRA,Gekeq1c-fuezmx0PSGQvzw,2.0,2016-02-28 17:38:39
ZmmtRCpHrOy0of1s8enW4g,Apz4sB97NRa7iTPpznQLFA,4.0,2018-06-16 17:31:33
Zn8tgekH0oCfyk4SUtygoA,2pWQjLkIynlvTdgPGxINvQ,5.0,2021-03-13 00:10:26
Zn8tgekH0oCfyk4SUtygoA,9ggiKdqsyuY2pqVcbIQ-tA,5.0,2019-11-28 20:56:23
Zn8tgekH0oCfyk4SUtygoA,DFymbOEhIpWVE_d6BnHFmw,4.0,2019-11-28 21:00:34
Zn8tgekH0oCfyk4SUtygoA,Djdg_JBVHKgGNckbEV27UA,5.0,2020-06-15 09:20:07
Zn8tgekH0oCfyk4SUtygoA,FSTLTRc_7BTgv99kWSnhIw,5.0,2019-03-10 22:32:16
Zn8tgekH0oCfyk4SUtygoA,Fbtcj6j9-byxq68ACKpcUA,5.0,2021-01-06 15:28:16
Zn8tgekH0oCfyk4SUtygoA,MQRZphoLZVK278Na2YjzgQ,4.0,2019-04-30 20:50:07
Zn8tgekH0oCfyk4SUtygoA,QN38TkkGzF5vB1urbvi5nQ,5.0,2016-02-02 02:03:42
Zn8tgekH0oCfyk4SUtygoA,R4NUjB9RLfaZr2OcFfxB2Q,5.0,2018-05-02 02:37:09
Zn8tgekH0oCfyk4SUtygoA,RboUn4PX9dXlpMY-w9MNtw,5.0,2020-04-16 20:47:31
Zn8tgekH0oCfyk4SUtygoA,V2xSuNLZb6QAb7GdNkI3rg,4.0,2021-05-05 21:57:28
Zn8tgekH0oCfyk4SUtygoA,VblfPP6EwV70ldrztBHA1A,4.0,2019-02-23 23:45:34
Zn8tgekH0oCfyk4SUtygoA,XVI5rfr_1I-NY7JwgSj1yg,4.0,2021-05-18 19:56:38
Zn8tgekH0oCfyk4SUtygoA,_ehSDMpnQ67RR0Yy0yv_3A,5.0,2021-07-18 17:26:55
Zn8tgekH0oCfyk4SUtygoA,hXvf5a798WvQtFn0Zbh2yw,5.0,2020-03-05 01:13:00
Zn8tgekH0oCfyk4SUtygoA,kCV9CwW28Uz1ln4IXGhGwg,5.0,2020-01-23 02:54:56
Zn8tgekH0oCfyk4SUtygoA,otJAPyE7thHcLuFCM8Wtvw,4.0,2018-03-06 03:10:48
Zn8tgekH0oCfyk4SUtygoA,qHJbcBFjNM2Pf-cmWw7OqQ,5.0,2019-11-28 20:53:48
Zn8tgekH0oCfyk4SUtygoA,tEHgpkQT50Z-M0XafS8YoQ,5.0,2021-08-06 23:48:50
ZnVPP4sofdkrgsoBGNCcqQ,6OwxdpajDSJi3DkMqkr2sw,5.0,2021-02-17 03:54:32
ZnVPP4sofdkrgsoBGNCcqQ,LQcGL4hfJAeK6bk2ZdhmXw,5.0,2021-02-22 05:49:00
ZnVPP4sofdkrgsoBGNCcqQ,WAInJdS3M-4JgUyzf_LoQg,4.0,2021-03-03 00:39:03
ZnVPP4sofdkrgsoBGNCcqQ,Y0izXh4Dv1_YU68tn43Xiw,5.0,2020-12-14 05:14:46
Znid_azpcHmdRMHGicmkWA,elEQxid6rZ3tRZF1Kwkr9A,3.0,2019-06-23 18:41:19
ZoELGLRucNH2WaPGpXmaPA,F88yRsOo9Eqo-0oxs8U1OQ,3.0,2019-08-12 17:46:18
ZoELGLRucNH2WaPGpXmaPA,LbhraX3qY94g3Xn2Havbpg,4.0,2019-08-12 18:06:18
ZrdwbZNZBXixi660Zv03yA,QUEWdnmVCv2Ri8xJATTrIQ,2.0,2015-07-11 00:34:52
Zrs2VNFazCt7jAwi4dP69g,33zxFqIOe6Yg8qPXKkhUjg,5.0,2017-03-29 05:59:14
Zrs2VNFazCt7jAwi4dP69g,L5LLN0RafiV1Z9cddzvuCw,5.0,2018-04-30 22:25:54
Zsdee1KEpMwjg5cqx-VWrQ,Xm3fazqrD-Fi4tVPlc4i6Q,2.0,2015-09-13 16:32:39
ZsoayTSIFyB0G4Pk6-43Rw,LImOqXSWUq-E_eNZhTUzmQ,1.0,2013-03-02 17:47:38
ZtQr5DOhdD0yCJxal6oqlQ,IkY2ticzHEn4QFn8hQLSWg,1.0,2016-04-08 23:20:12
ZuVIbvRKwpL0d2DIHVAs3w,k-tHn9uxgWdq1ROHqwc-lw,4.0,2021-03-23 10:31:10
ZwGCiUXTqFEdbmzQWHmCVw,KHe6HAqmyioITwTvg9Bbcg,5.0,2015-09-04 22:41:25
Zwj8T7RPoOpSJ5JcqPh4bg,FEXhWNCMkv22qG04E83Qjg,5.0,2019-01-21 19:07:07
ZxBNJaj3FnLJAoOdkeE86Q,_cndcbuaqSRW5f-MeZasNw,1.0,2015-03-02 00:50:18
Zy3KuvFENmz2ZT2XtU7ZVg,CX41cIFRNSYtcv8ZbpiMkw,5.0,2021-12-01 05:34:03
Zy3KuvFENmz2ZT2XtU7ZVg,Mr0Ph0NoO7l-r8uXReUOwQ,3.0,2018-08-09 05:35:09
Zy3KuvFENmz2ZT2XtU7ZVg,OR7VJQ3Nk1wCcIbPN4TCQQ,5.0,2018-08-27 22:54:57
Zy3KuvFENmz2ZT2XtU7ZVg,U3grYFIeu6RgAAQgdriHww,5.0,2020-03-17 08:20:55
Zy3KuvFENmz2ZT2XtU7ZVg,_BreSZ3-mTEJYqJ1Ot7Akg,2.0,2018-09-14 04:55:41
Zy3KuvFENmz2ZT2XtU7ZVg,jmMCUCuErJP7EtR_6RVRig,4.0,2018-08-22 04:01:01
Zy3KuvFENmz2ZT2XtU7ZVg,nMn4CTJQPXqpgLltYQrxMA,3.0,2020-03-22 04:14:47
Zy3KuvFENmz2ZT2XtU7ZVg,y4x_wAQvUxvTR8iV-JP4Jg,5.0,2020-03-17 08:31:54
Zy3KuvFENmz2ZT2XtU7ZVg,ytynqOUb3hjKeJfRj5Tshw,5.0,2016-09-21 17:41:44
ZyQ-ni-78Xrrb35DGbtcmg,DRFYfzBf-WzQUjN0eUo1HA,5.0,2016-06-19 16:59:57
ZyQ-ni-78Xrrb35DGbtcmg,U_NagvNEa4k150qLgul_zw,5.0,2017-06-19 22:09:28
ZyQ-ni-78Xrrb35DGbtcmg,lau2jbBCG3XohoAvCRIm1Q,1.0,2016-11-21 05:14:51
ZyQ-ni-78Xrrb35DGbtcmg,zBfYuwdybeMHfLuUbO1Ung,5.0,2017-01-18 03:14:13
_13ZW4hu06-HLj6lzXavmA,znx1v_c2IPKOXlYAbqFYvg,5.0,2010-01-15 01:22:36
_1dECu679ZPymrwrCQilvw,slO-qEE0z8-BLRTvMYW6HA,5.0,2020-05-31 03:48:39
_2W1wIvxCbRu1LrcgWaTHA,B1OjiK9Bx5t_mIm9I6mZ-Q,5.0,2018-07-06 15:26:38
_3lMt9g1ScLZWGEqkv3LvQ,YXaecOFzGVPMQIwx2mq7uQ,3.0,2017-05-07 23:31:50
_4SntAIQYfGdPtWdTBUTHQ,lFs4LIQn_kbsLozQzk-4Qg,3.0,2009-07-01 21:30:15
_4Ye2RbfceUfUZZSx65omQ,gMbsb4mAs8gkVVOcq0MmCg,5.0,2014-01-08 16:36:13
_5As_24ZISJzSMz2MuCJYA,0clSkDomWd7MDqqgCCg8-Q,1.0,2011-12-10 23:13:24
_5ZU2jXJbffdKb7p1RvVfQ,8NyDM-FDoWEEeEG9XUwnbg,5.0,2015-12-06 15:58:25
_5ZU2jXJbffdKb7p1RvVfQ,GmXC3CBu172Bkb0c6RnO7w,4.0,2015-12-11 05:38:14
_5ZU2jXJbffdKb7p1RvVfQ,OINbC0rpDVJ5bfxt3LO9fw,5.0,2019-03-07 04:14:53
_5ZU2jXJbffdKb7p1RvVfQ,RA5E6BDiAzgSmsxdc1A4tw,4.0,2012-01-13 18:45:45
_5ZU2jXJbffdKb7p1RvVfQ,Zi-F-YvyVOK0k5QD7lrLOg,4.0,2011-12-11 05:50:42
_5ZU2jXJbffdKb7p1RvVfQ,dju1isgEvDd74tLTDkk5DA,4.0,2021-12-16 02:41:39
_5t5lBPh6WoHKpN4_lcDeg,rQyJXOiZ39eRJ2l9OMpw-g,2.0,2015-08-18 16:30:52
_67Wjd1Gaf_VbDNbt-r5_Q,3dQaEBDWOyqDYhP3-ac7NQ,5.0,2021-08-11 22:00:18
_67Wjd1Gaf_VbDNbt-r5_Q,9EoNx6yHsmiCe43XscJzDA,5.0,2022-01-06 21:07:14
_67Wjd1Gaf_VbDNbt-r5_Q,FkoX3Ux9STu2FAd926FlbA,5.0,2021-09-18 21:49:31
_73GdBatHqhhQ7fA83WkGQ,WY7Umhuv9jcQ6fOoOFa4lQ,5.0,2015-12-30 07:35:56
_7KhLY62t74MVLwEhZKS5g,eUxD-l-Ddr1iMmzV6prNFw,5.0,2013-06-07 19:47:27
_8Q_TBpMw8BPGRJKxAal8Q,8vxNQrL_ONPNXZ1VuMTmCw,4.0,2012-10-19 22:17:32
_A8Gf7sJVkK1seAIWRVAcg,J8S7cPPlTgsQnXKVfTyN8g,2.0,2014-09-10 16:03:42
_AHOqLE4xMLPkA3jvHg-iA,KHe6HAqmyioITwTvg9Bbcg,5.0,2019-01-26 03:27:40
_BHTC7nyCBoZcfiiD5cOXg,B_s6WPsZjg3zDXTdyFNRJQ,3.0,2006-04-09 17:14:18
_BHTC7nyCBoZcfiiD5cOXg,lzd8C9rmc4_5tmmnbq_7Lw,1.0,2006-01-12 19:59:03
_BcWyKQL16ndpBdggh2kNA,2pMdDOWl14rU4jdAH4oZXw,5.0,2011-06-08 01:16:40
_BcWyKQL16ndpBdggh2kNA,4UDm69SbXGjjlbVVy3GNcQ,5.0,2018-08-24 00:32:17
_BcWyKQL16ndpBdggh2kNA,4eZ-elvoXx4m65uoz7ymzQ,4.0,2017-08-02 12:36:06
_BcWyKQL16ndpBdggh2kNA,4iu7fFErsz7LS298z4bk8g,1.0,2015-05-07 18:40:11
_BcWyKQL16ndpBdggh2kNA,5e6Kf-t6_6CxhZrtTDy-7A,2.0,2020-01-03 13:14:57
_BcWyKQL16ndpBdggh2kNA,5vAtunQlPFkfdTI9zn4TIw,4.0,2012-01-10 21:07:56
_BcWyKQL16ndpBdggh2kNA,DTbKzkWQGWJsHvhE6OcUFw,4.0,2020-11-16 15:06:36
_BcWyKQL16ndpBdggh2kNA,IkY2ticzHEn4QFn8hQLSWg,2.0,2008-08-21 18:34:02
_BcWyKQL16ndpBdggh2kNA,J8S7cPPlTgsQnXKVfTyN8g,1.0,2011-07-17 00:32:31
_BcWyKQL16ndpBdggh2kNA,L5U9dBXYKNDyWp4lk9j9QQ,5.0,2021-09-15 13:02:06
_BcWyKQL16ndpBdggh2kNA,NnXtMdEJ4QRgaw7hTgbkgg,2.0,2016-08-25 11:03:17
_BcWyKQL16ndpBdggh2kNA,NsTtjA9ZuJVr6pHApkOXsw,4.0,2018-06-11 18:57:09
_BcWyKQL16ndpBdggh2kNA,RfeNJDEt0AV9gPab9-A17Q,4.0,2018-03-30 23:37:59
_BcWyKQL16ndpBdggh2kNA,RnhLCG4N9MPy6ZRzq787Cg,4.0,2019-11-08 20:01:46
_BcWyKQL16ndpBdggh2kNA,T0MvxzVMMczJ_Eips6XGaQ,4.0,2018-06-25 18:16:31
_BcWyKQL16ndpBdggh2kNA,XrtJUw6CyipHlFkKrdHbtw,4.0,2018-04-23 12:31:45
_BcWyKQL16ndpBdggh2kNA,YzluF3FNGjnW-tOrLZt8JA,5.0,2017-08-16 13:06:58
_BcWyKQL16ndpBdggh2kNA,gKThxS9CbVNM-58GbkRS4w,4.0,2017-11-30 19:12:17
_BcWyKQL16ndpBdggh2kNA,gkrDiCU_sRZKwuBlhEzv6A,5.0,2019-12-19 01:51:10
_BcWyKQL16ndpBdggh2kNA,o69X6XW8QLuluIoGqvtQrA,4.0,2019-05-07 11:25:41
_BcWyKQL16ndpBdggh2kNA,qcguEeAMP0XwFLYqhwX2hg,5.0,2019-10-30 17:49:28
_BcWyKQL16ndpBdggh2kNA,w7kKNELhnc00MwPOQhaZpQ,2.0,2020-01-23 18:27:20
_BcWyKQL16ndpBdggh2kNA,xb5NsCqvQw2uE5HoQyDr0g,4.0,2019-12-02 17:55:44
_BcWyKQL16ndpBdggh2kNA,y1Z9tymuBGVDZnYZoLk-2Q,3.0,2012-10-12 12:14:37
_BcWyKQL16ndpBdggh2kNA,y4VFp6qk_EFgNy9yKFlj3Q,4.0,2020-11-30 18:55:53
_C0OWFNiezmDVsyKbO5Bjw,LArxVfahgjP-qHfakBZ86w,5.0,2019-02-04 22:26:46
_C3aY6lgO9D4I7gJcKDvow,OoFCe8VbzzCr88SGC08omw,5.0,2019-10-12 00:15:28
_CCyYCSlJ7YFu-M5NTPkbg,Gekeq1c-fuezmx0PSGQvzw,2.0,2015-10-19 05:53:16
_DM-V9mNI3_R5KFSm5ELwQ,1ddqdY_piKp-abaZ-bGRSA,5.0,2011-03-03 17:15:08
_DM-V9mNI3_R5KFSm5ELwQ,VVH6k9-ycttH3TV_lk5WfQ,2.0,2011-02-28 23:55:48
_DM-V9mNI3_R5KFSm5ELwQ,WPjeA9CWv-q7utSdnXmdIw,4.0,2011-06-14 03:16:44
_Es93htE7FL4TyF0NemwzQ,E7W2rjNXy9UF0trIEtqLDA,5.0,2017-06-05 07:00:28
_EyH4ozqE_IQ7e-RsrCgdg,zC_2cSAkMKkSAykOk72LcA,5.0,2011-08-02 03:18:56
_FHSBrOKVhJoV02mqmN8sQ,Gi4ex2Tq7ggRlpN0S7k5Xg,5.0,2021-10-13 17:29:13
_Fd9KUkBsVjxqoh5RW9Vzg,8Vo6LN9gqULhXzoxj5k6kQ,4.0,2020-10-20 00:32:22
_Fd9KUkBsVjxqoh5RW9Vzg,FEXhWNCMkv22qG04E83Qjg,1.0,2021-06-13 16:05:25
_Fd9KUkBsVjxqoh5RW9Vzg,oBNrLz4EDhiscSlbOl8uAw,2.0,2021-06-08 19:55:19
_Fg_udOp6yBflXaAELfO1Q,lPx8jUBfK1K6u3UgowU5mg,1.0,2020-06-13 02:00:13
_GstI1h8DjHZEUW9EPT85g,Aes-0Q_guDeYewMapFs_vg,1.0,2017-01-25 00:23:40
_GstI1h8DjHZEUW9EPT85g,f3eve2cxUIzyanWnHdMtFQ,5.0,2017-12-06 18:33:04
_H_ekjui1bMf-C8YmvbIog,tILA8ctsD_OZIcM2IfSyQA,5.0,2018-01-02 18:46:19
_Ho-yOQpVFyCvlRk79khpQ,KNEJ8jcsUI7pRLllxZsr2g,5.0,2018-08-09 17:40:43
_I5yBAm4IAayT3kqX1qURg,Scd-rcsQCn60t1sHHFv-og,5.0,2019-05-06 14:14:10
_I5yBAm4IAayT3kqX1qURg,dgyKoIYEYrmRK_hktWBZdA,4.0,2017-10-22 23:35:17
_I5yBAm4IAayT3kqX1qURg,wlUOgJ63PmhkX5ms-QGoDw,5.0,2018-09-12 01:23:50
_JzvB98ppovharKXQ0B0TQ,eUxD-l-Ddr1iMmzV6prNFw,5.0,2013-06-07 19:21:30
_KEs9g8Igs3QyHsDflm88g,ghLjxj4HoSHdflBEz2lIqA,5.0,2017-11-05 23:05:39
_Ksef2sYYF6-lSUGbmFhtw,pAFtOcz710oLQ-e_J6AIzw,5.0,2013-09-08 19:06:14
_Ksw_vYiqToW5m6t4rAcCg,2PmIhlF_5BHcRsVZsCtM0w,2.0,2016-04-25 19:39:31
_Ksw_vYiqToW5m6t4rAcCg,8da9PKeUV44KoUUlYNTVOA,5.0,2015-11-11 04:40:46
_Ksw_vYiqToW5m6t4rAcCg,gQ5_wcFqhplc9xrnSCt6-Q,5.0,2016-04-04 21:42:54
_Ksw_vYiqToW5m6t4rAcCg,vQTFffd8OFO8PN94NkQXKw,4.0,2017-01-05 06:04:53
_LSt8ZGpTUsZAVYZqta7jA,Gekeq1c-fuezmx0PSGQvzw,2.0,2015-10-29 17:05:58
_MOe5BOAYcW7nvfUGcLZEA,gQ5_wcFqhplc9xrnSCt6-Q,5.0,2020-05-25 19:45:34
_McYipUHpuxJcNa4RfLEBQ,KdAWjL9MKjpJzEeI902qBA,5.0,2013-12-24 03:03:50
_NCxQLL8ftTLLwQ7oa9FnQ,KdAWjL9MKjpJzEeI902qBA,5.0,2020-12-09 17:45:03
_NodMaAMXMbRhoyH_y15Ig,q2iS794-52tFAC2ScQFTug,5.0,2015-08-07 20:41:38
_OOCtlUhIp94w3wZf8-6cA,KHe6HAqmyioITwTvg9Bbcg,5.0,2015-05-02 20:22:27
_O_bvXST4SLVxEX2pY039g,Gn_e8TJFSMcV1rzklJ9gLA,2.0,2012-03-05 15:14:35
_PA6seBirZQmgHEmVgPigQ,5JiDLN6spnuAVrEN6csvzw,5.0,2016-03-23 18:32:39
_PogIvICTS-uaZLXLX-OnQ,JvawJ9bSr22xn4R9oLvl_w,5.0,2017-07-02 03:48:06
_PogIvICTS-uaZLXLX-OnQ,UFpCraqzFBAhtZqmxmiWsA,5.0,2017-05-31 06:03:27
_PogIvICTS-uaZLXLX-OnQ,f3eve2cxUIzyanWnHdMtFQ,5.0,2017-06-03 21:19:00
_PogIvICTS-uaZLXLX-OnQ,oGDGlUbOjHxmmCh8ZYcDCg,4.0,2017-06-09 03:08:55
_V0iYxsbAAipJYG_7TV47Q,55yVwtNPAHIYp2t6stJKHA,5.0,2017-07-04 15:26:05
_VDRG5nGBNxK6QTqT89kdQ,4_OXOjAUA9Q8L6VdZz692w,4.0,2019-06-01 03:55:59
_VhcMGbjB2CmS6XVMdzcPA,mMnkbIMG9MUW-rb5a5Q8Og,2.0,2012-12-31 14:44:04
_WNvBa5lvoDkG2NuH4fD8Q,4ADeBcc3O4zmTrp60H4O_A,2.0,2020-12-11 19:51:15
_WSEZA4e9KyxF1UBkf7HOw,B2SeIqe17wywK_a8kfrTPQ,5.0,2011-11-08 13:54:05
_WW1SFQDOXH67uzGWo7-EA,c1xuic_qvUfSIr-if6nSUQ,5.0,2012-12-15 18:16:15
_Wkf2RNDnBuqMOpzSqmZXw,-ymffdKa-pkGZa8sDDjSig,5.0,2020-04-17 20:11:45
_Wkf2RNDnBuqMOpzSqmZXw,77a4oJTyPrvFKD4gJv7tVA,4.0,2018-07-14 22:37:25
_Wkf2RNDnBuqMOpzSqmZXw,Fv3iSsxOxI2shzjBGFk_jg,2.0,2017-09-19 03:24:19
_Wkf2RNDnBuqMOpzSqmZXw,Hh8jUR0mtVXkAnv8XDZjyA,5.0,2016-05-30 03:06:34
_Wkf2RNDnBuqMOpzSqmZXw,SmSNWxjEYQgpn-uH7Qfv7A,3.0,2019-01-24 00:14:51
_Wkf2RNDnBuqMOpzSqmZXw,WZH-woiFyWK3LzLndhg76w,4.0,2018-02-02 22:16:34
_Wkf2RNDnBuqMOpzSqmZXw,ZQ1xusCuRoHneUw_PfZM3w,5.0,2014-02-02 00:26:45
_Wkf2RNDnBuqMOpzSqmZXw,cBp1fn2LXpSHe4VbTXLYEw,4.0,2017-12-27 19:27:38
_X9aGso7mMlNBr7-uU3zUg,B1OjiK9Bx5t_mIm9I6mZ-Q,5.0,2020-01-06 12:28:40
_Xp7qtD8XXUWyINtIps4bg,iOFbMitGdfU6i5xm4nZ8Ww,5.0,2021-08-19 19:54:19
_XsPIKdXUN3IdFiQz_EzVw,QpTf9MU5EgYfm6bscRxaqw,1.0,2019-10-06 18:21:57
_YBX0Fy9pI0ktOQ9RtFhAg,FaY_9x8ZtsuHe5wS2iJM1Q,1.0,2015-01-23 06:14:03
_YBX0Fy9pI0ktOQ9RtFhAg,HDnaNdHEZpQMYXo-ZHHG9g,1.0,2012-02-28 07:02:24
_YBX0Fy9pI0ktOQ9RtFhAg,IXllQQM7LG9NC7uNQ8un1g,5.0,2014-10-01 03:21:03
_YBX0Fy9pI0ktOQ9RtFhAg,Z4PF4EtM12L7nwOHZHFJNA,5.0,2014-11-01 19:55:21
_Y_Ue7D8HwSO0sBc3hOUaA,Gekeq1c-fuezmx0PSGQvzw,1.0,2016-03-08 18:11:50
__MKhx-akV8K6wI6SswQFw,2KIDQyTh-HzLxOUEDqtDBg,5.0,2019-09-15 23:41:41
__QLyY_W06q10ZfBQg7Dcg,26107Pz4hjESgQ8J2c81rA,5.0,2014-09-12 05:58:40
__QLyY_W06q10ZfBQg7Dcg,3dQaEBDWOyqDYhP3-ac7NQ,5.0,2015-07-30 02:19:48
__QLyY_W06q10ZfBQg7Dcg,4gszBjoouIzfi1ltSQZ2BQ,5.0,2017-12-11 00:40:02
__QLyY_W06q10ZfBQg7Dcg,9uRj85PviKNiMCYPwiJyIw,2.0,2015-12-27 05:38:40
__QLyY_W06q10ZfBQg7Dcg,CQD7-sfUiADa6KyTYJT2NQ,4.0,2015-01-19 07:49:09
__QLyY_W06q10ZfBQg7Dcg,HgPTy_OGoaxllb2EXkC1sQ,5.0,2015-02-05 05:14:41
__QLyY_W06q10ZfBQg7Dcg,L5LLN0RafiV1Z9cddzvuCw,5.0,2014-09-12 01:13:20
__QLyY_W06q10ZfBQg7Dcg,LporxuZB4AEg4mhLYhfpDw,2.0,2016-12-06 05:47:43
__QLyY_W06q10ZfBQg7Dcg,Mgcgy5ZCZvwzggV5xausug,4.0,2014-12-21 05:32:16
__QLyY_W06q10ZfBQg7Dcg,PvWUpIHqV13Qe9crQ6MOsA,3.0,2014-10-20 00:58:18
__QLyY_W06q10ZfBQg7Dcg,ReVpjIDupK_VMPn7ZxPvOQ,4.0,2014-09-30 03:03:47
__QLyY_W06q10ZfBQg7Dcg,Sw53KWMB8cYjF7EZX7O9PA,5.0,2017-08-14 00:41:23
__QLyY_W06q10ZfBQg7Dcg,cXm3EXarmMkvcoEwQgqilg,4.0,2015-01-24 04:35:23
__QLyY_W06q10ZfBQg7Dcg,iWjwJ6IC5ImlmT00KEs0Iw,5.0,2017-10-02 03:00:49
__QLyY_W06q10ZfBQg7Dcg,lRkJG5xxHpvoV3mkQhbNhQ,3.0,2015-01-19 00:58:01
__QLyY_W06q10ZfBQg7Dcg,rQCTWNMzIZTfqWEAjxDpKQ,4.0,2015-08-24 02:34:17
__QLyY_W06q10ZfBQg7Dcg,tkY5BJVXxUmP4jsKavkf2g,5.0,2015-08-07 00:27:08
__QLyY_W06q10ZfBQg7Dcg,tmYa9OC8NE4ov2BoLyL2WQ,5.0,2015-09-03 03:51:17
__QLyY_W06q10ZfBQg7Dcg,x8-sTKZG59RUhgGj_kcyVg,4.0,2015-01-08 04:47:46
_aR5B9L1uvvRG71GMJa76g,6h7C53qLfwM7v3zKRqG0yA,5.0,2012-06-09 22:46:40
_cUtxCvCccwgNJzD5I0cDA,BEMSDLPP630Fpdw_QpqLVA,5.0,2021-05-30 21:53:27
_cUtxCvCccwgNJzD5I0cDA,gK9CdFaCXmHoW8aLfXiSqg,4.0,2017-06-27 18:02:46
_cUtxCvCccwgNJzD5I0cDA,iSRTaT9WngzB8JJ2YKJUig,4.0,2013-03-21 03:30:55
_cUtxCvCccwgNJzD5I0cDA,rOsC1rDpIxvNoHxEvNFjeA,1.0,2015-06-22 16:37:34
_cdKam8UxhoPni6YwP1LQw,Jzb2IQSwPfULWzdl9Bq5fg,5.0,2012-07-31 13:55:51
_cpU0VVdQcfN5AnuL6M56A,Jw3mUNF9_ZiawPDZryUdcw,5.0,2018-08-11 01:41:24
_cpU0VVdQcfN5AnuL6M56A,U_U6C9AF7xmQijTTUFRzkQ,5.0,2018-08-12 20:29:32
_cpU0VVdQcfN5AnuL6M56A,lrowppSl2sk3hU4tSUaS6Q,2.0,2018-08-17 01:45:45
_cpU0VVdQcfN5AnuL6M56A,mDTJ6OVTQhBk6b_wK32YfA,2.0,2018-09-02 17:46:15
_cpU0VVdQcfN5AnuL6M56A,x3Ifr1jj2Qu7JDZto6Kbfg,5.0,2020-06-15 00:25:15
_fve2DDscsVRkkJ0wb4BiA,Cjwb7VQGP0u2eWYj1wnO3g,1.0,2012-05-22 22:51:47
_hPjqzQDiyw1-4U_IAETpg,-2-ih3mE8KPyeKVIzpBfPQ,4.0,2016-07-28 04:10:20
_hPjqzQDiyw1-4U_IAETpg,-cEFKAznWmI0cledNOIQ7w,5.0,2018-07-15 14:50:30
_hPjqzQDiyw1-4U_IAETpg,1fGaY2WlGv2l4as6UkMFrg,4.0,2016-09-28 05:34:33
_hPjqzQDiyw1-4U_IAETpg,4R2KR_-FybS7oegGrXjHVg,5.0,2014-06-06 09:22:43
_hPjqzQDiyw1-4U_IAETpg,4_W5pstoN1166TGjjPOrMg,4.0,2016-12-28 20:13:10
_hPjqzQDiyw1-4U_IAETpg,5FuQbcHTF_I7PWJzhCMObw,3.0,2016-01-20 04:57:28
_hPjqzQDiyw1-4U_IAETpg,5hvO_zH7B1n2humawoPHrw,4.0,2016-05-31 06:07:32
_hPjqzQDiyw1-4U_IAETpg,FHNIvNgh3fS7VZQq2Y3dsA,4.0,2016-11-03 23:09:46
_hPjqzQDiyw1-4U_IAETpg,Hr_zdqPZ9VkGjKNv4UIQRg,4.0,2019-09-05 21:29:03
_hPjqzQDiyw1-4U_IAETpg,OmJnaVUJH9EVR-TYldv4JA,4.0,2013-04-13 06:56:59
_hPjqzQDiyw1-4U_IAETpg,Oun4NN-u5yiHIxDqtJnxgA,5.0,2013-03-20 19:38:22
_hPjqzQDiyw1-4U_IAETpg,PADyvVwZoY8waIraBOrN7g,4.0,2016-08-17 15:25:29
_hPjqzQDiyw1-4U_IAETpg,S1FwTmCAwv5ulu5gToWi_w,5.0,2016-05-09 01:41:13
_hPjqzQDiyw1-4U_IAETpg,T0GS1FEYQBy2xlxWGWamBw,4.0,2016-08-17 06:46:46
_hPjqzQDiyw1-4U_IAETpg,U4ALy9epZHEwFl3FnGun6w,3.0,2013-10-22 23:41:52
_hPjqzQDiyw1-4U_IAETpg,Wr2k0Vz8RbcumYulp-jIrA,4.0,2016-03-15 21:56:28
_hPjqzQDiyw1-4U_IAETpg,ZufSfqQ4RfUk4RAQgnlc0Q,5.0,2019-12-29 16:28:47
_hPjqzQDiyw1-4U_IAETpg,bffLbfi1IEAff5C2IHJvFA,4.0,2016-04-08 22:40:00
_hPjqzQDiyw1-4U_IAETpg,bq0n3CQy1CkE_WUe76zQvg,4.0,2014-03-19 09:22:49
_hPjqzQDiyw1-4U_IAETpg,cbr2Db20L6P50CsxsX6c2A,5.0,2016-07-26 14:56:33
_hPjqzQDiyw1-4U_IAETpg,dlFdjPUJI1eqRs8WVPE3QA,5.0,2015-01-02 01:59:19
_hPjqzQDiyw1-4U_IAETpg,i1A9_CvPb0SZ_5nTddCEgA,5.0,2021-10-06 19:37:09
_hPjqzQDiyw1-4U_IAETpg,kL98j83h3QFUoSBBevCHOw,4.0,2015-11-13 22:53:17
_hPjqzQDiyw1-4U_IAETpg,lFs4LIQn_kbsLozQzk-4Qg,5.0,2013-04-14 11:07:52
_hPjqzQDiyw1-4U_IAETpg,ldr7iDtxFXX-q7tJuXqlGQ,4.0,2015-04-30 15:54:09
_hPjqzQDiyw1-4U_IAETpg,oziGQYLaEWOpNmPKrZP86g,5.0,2019-02-14 15:32:02
_hPjqzQDiyw1-4U_IAETpg,rWjFmr0hhi2w8IwMu162-Q,4.0,2014-01-29 02:27:08
_hPjqzQDiyw1-4U_IAETpg,t6g6Lj8WzjIXXucCl9jdTQ,4.0,2019-03-06 00:52:27
_hPjqzQDiyw1-4U_IAETpg,un0xxX785wfQfprryh0TjQ,5.0,2015-07-24 00:38:52
_hPjqzQDiyw1-4U_IAETpg,uxZENO1iy7tz8MK77L3_GQ,4.0,2016-09-28 06:52:31
_hPjqzQDiyw1-4U_IAETpg,vUrTGX_7HxqeoQ_6QCVz6g,5.0,2021-05-25 20:51:51
_hPjqzQDiyw1-4U_IAETpg,wbDRmtxaKRpBOjutvV6TEA,5.0,2014-12-24 10:59:07
_hPjqzQDiyw1-4U_IAETpg,zD1-R_baSc5_LhFUUlDG2w,3.0,2015-05-14 15:38:44
_hPjqzQDiyw1-4U_IAETpg,zU5PPd9j4bYC_MepNSEDcA,4.0,2017-10-07 21:41:48
_j4jRWRSiOC3aO51gRyP5w,OypYjTC0zPu_lJ_SGzV4pw,2.0,2010-08-02 21:14:01
_jLXrx6aCT9A0ZSHCj7nxg,3cT6KPlkOQGZv2Lk7p9_1A,5.0,2015-09-07 10:19:13
_kNFzpq9bhIoe_cvKOsxGw,sGF1JBcdKblUHZ_jtMANLA,5.0,2013-01-12 04:01:08
_kcHxYPXRYjU4hk2xtCO0w,8uF-bhJFgT4Tn6DTb27viA,4.0,2014-08-18 02:42:32
_kcHxYPXRYjU4hk2xtCO0w,9xdXS7jtWjCVzL4_oPGv9A,5.0,2014-12-31 05:11:27
_kcHxYPXRYjU4hk2xtCO0w,OINbC0rpDVJ5bfxt3LO9fw,2.0,2013-06-02 01:05:38
_kcHxYPXRYjU4hk2xtCO0w,fgnHM4VT-n1VjFL3YeBJsg,5.0,2016-01-03 18:53:51
_kcHxYPXRYjU4hk2xtCO0w,hfbZ97Te3T4jeWN6GgsGrQ,3.0,2016-01-21 22:41:05
_kcHxYPXRYjU4hk2xtCO0w,iZ7-gwaBWYHiWhez4514jA,4.0,2018-09-20 01:26:32
_kcHxYPXRYjU4hk2xtCO0w,lPx8jUBfK1K6u3UgowU5mg,5.0,2017-06-17 16:33:03
_kcHxYPXRYjU4hk2xtCO0w,lo3zYtvPB6-iVok2C7HsGw,5.0,2014-01-16 04:29:56
_kgC4cRgSv8d60oljIrrQg,8lkst0bYgdXr8CRQv6NloA,5.0,2017-11-07 16:08:04
_kp3hr0ohALINduHTERs9Q,WYFbNrYDgw7gNDvMxa0rKA,4.0,2017-10-14 22:11:41
_kp3hr0ohALINduHTERs9Q,q2rR-v9ZStix89t7ihyuqg,5.0,2018-01-12 01:40:01
_l8xI0MCMZz2B9hSzelXhg,6Ty-KKWq6hLZYW8DWEHYvg,2.0,2015-08-21 19:17:48
_l8xI0MCMZz2B9hSzelXhg,EBonJ5tjkxBEUezwosVlLg,4.0,2020-02-06 17:48:48
_l8xI0MCMZz2B9hSzelXhg,Et2yOijYQbWyR-mE0-z40w,5.0,2018-11-29 05:36:18
_l8xI0MCMZz2B9hSzelXhg,GoGss2SqsUPwP0xcI9IUuw,5.0,2016-03-31 20:00:32
_l8xI0MCMZz2B9hSzelXhg,JvawJ9bSr22xn4R9oLvl_w,4.0,2017-01-07 20:25:54
_l8xI0MCMZz2B9hSzelXhg,OPW8NuOC_9FVFXsaHOO5JA,5.0,2018-10-01 20:39:08
_l8xI0MCMZz2B9hSzelXhg,XkQadWW9bUR855KvPZBNUw,3.0,2016-11-14 22:10:22
_l8xI0MCMZz2B9hSzelXhg,dpqDfbNpcIERkXVoE5S9Wg,4.0,2016-02-06 17:23:09
_l8xI0MCMZz2B9hSzelXhg,jMZ56S8Y1t7cA1Ob-d-qeA,5.0,2016-09-26 05:41:01
_l8xI0MCMZz2B9hSzelXhg,xZileQFJ7h-0QKjtGc9xgg,5.0,2016-10-04 21:35:42
_ljIoh025OGAvWz_Kvq6EQ,n5i09tgSuzv9ZeIN9Qe5oQ,5.0,2014-01-02 19:10:50
_mK6pkggWJg8TIV3UUp6-w,KHe6HAqmyioITwTvg9Bbcg,4.0,2011-01-06 16:49:05
_mMGDi9ZSY-r85GAEcsksg,JLumGKzGu9kqGTdwYF41CA,5.0,2019-01-27 14:22:05
_muhtS8ZFnV61s7Q4JXDwQ,55gCXlWDDCdttR3yRss1xw,5.0,2016-12-14 13:00:20
_muhtS8ZFnV61s7Q4JXDwQ,I4GAOtrRYbinmI3zEwqxVQ,5.0,2018-09-10 17:16:58
_n40AvOlP7bZi3qcljaMyw,K8O71Tb6xcza0g1MU608ag,2.0,2013-05-23 04:31:59
_nExO6KQUy0VZOPKN2WsRw,Nvx2MceKWAtikcAxk_TBMg,1.0,2015-10-09 02:55:42
_ntA5HPDzqBgwg7S3s7w7Q,2E5fh57OvOQMWwxxEOkN8A,5.0,2017-02-27 01:41:27
_ntA5HPDzqBgwg7S3s7w7Q,OJpwmYvsZnXt62sxco3F0Q,4.0,2016-11-06 03:47:45
_ntA5HPDzqBgwg7S3s7w7Q,s-kBvCb79CQlEZ0-_3nVaw,4.0,2021-02-14 19:41:04
_ovuxPjDx0xkyMA6PqjchQ,KHe6HAqmyioITwTvg9Bbcg,4.0,2019-06-06 15:03:20
_p5ydZPNMkyTJoPtE0QUJw,A5b9nVDi1DPVvPOD24-p6w,5.0,2013-11-04 00:27:19
_p5ydZPNMkyTJoPtE0QUJw,Jn8bQ86NMVlCG3tY0YVLaw,3.0,2013-01-17 04:07:01
_pBzBgtCTN9PNUPfgPDI8A,SJIQFKTW6uUsOo29w9IHxw,4.0,2021-12-09 20:40:26
_pq9mE7WeTTK9dYCeNnfyQ,g3LweOTJlJoALtaShN4SLA,5.0,2016-08-07 01:40:21
_pxXTDiLRnqq725jFTpTJQ,Hh8jUR0mtVXkAnv8XDZjyA,1.0,2020-11-05 05:13:37
_q2q9vBslJe_cRju_ggqSg,iSRTaT9WngzB8JJ2YKJUig,2.0,2019-04-25 05:34:02
_qAdFUVHNlHEkeNRZ4jJfg,dEMsUFNB4ckBFdB90jKLEA,1.0,2016-04-11 21:50:58
_rWCX5E8R_3Ufv9JetOtHw,2Yrf_aECZVHgTBVyw1r2kA,5.0,2011-03-07 23:14:04
_rkBxV-UTX_LW3JmnNneoQ,YSL06t6e2iKo4ZHZnCZIxw,1.0,2019-03-02 17:55:36
_tkjlo-wy9FTTeXfau709g,g2zwbLIqxtN9nGGuL43trg,2.0,2014-09-03 00:36:10
_uMEeZbgqigt222bZ642qQ,HoKH4Rk7wHfVT-60aYIYwA,2.0,2016-04-13 23:51:32
_uMEeZbgqigt222bZ642qQ,SJPnC_1BEXUxvU2Xvn9rug,1.0,2016-02-06 15:08:46
_uXsvqMJYALJLaP0DaCWsw,1qw5dIsQPNGLOwnuP7Wj1g,4.0,2020-01-16 00:03:04
_uXsvqMJYALJLaP0DaCWsw,32It9NN_lVismU9tcuLB0A,4.0,2018-11-16 13:11:07
_uXsvqMJYALJLaP0DaCWsw,99e7bysta1myyrQogFEWUQ,4.0,2020-05-27 14:08:49
_uXsvqMJYALJLaP0DaCWsw,KHe6HAqmyioITwTvg9Bbcg,5.0,2019-07-13 21:03:47
_uXsvqMJYALJLaP0DaCWsw,KscVqYYG7ziAroZhfNb0Ng,2.0,2019-06-09 15:38:32
_uXsvqMJYALJLaP0DaCWsw,TyhguONKc8i6M7wP09nTbA,4.0,2018-04-17 03:07:14
_uXsvqMJYALJLaP0DaCWsw,WzbKilRpbcblgv38AV58eA,5.0,2019-10-14 09:21:18
_uXsvqMJYALJLaP0DaCWsw,iZNR8-rqsBL2afDk4Zxe8A,4.0,2019-07-28 13:50:36
_uXsvqMJYALJLaP0DaCWsw,un0xxX785wfQfprryh0TjQ,3.0,2020-06-02 02:41:42
_uXsvqMJYALJLaP0DaCWsw,wuH4TPUo8oJo4E59xZKsNg,2.0,2021-08-06 18:32:52
_uj5-_TKz9OLLcinuJCYbg,VseByXV7UduTt7N2ofjVsg,4.0,2019-05-13 23:53:27
_vN1zUgCxvfVFabQJw5JvA,x1cyB0m8EIR9OE054dgtPg,5.0,2007-06-01 16:23:29
_w22R_jg5Y2SEii3ioYGWQ,dGUyXgFW1WSYMgRypKaYew,4.0,2014-09-19 20:02:35
_yY_HrLkKhzK8rELiFmB1w,8ZLaJ0IpIdzaPcF05BThIw,1.0,2013-03-16 14:24:47
_yecEkVWsomuimmX-MlT1A,kGXt74i82kOVgfixBuBoIQ,1.0,2017-12-23 20:39:16
_zK0LrKpyKhZ8BOQq752Jg,fgTOJRkc703E4XRdcr5zRA,5.0,2015-12-24 18:50:47
_zvOYwHK3Sf8Y8F7Tn2bdQ,U3grYFIeu6RgAAQgdriHww,5.0,2021-07-26 01:06:18
a-8ZuiQk4EsWgebrG-K2HQ,CxXYiJBkq9kqsgtdagqVgw,5.0,2016-03-03 04:20:53
a-8ZuiQk4EsWgebrG-K2HQ,UMHuKs1sO-wq3XqKaejXeA,5.0,2013-05-23 07:59:34
a-8ZuiQk4EsWgebrG-K2HQ,of-GVqY0G_UDHXT9Xg_ADQ,3.0,2014-07-31 08:38:25
a0DnfD31lNdiBTY2-YBBFA,7gtWQMLOEwCxh1I5j6uB4g,4.0,2016-08-19 13:17:18
a0y09kcJlsNi8HiItERibg,4bvQThX0cJxlx67PU9nmLQ,5.0,2021-03-17 14:03:01
a0y09kcJlsNi8HiItERibg,PM_WuWyoqrKf20vYcD6ihQ,5.0,2021-02-12 13:44:53
a19sBP_J4W_L26TfsJhrww,O6RCCmz8-x4NhWJpI8KQug,5.0,2016-07-13 18:15:32
a2r5WiBx5hehodpEgIT3_A,HqIDCsKbkVLSQPzXp6eSew,2.0,2018-03-19 14:54:16
a2xQmGYb4gyPwH9KXYDjbA,_EqGhRXzlUaTpu5eToC8MA,5.0,2015-05-19 19:02:07
a4-GchhHRAQwGVKXakuunw,oCbJpGl8IkH1WdYa25TDBA,1.0,2019-07-13 15:56:35
a4IgqHdva08RBnEV73Qk3g,MFxRPt8-B2xTYmon3s84kg,4.0,2019-07-10 02:11:28
a4IgqHdva08RBnEV73Qk3g,UQ9zn4jcjkTDOw0OwIOaxQ,4.0,2018-10-29 20:47:23
a4m4ZwQu_0zsJhTrAHBsdA,ReVpjIDupK_VMPn7ZxPvOQ,4.0,2019-11-24 22:09:19
a4mO387_O77ebmv8AlQB3A,0hIXH9jMdHov1VrLC8ujUg,5.0,2015-05-17 22:47:31
a4mO387_O77ebmv8AlQB3A,0wZJkj-OnZ7Pmublspl7tA,3.0,2016-09-10 13:52:33
a4mO387_O77ebmv8AlQB3A,8RZwphljLVABXgnDgMj6Hg,4.0,2016-05-11 12:08:31
a4mO387_O77ebmv8AlQB3A,AjxhKYSbc1NrGOxAcqxb9w,4.0,2018-08-12 17:22:55
a4mO387_O77ebmv8AlQB3A,D2kZP7jvrWTuRzcPY6NbqA,3.0,2016-06-12 23:03:56
a4mO387_O77ebmv8AlQB3A,E7PBGs3fiZGyjcriapKcfQ,4.0,2020-09-11 12:41:46
a4mO387_O77ebmv8AlQB3A,EDRhPfxELquxtMOGuNKFTw,5.0,2015-05-18 12:38:41
a4mO387_O77ebmv8AlQB3A,Jw3mUNF9_ZiawPDZryUdcw,3.0,2020-01-14 04:39:27
a4mO387_O77ebmv8AlQB3A,O1Cw2yzf4bCuKjbVTljqUQ,4.0,2018-11-11 21:07:30
a4mO387_O77ebmv8AlQB3A,Ps7Q7BOKzJO4nDTUhbk43Q,5.0,2020-01-14 01:19:31
a4mO387_O77ebmv8AlQB3A,QGUj9Za0iG_OJz0CqujE_Q,4.0,2016-05-22 05:48:21
a4mO387_O77ebmv8AlQB3A,RRCgIohWjaeGtlbpcYJBbw,5.0,2016-09-25 13:25:18
a4mO387_O77ebmv8AlQB3A,UiN0rLzx39wVq9XpEOo26A,4.0,2020-01-13 18:43:51
a4mO387_O77ebmv8AlQB3A,VaO-VW3e1kARkU9bP1E7Fw,5.0,2016-09-11 23:19:48
a4mO387_O77ebmv8AlQB3A,XyBe3WZgtYSV2iJm4Mkn2w,5.0,2020-09-06 00:08:28
a4mO387_O77ebmv8AlQB3A,a8_zOZgxg3lNsEyanuwluw,5.0,2018-12-30 18:02:39
a4mO387_O77ebmv8AlQB3A,rjtdyyjHRJadRcE1sC1gNg,5.0,2020-07-27 03:42:42
a4mO387_O77ebmv8AlQB3A,tf6S06LD09IFDHUpOPqPaw,5.0,2015-10-18 23:28:09
a4mO387_O77ebmv8AlQB3A,tkY5BJVXxUmP4jsKavkf2g,4.0,2019-01-01 16:02:36
a4mO387_O77ebmv8AlQB3A,uR7G8I4Cef9D9R340TN24Q,4.0,2016-09-11 14:33:22
a4mO387_O77ebmv8AlQB3A,vJTPB_SzizizBs8P-wV2cA,4.0,2016-06-17 00:12:09
a5J2Feex82_SF3KXzDvvwQ,lPx8jUBfK1K6u3UgowU5mg,1.0,2021-05-22 00:33:24
a7B1ow3HSP32vA3WhZ7RpQ,f3eve2cxUIzyanWnHdMtFQ,4.0,2020-06-23 23:27:05
a7s8T9G6etNhN292TlHOWw,erMhMS6BR4oTvDpJ_rjzJw,1.0,2015-07-10 01:24:48
a8dCY9haN_LRPuCqab0wOg,0hIXH9jMdHov1VrLC8ujUg,5.0,2016-09-20 02:13:27
aAPG4k9TrIVmAGCVUgfQnQ,IkY2ticzHEn4QFn8hQLSWg,3.0,2010-01-27 20:35:16
aARSbRkNGGVLA8mWwESOyg,KgDBWabaF6J7R6TH0l4I5Q,5.0,2020-04-15 02:58:49
aDEQTk-GzjYug7xrwkollw,Hp1nkc3c3Q7_8oKXFn0vbw,5.0,2019-10-03 19:41:41
aE0o46OajZfMOtocBhP8hA,g2zwbLIqxtN9nGGuL43trg,1.0,2013-10-14 04:46:57
aEaPnJ2U8SWXzjNPvQe4Mg,6f8dXcqMrNPMHm1fXFQQbg,1.0,2020-06-16 12:53:01
aFDdw5qFzfgWV0t3MEsgbw,eX7o_-s5TmDT-DMfTV4cmw,2.0,2013-10-24 08:30:27
aFpTNT0VwwD19MazwlWeYA,4ADeBcc3O4zmTrp60H4O_A,2.0,2021-03-28 13:46:01
aG6Q_IKp5qLu0uV7LHaR_A,0jpFptAehZhLl3nkhHDanA,4.0,2013-12-25 19:32:28
aGDtObhCNrySrrT2qpljfA,4IrGZzglUUDgxfBBJKbnZw,4.0,2021-12-06 22:27:33
aGDtObhCNrySrrT2qpljfA,BjeHLwKOlHyV6DJgmZxAjA,4.0,2018-07-20 19:40:24
aGDtObhCNrySrrT2qpljfA,FaY_9x8ZtsuHe5wS2iJM1Q,4.0,2018-07-21 14:06:15
aGDtObhCNrySrrT2qpljfA,VaO-VW3e1kARkU9bP1E7Fw,4.0,2018-07-25 22:42:52
aGDtObhCNrySrrT2qpljfA,XCDXN4xJh3-DauaO88CZHQ,5.0,2018-07-19 00:34:48
aGDtObhCNrySrrT2qpljfA,kBgiy6ulQRiATWFPZjTPKA,3.0,2018-06-30 18:40:49
aGI_wfhcJ86DJ-67Lkty8g,d5fAUl4lKaNxGfiXj4Kygg,4.0,2012-05-17 17:26:13
aGI_wfhcJ86DJ-67Lkty8g,uJZgom8HpK74xz8IojpT0A,5.0,2015-10-03 14:01:11
aHJ8Jqbadtw-ASIEYmYe6A,znx1v_c2IPKOXlYAbqFYvg,4.0,2010-08-05 15:45:41
aHl-3UItyhhS9P40Nr9EaA,-xxPdDMPm80ogHx_hgishw,4.0,2015-04-06 05:03:26
aHl-3UItyhhS9P40Nr9EaA,4kTeF5mHEkXzO-q1sxHZ2A,3.0,2016-09-14 18:43:05
aHl-3UItyhhS9P40Nr9EaA,8RGqaro54LVUOZpiTefWZQ,4.0,2014-03-17 07:35:40
aHl-3UItyhhS9P40Nr9EaA,BTblqXsOHMXjcgcYkdzuqg,5.0,2013-01-06 05:37:21
aHl-3UItyhhS9P40Nr9EaA,HpmsY3JJ4gIuS8EiVHwMJw,5.0,2014-05-12 02:05:18
aHl-3UItyhhS9P40Nr9EaA,J-Go00lYW4f4a3lLLtoh_A,3.0,2015-10-31 21:15:51
aHl-3UItyhhS9P40Nr9EaA,LgWlFdHfW2ZD8M-2vaMULg,4.0,2015-01-10 03:30:03
aHl-3UItyhhS9P40Nr9EaA,Reuk1p7ZUrLikUjzv70jYA,4.0,2015-11-11 22:44:49
aHl-3UItyhhS9P40Nr9EaA,X4kLBCoQeS-x6zVH7fnOvw,4.0,2015-06-25 18:44:59
aHl-3UItyhhS9P40Nr9EaA,cuYMRqzehT24XJk-YSrExw,4.0,2017-02-12 01:05:47
aHl-3UItyhhS9P40Nr9EaA,gwOiwfeHxBemcMV6u1dI_w,4.0,2015-09-13 04:36:46
aHl-3UItyhhS9P40Nr9EaA,kfkhc8PaFdbk8aQ9suZIfw,3.0,2017-04-16 07:24:59
aHl-3UItyhhS9P40Nr9EaA,rrboiibHEX-2miWnheS5PA,3.0,2015-04-24 23:46:53
aHl-3UItyhhS9P40Nr9EaA,wLybne33jvVt6rs9ji8bww,5.0,2013-12-08 22:21:23
aHl-3UItyhhS9P40Nr9EaA,yjcIKn2T2QY_DjXWACsAFw,4.0,2015-02-17 05:44:21
aIJ-2R1q5G7oqzBSgK_Vvw,26jYcdFR5oLqKDKpTH0JIQ,5.0,2017-01-20 16:46:38
aIJ-2R1q5G7oqzBSgK_Vvw,elEQxid6rZ3tRZF1Kwkr9A,3.0,2014-03-14 19:38:25
aJRnjwJ3D4Knl9pRwOfKDg,gVw224_IlTrx3KHEgFBtMg,1.0,2018-10-09 23:52:56
aKQS69MIMJpT-UpxieaHRQ,RmShOF-8MxNjlXATWs_2Dg,4.0,2018-11-05 22:40:38
aKY4eFOJeCaXnw1jGPozTw,bPGzgqDIbFAhSLo4GAT-Kw,4.0,2016-09-04 18:07:23
aKY4eFOJeCaXnw1jGPozTw,hXvf5a798WvQtFn0Zbh2yw,4.0,2016-09-04 18:29:46
aKY4eFOJeCaXnw1jGPozTw,un0SYMwg2E_T1VLp7ANW7w,5.0,2016-09-05 15:07:04
aLaa6eLX7cWg25MDAIms8Q,EpFFiPHKx9yP-WqOCuxRCw,4.0,2010-05-19 23:43:54
aN9nWudz5rfar7rHr9lHfA,v17tgCRjuPQiFOq4uvEI-w,5.0,2016-08-13 00:13:54
aO78EAQXcY0_6cX5LdosLQ,k6xc8FiZp2hppWcQJzNVpQ,5.0,2010-06-19 20:00:01
aOmIxWh7AGUwCqFMOW7Piw,dvTQNq-EGH1Omt318rlt1g,3.0,2019-11-06 05:50:21
aQaQOjp7Ava9CHBNXmc_gQ,J3Jnm1G1h6tBxsgjU9fqxQ,1.0,2014-03-20 02:02:26
aQfayV9mBJOf77W4EnWo8Q,Cs0adaMTxJWTDSzuQ3vheg,5.0,2018-04-10 15:52:14
aRFDw9Y03_ZyOA3zMMcMaw,K7vvEwRd6Y8gRftjeuASuQ,5.0,2020-08-23 11:39:42
aRIwtRfgPx4Acdfc_9Uh4w,NVeyGc17JTCxbfyvPMa1Hg,2.0,2016-01-29 00:52:42
aRWEkwQKHRoJgRmSYl7zKg,EwWcloIMj8zflH5Dc16-nw,5.0,2016-09-23 16:39:11
aS49PVvvoAAXf9B66ovyaA,cOXc8c85Ms6dMEAJazLXHQ,4.0,2016-05-05 05:21:23
aSRlObf4CsqCLzfbs2r9FA,2XYPFRm7teCUr3eGsB2-qw,5.0,2008-12-07 22:43:31
aSRlObf4CsqCLzfbs2r9FA,8cjw0td9VVUmhQTLpeFgRA,5.0,2008-11-21 15:59:09
aUtAqNVDJSjnlY-zV_uM-w,ObZu0-S1VAqAuCbAF5AFvw,5.0,2015-08-17 14:33:37
aVoIhTlHIkUaWFxr1gYQ4w,rugDoz-A6vL-FG-8PbvOag,5.0,2018-07-11 20:58:18
aXEqpBc7mlSegvUTgFJOkA,KHe6HAqmyioITwTvg9Bbcg,4.0,2019-10-05 00:17:55
aXZMjnrhWL7MjfKbez7_Pw,hwcPLznPbsW8ghC20OluRQ,5.0,2014-01-29 14:48:21
aXpiHi7FW_wOIe7nGFRSDQ,_E0WPHfJEYmwOUCAj-Jq1A,3.0,2020-06-30 04:07:50
aYa5DvAzmOfdUOHJLiWAYg,0-JRAY0LpBazDuA9761U5w,5.0,2017-10-17 00:41:25
aYa5DvAzmOfdUOHJLiWAYg,7lwe7n-Yc-V9E_HfLAeylg,3.0,2017-08-13 09:50:17
aYa5DvAzmOfdUOHJLiWAYg,C9UylQTOh7uwZo4a7QhLyg,5.0,2018-01-21 04:16:30
aYa5DvAzmOfdUOHJLiWAYg,U2y7fsqDgxAXskoJNVxbwg,4.0,2018-03-06 21:58:15
aYa5DvAzmOfdUOHJLiWAYg,Zh8X1au_crT9jBs2LlPb2Q,4.0,2018-01-21 15:54:22
aYa5DvAzmOfdUOHJLiWAYg,bN_9QgxdOIk4oK-6fBDJtQ,5.0,2017-08-05 14:25:25
aYa5DvAzmOfdUOHJLiWAYg,gdklkhsq4C7KANfnXaTlWg,5.0,2017-08-20 10:46:39
aYa5DvAzmOfdUOHJLiWAYg,j-qtdD55OLfSqfsWuQTDJg,5.0,2018-01-05 01:33:36
aYa5DvAzmOfdUOHJLiWAYg,qYREpGOZQ_Xio8Vo-a0TmQ,4.0,2017-12-06 17:30:34
aYa5DvAzmOfdUOHJLiWAYg,y4VFp6qk_EFgNy9yKFlj3Q,4.0,2017-11-18 07:02:27
aYa5DvAzmOfdUOHJLiWAYg,ytynqOUb3hjKeJfRj5Tshw,5.0,2017-11-10 14:59:15
aYlkfPqVtcKU7cPDTVql_Q,EaOpoKLdqNwZ2q5owQ6LDA,2.0,2013-05-14 20:27:01
aYt6yemtPLX1RbX7UT6KCw,D1OT9vuepvXJrn5VDgm4YA,5.0,2017-10-21 05:12:34
aYveEctPYcZiubXyEgLhTA,4IrGZzglUUDgxfBBJKbnZw,4.0,2019-04-24 16:30:47
aYveEctPYcZiubXyEgLhTA,5vAtunQlPFkfdTI9zn4TIw,4.0,2019-04-26 17:51:16
aYveEctPYcZiubXyEgLhTA,MwCs34rji1d4lZ58xzzvrQ,4.0,2021-05-17 08:57:15
aYveEctPYcZiubXyEgLhTA,QQGyPctWtd9WOZnMKUChUQ,4.0,2018-12-12 14:33:54
aYveEctPYcZiubXyEgLhTA,RQAF6a0akMiot5lZZnMNNw,5.0,2019-01-04 16:21:01
aYveEctPYcZiubXyEgLhTA,bncTqUdA8ZPcUkDDmUbqyA,2.0,2021-05-03 22:22:58
aYveEctPYcZiubXyEgLhTA,fq44yNPMuN0dF5ZHdDuvYw,2.0,2019-04-24 03:02:19
aYveEctPYcZiubXyEgLhTA,qBwOLby0sOJd3QG1o76W2w,4.0,2019-01-21 14:00:47
aZQnKn-HT4FaFWsOZEvD5w,KHe6HAqmyioITwTvg9Bbcg,5.0,2018-04-07 22:20:17
a_-cGctRb1Tjzkzw8Hp3_Q,1_hDCN3iioFR3XnUr32ZtA,2.0,2016-08-25 02:59:02
a_-cGctRb1Tjzkzw8Hp3_Q,DNkz1z53dS2CUUWI1Skg2g,5.0,2016-08-16 20:56:15
a_-cGctRb1Tjzkzw8Hp3_Q,EmHXLffnzvntWzO6Ba3Atw,5.0,2014-03-25 13:42:19
a_-cGctRb1Tjzkzw8Hp3_Q,K2MrnWrEEg9FzHrm9lve8A,4.0,2016-03-29 23:15:08
a_jH1ewLLYzEfPnKjE66DQ,9C27gYO2tbthNOier8bHzw,5.0,2018-04-16 16:53:24
aaEr2-3Qaa4jo9rkjiqibA,02qFLwwFi8T804rHcYh7Zw,5.0,2016-08-31 21:02:41
aaEr2-3Qaa4jo9rkjiqibA,4eZ-elvoXx4m65uoz7ymzQ,5.0,2019-08-13 16:39:17
aaEr2-3Qaa4jo9rkjiqibA,9Y5JPV0TFZpJXFokFxwewQ,3.0,2018-09-11 15:05:45
aaEr2-3Qaa4jo9rkjiqibA,EwYzIWSC-w81qZwUwVDoIQ,4.0,2017-04-15 12:20:44
aaEr2-3Qaa4jo9rkjiqibA,HSv0Pe45yPAs6PgwlcTPcg,4.0,2019-08-25 12:10:21
aaEr2-3Qaa4jo9rkjiqibA,I4GAOtrRYbinmI3zEwqxVQ,4.0,2018-01-10 15:18:07
aaEr2-3Qaa4jo9rkjiqibA,T-uphPk44OFt6sR8F-0uHA,3.0,2018-05-30 13:20:25
aaEr2-3Qaa4jo9rkjiqibA,VwDrUaY7PPkvfD6M1dAVBQ,4.0,2015-11-30 14:46:06
aaEr2-3Qaa4jo9rkjiqibA,Wr2k0Vz8RbcumYulp-jIrA,4.0,2016-03-20 15:41:28
aaEr2-3Qaa4jo9rkjiqibA,ZuwJdk2g6XGRWV94TE50Cg,4.0,2015-08-11 23:40:30
aaEr2-3Qaa4jo9rkjiqibA,fN17POyxijqDNBBe2UGZkA,4.0,2020-02-27 15:11:14
aaEr2-3Qaa4jo9rkjiqibA,lbGQ0fIfpiqltPCtRGt80w,4.0,2021-09-24 09:25:09
aaEr2-3Qaa4jo9rkjiqibA,p4lVltKOVX6-XvCVCXmc0Q,4.0,2017-08-29 18:55:14
aaEr2-3Qaa4jo9rkjiqibA,qwmlqH4blnTNTFDhUaCBXw,4.0,2015-11-30 03:28:10
aaEr2-3Qaa4jo9rkjiqibA,sf-KdXHB5nxfNjl2uUpI6Q,5.0,2015-12-01 23:55:27
aaEr2-3Qaa4jo9rkjiqibA,wb_z1h7XR5IQhVRZHlMuLQ,4.0,2018-07-13 15:31:15
aaEr2-3Qaa4jo9rkjiqibA,whmn0dUpEb2NbmpVF2Xxcw,4.0,2017-10-20 14:08:49
aaEr2-3Qaa4jo9rkjiqibA,xb5NsCqvQw2uE5HoQyDr0g,3.0,2016-01-07 00:15:24
aadVybdTbeVpSboTPCTjJQ,XgnArX8m2BaGtpJp5Mx2qg,5.0,2016-09-20 04:10:49
aadVybdTbeVpSboTPCTjJQ,cLxia5oKALmQ1HDWq0KPmw,4.0,2018-09-12 21:48:13
aakUfHsqjH8ZNHgCihwOFA,kCV9CwW28Uz1ln4IXGhGwg,5.0,2019-09-30 02:32:09
ab3SYU2sI_mFTATWV0C6lA,_UaTldka1sodVkg-pcNlZg,1.0,2018-08-14 03:47:51
acsgklztOz0MzucAeiTcuw,P1Oxdcr6lZtzg2onGYXAww,4.0,2014-12-16 14:58:10
adi9O9g6X9ksr0wxFG9Yrw,J8S7cPPlTgsQnXKVfTyN8g,2.0,2014-09-10 23:10:55
ae_Csk90z4AjuanqJhF0Xg,HdiWY4WV6laZflpfcLyo8A,5.0,2013-10-10 04:49:13
afPIUwUh0C_lgHvt77cneg,SwBhaxfQPbyhsi0QHUAN0A,1.0,2010-12-15 14:41:09
afdlzFQ20OW5-tS7GVhH1g,6OC8ErU_m06KABnfSXTJEA,5.0,2015-08-28 01:55:39
ag0Ko4cAXf1fdKXD52gGeA,lA5BOb5Om5cn_dfwiOgbNg,1.0,2018-02-09 06:03:43
ah4eUQ2qsyabQ4UNtFKAig,gsyyVQmvT9A2nAgUi7VUag,3.0,2018-01-19 00:27:07
ahnaBpvC29I66u_6JRzQFw,7D5-a53BLau19RpMu-L3zg,1.0,2015-05-23 21:18:11
ai7Oz07QWyvmyKH2iY7_Yg,Bii6sQO2QNinBq9vdakNBg,2.0,2015-05-20 02:32:44
ai7Oz07QWyvmyKH2iY7_Yg,Dkd-YyNmNwVs8PzmEaTIXQ,2.0,2015-09-02 02:13:24
ai7Oz07QWyvmyKH2iY7_Yg,zC_2cSAkMKkSAykOk72LcA,5.0,2011-12-21 22:45:51
akiIhaV0vVVfDwEozKZxEw,SwBhaxfQPbyhsi0QHUAN0A,2.0,2015-01-13 21:41:11
alUlVVMx9NtfrvK4xAQy2w,8rpTqJOgmOCqLN5OCxaVOw,5.0,2016-08-18 13:16:39
amjcrMVQ0l45ydmRuA08Jg,0IKbUmLM8pWn9t-Epf19iQ,1.0,2014-11-15 03:18:18
anNnpsq6qO34hYHqFS6Onw,C-oyGb6TZDP0IVd1NQNnoQ,4.0,2011-02-03 23:57:26
anPHG0RTHqHX1fwOrqqUWw,I0I2mkCOPTYVSLpc8A8VVw,5.0,2016-07-21 21:51:41
argaX4ADH_Wczq2ZUPYLNw,6uT6Py3nhuNuEyMJ_IADZQ,4.0,2019-01-08 06:01:32
argaX4ADH_Wczq2ZUPYLNw,O4grjToHwGSIlbSHjQ1dQQ,4.0,2018-07-31 16:52:24
argaX4ADH_Wczq2ZUPYLNw,n6up3A47D8FIyKcdPDWzuQ,3.0,2019-01-01 01:24:46
asDZ5PRvzR-YBbzZaclTnA,GXFMD0Z4jEVZBCsbPf4CTQ,5.0,2021-04-05 18:56:31
asFJcKE-UAzgmzOT3QG--Q,-K1tIJOQ9bjNCelVN7aWxQ,4.0,2020-08-28 17:25:30
asFJcKE-UAzgmzOT3QG--Q,9b-LZWsj75mmfMYuChXDkg,5.0,2021-12-06 20:32:26
asFJcKE-UAzgmzOT3QG--Q,BMKJ3JyD_r_SQ1JXAzo1Hw,4.0,2020-01-02 23:07:28
asFJcKE-UAzgmzOT3QG--Q,H_EmJ9Id0pnFw2poOH2OOw,4.0,2019-05-24 12:36:54
asFJcKE-UAzgmzOT3QG--Q,LlGHv3iqPsLc2clOwE8qug,4.0,2021-05-27 16:10:28
asFJcKE-UAzgmzOT3QG--Q,OuJ9rEv3NbMOSndjQyqtGw,4.0,2020-12-29 18:04:37
asFJcKE-UAzgmzOT3QG--Q,QN38TkkGzF5vB1urbvi5nQ,4.0,2019-07-07 18:27:48
asFJcKE-UAzgmzOT3QG--Q,QboMIy08NLnBbLXEsmnDHg,4.0,2020-12-07 21:34:19
asFJcKE-UAzgmzOT3QG--Q,UUDGbu6-nK97evc2LaevGQ,5.0,2021-10-25 19:50:00
asFJcKE-UAzgmzOT3QG--Q,W_ZVpK3GCRRmQCvPQAhj2g,5.0,2019-12-12 23:54:31
asFJcKE-UAzgmzOT3QG--Q,rQCTWNMzIZTfqWEAjxDpKQ,4.0,2021-09-09 17:26:07
asFJcKE-UAzgmzOT3QG--Q,vXQLdqB-stL2JTP5AsPVaA,3.0,2020-05-20 00:20:11
asFJcKE-UAzgmzOT3QG--Q,xowF0NCQ74qopUqm2N1AXQ,5.0,2020-05-29 16:08:57
assAp-on4SiGbh6gkNuvUw,oGDGlUbOjHxmmCh8ZYcDCg,5.0,2019-01-25 05:59:36
avXvMybPionb-Kt_MX5Grg,X0vPZIkbUj22afBQz5-neA,1.0,2015-10-30 22:27:15
axWj8EDMZVGWuSALogXmyQ,EagkHaaC-kUozD3MPzbRIw,5.0,2015-06-11 04:18:40
ayQ01cxRgLIGfU1_N89Eww,gYrHa4CckDjgOQc5B-yTKA,4.0,2015-12-17 18:34:09
b1M_AfAr7DPio9m1oSS7RA,sGF1JBcdKblUHZ_jtMANLA,5.0,2010-08-24 01:52:21
b3-m9Vb-KoSoCuJwNqa9ZQ,Hh8jUR0mtVXkAnv8XDZjyA,4.0,2019-12-29 22:13:18
b39y_inQloddW6I49gV5AA,gK9CdFaCXmHoW8aLfXiSqg,4.0,2015-11-19 21:37:03
b4doIHtm0F24saFUAiAR-w,k1VWscMY1JqCHNVDk-lD5w,5.0,2013-12-09 21:33:27
b4hKq2XFGFTQiI3Qj26W2A,0ZcYZNGb85gscHglo04qSA,4.0,2015-08-16 23:53:50
b4hKq2XFGFTQiI3Qj26W2A,6dDC5PSmPEoJYuM8r8dN_A,5.0,2017-09-19 21:18:15
b4hKq2XFGFTQiI3Qj26W2A,F0n-lzB9vqRLdH5Ihcs1Ag,2.0,2017-03-07 19:51:00
b4hKq2XFGFTQiI3Qj26W2A,RsDUfhQl2R0H2moGv81Uaw,5.0,2019-03-02 20:45:50
b4hKq2XFGFTQiI3Qj26W2A,SG7g4cJFjgWtODi28W4eaw,5.0,2015-08-09 06:53:36
b4hKq2XFGFTQiI3Qj26W2A,bEw98BIWaAUjL7VNpZ7Crg,1.0,2018-02-22 23:03:37
b4hKq2XFGFTQiI3Qj26W2A,egDsfkn6ZYrYRnlGe4I94g,2.0,2017-09-16 02:23:11
b4hKq2XFGFTQiI3Qj26W2A,evxhNYa77dxWZabIpGQCkg,1.0,2018-10-18 18:35:08
b4hKq2XFGFTQiI3Qj26W2A,lau2jbBCG3XohoAvCRIm1Q,5.0,2021-03-15 06:16:49
b4hKq2XFGFTQiI3Qj26W2A,n-5axl7flllst22atNMwuQ,4.0,2016-07-18 20:16:05
b4necRC4ra6rlQFinve3YQ,lbvhjs3ShUHi9cTcORiYwA,5.0,2014-04-18 00:40:38
b5eY3yJxpSWmEfKPFdFEYw,-psZLTe6IJTQUB-bZF7Zyg,2.0,2012-07-28 04:11:32
b6WRBVDieqwei4wC1rOsnA,9u4_k8-XC4RFETCeiQdO8w,5.0,2013-11-25 16:43:34
b8RJG-1BRwCzv4MVMGjicA,KHe6HAqmyioITwTvg9Bbcg,4.0,2016-02-23 02:22:26
b8SWcnxNL_czKgvRbzP0Mg,BA3IeQf3wQHixCGWS-O_YQ,5.0,2021-04-20 00:35:49
b8SWcnxNL_czKgvRbzP0Mg,FEXhWNCMkv22qG04E83Qjg,5.0,2019-12-26 18:00:33
b8SWcnxNL_czKgvRbzP0Mg,_zU8uJthn3o5swP0LmfuqQ,4.0,2020-01-22 13:42:21
b8SWcnxNL_czKgvRbzP0Mg,ytynqOUb3hjKeJfRj5Tshw,5.0,2021-03-16 20:35:01
b8kuJSzJXTmvkuzr38ehKw,4rG4tJF2EC2CfYvBu_uqpQ,1.0,2021-06-12 01:26:31
bAG7y3qbpTv3hzIpx4Wf2g,GXFMD0Z4jEVZBCsbPf4CTQ,5.0,2016-11-19 03:30:10
bAG7y3qbpTv3hzIpx4Wf2g,NB5XTBuLVCn7c9Lu5SUqKg,4.0,2019-02-13 23:02:37
bAG7y3qbpTv3hzIpx4Wf2g,SdeLVoqiYXiOAqhSxrZ3Gw,3.0,2015-04-26 13:27:27
bAG7y3qbpTv3hzIpx4Wf2g,_h94BxrrFKPvzUIRx3Xkhg,4.0,2017-10-01 03:01:35
bAG7y3qbpTv3hzIpx4Wf2g,cLxia5oKALmQ1HDWq0KPmw,5.0,2017-10-01 01:22:22
bAG7y3qbpTv3hzIpx4Wf2g,uR7G8I4Cef9D9R340TN24Q,4.0,2017-07-09 20:50:58
bBTusA3nc9uU-E6tirD6mg,4U8tToDb49xGDzWfn5TPaA,5.0,2020-05-25 20:14:00
bBd8sOgkhbaEeZHjczV8ZQ,3gVSrS4kffGGZT8oXHsIcw,5.0,2014-09-25 17:12:12
bBd8sOgkhbaEeZHjczV8ZQ,CxXYiJBkq9kqsgtdagqVgw,4.0,2013-10-02 15:18:20
bBd8sOgkhbaEeZHjczV8ZQ,Oun4NN-u5yiHIxDqtJnxgA,5.0,2011-10-23 20:59:27
bBd8sOgkhbaEeZHjczV8ZQ,dBCNUSbz5-8nQNrxWo5deg,5.0,2013-09-14 22:00:34
bCgB0aN-4vJWI4yVtVjlHA,gsyyVQmvT9A2nAgUi7VUag,5.0,2017-07-28 21:24:40
bCgB0aN-4vJWI4yVtVjlHA,tjnAz8IqAnqxxpQIAyuZMw,4.0,2018-01-21 03:26:28
bCgB0aN-4vJWI4yVtVjlHA,z7em5co2qckbAXoDGXynsA,4.0,2018-01-21 03:11:06
bCsS9EJOBTIxRGiqixB5rw,6F-6mFFNw2YXN7lD_Gukcg,2.0,2013-04-13 14:53:45
bEGLhmfZB3wgVZcn9Aswwg,oIr50siZDtDYCE_p5K8nYA,5.0,2019-06-20 17:01:25
bEeSIGO72QkAZMupUDF2Mw,J8S7cPPlTgsQnXKVfTyN8g,1.0,2014-09-09 20:37:31
bH3Uc0YNlnKubj8cT4nQ0w,EZpbFQJEgo00XNlKJe-4ew,5.0,2019-08-28 04:36:14
bH3Uc0YNlnKubj8cT4nQ0w,bLnC1_-Kd_Z5qhHNQXCUfQ,1.0,2016-12-19 05:13:35
bH3yc4ZI4CGd_wPpZKML5A,9vRQG7HfF-ftPTqZ_QJuUQ,4.0,2013-02-21 23:03:09
bHdkBXNejXSPYEas5haafQ,4ADeBcc3O4zmTrp60H4O_A,2.0,2018-10-21 18:29:47
bHdkBXNejXSPYEas5haafQ,lPx8jUBfK1K6u3UgowU5mg,3.0,2020-10-03 17:07:46
bJ5FtCtZX3ZZacz2_2PJjA,-BjXcRcvDqOQ23eUKx6hjg,5.0,2009-09-02 04:47:21
bJ5FtCtZX3ZZacz2_2PJjA,0oSSjekU-3GR8gselReWnA,5.0,2010-10-01 04:40:46
bJ5FtCtZX3ZZacz2_2PJjA,7hpUoYdAVToZXwuPRgoqdA,4.0,2009-06-04 06:35:03
bJ5FtCtZX3ZZacz2_2PJjA,GAuweBrcC_wK3a0UhZjwfA,4.0,2015-06-25 02:48:03
bJ5FtCtZX3ZZacz2_2PJjA,IkY2ticzHEn4QFn8hQLSWg,1.0,2007-12-28 18:13:06
bJ5FtCtZX3ZZacz2_2PJjA,J8S7cPPlTgsQnXKVfTyN8g,4.0,2009-07-20 03:38:45
bJ5FtCtZX3ZZacz2_2PJjA,JDv3h1xRFIW8fXckqgTdRg,4.0,2013-11-12 08:04:34
bJ5FtCtZX3ZZacz2_2PJjA,Oun4NN-u5yiHIxDqtJnxgA,5.0,2011-11-04 05:51:24
bJ5FtCtZX3ZZacz2_2PJjA,Q4_uwzXOKX5jv1I6SBR9ig,5.0,2013-05-15 04:47:18
bJ5FtCtZX3ZZacz2_2PJjA,REiAM73RkOxFqCVlEFiRWA,5.0,2008-07-11 08:10:47
bJ5FtCtZX3ZZacz2_2PJjA,S1FwTmCAwv5ulu5gToWi_w,5.0,2009-03-09 22:01:01
bJ5FtCtZX3ZZacz2_2PJjA,WgyhlYg3fnSgco4qLa20cg,5.0,2008-03-03 01:00:39
bJ5FtCtZX3ZZacz2_2PJjA,_f3JQU6IXpGmTLaSqGy79g,4.0,2016-04-12 03:32:53
bJ5FtCtZX3ZZacz2_2PJjA,abQpaUX09LiT8GQBWJR99A,4.0,2016-03-09 04:13:43
bJ5FtCtZX3ZZacz2_2PJjA,auwFZzfhe2pvFw43OfsAfw,5.0,2020-12-01 07:02:48
bJ5FtCtZX3ZZacz2_2PJjA,bugqlf02nwjIY1F8lozzKQ,5.0,2021-04-08 06:11:09
bJ5FtCtZX3ZZacz2_2PJjA,fOhnSqmO4XY5vSI8whVKSA,4.0,2009-07-17 02:41:29
bJ5FtCtZX3ZZacz2_2PJjA,gK9CdFaCXmHoW8aLfXiSqg,5.0,2018-01-24 06:49:10
bJ5FtCtZX3ZZacz2_2PJjA,i6jA8vSHrP9LiUPHlqPVwA,5.0,2009-06-05 06:41:16
bJ5FtCtZX3ZZacz2_2PJjA,iZNR8-rqsBL2afDk4Zxe8A,5.0,2008-08-27 02:22:09
bJ5FtCtZX3ZZacz2_2PJjA,nk2a2nI1jfln9zLpxEvTnw,5.0,2018-01-07 07:29:53
bJ5FtCtZX3ZZacz2_2PJjA,p-MSh95si_sDdih94gyKuw,5.0,2020-02-15 07:26:12
bJ5FtCtZX3ZZacz2_2PJjA,u7_3L1NBWgxhBM_B-cmmnA,5.0,2014-09-16 06:46:14
bJ5FtCtZX3ZZacz2_2PJjA,vVfy055EfLMdd0yJYHxiMQ,5.0,2017-06-07 03:35:41
bJ5FtCtZX3ZZacz2_2PJjA,ws7z5fLdaVgwxZ9ex3cKxw,5.0,2011-02-11 07:07:09
bJ5FtCtZX3ZZacz2_2PJjA,wuH4TPUo8oJo4E59xZKsNg,5.0,2017-03-22 03:34:34
bJ5FtCtZX3ZZacz2_2PJjA,yypfHgPJw6V65cLTOZiPSQ,5.0,2009-02-05 22:53:02
bJL_qqz1GLee0PuqY06SuQ,zJpBMqVuAzcBhHZSe0-18w,2.0,2017-06-19 15:34:09
bJ_CWJ55ZLgwNvo-OAW2Og,u9vhzYtXpfyvAOAMnyy-Cw,5.0,2012-06-20 18:51:04
bLbSNkLggFnqwNNzzq-Ijw,IE-5GIHlAINr0zO4lrJ_Lg,4.0,2018-02-28 20:20:09
bLbSNkLggFnqwNNzzq-Ijw,XnbuS6ieFxsDSH9go88juw,4.0,2018-02-21 15:52:18
bOei0iogihBsoGwcBlEvmA,g2zwbLIqxtN9nGGuL43trg,1.0,2013-05-18 18:27:45
bOuuBrAjEmSLUK1HtHXCfw,93UD654AB6IzMPFlQgwfOg,3.0,2022-01-04 02:38:45
bOuuBrAjEmSLUK1HtHXCfw,JWqbjm0wtbbciu_Gb6Eqyw,4.0,2021-04-08 05:30:26
bP07gtqxi5lk1iZxLt7KDQ,G-p4c4MRyLRXi4D4XEKFLg,3.0,2018-03-10 19:29:53
bPfi1xz6uXpDj5RBNk1j3w,znx1v_c2IPKOXlYAbqFYvg,4.0,2010-05-09 20:11:54
bPvtFRA3nr333FsyjQowZw,1FURjeGJi_LBXcJQg8eskw,5.0,2020-01-12 00:31:20
bPvtFRA3nr333FsyjQowZw,8uF-bhJFgT4Tn6DTb27viA,5.0,2019-05-01 21:23:30
bPvtFRA3nr333FsyjQowZw,VaO-VW3e1kARkU9bP1E7Fw,5.0,2019-03-19 07:20:08
bPvtFRA3nr333FsyjQowZw,oBNrLz4EDhiscSlbOl8uAw,5.0,2018-12-05 21:51:37
bQCHF5rn5lMI9c5kEwCaNA,JLumGKzGu9kqGTdwYF41CA,4.0,2020-11-13 17:54:20
bRFKK1RTGuxGkLcXYHZBxw,FpNhzu3w0XgyedhOLDuK8g,4.0,2018-06-21 03:57:08
bRSDxlORN4YDzKGE8dnF3A,zIUUlBoQOQqQLoi2ElcWAg,1.0,2017-05-04 00:35:51
bRkagjXwiDZ7DC29GK_aEQ,-6JdVK-DHB4_43PEksbg1A,5.0,2020-10-27 15:14:19
bS8HNq9bzOpYNjEp7Aiywg,ZzJofWxYndRUyiOyPI-O7A,5.0,2014-08-16 21:44:54
bSloRcSeO_bgbWZYQnNStA,yy3XR0wu1K4BTAdQjRoc0w,4.0,2014-07-13 12:33:23
bTTTpFaHmyRB-ZUTbWa48g,St_OHgYAn5czLy0naZwseA,5.0,2015-09-24 15:44:40
bVUxhVCeJyBmBNvuB5zpRA,jOgXXZdODiH-drcJYZkDnA,5.0,2014-08-21 12:52:49
bVthsfeUU3Bd5AeJLqKT-w,1FURjeGJi_LBXcJQg8eskw,4.0,2017-03-26 17:53:35
bVthsfeUU3Bd5AeJLqKT-w,6RBZfirnzE4NahJTn1UPNA,4.0,2020-11-10 20:56:55
bVthsfeUU3Bd5AeJLqKT-w,ChlcxTEoWBQJXJ2Xb2vm5g,4.0,2016-12-19 06:41:44
bVthsfeUU3Bd5AeJLqKT-w,WxB8498ejPtHE7wFa89_fA,4.0,2019-11-19 20:46:08
bVthsfeUU3Bd5AeJLqKT-w,iSRTaT9WngzB8JJ2YKJUig,2.0,2014-10-17 00:47:40
bVthsfeUU3Bd5AeJLqKT-w,uLp_wwemUq6cAuxPwaZF3Q,3.0,2016-09-16 07:44:58
bVthsfeUU3Bd5AeJLqKT-w,uO39--k_hrCFgZh-Bl8m8A,4.0,2020-08-28 20:23:19
bWXEs2SFK0WmlvbhTr7UlA,sOjbtBWo-m6rpjHv4tA_oQ,2.0,2012-04-08 21:13:22
bXGWcoEJilVZuyX_AigRGg,l6cY2ndR-6GmqhVeuA0VgQ,1.0,2015-02-25 07:46:07
bYENop4BuQepBjM1-BI3fA,-W0tnXYJ4WuxLjzmbwlVAQ,4.0,2013-09-16 14:22:59
bYENop4BuQepBjM1-BI3fA,0MhxvTys2ADYa3sOO91ldQ,5.0,2018-01-17 15:57:29
bYENop4BuQepBjM1-BI3fA,0cddB9WRKcQhzAEXEav81w,4.0,2012-05-01 16:02:43
bYENop4BuQepBjM1-BI3fA,1o9IdLrFGMS2o5Y8uXKC0Q,5.0,2019-05-30 22:47:19
bYENop4BuQepBjM1-BI3fA,1yrGx3Cwtj7I0zmhuVsu9Q,5.0,2019-03-01 16:53:50
bYENop4BuQepBjM1-BI3fA,3XirYkP9PJvVXIEDPNNXLA,1.0,2012-10-02 22:49:41
bYENop4BuQepBjM1-BI3fA,3qiHeiMr-6D1Yp-DbOeJhA,5.0,2019-03-01 23:22:57
bYENop4BuQepBjM1-BI3fA,4uZUHjSonatwt-02yqJp6w,4.0,2015-02-18 00:16:28
bYENop4BuQepBjM1-BI3fA,6FvC6w810uf6O7Ocd6Wpog,3.0,2017-01-31 19:03:36
bYENop4BuQepBjM1-BI3fA,7qMmN_FB0JJ-8MPNfHwhsA,3.0,2020-04-23 15:51:55
bYENop4BuQepBjM1-BI3fA,7sV9quynaXTvDW85Bixhaw,3.0,2017-12-27 23:48:58
bYENop4BuQepBjM1-BI3fA,8NKKQv7GL-S3je-A2IQThA,4.0,2021-03-11 18:59:43
bYENop4BuQepBjM1-BI3fA,BATrNfVKnNCQ2qAcod83Sw,3.0,2013-06-26 12:20:05
bYENop4BuQepBjM1-BI3fA,DzVYXX8mc5x31BbaP8c0_Q,5.0,2019-09-19 00:22:59
bYENop4BuQepBjM1-BI3fA,ETsHfis7Dm932TS0dRjcoQ,5.0,2020-07-16 00:13:54
bYENop4BuQepBjM1-BI3fA,EmN6j5PKKUL7DkXnM267aQ,5.0,2021-02-03 17:04:09
bYENop4BuQepBjM1-BI3fA,FpwmIq3Gpo6hGIrOOv8lTw,4.0,2014-01-25 20:09:10
bYENop4BuQepBjM1-BI3fA,GJnYFvk9kbM182bKMFSAvg,4.0,2017-09-05 22:20:32
bYENop4BuQepBjM1-BI3fA,HKS-63JzfR0DMNVLBuokYw,5.0,2013-04-12 15:23:19
bYENop4BuQepBjM1-BI3fA,H_u6w1hM4WEgOD288i5edw,5.0,2011-09-13 17:14:02
bYENop4BuQepBjM1-BI3fA,IdIOZSbnLRcN1dG5PDXDeA,4.0,2015-09-20 23:12:53
bYENop4BuQepBjM1-BI3fA,K4wVovK22PnUpCNgy30KSA,5.0,2021-03-19 20:55:03
bYENop4BuQepBjM1-BI3fA,K6XWaJkcMhayiZxlTVX-Ag,3.0,2013-02-05 02:50:26
bYENop4BuQepBjM1-BI3fA,Kfaq9cuyeXHkzWwL39jUWw,4.0,2013-09-18 15:38:31
bYENop4BuQepBjM1-BI3fA,Lpuvf-1pHW1Roh6bPm1fPw,4.0,2016-02-01 02:04:37
bYENop4BuQepBjM1-BI3fA,Mr7Aov2n7wPCpwaUxk8lCw,5.0,2012-01-29 21:30:32
bYENop4BuQepBjM1-BI3fA,MuKoTR56s6elHEI2wUkgJA,5.0,2017-09-13 17:50:41
bYENop4BuQepBjM1-BI3fA,NHb6QTrJOnyIj-Zd0fYzFg,5.0,2012-08-13 14:03:29
bYENop4BuQepBjM1-BI3fA,O93AIQy9P4YTYDlRl5rRUw,4.0,2020-07-02 23:28:15
bYENop4BuQepBjM1-BI3fA,OcCrSDYR5cETO4FZ7R2iEg,3.0,2022-01-12 17:33:15
bYENop4BuQepBjM1-BI3fA,P7XX9Kf4-RxnkmUvrTQGLw,4.0,2019-08-07 16:49:20
bYENop4BuQepBjM1-BI3fA,R8t9g5nvi7VFyS8zsgmj8Q,3.0,2015-01-14 18:14:09
bYENop4BuQepBjM1-BI3fA,S6tR7vBAg-3b9mGLB13-Ug,4.0,2017-11-02 14:03:07
bYENop4BuQepBjM1-BI3fA,UM6XgOtTX4DWWcGDTWtjEg,3.0,2016-08-10 15:06:48
bYENop4BuQepBjM1-BI3fA,WHLM6UhwSV0tN3CrmSgsUA,5.0,2017-09-05 14:19:28
bYENop4BuQepBjM1-BI3fA,WYFbNrYDgw7gNDvMxa0rKA,4.0,2017-11-02 14:32:24
bYENop4BuQepBjM1-BI3fA,XTxp11CycW_u675Xg0igJw,4.0,2019-08-17 00:33:34
bYENop4BuQepBjM1-BI3fA,YT1oM3AlNSCjzKvbH8MPWA,5.0,2016-07-06 23:50:34
bYENop4BuQepBjM1-BI3fA,Yz4BD3vf8-d14j2T2FgYxA,4.0,2016-01-18 03:30:03
bYENop4BuQepBjM1-BI3fA,ZfZhTZ5CHU5LQDeEUGsE_Q,4.0,2014-04-05 17:41:02
bYENop4BuQepBjM1-BI3fA,_-XYJgVGrNMtn_S6nPm-GQ,5.0,2018-01-03 02:13:43
bYENop4BuQepBjM1-BI3fA,_4bhVmlvT9dvqydQG2TOMA,4.0,2016-03-16 15:34:32
bYENop4BuQepBjM1-BI3fA,_H30_Y_YcQQ7kbix9a1KfQ,4.0,2016-01-09 02:13:36
bYENop4BuQepBjM1-BI3fA,aI3B47Y_AUYFP5K5JAYrlA,5.0,2019-03-29 00:59:58
bYENop4BuQepBjM1-BI3fA,b2FwlYZiMKEB95fFhLEqWw,5.0,2015-01-13 17:46:35
bYENop4BuQepBjM1-BI3fA,bqR_3sT_rNp0hZglPtX6rw,5.0,2020-05-09 14:07:05
bYENop4BuQepBjM1-BI3fA,cOdEq7xqSFko6Gp8Ro9H8Q,4.0,2016-02-25 02:06:59
bYENop4BuQepBjM1-BI3fA,gBGD0dNvfLlQOAaZzCU1NQ,5.0,2017-12-03 23:44:02
bYENop4BuQepBjM1-BI3fA,hbs43HZRB1nwMzMtiT9lsQ,5.0,2019-04-20 16:53:15
bYENop4BuQepBjM1-BI3fA,iESLDNx67PpLDnMFR8eDPw,4.0,2013-01-06 17:57:20
bYENop4BuQepBjM1-BI3fA,iKV83dI9jNc5h6L41aaUdw,4.0,2012-08-08 02:17:30
bYENop4BuQepBjM1-BI3fA,jJKmOo4aeo_NanXQn1gjiw,5.0,2019-06-15 18:59:30
bYENop4BuQepBjM1-BI3fA,kaW1wIGEVtLtAEIgHm_PQg,4.0,2012-03-28 13:54:19
bYENop4BuQepBjM1-BI3fA,n5ckluP3guLVOMBwVS7tXA,4.0,2018-03-24 23:37:38
bYENop4BuQepBjM1-BI3fA,oFxKFiDkP_lGaFAzvnzZfA,5.0,2016-01-27 02:24:47
bYENop4BuQepBjM1-BI3fA,oHvEgLH6pAkcrPmeR1l3UQ,3.0,2015-12-07 02:26:52
bYENop4BuQepBjM1-BI3fA,q2rR-v9ZStix89t7ihyuqg,4.0,2019-09-13 19:16:34
bYENop4BuQepBjM1-BI3fA,qhsJbgxVNDb0973r3Gjrow,5.0,2013-06-27 13:06:32
bYENop4BuQepBjM1-BI3fA,rBdG_23USc7DletfZ11xGA,4.0,2016-03-28 03:25:01
bYENop4BuQepBjM1-BI3fA,sikefl5Nj00MNQ1OUyCEcg,5.0,2012-11-09 14:27:24
bYENop4BuQepBjM1-BI3fA,tqHbdVDUbPub5l5_OcEWvQ,2.0,2015-11-21 02:13:14
bYENop4BuQepBjM1-BI3fA,u4M4SxqehnyMI5vs9HaW7Q,4.0,2014-02-05 00:25:18
bYENop4BuQepBjM1-BI3fA,v4S374WpOOhojqpto-AaAA,5.0,2017-03-07 03:17:02
bYENop4BuQepBjM1-BI3fA,vB6RTjuDxOlfh6xWegVt0w,3.0,2020-02-07 01:24:52
bYENop4BuQepBjM1-BI3fA,vIg_WNUAZHXcqe-9JdWJ7w,4.0,2020-01-10 02:31:56
bYENop4BuQepBjM1-BI3fA,vWjME92WddneF98IqzaNfQ,5.0,2013-05-29 16:28:35
bYENop4BuQepBjM1-BI3fA,vgUCHA9janT7JJ6ZoUHN2w,4.0,2014-11-23 03:23:14
bYENop4BuQepBjM1-BI3fA,w2NiG6ftSvpU81eRghLIjQ,3.0,2019-05-24 15:56:37
bYENop4BuQepBjM1-BI3fA,z7em5co2qckbAXoDGXynsA,5.0,2020-05-07 16:31:55
bYENop4BuQepBjM1-BI3fA,zVoxVPHEt11_0GzqNuT2ZQ,1.0,2012-03-31 14:52:20
bZht4NrOwu3x6BU2c86C7g,dGUyXgFW1WSYMgRypKaYew,5.0,2014-06-30 19:51:43
bZooYJ-kjJko7Av8p95s2Q,6F-6mFFNw2YXN7lD_Gukcg,1.0,2010-10-02 19:12:23
b_hOVL43ocK8Shn91hdlHQ,8xTHtLoNIwdpf0FEvIpQIw,5.0,2021-10-13 22:26:19
b_hOVL43ocK8Shn91hdlHQ,fN12ywQpLXQ93bpwe1N_Ww,4.0,2021-07-14 10:00:09
b_hOVL43ocK8Shn91hdlHQ,lRznUOtLYY2GP_dvc7kmYQ,3.0,2020-03-03 02:52:07
b_hOVL43ocK8Shn91hdlHQ,x8H-yQUbbeaC28Sj4cqy4w,4.0,2021-03-09 17:37:47
b_hOVL43ocK8Shn91hdlHQ,ytynqOUb3hjKeJfRj5Tshw,5.0,2020-02-17 23:06:40
b_lvADSHDu_ruDcEMDampw,JJRRJEmis9QlmGnE5WZk8A,5.0,2021-08-26 22:20:18
ba-QKKi1TB9GLfqSyvayHA,QUEWdnmVCv2Ri8xJATTrIQ,1.0,2013-05-18 23:58:54
baaSdAasBNpSDsmG0Si2MA,ED-6JeGGo8C_m7MiSB36Zw,5.0,2019-08-19 00:16:28
bb0kaeFl2XmSHYUIJ-9O6g,ZKPrXH_GNW_AtZ31tP3NmA,1.0,2008-03-25 20:58:15
bbtc1OcdwTOsz3i7WwpHGA,0IKbUmLM8pWn9t-Epf19iQ,2.0,2016-09-25 13:12:49
bdenOEWX0Y1Yld5qNQ1QKA,bY55freuP8C_wr6y5Fid7w,5.0,2015-04-25 16:17:34
bdenOEWX0Y1Yld5qNQ1QKA,oBNrLz4EDhiscSlbOl8uAw,1.0,2018-09-16 14:20:35
beb-sqGL8NVxpYTR_XCl6Q,9KHTQiXutn-W51EjAfrodw,1.0,2017-12-28 04:40:33
bfpdkDQfWjWoJRAsbtfATQ,2vLwBpIqpG5Cci8K-xD8uQ,4.0,2015-07-25 17:20:00
bfpdkDQfWjWoJRAsbtfATQ,9uRj85PviKNiMCYPwiJyIw,5.0,2021-03-03 00:56:41
bfpdkDQfWjWoJRAsbtfATQ,H5Rk-aunuEzGANXCBu-NPQ,4.0,2018-12-07 16:43:38
bfpdkDQfWjWoJRAsbtfATQ,KP5OncF2jhT7_J1phHPPww,5.0,2021-10-21 19:03:36
bfpdkDQfWjWoJRAsbtfATQ,WB-eQAgw88fbr15eY761CA,5.0,2015-03-12 22:03:15
bgOjO-HX-7wzUlXeXJJ2pA,8NyDM-FDoWEEeEG9XUwnbg,5.0,2010-05-27 23:22:47
bh9izcnhZixZjju_cggv4A,tPYkrHdTsYe_-Ty5EPiP2Q,5.0,2018-03-13 22:39:04
bhAB5wo9iLsaExSw4apR4g,U4ALy9epZHEwFl3FnGun6w,5.0,2018-06-11 01:01:39
biPPinQbUEZZT6F_To-TSg,Pr-OrQ0-hNPFdp8bVZN6Lg,2.0,2019-06-19 03:19:43
biPPinQbUEZZT6F_To-TSg,_BreSZ3-mTEJYqJ1Ot7Akg,4.0,2019-01-03 03:42:57
biPPinQbUEZZT6F_To-TSg,xJOhJXcsB6pdSD2zVDg1Bw,5.0,2020-02-14 19:34:25
bktVQkYRXtryMeuaUCUJXA,Fj16uG6BNZOq5K8mS2HHiQ,2.0,2020-09-18 23:43:55
bmHhqIeubAGUbhbwHDz7KA,Bp2AWqJLBJoBjBwh85rDAw,1.0,2016-03-19 11:15:47
bmOuwh_dy0n3GIccYJpZ5g,0wZJkj-OnZ7Pmublspl7tA,4.0,2019-06-21 21:55:41
bmOuwh_dy0n3GIccYJpZ5g,8uF-bhJFgT4Tn6DTb27viA,5.0,2019-06-25 19:39:34
bn0G7limtU0jz--ftA-VMA,_EqGhRXzlUaTpu5eToC8MA,5.0,2010-11-17 00:18:41
bnDZpsii_if2_wpn8oPcig,-UJ7ZTb3zfmqZogmy3fnGg,1.0,2011-05-17 20:31:53
bnKo6L4MgcUbLZH7fmnkrA,pWuoHHu0LuVrD0HjadDygg,1.0,2019-06-16 21:52:34
bnVzSHI48lEHPaEzZNIqJg,oUgmm76-UCd5N0z4xwDOYw,5.0,2008-07-13 15:55:00
bo0NkJC3tZJbfE-Ns2P-Rw,jtgBkAQuchDYgkdsebzLsQ,1.0,2021-05-19 06:25:09
bo4WKYqBoT0Cc23epTo8pA,Tqt99-TsbRT4bmsXHyA1lA,5.0,2014-08-28 18:52:09
boPTXvgAXprWRJmeIbLehA,J8S7cPPlTgsQnXKVfTyN8g,2.0,2009-07-25 12:48:49
bphLDv1vQ_ZGBd_-DnCDkg,EVmCBFlY0Hy_62bDRizmGA,1.0,2015-12-23 01:27:13
bq1Si40ayzQedbsu9S70uQ,AhptHEV4nFleCv4yOwp6fg,5.0,2020-02-13 22:23:09
bq1Si40ayzQedbsu9S70uQ,wpmuB2jeDkczlmT0SNIFPA,5.0,2021-05-08 05:53:26
bqHqs6JaWmZ2LpMbizMfaQ,9ruUYAz35q6mgUpxb5zZhg,4.0,2013-07-15 20:15:21
bs8BgzMjnn5kmpCGstMDKg,wl7rFbvRUstwyB2vRDW6IQ,2.0,2017-04-29 16:32:08
bsMGQruRQGgQZK4KA9Q4Aw,4_W5pstoN1166TGjjPOrMg,4.0,2016-07-25 10:11:08
bsMGQruRQGgQZK4KA9Q4Aw,GXFMD0Z4jEVZBCsbPf4CTQ,4.0,2015-11-02 14:25:12
bsMGQruRQGgQZK4KA9Q4Aw,GoGss2SqsUPwP0xcI9IUuw,4.0,2018-01-25 19:36:35
bsMGQruRQGgQZK4KA9Q4Aw,xlMQBBt9wrtahdqiRDcVSg,4.0,2017-04-27 14:32:50
bslOvFExlhVCaIIxh1PCTQ,WWEx8kEEjzV3mFu1dYfwAA,2.0,2011-06-06 15:34:04
bt85KtTh5EeVo8aWL43Peg,S-lRgYFiik3ptkJf23xkbw,1.0,2015-10-03 23:03:27
btF31V_Yg_G5bxvHx3qcRQ,bjPUhanWoinHi2kywvVzBA,5.0,2010-02-03 07:43:16
btF31V_Yg_G5bxvHx3qcRQ,vpNJJNVgVmf2u1lfdFh81w,5.0,2010-02-03 07:29:57
btSaJqMiUwMemMZ1AhCe3Q,9b-LZWsj75mmfMYuChXDkg,2.0,2015-02-16 18:13:34
bu-m8xC4EUNdTLspx37D3w,WSx9-iYYyST_umny9sJBFg,4.0,2015-03-18 23:39:26
bu1mtWwxuayzV6b3VScWLw,9FiiDY8Nrmdn81jHHvJSlA,4.0,2014-12-30 16:09:06
buDFY3fg_-uh7OdCQeN-jg,muxda1cSVtplETqTfYVgZA,1.0,2012-02-25 17:53:06
bue9WtzcLbxvEXrqUy8dsQ,0cddB9WRKcQhzAEXEav81w,5.0,2012-06-23 14:58:25
bue9WtzcLbxvEXrqUy8dsQ,9GdGe93oLy8MTtmEsfmgEg,5.0,2014-04-22 01:35:27
bwWGVLbtdSlcsvkc2Ttu6w,0UJqTczta018RoktahC0jw,5.0,2017-09-12 02:11:20
bwr5uzJHnK3v9VnOFNdDXQ,Hlx8S2GLF7hMuIKx4sU-gg,5.0,2021-03-26 01:21:04
bwr5uzJHnK3v9VnOFNdDXQ,VAIOtbsxdNmuhUKkQZFRlA,5.0,2022-01-05 17:09:20
bwr5uzJHnK3v9VnOFNdDXQ,s4k1P9FHfPUzw3dqXRp7eA,5.0,2020-02-07 17:28:53
byZ9gMy-Qrr5WID_ezjqcQ,j8JOZvfeHEfUWq3gEz6ABQ,5.0,2011-05-25 15:16:05
c-c64rURhBR8V8scSbwo7Q,5B-m3Nir02zheQnEGopV0w,5.0,2014-01-29 04:46:30
c-c64rURhBR8V8scSbwo7Q,6RBZfirnzE4NahJTn1UPNA,5.0,2018-11-28 07:25:55
c-c64rURhBR8V8scSbwo7Q,TI3Rydw47yBMzY1oW2wJUg,5.0,2016-08-18 20:43:55
c-c64rURhBR8V8scSbwo7Q,tf6S06LD09IFDHUpOPqPaw,5.0,2016-08-15 19:36:59
c2BbxDdn6QTy33682gQDvQ,IkY2ticzHEn4QFn8hQLSWg,1.0,2009-06-18 02:16:39
c2cPbYj-9lpy-aou4OkhdA,8A5LSwsKK5vXDH1M3_Tf1w,2.0,2015-09-04 01:56:23
c2cPbYj-9lpy-aou4OkhdA,WH6JNvJryAn6tTYVrKHktA,4.0,2015-09-04 01:17:50
c2cd2fJWzvNFxcjQPDvKmw,-cEFKAznWmI0cledNOIQ7w,5.0,2017-10-30 06:08:58
c2cd2fJWzvNFxcjQPDvKmw,4Do_B7sfhfsn4TQV1h0psg,4.0,2017-02-05 15:35:57
c2cd2fJWzvNFxcjQPDvKmw,tf2nzjkP8XGIeU-lg767XA,5.0,2017-10-27 20:04:48
c2dfMaFHahbuqjkDbeJcYQ,Yu401DtSmkXpJhgXnQcFrg,1.0,2015-03-05 04:06:24
c32M2YUuk3qvS41R05mn8g,-Dg2pJigtydnPUUW5XBamQ,5.0,2017-11-06 06:27:17
c32M2YUuk3qvS41R05mn8g,w2NiG6ftSvpU81eRghLIjQ,5.0,2019-05-06 00:53:48
c3NAcDVWOv79nob0FuWLcg,FaY_9x8ZtsuHe5wS2iJM1Q,5.0,2011-10-28 05:03:37
c3laMtP_ngCg_zlW0gxJ_Q,pWuoHHu0LuVrD0HjadDygg,1.0,2020-06-20 00:20:32
c3vsy-zNdB9ZVnKiwIizXw,2E5fh57OvOQMWwxxEOkN8A,3.0,2021-07-19 21:32:35
c4gjYdd3u8vc8eE63xyCpA,Fbtcj6j9-byxq68ACKpcUA,4.0,2019-08-10 20:12:09
c4nSRWTJj3DgtyVWPPTfsQ,_nqrmx5xKLQyrbmjhwiiuA,5.0,2013-12-13 19:46:34
c51yL1ZmpG55-RxCYtrQqw,Q_Wo3rX84Dy-YdQsiDmrWw,1.0,2012-03-23 20:27:03
c56oZZbK3bt8vFA8lz4wfQ,sTPueJEwcRDj7ZJmG7okYA,5.0,2017-11-22 18:16:14
c56oZZbK3bt8vFA8lz4wfQ,va0tlKELSwfwuPpmsYhqSw,5.0,2020-12-06 01:01:05
c7TuxPwoGlEjUEcwtKTfEQ,vYv9PhpNZGhrU8t_pvdlCw,5.0,2021-03-18 01:41:16
c88Hk7eXBNJrGOB_4his8w,HSv0Pe45yPAs6PgwlcTPcg,4.0,2014-07-11 02:40:41
c8kM1oLOd_J-5CaiI2sKNg,-mDAFyX5kZHXhxjELeMhiQ,2.0,2011-09-08 23:43:13
c9kbgFM9uxrQn5p_AdGfgg,FcZxIZcFyJFDny8J83KzCw,5.0,2018-03-08 15:43:00
c9nnnaox3miKi5p10yXtSA,-RckAAIJ-_KH0AzqrekYuw,5.0,2018-07-02 02:44:26
cBbVbcqUWrgYLP-06v0UXA,A2q7d-CBM2-81tVkmS4JMw,3.0,2018-07-08 05:40:12
cBbVbcqUWrgYLP-06v0UXA,Qw7tz-UkPrpXaVidWuab4Q,5.0,2018-01-30 00:31:39
cBbVbcqUWrgYLP-06v0UXA,o3zL4kvolP3CCAMf9lGE6g,3.0,2018-07-24 04:12:15
cBbVbcqUWrgYLP-06v0UXA,snTpO07JxjGhwJbE4RDFIA,5.0,2018-07-26 04:04:33
cBbVbcqUWrgYLP-06v0UXA,vSuBdRP57QxIvURlZV-6FA,4.0,2018-07-06 04:42:51
cBbVbcqUWrgYLP-06v0UXA,ytynqOUb3hjKeJfRj5Tshw,4.0,2018-01-29 23:05:29
cBdCeXu7FaqpW51VQGqBYA,kg8N1PNJM5cJmSkafUZ0Ug,5.0,2018-01-19 01:39:37
cByjp6ENzOszHs4fgbPtPw,1N7RWvz2c_e640PsvnSc0A,5.0,2009-11-20 19:13:03
cCeCQxErE9ToaQQBEVFuFA,-cE9GrThz6HHn2zdpoqY_w,3.0,2019-07-08 18:19:37
cCeCQxErE9ToaQQBEVFuFA,2pLIQ0RHSmUbF0eIRT0LYg,4.0,2019-10-08 23:43:46
cCeCQxErE9ToaQQBEVFuFA,8P8HIysyyGbG8_94cG1Jyg,5.0,2018-10-29 18:26:36
cCeCQxErE9ToaQQBEVFuFA,C9UylQTOh7uwZo4a7QhLyg,5.0,2017-12-15 15:15:22
cCeCQxErE9ToaQQBEVFuFA,KTGEa8V9ec0QBYM_uk1YLQ,4.0,2018-04-07 23:38:07
cCeCQxErE9ToaQQBEVFuFA,g-vBH_blPylAXzR-P0DtOA,3.0,2019-04-10 20:28:12
cCeCQxErE9ToaQQBEVFuFA,idagElvlzPmrTjNJg-TQOg,4.0,2019-07-04 12:11:27
cCeCQxErE9ToaQQBEVFuFA,j-qtdD55OLfSqfsWuQTDJg,4.0,2021-08-08 18:05:06
cCeCQxErE9ToaQQBEVFuFA,kQRB8RNwd7cEMcURTS-I7A,5.0,2020-12-01 00:39:37
cCeCQxErE9ToaQQBEVFuFA,of-GVqY0G_UDHXT9Xg_ADQ,4.0,2019-08-18 23:02:34
cCeCQxErE9ToaQQBEVFuFA,p-MSh95si_sDdih94gyKuw,4.0,2019-09-25 14:49:08
cCeCQxErE9ToaQQBEVFuFA,vP6BGF8IqbXlLQiDP5n6dA,4.0,2021-03-04 01:34:05
cCeCQxErE9ToaQQBEVFuFA,x0hzVPfxWXRIu0yOSEnLCQ,5.0,2018-02-24 13:28:35
cCeCQxErE9ToaQQBEVFuFA,y1Z9tymuBGVDZnYZoLk-2Q,5.0,2020-01-04 02:49:28
cD-Tv6w78Dis4COuxm0AEQ,zC_2cSAkMKkSAykOk72LcA,5.0,2011-08-19 16:45:39
cDQG_OGCpu4ATDz6rQSryw,8iMubtt1hTafu5YhEzvZVg,4.0,2017-08-23 20:18:57
cDQG_OGCpu4ATDz6rQSryw,SchEDi1KRF7oXar40gakzQ,5.0,2019-03-23 18:03:05
cDQG_OGCpu4ATDz6rQSryw,n4GDJsQAyBrcWduMjcJ-4g,4.0,2021-06-28 00:36:02
cDU-eUkimWAtpyT1afrEEw,Bp2AWqJLBJoBjBwh85rDAw,1.0,2013-05-21 21:41:43
cD_hpkvErXCyQHBQzv8KYQ,GXFMD0Z4jEVZBCsbPf4CTQ,5.0,2014-10-20 01:14:25
cD_hpkvErXCyQHBQzv8KYQ,J-ciDDEdIHMcChGIyKZnOg,4.0,2017-11-17 20:48:13
cD_hpkvErXCyQHBQzv8KYQ,S1FwTmCAwv5ulu5gToWi_w,4.0,2010-03-29 03:06:07
cD_hpkvErXCyQHBQzv8KYQ,_qgqa4X1OiMLqub1hHaMjg,5.0,2017-07-31 22:32:03
cD_hpkvErXCyQHBQzv8KYQ,ghFNIv9_Bde6uquScRZD7g,4.0,2018-01-16 01:11:40
cD_hpkvErXCyQHBQzv8KYQ,trwHwsXOVV-ZmF-MtP98BA,3.0,2018-01-15 01:37:34
cD_hpkvErXCyQHBQzv8KYQ,uJZgom8HpK74xz8IojpT0A,5.0,2018-01-07 00:38:30
cD_hpkvErXCyQHBQzv8KYQ,vUrTGX_7HxqeoQ_6QCVz6g,4.0,2019-01-31 04:23:27
cD_hpkvErXCyQHBQzv8KYQ,wrT5DbuM24B9ExBdSSz2_g,4.0,2008-11-25 03:55:12
cD_hpkvErXCyQHBQzv8KYQ,xYEeA5rK8nQxSbETixCQbQ,5.0,2010-03-07 02:53:01
cD_hpkvErXCyQHBQzv8KYQ,y1Z9tymuBGVDZnYZoLk-2Q,4.0,2018-02-03 23:05:38
cDcakQinxKO8szOx4rtP3g,onp9X_9RRAEzA-yqdiSOcA,1.0,2017-04-26 23:58:08
cDj11tBwt-ZzHwMqf_QQYg,J8S7cPPlTgsQnXKVfTyN8g,1.0,2011-05-25 23:19:12
cE3iJVrfiBS0gxGubWovQQ,RadvqFuRTZNEfSZ_avPRog,1.0,2018-07-16 22:32:36
cELLXj4ieLMo2yB4guMR-g,BS3Oi49x4vEPep1IFFiYSg,4.0,2014-11-24 16:23:13
cEkcVuBjFO9CWX9djgDijg,HaQ1gzgyWJHwTIe1eS5NFQ,4.0,2021-11-02 15:45:37
cGFKLJbOjp73GiqQecKZ1g,dCI9y5zlamQovNvvZ8JL5w,1.0,2016-09-17 02:46:19
cGok9ycGn_HvZaht9xkyPw,6HTGlttrzCMsuGBHO1ZGiw,2.0,2015-02-05 02:44:32
cGok9ycGn_HvZaht9xkyPw,8r_n8JdKQ0gePm2neSkL7A,1.0,2015-04-30 02:20:09
cGok9ycGn_HvZaht9xkyPw,TzNk1TcWLZn0JCpO83hBAA,4.0,2015-01-31 19:42:13
cGok9ycGn_HvZaht9xkyPw,VAIOtbsxdNmuhUKkQZFRlA,4.0,2015-04-25 15:14:35
cH9HCL0XQM2gSoeIkvyQFQ,Oh3Q3QfhMl2DArFiLUrT9Q,1.0,2010-12-08 14:29:02
cHZhssS9U7FXOsxUDISNVQ,_nqrmx5xKLQyrbmjhwiiuA,3.0,2014-06-19 20:05:23
cIVmIJD7nIiEcVGamfBoVw,4_W5pstoN1166TGjjPOrMg,4.0,2014-12-08 15:38:34
cIVmIJD7nIiEcVGamfBoVw,CxXYiJBkq9kqsgtdagqVgw,5.0,2012-03-15 18:53:43
cIVmIJD7nIiEcVGamfBoVw,Z6f5SQmGTckZ_KkKbib2VQ,2.0,2014-06-03 15:07:38
cIVmIJD7nIiEcVGamfBoVw,l4YoHcvnsK7ICDrTqL7EEg,5.0,2021-03-09 19:58:24
cJOfGg5ChvP7NC3_1sgCdw,SHYPQbYqbfK4CwTDjtBH7Q,5.0,2019-08-22 02:20:56
cJduyV83k6YV2_skUsjJWQ,1vi4P6rc2tj-VodBUe_jkg,4.0,2011-09-28 03:29:48
cLGv0EYYE09UtyiO2_Q4Cw,jbJTF1zVmZsk4hea8hoeVA,2.0,2011-04-18 06:34:03
cLsKgpNy8ijXCgzdAPFGyw,_tt4nysrN8JpzLLVXL-z5A,5.0,2008-03-13 06:10:00
cMVqaehdc5ZmcTP8BWPrSg,FhwTEGqdir75uyXZqWqxlw,5.0,2016-10-21 01:52:14
cNkykJO6ToQiALs_fogI8w,2KIDQyTh-HzLxOUEDqtDBg,5.0,2012-02-03 02:34:08
cNyFi3tbk8Nvhd-5nz5hUQ,KHe6HAqmyioITwTvg9Bbcg,5.0,2014-03-16 00:48:53
cOAL63dtaIdEjUUOceK8ng,hwcPLznPbsW8ghC20OluRQ,5.0,2013-07-27 03:58:55
cP86_UM0ZL3s5yTmC0R0zQ,9FiiDY8Nrmdn81jHHvJSlA,4.0,2015-03-08 01:27:23
cPN4Kkk6UDTXCynsp_-7KQ,znx1v_c2IPKOXlYAbqFYvg,5.0,2010-01-06 18:57:10
cPYnn9mK7Cyq9c1rhPqYsw,LalGsMdQmJeIvCgqHVZZsg,5.0,2021-03-11 03:50:36
cPcStFGBlk-6lWWsttIfVQ,sor6oj-nuslOcSx7di4urA,4.0,2021-06-06 21:42:14
cPh9BntnoJsmaIMYyjBQZw,AQ7oWwL04UKpG_aG8UaXFg,4.0,2017-01-18 18:12:39
cPh9BntnoJsmaIMYyjBQZw,qwmlqH4blnTNTFDhUaCBXw,4.0,2022-01-05 01:11:10
cQK407Dkqyi9pf4Bqtum0w,d4ZPdoYxDnT6f70AZPGrcw,4.0,2018-05-27 23:48:13
cQK407Dkqyi9pf4Bqtum0w,jSYu2apG1uYq3eNzSA-OHw,5.0,2018-05-09 20:32:22
cQfNROOWH9mlANz5KK821Q,bIO97JjDA9FgS4IPlKC2jA,5.0,2014-01-30 20:15:02
cRANsQ5E_sxeQ0Aoop3drg,CPPOKMjjE3-au0BWdbC95Q,4.0,2017-05-02 18:08:33
cSKLV3CudAbHGW5GOHoRJQ,8Vo6LN9gqULhXzoxj5k6kQ,1.0,2015-05-02 07:14:57
cSKLV3CudAbHGW5GOHoRJQ,SsHMgOW3TT48Z7jeV5beqQ,1.0,2015-12-20 05:16:17
cSKLV3CudAbHGW5GOHoRJQ,uO39--k_hrCFgZh-Bl8m8A,4.0,2015-08-15 02:59:13
cSvwgRq74ElhrE6AQEm3DQ,wl7rFbvRUstwyB2vRDW6IQ,1.0,2014-06-19 03:32:24
cT1XJNpbxZk_A60_gdX8dQ,Y2Pfil51rNvTd_lFHwzb_g,3.0,2018-10-02 15:39:53
cU-Z8K3TNM019C-62GtwIw,FkmUQqJCjgAYSlckQL0umw,3.0,2014-09-05 18:28:36
cU-Z8K3TNM019C-62GtwIw,LVRRjPZZ2pRrOUbBN1rRCA,4.0,2016-02-13 18:22:24
cU-Z8K3TNM019C-62GtwIw,Meww6RIE4cFL_kG0aRlbAA,4.0,2016-07-16 02:47:24
cU-Z8K3TNM019C-62GtwIw,TvbJq1a1Xto5w6t4zMUYHQ,5.0,2017-02-15 23:29:25
cU-Z8K3TNM019C-62GtwIw,UnMFhoSEJtPBxARhJiKYKw,4.0,2013-04-23 16:35:39
cU-Z8K3TNM019C-62GtwIw,aIVk0IEUj7rPaAMeAmBSGg,4.0,2017-06-08 18:31:29
cU-Z8K3TNM019C-62GtwIw,dju1isgEvDd74tLTDkk5DA,5.0,2013-06-21 13:11:21
cU-Z8K3TNM019C-62GtwIw,zWfzgYe2nT9mHYm_vl1Ukw,4.0,2015-01-09 17:43:29
cUB2WhICFuSe7DwXAIoo0g,KHe6HAqmyioITwTvg9Bbcg,5.0,2016-10-15 14:50:46
cUB2WhICFuSe7DwXAIoo0g,bKNULviFM4ayuSwq809DIA,4.0,2017-02-20 11:56:20
cUB2WhICFuSe7DwXAIoo0g,wopwoiKIllIzcggK7HkTmw,4.0,2015-07-27 22:47:56
cVrM2BvOvPV0Vi_rC8kepQ,bmz4siaejdjs4_yS_mYW4A,4.0,2015-06-25 02:17:27
cVrM2BvOvPV0Vi_rC8kepQ,s688oKDwUayG5rjHbPwK7w,4.0,2019-10-20 13:26:21
cWzndsH7NqQHQd343P2G3Q,1Hd-0f0gWvI7y9CI_3kFVg,2.0,2012-12-03 21:01:14
cWzndsH7NqQHQd343P2G3Q,TDKBPcViJQDMrdUm6a9XZA,5.0,2015-09-26 23:41:36
cX7XsjPTHvvboGGAj0nxfg,4wDo72kKuceoLw8Uu_Y_RQ,1.0,2016-10-27 19:04:11
cXXrc7PhCkvhwGd59dXPfg,9FiiDY8Nrmdn81jHHvJSlA,4.0,2014-06-07 13:03:25
cY3wU46PVn9ZxUV42TyDXA,znx1v_c2IPKOXlYAbqFYvg,1.0,2011-02-18 00:27:21
cY4_o5sjDoytn1DjxPhcEw,dgyKoIYEYrmRK_hktWBZdA,2.0,2020-02-24 01:22:20
cYIJh2ZGTA6B_hqSX8FZ3Q,Slg6Ec2D7vEBRmgVUfwkzQ,5.0,2019-02-16 17:23:55
cZ7V8VPXi1HAnylgahCHOA,FpNhzu3w0XgyedhOLDuK8g,5.0,2021-05-31 21:54:06
cZ93eNPyk7kC9F1PPpfPOQ,29fX9PdevQa5LZavVDJsbw,5.0,2016-08-08 03:19:35
cZ93eNPyk7kC9F1PPpfPOQ,A2q7d-CBM2-81tVkmS4JMw,4.0,2020-05-20 03:45:53
cZ93eNPyk7kC9F1PPpfPOQ,LbhraX3qY94g3Xn2Havbpg,2.0,2018-10-09 07:07:01
cZ93eNPyk7kC9F1PPpfPOQ,ReKQjTVB8L2vnaxZKmRUpQ,3.0,2019-11-07 12:36:11
cZ93eNPyk7kC9F1PPpfPOQ,VBGfYfuHi3hY6phK_G3plA,3.0,2019-11-05 11:00:52
cZ93eNPyk7kC9F1PPpfPOQ,nk9t5dqNGaBCnX73kNiz1A,2.0,2018-05-19 21:51:23
cZbA9s7JPbOJJr54_NcxsQ,thb9MKU1kOG_TZ0sn2RxcA,4.0,2014-02-06 15:27:36
cZohBzgCY3B4Fbd25GHHLQ,XTxp11CycW_u675Xg0igJw,4.0,2020-04-25 01:31:53
cZohBzgCY3B4Fbd25GHHLQ,bU3Z7IiLY0-6sswo8WXeKQ,4.0,2016-10-05 16:58:04
cZohBzgCY3B4Fbd25GHHLQ,pG5hLBK49Oz2TLX2qY6UQw,4.0,2018-09-12 16:44:56
c_Ap6RsFcZpqWN9QM-qIlQ,waWvlZPOgPkfSTsnCju4aA,5.0,2021-01-31 22:23:09
c_DMXMg1reOAv_LDaWEQRQ,Nvy1jETQItFjG0oyjpGk7w,5.0,2018-06-27 23:05:22
c_Jpjy4O1bVB3P1ru5G7Bw,g0cUlBQ2pGRxWtL6qwyeIg,5.0,2014-06-10 14:26:51
c_eudHft3OL_6d_59thukA,iOFbMitGdfU6i5xm4nZ8Ww,1.0,2016-08-21 02:15:37
caUKgo0s3Pumn4hcQX5dog,DOl21AqtT74dUZ3kvXNNcA,5.0,2016-11-19 03:21:02
cbBxBySpq87KPiLG25N76Q,Oh3Q3QfhMl2DArFiLUrT9Q,2.0,2010-01-29 03:39:04
cbkk25sZbZZm_YFNZA-x2w,56M2bwaaSzcmzr2dyEfYQw,4.0,2009-11-09 16:10:54
cbkk25sZbZZm_YFNZA-x2w,AtQLrRpQan7UtJcIAo9hsA,2.0,2009-05-22 17:12:41
cbkk25sZbZZm_YFNZA-x2w,p_6THXiGLViyxYnOY8BzZQ,1.0,2009-05-19 15:39:51
celRY7r5vKftkn4kg8wvoQ,dGUyXgFW1WSYMgRypKaYew,5.0,2014-07-09 00:17:06
cfNFEZ7xE6ldtY5ARcQVWQ,tUkv0ZxUAdpyv8qhgRU5TA,1.0,2013-09-11 03:10:21
cfc_LBkmJNzqDQ97gPdWCw,TjAsf2vHEYh_mCHpQqGgDA,4.0,2016-01-29 13:24:54
cfc_LBkmJNzqDQ97gPdWCw,sr-5EY6bmp4jINhea06MjA,2.0,2015-02-08 23:42:19
ch2K57s7o2Pv2uDkoOdVYA,04l8PYcuYQeEkEhJCbhtOA,4.0,2019-03-19 15:59:44
ch2K57s7o2Pv2uDkoOdVYA,0vi741BLMGl2QPeTXWeG2w,4.0,2019-03-20 13:06:42
chhv5egoLSXHs4my1HCJeg,FaY_9x8ZtsuHe5wS2iJM1Q,5.0,2021-04-13 14:55:55
chhv5egoLSXHs4my1HCJeg,Y0izXh4Dv1_YU68tn43Xiw,4.0,2020-10-08 04:38:32
chhv5egoLSXHs4my1HCJeg,eikRexw04kC6siBDkFnayQ,4.0,2020-10-28 16:56:28
chhv5egoLSXHs4my1HCJeg,q36uZc2hQml10YGHazJaoQ,4.0,2020-10-20 14:11:16
chhv5egoLSXHs4my1HCJeg,vyOVT4bcW227LRwJGHTeSw,5.0,2020-10-05 16:05:53
ci7Q6NvXQ8UZrBHusVX18g,IkY2ticzHEn4QFn8hQLSWg,1.0,2014-01-04 17:05:21
ci9JNxqrdWZ-zgBWmHNRVA,gXiWHYBuPLWWXZJPOP1uKw,5.0,2018-06-27 03:49:54
cjotiAHFSbFuvbxTWmGi1Q,f3eve2cxUIzyanWnHdMtFQ,1.0,2018-03-03 09:41:39
cjotiAHFSbFuvbxTWmGi1Q,tthy48ZIX_wfY8Dy0Dvg6w,5.0,2012-10-07 02:53:40
clajhAbCk_r2GELMZdDSLQ,oCbJpGl8IkH1WdYa25TDBA,5.0,2021-05-04 22:16:48
clk385ygJaFUtRIT2M7yTw,YCKSpB4YwMxSXSauN9WPCA,4.0,2015-10-15 17:48:23
clk385ygJaFUtRIT2M7yTw,ekYEnQ5xKIGjdWIXwE98zg,2.0,2015-02-16 20:18:07
cn7YkDQa9Su78T_pu5X2TA,cJyQrgGznIyz8yvyeuaRyg,4.0,2018-03-29 03:20:53
cn8UaL_1w9Qsm7XRt9Voxw,WBKSV2LxPJvKRPxEfDbVrg,4.0,2020-11-10 05:13:04
cn8UaL_1w9Qsm7XRt9Voxw,lau2jbBCG3XohoAvCRIm1Q,5.0,2017-01-21 02:43:38
cn8UaL_1w9Qsm7XRt9Voxw,xMsox8o5eZx7JooidQROsA,4.0,2019-08-04 04:34:41
cn8UaL_1w9Qsm7XRt9Voxw,y7pKM3eFDZ9eRchC6SNMsA,5.0,2020-05-09 05:07:27
cnQXH0wqMce-s8P5gnUO3Q,-jkc-0YYvwkBaNnNyiUHNg,4.0,2017-10-26 17:46:02
cnQXH0wqMce-s8P5gnUO3Q,DypjfwplxJ4i8BxoHwLLmg,4.0,2018-01-09 16:18:37
cnQXH0wqMce-s8P5gnUO3Q,KgDBWabaF6J7R6TH0l4I5Q,5.0,2018-09-25 21:21:37
cnQXH0wqMce-s8P5gnUO3Q,N2n_nuiXb64ak0BNvIYEcQ,3.0,2019-12-17 17:15:46
cnQXH0wqMce-s8P5gnUO3Q,Shp9xxBbDyTR6__nVh4XQA,5.0,2017-12-14 03:49:19
cnQXH0wqMce-s8P5gnUO3Q,dEHHpeN5XDXLhMBGNzrl8g,5.0,2019-08-10 14:57:34
cnQXH0wqMce-s8P5gnUO3Q,e1l1IlKpL7FJlM4ivnoO2g,5.0,2018-09-24 15:44:14
cnQXH0wqMce-s8P5gnUO3Q,fI1dmyphGZ6S2-bu6jCuFw,5.0,2019-12-10 14:35:12
coNYmkLV-58yt-7RUugfkw,TUhRukcZb3tG0cB_X68FCQ,2.0,2010-11-24 03:24:00
cpJwaBXhD3wRx7yZuosXEg,gx5Aodh8ZiMEuyM34pBvzA,5.0,2017-08-06 23:54:54
cqf8dqO5_QUxjfo6WiM7yg,Ey0t4U6yqtxCeMaGPf7GcA,4.0,2012-06-13 17:46:09
cqf8dqO5_QUxjfo6WiM7yg,KC8_Rx4Orlsz8LIonCYXsA,4.0,2012-06-06 22:46:16
cqf8dqO5_QUxjfo6WiM7yg,o4IiNbNybcy-L4vzTSoDJw,5.0,2012-05-02 15:01:46
cqoSx4ITtvkYmWaL6gf0YQ,9KiDjwHiQbHBV6iSTvIz7Q,5.0,2017-07-15 23:11:41
cqoSx4ITtvkYmWaL6gf0YQ,Pud2rnFwby48KD1qSaAAXg,4.0,2018-07-29 22:53:24
cqoSx4ITtvkYmWaL6gf0YQ,_kZXJOn9clP4QqAZVNS8oQ,5.0,2020-11-07 21:57:12
cqoSx4ITtvkYmWaL6gf0YQ,ddJjWQhRoBW5jK_TiWTMKw,4.0,2021-02-12 02:50:16
cqoSx4ITtvkYmWaL6gf0YQ,w38Oz8HarRfXVvnev33lBQ,5.0,2016-01-27 05:53:02
ctq5ep2NMKKHu52xG-JA1Q,qY-BUQY-SFBaSrFHowF3nA,5.0,2021-06-23 00:45:56
cu2hzLrBL3qY3Wo0wmDaxg,8dzJ2uh1EQmiso8kYLYTQw,5.0,2020-10-21 18:38:54
cufhYFdyrUAt4SWe-m0grQ,-uzQNt-3jsRK5okUuJiQLA,4.0,2017-10-31 17:41:22
cufhYFdyrUAt4SWe-m0grQ,0RxW0oN1s4zgNh6uiWVPZQ,4.0,2015-11-18 17:06:12
cufhYFdyrUAt4SWe-m0grQ,0VzZyzrWQZ9KAW1vejEVkg,4.0,2015-09-02 15:43:06
cufhYFdyrUAt4SWe-m0grQ,16tjKOvMw_nOgNViq2LwOQ,4.0,2020-04-09 23:17:40
cufhYFdyrUAt4SWe-m0grQ,1RerTYaZEAfmSARDhsZ-8Q,2.0,2016-07-11 15:22:45
cufhYFdyrUAt4SWe-m0grQ,3CFVBCfjdCvESS1ogBv21A,4.0,2016-07-06 16:09:26
cufhYFdyrUAt4SWe-m0grQ,4nxjxYYN3hFDLNC67erEFQ,4.0,2016-10-31 20:40:17
cufhYFdyrUAt4SWe-m0grQ,5DJ2sDvM_XRndlB24DnxYw,4.0,2017-04-04 15:09:20
cufhYFdyrUAt4SWe-m0grQ,5KV72HrGjraMn9w5_FugDw,5.0,2017-05-01 18:58:48
cufhYFdyrUAt4SWe-m0grQ,5cS3PUWheu6cjEgO2mtKNg,4.0,2018-09-05 15:22:03
cufhYFdyrUAt4SWe-m0grQ,5eayf0Y0TY1ufCWXAk_a3Q,4.0,2017-12-18 18:50:12
cufhYFdyrUAt4SWe-m0grQ,6RDGvdukSq3YHPYvG8sIEQ,4.0,2017-03-23 15:45:11
cufhYFdyrUAt4SWe-m0grQ,6TUOsIU1vNNQcoauKrZFCw,2.0,2017-05-02 17:49:23
cufhYFdyrUAt4SWe-m0grQ,8MdZJIIm3My0jdbzYiweeQ,4.0,2016-08-21 00:27:53
cufhYFdyrUAt4SWe-m0grQ,8jwsNjvVNJiYN7AnxHdMLA,3.0,2016-03-16 23:17:46
cufhYFdyrUAt4SWe-m0grQ,9I7VNu6_VclomWuINtIFaw,4.0,2015-02-27 17:34:27
cufhYFdyrUAt4SWe-m0grQ,9mE7Xp0hH6TMv3eaf2Ylxg,5.0,2016-02-26 18:01:14
cufhYFdyrUAt4SWe-m0grQ,9ocQBw69M6V3N9LUafw2dg,4.0,2016-10-07 17:00:57
cufhYFdyrUAt4SWe-m0grQ,9w-LZEkP1hf363G-OYvKDg,4.0,2014-10-22 14:42:13
cufhYFdyrUAt4SWe-m0grQ,AFk6UXFbH-idH31KhFQVCg,4.0,2016-01-11 15:58:43
cufhYFdyrUAt4SWe-m0grQ,Cs0adaMTxJWTDSzuQ3vheg,3.0,2015-03-30 16:12:25
cufhYFdyrUAt4SWe-m0grQ,ElqoiaCSUA8oyyvixox9lQ,5.0,2016-02-08 17:14:48
cufhYFdyrUAt4SWe-m0grQ,EnGnfn_6KMTY2enUD3hqdw,4.0,2011-05-04 15:43:45
cufhYFdyrUAt4SWe-m0grQ,G8I9weN2VpCAHs2UEmwf2g,4.0,2016-02-22 16:34:35
cufhYFdyrUAt4SWe-m0grQ,G8pVaj3yS503ah8fxncDVA,2.0,2017-11-10 18:13:09
cufhYFdyrUAt4SWe-m0grQ,GBTPC53ZrG1ZBY3DT8Mbcw,4.0,2015-01-14 16:47:44
cufhYFdyrUAt4SWe-m0grQ,GJtRRcx44M9ptMUYxccUeg,5.0,2017-08-10 19:53:31
cufhYFdyrUAt4SWe-m0grQ,GOYnaGqdeI8nzg5EnPOd4w,4.0,2019-07-16 05:54:23
cufhYFdyrUAt4SWe-m0grQ,GST3wg-wej15vHeCvaXE6w,3.0,2015-05-18 16:56:13
cufhYFdyrUAt4SWe-m0grQ,GXFMD0Z4jEVZBCsbPf4CTQ,4.0,2014-06-13 14:23:34
cufhYFdyrUAt4SWe-m0grQ,GczZuKVQtsWLUgchZW9L-A,4.0,2017-05-05 23:01:51
cufhYFdyrUAt4SWe-m0grQ,H3Tmgv94pbGvBIKZ4Rs9Cw,4.0,2016-07-18 15:53:50
cufhYFdyrUAt4SWe-m0grQ,Hb09xY41jKoQoCvt4JK0Xg,2.0,2015-11-06 03:08:23
cufhYFdyrUAt4SWe-m0grQ,I-nrEtjboBLoEvGiSAcmvw,4.0,2018-11-05 17:47:44
cufhYFdyrUAt4SWe-m0grQ,I0I2mkCOPTYVSLpc8A8VVw,4.0,2016-07-14 15:54:09
cufhYFdyrUAt4SWe-m0grQ,IE-5GIHlAINr0zO4lrJ_Lg,4.0,2016-02-10 16:09:12
cufhYFdyrUAt4SWe-m0grQ,IGrnxa9v6C1mTwWMjt3_9w,4.0,2017-12-12 16:45:19
cufhYFdyrUAt4SWe-m0grQ,JVFHfavzvCSdh72qWi1eZQ,3.0,2015-03-20 14:37:03
cufhYFdyrUAt4SWe-m0grQ,Ju25XEGy_NWi9heJX3FuZw,5.0,2016-03-11 16:49:25
cufhYFdyrUAt4SWe-m0grQ,Jzb2IQSwPfULWzdl9Bq5fg,5.0,2015-09-08 16:27:26
cufhYFdyrUAt4SWe-m0grQ,KnsY8rh5tigp5t6WpilGdA,5.0,2015-02-04 16:12:04
cufhYFdyrUAt4SWe-m0grQ,KquItUiyLRxiasJ3P_xGMQ,4.0,2016-01-04 15:24:21
cufhYFdyrUAt4SWe-m0grQ,L3IMug1NZOITEwNoDz8JAA,4.0,2019-09-06 17:46:52
cufhYFdyrUAt4SWe-m0grQ,NB5XTBuLVCn7c9Lu5SUqKg,3.0,2016-04-22 16:20:33
cufhYFdyrUAt4SWe-m0grQ,NnIrd_1O9QyuCLigoxYv3g,3.0,2016-05-16 14:53:29
cufhYFdyrUAt4SWe-m0grQ,OOnuozzEfen6PQn7xK3ujA,4.0,2016-02-17 16:26:26
cufhYFdyrUAt4SWe-m0grQ,OWOOc0YjU_kioLeEgo5VCA,5.0,2016-02-24 17:36:32
cufhYFdyrUAt4SWe-m0grQ,OZi0fOn8-ISUwhEAWC_8Gg,4.0,2015-07-07 15:07:23
cufhYFdyrUAt4SWe-m0grQ,P1Oxdcr6lZtzg2onGYXAww,4.0,2015-12-04 17:24:37
cufhYFdyrUAt4SWe-m0grQ,PC7155v05U9Mg412MDQEKg,2.0,2019-08-20 17:40:09
cufhYFdyrUAt4SWe-m0grQ,PpS_33wwVA959bD6nHPlMA,2.0,2016-09-30 16:52:19
cufhYFdyrUAt4SWe-m0grQ,ReX09lhufLTAx19krkltDA,4.0,2011-04-28 14:34:28
cufhYFdyrUAt4SWe-m0grQ,S2n_06z4lGLZfdJ53XAXQQ,4.0,2017-04-20 16:10:08
cufhYFdyrUAt4SWe-m0grQ,TSKCK51GymAsxiA-kx-RiA,2.0,2015-10-13 14:41:43
cufhYFdyrUAt4SWe-m0grQ,T_dAeyp_OLm8GuyKZL97Hg,4.0,2016-11-30 17:13:35
cufhYFdyrUAt4SWe-m0grQ,V7dXBEowSa53mOVaDtnj_A,3.0,2018-08-14 17:36:39
cufhYFdyrUAt4SWe-m0grQ,VdB1YL718sAxae12PGgplw,4.0,2016-10-21 19:47:12
cufhYFdyrUAt4SWe-m0grQ,VpK-Q7tzCyAZUjIv19-TFg,4.0,2016-11-08 18:15:25
cufhYFdyrUAt4SWe-m0grQ,WWjP7p0nlUQl9BzCZzgjCQ,5.0,2016-12-09 03:27:59
cufhYFdyrUAt4SWe-m0grQ,WY7Umhuv9jcQ6fOoOFa4lQ,4.0,2016-09-07 15:41:28
cufhYFdyrUAt4SWe-m0grQ,WrgdQF8kzvONbZctSPlF4A,4.0,2015-07-24 04:10:23
cufhYFdyrUAt4SWe-m0grQ,XNllgtbX8Er5sixIrJMEoQ,4.0,2015-02-02 16:40:37
cufhYFdyrUAt4SWe-m0grQ,XgnArX8m2BaGtpJp5Mx2qg,4.0,2018-05-09 17:14:55
cufhYFdyrUAt4SWe-m0grQ,XqSLir6xs3I6ntf-xIQzrQ,4.0,2017-08-14 21:57:50
cufhYFdyrUAt4SWe-m0grQ,Z1YH3dvDwdM6_isWY4jtrQ,5.0,2017-10-12 15:10:51
cufhYFdyrUAt4SWe-m0grQ,Zx7n8mdt8OzLRXVzolXNhQ,3.0,2018-04-16 15:34:08
cufhYFdyrUAt4SWe-m0grQ,_FRC6kmF_6-5cPwYOv5dZg,4.0,2015-08-07 19:20:25
cufhYFdyrUAt4SWe-m0grQ,chxWW42Y3lB3dGCxSRvxsg,4.0,2018-07-20 19:21:03
cufhYFdyrUAt4SWe-m0grQ,d4ZPdoYxDnT6f70AZPGrcw,4.0,2016-05-11 17:56:45
cufhYFdyrUAt4SWe-m0grQ,dBNfyR0RRX-w1SMuYYF3-A,3.0,2017-12-15 23:28:39
cufhYFdyrUAt4SWe-m0grQ,dGUyXgFW1WSYMgRypKaYew,4.0,2015-06-09 15:30:24
cufhYFdyrUAt4SWe-m0grQ,dYYkzkiAQoOtRjdR0kcspw,4.0,2014-08-25 14:46:42
cufhYFdyrUAt4SWe-m0grQ,da_jniSpqeo9Z6FLCCh4jQ,4.0,2015-01-02 18:16:02
cufhYFdyrUAt4SWe-m0grQ,eaJCpC6IhYphj7bwCDHTwQ,4.0,2016-06-13 16:14:07
cufhYFdyrUAt4SWe-m0grQ,ehzdBdCuwFNHEoIfpJY7Iw,4.0,2019-01-16 16:44:08
cufhYFdyrUAt4SWe-m0grQ,gVU0U7gNBMQxKTzqmRtdLg,3.0,2011-05-09 15:31:45
cufhYFdyrUAt4SWe-m0grQ,hS8z5yNV0QJQcKo1aV2KHA,4.0,2016-06-10 17:54:37
cufhYFdyrUAt4SWe-m0grQ,j8JOZvfeHEfUWq3gEz6ABQ,4.0,2015-11-05 18:29:03
cufhYFdyrUAt4SWe-m0grQ,jL251AHFcygyUEfAAF3h2Q,4.0,2017-04-12 16:28:44
cufhYFdyrUAt4SWe-m0grQ,mW-Whzi8dASVhkajlhd1dw,4.0,2014-12-15 16:30:29
cufhYFdyrUAt4SWe-m0grQ,mmIF5p4HqyrKSs805mm1lA,3.0,2017-04-25 15:02:04
cufhYFdyrUAt4SWe-m0grQ,n2PM7rljiYFN8HROzdneeQ,4.0,2019-01-11 23:00:01
cufhYFdyrUAt4SWe-m0grQ,ovTOR6ci8a43WEWm_W7MMQ,4.0,2017-01-03 18:47:24
cufhYFdyrUAt4SWe-m0grQ,ow7hDGkfVJH65nniXH1a0g,4.0,2016-03-25 15:16:07
cufhYFdyrUAt4SWe-m0grQ,q9lrGqhePkegQsgwGjpX-g,5.0,2017-06-13 16:48:22
cufhYFdyrUAt4SWe-m0grQ,rMtVhAJN1GVoO23o686hcQ,4.0,2014-10-29 15:55:38
cufhYFdyrUAt4SWe-m0grQ,sB4xcTwwCO8IHiK15VDC_A,5.0,2015-01-28 15:30:13
cufhYFdyrUAt4SWe-m0grQ,tELoGj2QJYYFQ1jo_XXbpA,4.0,2011-05-11 15:17:29
cufhYFdyrUAt4SWe-m0grQ,tLVnL8CqQYiMU6E_aayYog,4.0,2016-08-01 16:21:05
cufhYFdyrUAt4SWe-m0grQ,tt_QH5mWv4FhiP3-82NOTg,5.0,2018-05-10 15:52:20
cufhYFdyrUAt4SWe-m0grQ,v63vLjagqV609L5NweBJ6w,5.0,2018-02-23 19:20:19
cufhYFdyrUAt4SWe-m0grQ,vAoCutZiiFsaZ7i8EQromg,4.0,2016-06-06 14:19:27
cufhYFdyrUAt4SWe-m0grQ,v_AbyvMdKUi_ac4A8nkG-A,4.0,2018-07-17 15:18:19
cufhYFdyrUAt4SWe-m0grQ,vwrdjcP5pAhpANbSPEzAmw,4.0,2015-06-16 16:09:06
cufhYFdyrUAt4SWe-m0grQ,w9grvGu-5bHNucOeReHzfA,4.0,2015-12-11 15:55:01
cufhYFdyrUAt4SWe-m0grQ,wP2ok4O0GsR9td7Iiv1zKA,4.0,2016-07-27 17:00:58
cufhYFdyrUAt4SWe-m0grQ,wRzZQ0rNNl0Ss9dHNM1S1A,4.0,2017-03-31 20:18:09
cufhYFdyrUAt4SWe-m0grQ,x25wzC3pR8u57PyZkBYDnQ,2.0,2018-04-13 17:42:47
cufhYFdyrUAt4SWe-m0grQ,xlMQBBt9wrtahdqiRDcVSg,4.0,2016-01-06 15:54:51
cufhYFdyrUAt4SWe-m0grQ,yZHiutcbym-xLGkmFhP-9A,4.0,2018-09-06 15:27:13
cufhYFdyrUAt4SWe-m0grQ,zmLhgTlXQn3ZP09MIFEc4A,4.0,2016-09-02 16:58:52
cujMgdKEfauUEIg_hnCcew,pWuoHHu0LuVrD0HjadDygg,2.0,2017-06-06 00:18:03
cunpzBkEboEewYlFofWhTQ,vUrTGX_7HxqeoQ_6QCVz6g,5.0,2020-01-21 02:03:20
cvgb6avLWd7VIaEK_v1gKQ,d25F64cGmUUlr3z7KytQeQ,2.0,2019-10-30 21:36:42
cvsEHL5SzdcEVcQ0TKDygg,9mE7Xp0hH6TMv3eaf2Ylxg,2.0,2010-11-09 20:54:11
cwWaObpevxWx9xSETx8BZA,eIKjxqdMduIeIqzPg7yc-Q,5.0,2020-12-18 23:03:15
cyRlVNaawf0PLtnHcnElAA,BiwzXBmuQX5-P5dW9ZjCMA,2.0,2018-01-27 04:28:44
d--A1x7B5t_3DybBmb7rwQ,UQ9zn4jcjkTDOw0OwIOaxQ,4.0,2016-02-19 04:10:32
d0pUzsYJERUNedTyerVL-A,CxXYiJBkq9kqsgtdagqVgw,5.0,2008-04-17 01:21:02
d1hlQLS0kbSrbsoP663pQQ,P_QAD4_iMgqTaWd5On_n3g,1.0,2014-09-17 03:30:01
d5n7YWztGkm36c2LBQ8Y_w,Fx_yFwHlHboVTTj-4NJQyg,5.0,2011-04-04 20:52:43
d6zIVWiJyPB6PZuAxVexwg,aI58hxqbyOX6irFfljXfQA,5.0,2020-11-09 06:18:23
d6zIVWiJyPB6PZuAxVexwg,gQ5_wcFqhplc9xrnSCt6-Q,5.0,2019-12-14 19:26:33
d7D4dYzF6THtOx9imf-wPw,CPFKi2lZJazP6IdtCdDDyg,4.0,2015-07-10 16:00:16
d8As44URnBDpuhPDDPtrfw,Gekeq1c-fuezmx0PSGQvzw,1.0,2020-02-01 19:54:30
d8FwfuFM9SJA3kU_cIQ3aw,kL98j83h3QFUoSBBevCHOw,4.0,2016-02-10 13:05:05
d9kFnjd5OKAdxBG0LdA-6w,_NozEKb4y0jkC08DWU8ywA,5.0,2017-01-11 01:49:32
d9oQkb2cISuktxMTbv5CyQ,RQAF6a0akMiot5lZZnMNNw,1.0,2021-07-04 19:28:16
dAdt6wiRh3V_CK_SWhc7aw,C1QkJ4s_p3hMTrvOgM7ssA,5.0,2018-03-29 17:05:06
dBxZdzlanCkzYXOHK_ldUw,8A5LSwsKK5vXDH1M3_Tf1w,3.0,2019-07-23 22:49:54
dDsI6CMFIrBHJ68b8KZNCA,9b-LZWsj75mmfMYuChXDkg,5.0,2011-07-19 22:21:57
dDsI6CMFIrBHJ68b8KZNCA,fux8aN2h-uvuDUKCQMhCLw,2.0,2011-05-10 17:55:34
dECgeYO8lFzdoGztGNiSxw,vF_QwGltBpVesMMGclzB9Q,4.0,2012-01-27 14:09:45
dECgeYO8lFzdoGztGNiSxw,ws7z5fLdaVgwxZ9ex3cKxw,5.0,2009-12-10 17:07:09
dELVhRz_WcZd_c0VMknyGg,zWfzgYe2nT9mHYm_vl1Ukw,5.0,2015-09-27 05:47:44
dHvyYSRenOsEW_mVi_jNRQ,6h7C53qLfwM7v3zKRqG0yA,5.0,2014-02-02 16:55:29
dHxvSPU6PZqX1LQRXajGDQ,7pwFfnB6FH4lflXWrQ2Tqw,3.0,2011-11-30 19:53:09
dHxvSPU6PZqX1LQRXajGDQ,9w-LZEkP1hf363G-OYvKDg,4.0,2015-12-28 22:18:52
dHxvSPU6PZqX1LQRXajGDQ,GXFMD0Z4jEVZBCsbPf4CTQ,4.0,2014-09-28 12:42:27
dHxvSPU6PZqX1LQRXajGDQ,IkY2ticzHEn4QFn8hQLSWg,3.0,2011-05-05 21:33:21
dHxvSPU6PZqX1LQRXajGDQ,L2COUkl21Xdk4rjUx-RyDg,4.0,2014-12-30 19:58:42
dHxvSPU6PZqX1LQRXajGDQ,OWOOc0YjU_kioLeEgo5VCA,4.0,2011-12-01 18:25:53
dHxvSPU6PZqX1LQRXajGDQ,RddG_iqsIhcnBG8vLqc_-A,4.0,2014-01-14 20:41:58
dHxvSPU6PZqX1LQRXajGDQ,ReX09lhufLTAx19krkltDA,4.0,2014-01-16 03:49:33
dHxvSPU6PZqX1LQRXajGDQ,Zqd_DHAtrdzRJ8u3zwrvEA,4.0,2017-09-02 12:26:33
dHxvSPU6PZqX1LQRXajGDQ,p0mxscqr7BgMR-I4pGM3Kg,4.0,2014-04-29 01:11:59
dHxvSPU6PZqX1LQRXajGDQ,uQnOVqRRLALRNy-kdu1LXQ,5.0,2011-12-02 19:59:37
dHxvSPU6PZqX1LQRXajGDQ,yj9lGwTLo_R1rMxJoEiR8g,4.0,2013-01-02 02:26:47
dIIKEfOgo0KqUfGQvGikPg,XCHMsIpz2htBIvE7dxXL0g,4.0,2012-11-15 20:49:17
dIIKEfOgo0KqUfGQvGikPg,vXQLdqB-stL2JTP5AsPVaA,5.0,2018-11-06 03:56:32
dJgQTOWRpTREnZfGoRyCng,Zi-F-YvyVOK0k5QD7lrLOg,1.0,2011-02-09 21:32:46
dM62Q_7J0BetaDITIdt0Nw,j8JOZvfeHEfUWq3gEz6ABQ,5.0,2012-11-13 20:34:13
dMwS8PFMCGUn2KICPNi4Vg,KDzLMPTTLihnpcctZLmg0g,1.0,2015-03-09 01:53:00
dOHsZ88NUZFqFhtXwB6zyg,CxXYiJBkq9kqsgtdagqVgw,4.0,2010-05-30 04:05:33
dQ9-MQF4oQhAOrbIhWpz8Q,ZHcfV3d7ZW8bmwgKCsz-RA,5.0,2020-06-20 22:10:52
dR5K7ybTFxf-PobaCwKQXg,9u4_k8-XC4RFETCeiQdO8w,5.0,2013-03-24 14:08:51
dT6O_rV9DWYS-zHXhA6S6w,1Ly-Njk6U0kEq3TFnCgeWw,5.0,2017-03-29 23:31:57
dT6O_rV9DWYS-zHXhA6S6w,Fok0BLJP0OMxbbl3l6QmZA,5.0,2014-08-01 16:58:13
dWTrJdEPoZB8LkOPv_jxsA,2pYUBcNkUxD1Bg8FA5lCzg,5.0,2019-12-20 01:50:16
dWTrJdEPoZB8LkOPv_jxsA,EP2jFD3aGoSBCWb7irY5-w,5.0,2017-08-23 15:55:15
dYCmh8rJl_ZkC_mt70ZDhQ,FEXhWNCMkv22qG04E83Qjg,4.0,2020-01-03 01:22:40
dYzmK4IvlFHN-sUrsnyg9Q,OR7VJQ3Nk1wCcIbPN4TCQQ,5.0,2016-05-22 23:00:49
dYzmK4IvlFHN-sUrsnyg9Q,dpwkz52tHB2MCPv53I2aRA,5.0,2016-02-26 02:57:53
dZ2-HpiA8JeEZG4fRm_pVQ,bSJczuohHVko33UT82hnfA,3.0,2016-01-24 17:07:39
dZ2-HpiA8JeEZG4fRm_pVQ,vxLV9tci88Hsr1G01uleag,5.0,2015-06-07 01:13:38
dZn_Aqvyh-Fx0CkbcQdYPw,KHe6HAqmyioITwTvg9Bbcg,5.0,2020-05-02 17:05:08
dZum7Mj_drzZeOC44NFOHg,pk8qkVzhj2M3O3CEiv3veg,5.0,2020-08-12 02:46:18
d_sgtGooM3_-NiloE7emyg,jM-oH5U5zcnfpmcbsgMVHQ,1.0,2016-10-22 02:28:37
dc_1rBcKAjub2Nsh2HBvhA,5ZXmpIVqjGB9cqEUDJ7Reg,4.0,2011-09-06 20:45:49
ddH-R921_o4yHCHORW5Xhw,pWuoHHu0LuVrD0HjadDygg,1.0,2016-12-19 19:49:18
ddwR4_6ZbwoZJLyeCK4VLg,Qsf6aYZHrP5SLioZXQrpXg,2.0,2014-08-07 05:03:44
debGk_nyF71K2KOfZt5TDA,St_OHgYAn5czLy0naZwseA,2.0,2019-01-22 21:39:09
debGk_nyF71K2KOfZt5TDA,wRzZQ0rNNl0Ss9dHNM1S1A,5.0,2019-02-11 18:50:30
debGk_nyF71K2KOfZt5TDA,yK5WnMiXZe5hmNFx0xXb-w,4.0,2018-09-18 02:11:09
dejigZ-y-EEWRCd4Ozm1xg,RIQ5ALCz1-oi98ViCO7kgQ,2.0,2016-10-22 22:32:49
dejigZ-y-EEWRCd4Ozm1xg,SJPnC_1BEXUxvU2Xvn9rug,2.0,2016-05-10 21:34:50
df4oOKSWoWPgsJtokCcd4g,4wq9bzoCe3Mh0cPbYH1eDg,4.0,2016-10-12 00:50:44
dfBQypG8Bhlrx0n6R6hrpg,GuHvOgWX4LaVYhSjyuGvyA,5.0,2015-04-13 20:11:25
dg2Z4zd2wLxEDwAmSCxd5g,E7RtIisUoRMcADSebBgNAA,3.0,2011-06-08 16:57:53
dgGMt1jWvB3wxFMTNerOrA,J8S7cPPlTgsQnXKVfTyN8g,1.0,2009-09-28 00:49:24
dgGbo6-pw0yh3JSmghE15w,2VPX222bhizLlWZrLQL3PQ,5.0,2011-04-10 15:16:43
dgrejzJzzI485oR3PHTfFw,x8JcV7sAyDN5k9qbnlfGdA,1.0,2020-07-27 17:44:03
dhLizr4a2oydrv15y56r0A,Dh65GRW4FmOEjDv_UuPP4A,5.0,2021-02-10 17:14:09
dhcd0-vjumNzq9F1aeK3uA,cwHoYlBw7QRZLSbu9hLcbg,5.0,2021-05-09 21:09:33
dig02sZio5iVPk0x5Pif6Q,035gK3ASKDns-ojUSnV4IA,3.0,2019-03-15 01:31:32
ditXHjwrrpN4jeYwGdNRIw,rQyJXOiZ39eRJ2l9OMpw-g,5.0,2014-10-24 04:20:46
djr7_84gX1nbLACNQ-RsIA,ywBRJjqtj2xIfsWzs8ungg,1.0,2019-05-05 04:19:54
djxnI8Ux8ZYQJhiOQkrRhA,-mDAFyX5kZHXhxjELeMhiQ,4.0,2010-02-18 16:08:55
djxnI8Ux8ZYQJhiOQkrRhA,3XirYkP9PJvVXIEDPNNXLA,4.0,2010-01-17 20:56:50
djxnI8Ux8ZYQJhiOQkrRhA,4wep1OfeJbpz0DvBsoDdVg,2.0,2010-07-28 14:02:57
djxnI8Ux8ZYQJhiOQkrRhA,DZYSb9amfB3EAh1IdwtbEA,5.0,2017-04-28 15:35:03
djxnI8Ux8ZYQJhiOQkrRhA,El_2Cxuq4hxqrmlg_5nzzA,3.0,2010-05-03 14:30:49
djxnI8Ux8ZYQJhiOQkrRhA,Lpuvf-1pHW1Roh6bPm1fPw,4.0,2015-10-12 14:45:01
djxnI8Ux8ZYQJhiOQkrRhA,PcR2ObZX6IAYLE9HiUcG1w,5.0,2010-12-17 16:52:25
djxnI8Ux8ZYQJhiOQkrRhA,RZWy7iy0X-AkOiUIXiKhYw,1.0,2009-10-26 01:32:44
djxnI8Ux8ZYQJhiOQkrRhA,WOdqMURCc0CHXUllPZwpqQ,4.0,2014-08-28 15:37:10
djxnI8Ux8ZYQJhiOQkrRhA,r926yelr_EJAKQCjdD6AWA,4.0,2018-12-04 14:40:45
djxnI8Ux8ZYQJhiOQkrRhA,rBdG_23USc7DletfZ11xGA,4.0,2015-10-16 14:56:00
dkYUH6i3OZsY7or4_8PTkg,6h7C53qLfwM7v3zKRqG0yA,5.0,2014-04-04 17:09:30
dkvRoZ646VM9fwqARUcHgg,vr1I1RkSL-m6c-LCAd3O7A,4.0,2017-09-06 23:45:18
dkvRoZ646VM9fwqARUcHgg,zsQ1_PNV3KN0EWhAE-WV9g,4.0,2021-02-27 21:46:38
dl6xeGFE4KQ4f36PXEkMrg,J8S7cPPlTgsQnXKVfTyN8g,1.0,2014-09-09 19:25:28
dme9K6sQrgpojAay5r8IAA,-lVEVi3vtQ8_L9kKT0bBwQ,5.0,2014-01-10 16:04:16
dnKGVPEykp5HSTf0ycATNg,B1OjiK9Bx5t_mIm9I6mZ-Q,5.0,2017-04-07 18:02:32
dnvJD2WbZ0KmmQxazAP0Gg,winkCYdiTroKdbPbV0DfRA,3.0,2021-10-11 16:53:16
doFhBZMCQAzshdb94hv7rw,BZk7GCi2OmKTuvdQk-Wmbg,5.0,2017-10-29 17:57:09
doFhBZMCQAzshdb94hv7rw,Ks4r6DEqSbV8D2qc04RhTA,5.0,2015-06-04 19:52:37
doFhBZMCQAzshdb94hv7rw,XBlwldJfMJPzgEatHKFx8w,3.0,2015-05-24 23:55:28
doFhBZMCQAzshdb94hv7rw,ab3pRv-b0o-BwMK2jVbH3Q,4.0,2015-07-28 17:40:04
doFhBZMCQAzshdb94hv7rw,qsLVHCPvRkDX2sQdQM-RDQ,5.0,2018-03-12 21:06:40
doFhBZMCQAzshdb94hv7rw,zFcE7bQ2oDfwpPgl_PxOTA,5.0,2018-08-26 18:15:30
dofgdgVUJO8e8SDrrgpl2g,O0r7Ocj9XmXvwm8p4I4Nqw,5.0,2016-03-06 19:14:29
dp4mTmL61dGJxA-QEfVkJg,4wep1OfeJbpz0DvBsoDdVg,5.0,2020-10-04 15:46:49
dp4mTmL61dGJxA-QEfVkJg,PUDDBW0MfpSFI2XEMv_g3Q,5.0,2020-10-03 13:49:52
dpY6s77Rq1lAOZnNokj8MA,KHe6HAqmyioITwTvg9Bbcg,5.0,2018-09-07 20:32:27
dqXLjti5rYBsuxfD-Vhb-A,TzkVUJab9Sh0CqDk2sCF-w,1.0,2016-02-23 04:58:00
dqmXRM70bOzlSKzHjx-_dQ,RRCgIohWjaeGtlbpcYJBbw,4.0,2015-02-06 17:57:47
dqo-o6O847KTF3NDADxxDg,fN17POyxijqDNBBe2UGZkA,4.0,2015-12-15 20:34:58
dqo-o6O847KTF3NDADxxDg,iwmW2mgcn2YdirXUHCsgXQ,4.0,2019-05-25 22:08:49
dqrdUkd5RS8BQiF5k3_cXQ,EDRhPfxELquxtMOGuNKFTw,4.0,2019-09-15 15:27:56
dqrdUkd5RS8BQiF5k3_cXQ,pyTot67NuIOmfoGp2laEtA,5.0,2021-08-25 18:09:39
dqrdUkd5RS8BQiF5k3_cXQ,qmJR2qGwuK-q_05gY2qu9A,5.0,2020-02-29 05:38:31
dqrdUkd5RS8BQiF5k3_cXQ,vXZpf13libUqm6KhEzUiNg,5.0,2021-07-13 14:26:28
dqucQwA-CHWhUczwqIxKKg,4Ys7xbHfIKiCWRw2_7gJ-Q,2.0,2019-12-04 04:37:18
dqucQwA-CHWhUczwqIxKKg,Gn_e8TJFSMcV1rzklJ9gLA,5.0,2018-01-10 17:33:50
dqucQwA-CHWhUczwqIxKKg,Mwc3n5Psw9wRaQ22vZWDYQ,5.0,2018-11-27 00:23:52
dqucQwA-CHWhUczwqIxKKg,PJjkH_VZeQwxEJvlQ-v7wA,5.0,2018-03-11 04:17:22
dqucQwA-CHWhUczwqIxKKg,SsdCrUeZlHqqGOWTfZ95Cw,5.0,2018-05-11 21:24:27
dqucQwA-CHWhUczwqIxKKg,tILA8ctsD_OZIcM2IfSyQA,5.0,2015-03-11 15:20:22
dqucQwA-CHWhUczwqIxKKg,vVfy055EfLMdd0yJYHxiMQ,5.0,2017-04-19 20:33:10
dqucQwA-CHWhUczwqIxKKg,zD1-R_baSc5_LhFUUlDG2w,5.0,2017-07-08 02:57:59
drui1iMt-TPzJiSkQp5CtA,8lkst0bYgdXr8CRQv6NloA,5.0,2010-12-12 18:32:46
drui1iMt-TPzJiSkQp5CtA,Zi-F-YvyVOK0k5QD7lrLOg,5.0,2016-04-10 19:52:00
drui1iMt-TPzJiSkQp5CtA,j8JOZvfeHEfUWq3gEz6ABQ,5.0,2013-07-01 18:42:32
dsX3MiQiTy3OVI8MKn0I4w,FEXhWNCMkv22qG04E83Qjg,5.0,2020-08-27 05:37:32
dsX3MiQiTy3OVI8MKn0I4w,dLLldDhrNbgQVIqf1vGJ4Q,5.0,2021-06-17 16:23:38
dsX3MiQiTy3OVI8MKn0I4w,wHkYLlZyPXllrQRlvidUlg,3.0,2017-05-01 00:51:38
dsbAtkUiANtrAPdMqAi7TQ,SI3q166YxgbxzQxMfpiWjQ,4.0,2017-04-01 08:09:31
dtDIBfZ7QbiLnhtYVrY3oA,lM20OuidM_XjYIvoxSsGew,5.0,2020-12-19 21:12:20
dtNxBCxtp_8HuJY_eoU7EQ,ytynqOUb3hjKeJfRj5Tshw,5.0,2017-10-29 12:34:38
dtNxBCxtp_8HuJY_eoU7EQ,zS_iBFOBbZSNC1edaijD3A,4.0,2017-10-16 03:12:39
dtOFG-p8YpAO2vNKFo0jLA,0JlxuzzDo1Sv89S9ApI9Ng,1.0,2017-03-01 18:57:49
dusl6MaLSfYbE83_iVO2KQ,YXaecOFzGVPMQIwx2mq7uQ,3.0,2017-05-17 17:08:14
dvu83QWKsnnbGvNVQ3mv7A,hPxeshyaUwDYOz-V7tWDQA,1.0,2011-09-03 20:55:14
dwCqRo4qh2OCfDEESMYGjw,Gw7UW0E2BguzL9suQnwDeg,1.0,2017-08-31 17:49:59
dwmUKBXnTCDuewkCb7QooA,0jpFptAehZhLl3nkhHDanA,5.0,2013-09-16 02:54:07
dxEQTQ5vj8nctV5E_RlKIQ,ZMkZj5YsBW3XHH5fOBh6fw,3.0,2020-01-20 21:36:21
dxUhjUbLs5IZkn1V37Kp4A,0ZsqqzHu1HHkDdIKoivi5g,3.0,2017-07-30 20:02:16
dxUhjUbLs5IZkn1V37Kp4A,9xdXS7jtWjCVzL4_oPGv9A,5.0,2019-10-11 02:23:40
dxUhjUbLs5IZkn1V37Kp4A,GBTPC53ZrG1ZBY3DT8Mbcw,3.0,2019-10-13 01:52:47
dxUhjUbLs5IZkn1V37Kp4A,HNMN7NhEvA64Z0FDEA2Twg,4.0,2017-12-26 01:49:43
dxUhjUbLs5IZkn1V37Kp4A,aAjOFpX5SBSoDkAsBSZeZw,4.0,2021-12-30 12:56:31
dxUhjUbLs5IZkn1V37Kp4A,dJ4jKcCq6tWTFIfIOjBtzw,4.0,2020-03-02 16:28:34
dxUhjUbLs5IZkn1V37Kp4A,ec0MU8FMDBRM6pLaYbWZBg,3.0,2018-10-28 19:01:31
dxUhjUbLs5IZkn1V37Kp4A,ffP1GQlXVK2SROuzU9KBfA,3.0,2019-12-29 13:15:44
dxUhjUbLs5IZkn1V37Kp4A,hfbZ97Te3T4jeWN6GgsGrQ,4.0,2019-10-10 18:48:07
dxUhjUbLs5IZkn1V37Kp4A,j6dvIfAzbHccoySvaqjT4w,2.0,2017-10-06 18:04:22
dxUhjUbLs5IZkn1V37Kp4A,pEw7LP0CItZ5TPA9PkBzwA,3.0,2018-12-25 02:36:38
dxUhjUbLs5IZkn1V37Kp4A,x74H40TDF7lRXk6D3UVYmw,4.0,2018-12-25 03:03:22
dxhmh3kHRa3Dhdwgercr1Q,I_3LMZ_1m2mzR0oLIOePIg,5.0,2014-07-19 19:37:41
dxhmh3kHRa3Dhdwgercr1Q,NHb6QTrJOnyIj-Zd0fYzFg,5.0,2014-07-19 19:36:25
dxhmh3kHRa3Dhdwgercr1Q,VpJzlz3bKOJtiI1rb9kTpw,5.0,2013-03-26 02:57:21
dxhmh3kHRa3Dhdwgercr1Q,kVrugngpixLsf4pNu4uzrw,5.0,2014-01-01 01:14:46
dxzENIwnxH6wnc6zueYnVA,bFWH7wlto7jjjwce5ZV--A,5.0,2017-03-04 23:35:52
dyAaNxc4QGNxOIYz5uSy4g,0NkRPv4QdGubH4xVD1DuNA,3.0,2020-10-13 19:48:52
dyAaNxc4QGNxOIYz5uSy4g,0xIhMfCFH94RXTFGx_Mhtw,4.0,2018-05-26 23:15:42
dyAaNxc4QGNxOIYz5uSy4g,1Efjww8n7WtKtKTgDqjgdA,4.0,2018-03-21 16:31:34
dyAaNxc4QGNxOIYz5uSy4g,4_W5pstoN1166TGjjPOrMg,4.0,2016-11-21 03:55:20
dyAaNxc4QGNxOIYz5uSy4g,NJe5fkia_63rdKXRdJlmkA,2.0,2020-08-26 23:55:59
dyAaNxc4QGNxOIYz5uSy4g,Qw7tz-UkPrpXaVidWuab4Q,5.0,2017-03-08 16:13:49
dyAaNxc4QGNxOIYz5uSy4g,ZKPrXH_GNW_AtZ31tP3NmA,4.0,2018-04-16 15:03:29
dyAaNxc4QGNxOIYz5uSy4g,eLAd1Jw-g1NKymBx1XPDoA,4.0,2020-10-28 20:38:57
dyAaNxc4QGNxOIYz5uSy4g,fOhnSqmO4XY5vSI8whVKSA,4.0,2019-04-05 16:57:40
dyAaNxc4QGNxOIYz5uSy4g,gOrJeoLDOiW7muWuoE-sMg,4.0,2020-11-11 20:34:13
dyAaNxc4QGNxOIYz5uSy4g,of-GVqY0G_UDHXT9Xg_ADQ,4.0,2018-02-25 19:47:07
dyAaNxc4QGNxOIYz5uSy4g,uJZgom8HpK74xz8IojpT0A,4.0,2019-05-10 12:23:37
dyAaNxc4QGNxOIYz5uSy4g,vUrTGX_7HxqeoQ_6QCVz6g,5.0,2018-07-17 01:47:19
dzJZCVORbdsa4LlH-Yb3nQ,llYsxQ0IuKh0HXULlqu6fw,5.0,2016-07-09 16:46:27
e-ZAcXiRj9Lq9g8TqqMuMg,OR7VJQ3Nk1wCcIbPN4TCQQ,5.0,2016-01-30 17:13:08
e0dy-6wb5MSLXhJnOlqI1A,2njTjQ35skXN171KoobeGg,1.0,2019-01-16 16:10:02
e1pyUTuotYKQrCOuXY79bw,Vsbe7-4gt485ri-WQOsP2A,5.0,2019-02-24 02:05:11
e2TJsz9xbrp-ezwsV77oGw,EJ0t-DhlxWaMz2txzO7WVw,4.0,2021-09-26 19:04:56
e3-W6kzr0xaUDKX4Onj_aw,qjP2XXjtLdlZ20SISqtAAA,3.0,2019-05-15 23:27:45
e3L8WXi1t481HuEk6yo8YA,VVH6k9-ycttH3TV_lk5WfQ,5.0,2014-08-18 19:58:12
e4CL4rUo8qwiIfWWRKsrNg,RsDUfhQl2R0H2moGv81Uaw,5.0,2018-11-30 05:09:46
e4t4Phko2POKIMW4XoKX7A,hV0rmTB2S2fYzjQKlHtKuw,5.0,2016-03-30 00:02:51
e4t4Phko2POKIMW4XoKX7A,tTNGEXBBOg5fLAfxLKBFPw,4.0,2016-07-09 12:40:19
e5hwGgorUG6KX-eSO_UCcA,6wC2eUkEgk_N8-a7BaEH5A,4.0,2021-12-03 16:11:56
e5hwGgorUG6KX-eSO_UCcA,EqxVp4_9Up1HNgpU2pH3WQ,4.0,2020-10-29 23:49:33
e5hwGgorUG6KX-eSO_UCcA,VSpseb6oijtKffRRL_xfgQ,3.0,2020-11-04 11:17:46
e5hwGgorUG6KX-eSO_UCcA,lMqs-c1Cwzm1Nym-dZNAQQ,5.0,2021-05-19 02:17:39
e5o_SCDsG4Fvdj1PsdMHgw,OrU9wTeHJSLMwyGqYg4FAA,1.0,2013-09-13 06:33:48
e5uY6jbGW1gifAWW2XDIog,znx1v_c2IPKOXlYAbqFYvg,5.0,2010-03-27 06:29:27
e67fm29pOiQUcPSltCAHVA,2KIDQyTh-HzLxOUEDqtDBg,5.0,2019-08-26 20:42:15
e67fm29pOiQUcPSltCAHVA,642IgLN1a8kjDIeAkaps1A,5.0,2017-11-28 15:34:27
e67fm29pOiQUcPSltCAHVA,69ccjOpx2iFvr1y2qas9uA,5.0,2020-12-29 20:22:31
e67fm29pOiQUcPSltCAHVA,9b-LZWsj75mmfMYuChXDkg,2.0,2020-02-14 02:49:06
e67fm29pOiQUcPSltCAHVA,9uRj85PviKNiMCYPwiJyIw,4.0,2016-12-02 03:27:21
e67fm29pOiQUcPSltCAHVA,Fbtcj6j9-byxq68ACKpcUA,5.0,2021-01-05 20:07:23
e67fm29pOiQUcPSltCAHVA,HgPTy_OGoaxllb2EXkC1sQ,5.0,2021-05-19 19:13:41
e67fm29pOiQUcPSltCAHVA,IC1mLUQ_FmBEECFYjrDRfA,5.0,2021-01-09 20:07:11
e67fm29pOiQUcPSltCAHVA,T-mjBBb6YUcikIuX-S4esQ,4.0,2020-07-18 00:39:03
e67fm29pOiQUcPSltCAHVA,T3Bbtht3jO2izyO6f6W8bg,4.0,2021-06-11 15:00:11
e67fm29pOiQUcPSltCAHVA,_oRpJmQchbbEGEn3Xo8OPg,4.0,2019-12-28 22:20:38
e67fm29pOiQUcPSltCAHVA,rKx-J2H54p2eZIdn8JvJuA,2.0,2021-05-07 01:32:15
e67fm29pOiQUcPSltCAHVA,x1ukXOcMHlzKmTmfNIjyLA,1.0,2020-03-28 18:34:25
e6heoqu1EnKkaNFbf1N7CQ,J8S7cPPlTgsQnXKVfTyN8g,2.0,2014-09-01 18:02:08
e7MEzEQMjqNPZfYthZKhwg,otJAPyE7thHcLuFCM8Wtvw,4.0,2015-01-11 05:11:25
e7fVEiodQMWFRzi6rNAvFw,6bfas5osLwyvyWcwwDg6XA,5.0,2015-06-27 15:15:38
e7fVEiodQMWFRzi6rNAvFw,ZYoKsoyfRuxqJPwsKtzqFQ,4.0,2014-09-29 01:57:33
e7fVEiodQMWFRzi6rNAvFw,vXhrovlPWEnPKCbZMcsZDA,5.0,2020-07-29 01:49:22
e7qswoJFIolWdf1qX_P_oA,ekYEnQ5xKIGjdWIXwE98zg,4.0,2015-09-21 14:27:57
e8mq1QXndi26bp3wMfRkrg,c1xuic_qvUfSIr-if6nSUQ,5.0,2012-11-15 20:39:59
e96Xa15PI5PiqHbZXfKSCQ,_EqGhRXzlUaTpu5eToC8MA,5.0,2010-09-23 04:55:15
eAb3tetlLV9KmjVNQ3HAwQ,pFoS41r45N2VL0sHIGdJ-g,1.0,2015-05-05 23:10:06
eBKfmyQ48H4eSj_uYPCpjQ,rtykgAe3cXao_PuzgT8mPA,1.0,2015-03-28 16:05:52
eBanYH_QYCBrSF1ms1wUpg,Bii6sQO2QNinBq9vdakNBg,5.0,2021-10-26 19:27:26
eBanYH_QYCBrSF1ms1wUpg,HgPTy_OGoaxllb2EXkC1sQ,5.0,2021-12-03 21:55:42
eCtcEk6ysWJNrnRqhl4spQ,QUEWdnmVCv2Ri8xJATTrIQ,1.0,2017-01-15 20:33:20
eENfwrVhvOj5t7Gt1IKKAg,32It9NN_lVismU9tcuLB0A,1.0,2009-05-25 00:46:54
eFUcc2QbaW0InWgsBsMiwA,4eZ-elvoXx4m65uoz7ymzQ,5.0,2019-06-11 01:37:06
eFUcc2QbaW0InWgsBsMiwA,V6Om7YZhlRQRU7WfuxHq8Q,5.0,2020-03-04 12:07:09
eFUcc2QbaW0InWgsBsMiwA,ytynqOUb3hjKeJfRj5Tshw,5.0,2018-04-22 16:29:57
eG1Tur78lGPRLPysNSzadQ,RQAF6a0akMiot5lZZnMNNw,5.0,2018-02-21 13:21:07
eJY8svAq_1pt1VQiHu7lew,26jYcdFR5oLqKDKpTH0JIQ,5.0,2013-11-11 01:36:48
eJY8svAq_1pt1VQiHu7lew,5fCpIolPWznGdz3D6hjrvg,4.0,2014-03-18 03:15:57
eJY8svAq_1pt1VQiHu7lew,6Ty-KKWq6hLZYW8DWEHYvg,3.0,2014-01-23 01:53:24
eJY8svAq_1pt1VQiHu7lew,8jXmNMrGJ2acUG1R-D5e6w,4.0,2014-09-07 01:02:32
eJY8svAq_1pt1VQiHu7lew,9cybDNxJ7cyNVkmwm-ktcg,4.0,2014-06-29 17:06:29
eJY8svAq_1pt1VQiHu7lew,BVv3JFBNRQW3pX9cTZizkQ,5.0,2014-11-30 08:07:16
eJY8svAq_1pt1VQiHu7lew,EBonJ5tjkxBEUezwosVlLg,4.0,2014-03-10 03:32:38
eJY8svAq_1pt1VQiHu7lew,IGna30iAQJa6RMbsv-9tWg,5.0,2015-08-09 10:39:31
eJY8svAq_1pt1VQiHu7lew,Meww6RIE4cFL_kG0aRlbAA,4.0,2016-12-28 19:27:57
eJY8svAq_1pt1VQiHu7lew,ORVWMFwF5qTWy9Cbahf0Pg,2.0,2016-01-04 01:04:00
eJY8svAq_1pt1VQiHu7lew,UGefDZNmnBztS0eoXWtHyQ,4.0,2014-02-16 14:41:21
eJY8svAq_1pt1VQiHu7lew,XNllgtbX8Er5sixIrJMEoQ,4.0,2014-09-06 19:14:07
eJY8svAq_1pt1VQiHu7lew,aeIWVa6G54UUo6yloJkyJg,3.0,2016-04-15 04:26:30
eJY8svAq_1pt1VQiHu7lew,cnpwVLlQbalDWPWquUvWgg,4.0,2013-11-05 21:33:29
eJY8svAq_1pt1VQiHu7lew,dGeXdSMah56gEHwZNaRQKA,4.0,2015-05-07 18:27:25
eJY8svAq_1pt1VQiHu7lew,hfbZ97Te3T4jeWN6GgsGrQ,2.0,2016-01-20 19:33:21
eJY8svAq_1pt1VQiHu7lew,i7akkU95QVETwwX8D2qH-Q,5.0,2017-01-29 04:37:06
eJY8svAq_1pt1VQiHu7lew,kBgiy6ulQRiATWFPZjTPKA,4.0,2019-03-14 14:26:45
eJY8svAq_1pt1VQiHu7lew,miRxzEzV7OIShLQ5x_Lvvg,3.0,2014-08-01 19:43:31
eJY8svAq_1pt1VQiHu7lew,oBNrLz4EDhiscSlbOl8uAw,5.0,2016-07-06 04:11:12
eJY8svAq_1pt1VQiHu7lew,sitve7-2mPUQQ2bV8jLCRg,5.0,2014-05-14 01:28:30
eJY8svAq_1pt1VQiHu7lew,uR7G8I4Cef9D9R340TN24Q,4.0,2016-01-20 16:18:47
eJY8svAq_1pt1VQiHu7lew,vN6v8m4DO45Z4pp8yxxF_w,4.0,2013-10-02 14:36:53
eJnwyot0rLyWN84DwyC0RA,6GXMHrB8u-3nq87zE1Av0w,4.0,2020-07-18 00:19:03
eJnwyot0rLyWN84DwyC0RA,IFFuw9ZIzpcWSqu2OHmjZA,4.0,2020-06-16 23:44:00
eJnwyot0rLyWN84DwyC0RA,KHe6HAqmyioITwTvg9Bbcg,4.0,2020-01-10 06:21:28
eJnwyot0rLyWN84DwyC0RA,MYZuMWSZ9-1q-_1fbWfvow,4.0,2010-11-16 17:33:30
eJnwyot0rLyWN84DwyC0RA,Ri_k9eVAKZPn3qH39frvWw,4.0,2018-06-17 18:38:08
eJnwyot0rLyWN84DwyC0RA,YN4Kk751tmdvoarGo8z7_A,4.0,2020-07-08 14:46:57
eJnwyot0rLyWN84DwyC0RA,YPLfRswyryjjW3VJa-SdaA,4.0,2020-01-02 20:00:07
eJnwyot0rLyWN84DwyC0RA,bq0n3CQy1CkE_WUe76zQvg,4.0,2018-06-13 09:40:53
eJnwyot0rLyWN84DwyC0RA,fwIhAbiaJBuJnt90mZSTBA,4.0,2016-05-15 02:41:15
eJnwyot0rLyWN84DwyC0RA,oziGQYLaEWOpNmPKrZP86g,4.0,2018-05-16 23:51:35
eJnwyot0rLyWN84DwyC0RA,tUkv0ZxUAdpyv8qhgRU5TA,4.0,2020-01-06 16:35:18
eJnwyot0rLyWN84DwyC0RA,tngXF4K4cojGHn-4PUpBLQ,5.0,2013-05-15 08:14:14
eJnwyot0rLyWN84DwyC0RA,zRjUMHQJ5gAmFhcXZtLacA,4.0,2021-12-27 16:01:02
eJnwyot0rLyWN84DwyC0RA,ziMvN9iVXWQJrBtzcEONMg,4.0,2020-01-03 22:44:52
eKZ_tnsOCNWty4Wy0mSftg,Ps7Q7BOKzJO4nDTUhbk43Q,5.0,2014-05-14 13:49:34
eL2aNI9XaF06FOgaSKbikw,8OMerSx6en6MgHYg3E89ZA,5.0,2017-06-07 17:22:08
eLHsnsI2YDuGwIdFqYFhnA,tV46IhCfHbsx_af-pMupiw,2.0,2010-02-18 20:22:07
eNlfieh9t63fn5sr8DTHrg,J8S7cPPlTgsQnXKVfTyN8g,1.0,2012-03-05 15:59:46
eNtU9lv7gCb-qNy7nQCQIw,-tDmeO1Q5aqThVY3AFJJ7A,4.0,2019-10-27 21:19:37
eNtU9lv7gCb-qNy7nQCQIw,ECmPXOHont5XlHp3zs4g4A,3.0,2017-02-27 05:56:56
eNtU9lv7gCb-qNy7nQCQIw,RYfl2IphOq0xFN0N8pzXQQ,5.0,2016-02-16 06:08:48
eNtU9lv7gCb-qNy7nQCQIw,Sc6V7hXU7Ar2_mmRoRYsKw,4.0,2017-03-15 19:08:26
eNtU9lv7gCb-qNy7nQCQIw,rAytSQU5RQHvXe1Wl_j37w,5.0,2018-06-21 00:05:18
eNtU9lv7gCb-qNy7nQCQIw,xLiN8ZqDaTEn0AXdhRZ-Xg,1.0,2020-04-13 01:45:35
ePcbpwc0MXl3Iorp1TqYuw,QqvMMaeNJqaEJihkhdYiAQ,4.0,2017-02-02 09:28:22
ePcbpwc0MXl3Iorp1TqYuw,aI3B47Y_AUYFP5K5JAYrlA,5.0,2017-08-27 23:32:41
ePxjx8tee06mn5h87X-Sxg,183RrwDm8mmdKCX1E9dUVQ,5.0,2017-01-27 04:29:18
ePxjx8tee06mn5h87X-Sxg,oTyB5m3LE4jueRk9kg09IQ,1.0,2015-06-08 19:51:33
eQzljL5FzrZiR_jKppeuqw,1OfhM-ZKvcpxyxptCCzEwA,4.0,2016-09-22 01:41:08
eRzcez8kTQbY8BH_M2yRvg,Yu401DtSmkXpJhgXnQcFrg,1.0,2015-03-15 19:57:19
eSUV7JPhALmcQ_IC2t72Kw,c1xuic_qvUfSIr-if6nSUQ,5.0,2012-10-31 23:30:44
eSU_HjKOA3Ppt8oS07oYkw,-pyobEWdpZ6jUp42f3I2xw,4.0,2016-01-07 15:13:14
eSU_HjKOA3Ppt8oS07oYkw,GXFMD0Z4jEVZBCsbPf4CTQ,5.0,2017-01-12 16:06:04
eSU_HjKOA3Ppt8oS07oYkw,T-uphPk44OFt6sR8F-0uHA,4.0,2016-01-07 15:03:29
eSU_HjKOA3Ppt8oS07oYkw,vhDWGF-8BfsxvS7Zo5Wv2w,4.0,2017-01-02 16:37:39
eSU_HjKOA3Ppt8oS07oYkw,xZileQFJ7h-0QKjtGc9xgg,4.0,2017-04-05 18:57:38
eSU_HjKOA3Ppt8oS07oYkw,xlMQBBt9wrtahdqiRDcVSg,4.0,2017-01-12 16:05:55
eSlOI3GhroEtcbaD_nFXJQ,LbhraX3qY94g3Xn2Havbpg,2.0,2014-07-25 02:49:40
eSlOI3GhroEtcbaD_nFXJQ,ObkVEcYUuf3efg-0V_WYfQ,4.0,2015-07-04 17:02:43
eSlOI3GhroEtcbaD_nFXJQ,ZYoKsoyfRuxqJPwsKtzqFQ,3.0,2015-06-24 03:05:13
eSlOI3GhroEtcbaD_nFXJQ,t-RHwZzlTAZeTcgrrbRtqg,3.0,2020-08-17 03:03:48
eSlOI3GhroEtcbaD_nFXJQ,wl7rFbvRUstwyB2vRDW6IQ,5.0,2015-08-16 01:42:08
eTIAkt9CisZtAqpEZRlfgg,2KIDQyTh-HzLxOUEDqtDBg,5.0,2016-02-06 23:58:20
eTr8ujOL5Ip3yIhIWmQPYg,o4IiNbNybcy-L4vzTSoDJw,1.0,2018-04-24 19:34:58
eTvp_hYnsrI5-ow_sQ31_g,0S6OwdpZVlg7YmdEw5fO8A,4.0,2014-04-20 07:09:45
eTvp_hYnsrI5-ow_sQ31_g,1o9IdLrFGMS2o5Y8uXKC0Q,5.0,2015-10-03 22:50:02
eTvp_hYnsrI5-ow_sQ31_g,3XXt0s_SDC9SyFTiIPNSgA,4.0,2013-08-24 18:01:39
eTvp_hYnsrI5-ow_sQ31_g,3XirYkP9PJvVXIEDPNNXLA,5.0,2015-10-29 21:02:04
eTvp_hYnsrI5-ow_sQ31_g,3Ym00dQ_oqZ0zunGMLhX3Q,3.0,2014-01-01 02:13:49
eTvp_hYnsrI5-ow_sQ31_g,4uZUHjSonatwt-02yqJp6w,5.0,2020-01-04 21:48:10
eTvp_hYnsrI5-ow_sQ31_g,6N44KZ0qDcY1n1Rz0Nw3bg,4.0,2015-07-27 00:06:01
eTvp_hYnsrI5-ow_sQ31_g,Aew5uJRpT8Bhr_VT46S1WQ,5.0,2013-07-13 19:03:26
eTvp_hYnsrI5-ow_sQ31_g,C6KP0hSutumHzLDCFyjvJQ,4.0,2015-04-26 20:36:06
eTvp_hYnsrI5-ow_sQ31_g,DT_ZjeS2ZvBuzZvt9h48fg,5.0,2020-02-02 05:06:48
eTvp_hYnsrI5-ow_sQ31_g,EmN6j5PKKUL7DkXnM267aQ,5.0,2015-10-15 22:51:44
eTvp_hYnsrI5-ow_sQ31_g,GJnYFvk9kbM182bKMFSAvg,5.0,2018-01-19 01:15:00
eTvp_hYnsrI5-ow_sQ31_g,HKS-63JzfR0DMNVLBuokYw,3.0,2013-04-16 21:20:34
eTvp_hYnsrI5-ow_sQ31_g,HiGSwE3dV_u5OnLok3jfKw,1.0,2015-08-20 23:17:19
eTvp_hYnsrI5-ow_sQ31_g,L4mb344-MC_M4rX8weA3WA,2.0,2013-01-31 13:30:28
eTvp_hYnsrI5-ow_sQ31_g,LArxVfahgjP-qHfakBZ86w,4.0,2020-02-02 01:21:24
eTvp_hYnsrI5-ow_sQ31_g,LGYIhGqbYakMMdsn_GCzJg,4.0,2015-09-22 23:12:03
eTvp_hYnsrI5-ow_sQ31_g,LPzt4zjwSSJnqmhFIyx-bA,5.0,2013-08-27 19:13:45
eTvp_hYnsrI5-ow_sQ31_g,O1yOaZXGvAVb7d2YXL5L-A,4.0,2016-01-06 00:41:35
eTvp_hYnsrI5-ow_sQ31_g,O4mH_WvFA0My7qOxbkAYow,4.0,2014-04-22 18:59:58
eTvp_hYnsrI5-ow_sQ31_g,R8t9g5nvi7VFyS8zsgmj8Q,2.0,2014-08-16 23:41:03
eTvp_hYnsrI5-ow_sQ31_g,Sz3sBE4sb4gambo5LDgjPA,3.0,2019-01-26 02:03:08
eTvp_hYnsrI5-ow_sQ31_g,VeqkfRUzZAKlQer3npXPdQ,4.0,2012-06-02 15:14:48
eTvp_hYnsrI5-ow_sQ31_g,YT1oM3AlNSCjzKvbH8MPWA,5.0,2016-03-17 13:37:29
eTvp_hYnsrI5-ow_sQ31_g,_-XYJgVGrNMtn_S6nPm-GQ,4.0,2017-08-23 00:10:13
eTvp_hYnsrI5-ow_sQ31_g,_PZHmeCIdTVfByOUgBQKMA,4.0,2015-04-23 22:41:27
eTvp_hYnsrI5-ow_sQ31_g,aHHK_n_wGElui6oDmRCL4A,4.0,2019-01-26 01:52:01
eTvp_hYnsrI5-ow_sQ31_g,d3dw3YihB3WuU1Sb_i74-w,3.0,2015-09-16 22:35:44
eTvp_hYnsrI5-ow_sQ31_g,jNl1J8EVcKY9TybC3NpivQ,2.0,2013-05-07 12:05:49
eTvp_hYnsrI5-ow_sQ31_g,kyFsGq8Wnuoy3zWUWB-OkQ,2.0,2013-03-15 00:07:56
eTvp_hYnsrI5-ow_sQ31_g,sikefl5Nj00MNQ1OUyCEcg,3.0,2015-08-06 19:48:40
eTvp_hYnsrI5-ow_sQ31_g,vWjME92WddneF98IqzaNfQ,5.0,2019-08-21 21:53:08
eTvp_hYnsrI5-ow_sQ31_g,wMWRpzjKgwIef2yJ41RCGw,5.0,2019-12-16 23:01:10
eTvp_hYnsrI5-ow_sQ31_g,wlORwhEzCTEHari93WKc4Q,1.0,2010-12-17 19:58:17
eTvp_hYnsrI5-ow_sQ31_g,xSn2d1RTvK7e4KM0bI2NLg,2.0,2012-05-28 13:49:50
eTxxyCHNdOVdKm1F_ecU6w,KY5ndIM2KL0ViL5s6pnNYg,5.0,2019-09-22 12:52:58
eUAUlyVPj631tfWfHGBK8w,4uZUHjSonatwt-02yqJp6w,5.0,2014-10-05 21:02:04
eUXBZmfifZwWPCbWQy4QBg,3U0ubgmGTWgupV-OGmuhFA,1.0,2019-05-11 02:18:41
eVIf6rdRbevntBmV85jOrw,OMpHvwN3cxkbldKbKskc5g,1.0,2014-09-21 13:49:06
eVSl6sLpS6_mUucMZ4cB5g,pKvKZCB0fq4KgtK2Pc0yaQ,5.0,2021-02-26 13:25:55
eVSl6sLpS6_mUucMZ4cB5g,uR7G8I4Cef9D9R340TN24Q,4.0,2021-08-15 16:33:47
eVWgnIaMMelbcIzydSqWMA,qcguEeAMP0XwFLYqhwX2hg,1.0,2011-10-06 18:53:25
eWu1xPt52B-yMZmIyBIUsw,vWjME92WddneF98IqzaNfQ,5.0,2013-11-04 17:07:01
eWv4QOGX1XNjLiwAMluehw,sr-5EY6bmp4jINhea06MjA,1.0,2017-12-03 02:40:02
eXych7LFgg5uI6VaRAUW2w,NbOWECn3ilz4gWL6dm5P6g,5.0,2016-12-09 15:34:54
eXych7LFgg5uI6VaRAUW2w,rVfe1LHo55A2fworkm_jVw,3.0,2018-08-02 22:48:42
eYAHuL9j_G7dQChJDLQ96w,tLVnL8CqQYiMU6E_aayYog,5.0,2019-04-10 22:22:45
eYd1sygl0Thd2JRQTVgX5A,C3RFTpNj8_4Yz9gtmGeH5Q,5.0,2017-09-06 02:56:40
eYd1sygl0Thd2JRQTVgX5A,EmN6j5PKKUL7DkXnM267aQ,5.0,2021-11-04 22:42:15
eYd1sygl0Thd2JRQTVgX5A,EpREWeEpmR8f1qLHzzF0AA,4.0,2021-10-14 02:23:50
eYd1sygl0Thd2JRQTVgX5A,QqvMMaeNJqaEJihkhdYiAQ,4.0,2021-09-11 00:26:17
eYd1sygl0Thd2JRQTVgX5A,X0vPZIkbUj22afBQz5-neA,5.0,2019-01-19 23:47:23
eYd1sygl0Thd2JRQTVgX5A,a9-gYc8CKX6qbf4GX_VawA,4.0,2019-01-20 01:39:01
eYd1sygl0Thd2JRQTVgX5A,c_xAbBTeiIHqPm1zMOvQcg,5.0,2021-10-22 08:33:45
eYd1sygl0Thd2JRQTVgX5A,kdG6HXfXPk6YKZ6lkURaEg,4.0,2021-09-10 22:21:08
eYd1sygl0Thd2JRQTVgX5A,vWjME92WddneF98IqzaNfQ,4.0,2021-09-22 00:25:36
eYd1sygl0Thd2JRQTVgX5A,z7em5co2qckbAXoDGXynsA,4.0,2021-10-14 23:19:40
eYfXxTE04Jpd6MchMPHVoQ,JXNr7z-uAT8n1yS6z77IHA,2.0,2013-05-04 11:39:32
eZTy3ekPUWGz2oAlVQsLgg,uvAP4JuwHzZeZJ_aZyNLrg,5.0,2020-01-11 22:20:33
eZmbxeSMgdfVhk6RGElk4g,IkY2ticzHEn4QFn8hQLSWg,1.0,2014-02-24 11:52:33
eZz6SlVD975FH9c3ioT3Fw,c1-LgoUcXYtw_zVt3FSwSg,5.0,2019-05-08 00:01:04
eZz6SlVD975FH9c3ioT3Fw,mGy0KzmeGIECUL0nZXUV0g,5.0,2021-02-16 18:18:23
ea3HFxRRo4gZOmlDle8IPA,SxbqEgEwrGmtgvQAgM6kIg,3.0,2015-02-01 04:59:36
eaTFfaJVVf6ASr5dBWAOUg,GBTPC53ZrG1ZBY3DT8Mbcw,3.0,2019-03-05 03:14:28
eaTFfaJVVf6ASr5dBWAOUg,VVH6k9-ycttH3TV_lk5WfQ,4.0,2019-03-05 04:09:34
eaTFfaJVVf6ASr5dBWAOUg,vHr8qhM4CXYB3Ol_9yS6QQ,4.0,2017-06-29 22:42:36
eaTFfaJVVf6ASr5dBWAOUg,vN6v8m4DO45Z4pp8yxxF_w,4.0,2019-03-05 04:29:27
ec2rBsm1Bm04FYfBir79Tg,N6BC3jZ9v9S4TAG7N5VuZQ,5.0,2015-11-21 02:10:22
ecHwvfy3wOAih_RQHUQiEA,GTjOyc4NVHgDJXnMdL_TTg,5.0,2015-05-24 09:52:25
eeErZzgWenz9ck7FGdFUfw,WrZaL6BxHqVqt3sAcJ-5Rg,5.0,2022-01-15 23:53:37
eg0cwrodeKGLeLIDTSCXoA,617w8MQE3z1szmLvs0WfCw,5.0,2015-08-24 17:15:55
eg0cwrodeKGLeLIDTSCXoA,lRznUOtLYY2GP_dvc7kmYQ,5.0,2016-05-24 16:39:28
eg2oca7uVYE4HwH0o2uD-g,sr-5EY6bmp4jINhea06MjA,4.0,2017-06-25 05:09:22
eg7ZVmUQSSTwuLhkdU8y5w,WCdSajl5Q0qywpv7K5jHdQ,5.0,2017-09-06 20:46:11
eg7ZVmUQSSTwuLhkdU8y5w,ir8tx6USSa-jMHGKJ9DrPg,3.0,2017-08-31 20:03:20
ehHDtBNAQ_5AopWiN-e4mA,cuYMRqzehT24XJk-YSrExw,5.0,2013-06-30 03:04:06
ei8X5pyCur3d0CGb5EbnFA,0oSSjekU-3GR8gselReWnA,5.0,2009-09-14 03:46:07
ei8X5pyCur3d0CGb5EbnFA,Gay6ZhRBF8SNF5YudevDoQ,5.0,2009-04-03 13:43:07
eigZw_Tn4TWJPSZ9UO9Auw,RA5E6BDiAzgSmsxdc1A4tw,3.0,2015-03-29 19:45:43
eigZw_Tn4TWJPSZ9UO9Auw,jXrhIVKcJ-upvglUmfC1pA,1.0,2015-01-01 10:17:01
ejXVg0xN43gT2PiiNv7vmw,tsaifr1x7MHWsUngvZ1SQA,5.0,2018-08-07 21:14:18
ejXVg0xN43gT2PiiNv7vmw,vxLV9tci88Hsr1G01uleag,4.0,2021-07-27 03:17:05
ejXVg0xN43gT2PiiNv7vmw,wHnk0H_5RGBSYCC32SmkIQ,5.0,2019-11-06 18:27:22
emkgr9xghy66fU58fwnRgQ,5vObJIHLO-QOMrw_MvC4rA,1.0,2014-03-30 22:54:20
emtoR15otGd4Di0k_OnyOg,BTblqXsOHMXjcgcYkdzuqg,5.0,2015-08-03 17:21:02
en3MjPnVS5CCzmMPTaBy_g,6h7C53qLfwM7v3zKRqG0yA,5.0,2012-10-22 03:08:42
en9InA1FGqAbbM2-KpqgBA,5fCpIolPWznGdz3D6hjrvg,5.0,2013-01-18 17:36:36
en9InA1FGqAbbM2-KpqgBA,6Aa0t9YWJNknGP9tHWmG5Q,5.0,2015-07-11 21:58:18
en9InA1FGqAbbM2-KpqgBA,6RDGvdukSq3YHPYvG8sIEQ,4.0,2015-02-23 01:02:09
en9InA1FGqAbbM2-KpqgBA,XDMno4l95AXgYOd0yDtHZA,4.0,2016-06-23 21:27:23
eniDHICq4FG2bNJXTJ9G7Q,EO5ne2jClfd16Sus5D6i6A,4.0,2020-09-22 17:45:29
enjoFRO-o_uEGx8KetVu4g,IGna30iAQJa6RMbsv-9tWg,5.0,2011-01-21 03:42:32
enpVpGDnutUAU0AMcatI-Q,FTFaEinJgzqY0ZHQMUSpQQ,1.0,2015-08-21 20:24:36
ens7LiIE4Cs4RjW5Mz65Mw,IkY2ticzHEn4QFn8hQLSWg,2.0,2016-05-24 12:23:33
eoTY3um29cl2oRdP2obxUg,6c8eIawbCBu3FLp2kDraBA,2.0,2020-10-28 17:29:19
eodLg-yycbuXUGMGy4P9Ug,pAFtOcz710oLQ-e_J6AIzw,5.0,2018-09-07 20:02:01
epQ-tZ2wneTGITGABqv01Q,0cddB9WRKcQhzAEXEav81w,3.0,2016-05-17 20:06:54
epQ-tZ2wneTGITGABqv01Q,A5b9nVDi1DPVvPOD24-p6w,1.0,2015-04-14 02:26:39
eq3aLYl5MUhwB_ECAzn-xQ,NbOWECn3ilz4gWL6dm5P6g,5.0,2020-01-11 18:37:55
eq3aLYl5MUhwB_ECAzn-xQ,auwFZzfhe2pvFw43OfsAfw,4.0,2020-02-09 05:32:48
eq3aLYl5MUhwB_ECAzn-xQ,nMDteyIwo3zLbqm45xBwFw,5.0,2020-01-02 21:23:45
eq3aLYl5MUhwB_ECAzn-xQ,vuE1iseFrgNPumUEfHIZZQ,5.0,2020-01-12 23:23:04
eq3aLYl5MUhwB_ECAzn-xQ,waWvlZPOgPkfSTsnCju4aA,1.0,2019-04-25 02:25:39
eqd1XctHoYV90YBPJSkkUQ,fUlCcUBeYRC80S8iWgccAw,1.0,2017-05-01 00:00:39
eqdsqTTSmzIB0MaRWIhmmg,JLumGKzGu9kqGTdwYF41CA,5.0,2019-07-28 15:13:25
erbvb1HGwwNdslTYjvw-7Q,UZdApFai5HvZjt11eyqDDg,4.0,2014-01-08 01:54:04
erbvb1HGwwNdslTYjvw-7Q,jbJTF1zVmZsk4hea8hoeVA,4.0,2018-01-08 01:21:02
erwKZe1mY-hQpcuC0LxLsg,AooN1OtJJLh1G6A-8u1v8w,4.0,2019-03-12 16:10:41
erwKZe1mY-hQpcuC0LxLsg,Yax5aVDXTboGKvy8J6Vqpg,5.0,2016-04-04 20:21:24
erywWqnqC4dVQ3b9gf52Dw,8uF-bhJFgT4Tn6DTb27viA,5.0,2016-01-18 03:58:03
erywWqnqC4dVQ3b9gf52Dw,GXFMD0Z4jEVZBCsbPf4CTQ,5.0,2016-01-14 21:49:52
erywWqnqC4dVQ3b9gf52Dw,Gi4ex2Tq7ggRlpN0S7k5Xg,4.0,2016-01-08 04:36:34
erywWqnqC4dVQ3b9gf52Dw,dGeXdSMah56gEHwZNaRQKA,3.0,2015-04-13 20:25:09
erywWqnqC4dVQ3b9gf52Dw,g33s03KL3BTPgTPg_6r_Kw,4.0,2016-01-07 02:00:49
erywWqnqC4dVQ3b9gf52Dw,g5ogvPhw3PSobtaZFkdEXg,5.0,2016-02-13 02:45:48
erywWqnqC4dVQ3b9gf52Dw,lSwPJt2ZPX03tEpfXE1BFw,4.0,2016-05-16 22:12:41
erywWqnqC4dVQ3b9gf52Dw,oBNrLz4EDhiscSlbOl8uAw,4.0,2016-05-26 21:36:14
erywWqnqC4dVQ3b9gf52Dw,sy9erwW0yTpjsTQ1eLtnUQ,5.0,2015-04-27 13:49:27
erywWqnqC4dVQ3b9gf52Dw,vN6v8m4DO45Z4pp8yxxF_w,5.0,2016-05-18 04:34:42
eteU71BreWIONFxtIsCP9Q,vR-t8pg-ARU9Z-ssT2aRdg,5.0,2013-08-05 05:30:08
evCUbwnaTJ-SeOPbLAROpg,H5Rk-aunuEzGANXCBu-NPQ,5.0,2020-06-03 20:12:18
exIKnECZQbP8g4MJi8aXZw,fbnuCM0H19unY6FF-yjhpQ,1.0,2013-09-03 01:38:59
exMcVUxhd_SKTV2ZZvek9A,1Efjww8n7WtKtKTgDqjgdA,5.0,2020-07-15 12:14:42
eyfcVolvIKFvVtdsitJs1g,oFxKFiDkP_lGaFAzvnzZfA,4.0,2013-09-22 18:13:59
eyvhQWSbb7vLGCxQn3WGxg,0ZsqqzHu1HHkDdIKoivi5g,1.0,2017-02-03 02:45:49
ez24d08Qyqb7mCKEuTaifQ,J5wx3AY-jkOqt4sTDq2uGQ,4.0,2014-08-11 23:02:15
ez_0ZOmof9vuacg0qZy8qA,LWstcv6F48ouIEW8RGUDjw,5.0,2019-09-12 11:25:19
ez_0ZOmof9vuacg0qZy8qA,WUCm48LSSxeN3mZknFK7Wg,5.0,2019-12-14 04:47:15
ez_0ZOmof9vuacg0qZy8qA,_c-dGNiPXl82X0765DZsmA,4.0,2017-11-28 21:45:10
ezqvnYDS8WD2KshapwQ3Yw,VpJzlz3bKOJtiI1rb9kTpw,4.0,2015-06-02 17:16:41
ezqvnYDS8WD2KshapwQ3Yw,ksVNbLJtHk7OXvpG-j_N-g,4.0,2016-03-01 19:59:21
f-bmguOsdvHzPIwDlOHsAg,JXhIz744GI7U_ereD9Nf8g,5.0,2020-06-01 21:50:24
f-iREBx-5CznQjIMWmoOkw,-FM4CxOg4XXmX_Ebky_SiQ,4.0,2015-09-06 19:16:27
f-iREBx-5CznQjIMWmoOkw,3cT6KPlkOQGZv2Lk7p9_1A,4.0,2018-11-10 22:41:54
f-iREBx-5CznQjIMWmoOkw,8uF-bhJFgT4Tn6DTb27viA,3.0,2018-04-02 16:48:18
f-iREBx-5CznQjIMWmoOkw,GBTPC53ZrG1ZBY3DT8Mbcw,4.0,2018-04-02 16:48:35
f-iREBx-5CznQjIMWmoOkw,VVH6k9-ycttH3TV_lk5WfQ,5.0,2018-09-10 01:52:14
f-iREBx-5CznQjIMWmoOkw,iSRTaT9WngzB8JJ2YKJUig,3.0,2012-09-16 04:29:36
f-iREBx-5CznQjIMWmoOkw,oBNrLz4EDhiscSlbOl8uAw,3.0,2018-03-31 15:08:17
f-iREBx-5CznQjIMWmoOkw,qF8jkN4q4SajC4p4nKwjgQ,3.0,2018-04-09 03:30:05
f-iREBx-5CznQjIMWmoOkw,vN6v8m4DO45Z4pp8yxxF_w,4.0,2018-04-03 23:13:20
f01RRoEzPSqfihNLb71muQ,X4kLBCoQeS-x6zVH7fnOvw,5.0,2015-01-20 01:57:51
f08QvGYHl5y_feny-LJ99w,v1Uesklh8DpEufYOhTq4iA,1.0,2015-01-05 22:49:22
f0SHitrEqc5k0DwWyPlY9w,9ocQBw69M6V3N9LUafw2dg,5.0,2019-05-24 17:24:07
f0SHitrEqc5k0DwWyPlY9w,gVU0U7gNBMQxKTzqmRtdLg,4.0,2019-05-10 12:50:40
f0SHitrEqc5k0DwWyPlY9w,yZHiutcbym-xLGkmFhP-9A,4.0,2019-05-22 12:53:53
f1MFQxTZAWJnRQdrouLg_A,dtU_DsHVOCi-2-mWe7gabw,3.0,2018-01-17 18:59:36
f1Mk3ZALeHfs3YnM9ikVsQ,VwDrUaY7PPkvfD6M1dAVBQ,5.0,2021-06-03 02:10:10
f1PTDTgV2Vpe_aphS0iOfg,KHe6HAqmyioITwTvg9Bbcg,5.0,2017-03-10 19:01:35
f3sNvuXS-Qin_YMNbmoKng,yuNf6vYaIZYe88g6pouAiA,5.0,2008-08-18 15:04:19
f3vS0yrpjLfvbH5jDk6Tyw,eUxD-l-Ddr1iMmzV6prNFw,5.0,2013-07-04 02:20:03
f4mbT-nxg2AJhqxB6XgnlA,etUZW1vOxqbyRdAsWZcs6w,1.0,2013-04-22 15:32:34
f4t6x4J2AdZ4lwYhXVFw0g,-cEFKAznWmI0cledNOIQ7w,5.0,2016-10-07 01:18:33
f67-FfZeBb0ltQ1n-e7UaA,jyZQWgKCXtGLf2j81OzQLw,2.0,2016-05-12 20:13:51
f7MYPukre7MUZvh_wIXruA,Gw6dXkEHFRCisEsigmeJtg,4.0,2019-07-29 06:15:01
f7jg69qMuLExp9SMh-lYwA,t7pZrv7LaqTQ71Iq6NerCQ,5.0,2017-05-22 01:35:50
f7mMjmdAmhc3Z4vs3Ft2mw,j-qtdD55OLfSqfsWuQTDJg,2.0,2008-08-18 08:13:12
fA17RgjSINwm1f3xpzyzdA,AbtYqoBGuvlWmR1gU0c3XA,1.0,2011-06-26 20:17:18
fAJ4v8WKt7DYkC2dskayvQ,TRwPE6wsoAL6_fRaFdB4FA,5.0,2015-03-27 17:27:20
fAJ4v8WKt7DYkC2dskayvQ,zceFlvnOvZ-T0pYTZGLyJw,4.0,2019-02-19 01:09:14
fB7varMyUGhkcTDABHBiwA,znx1v_c2IPKOXlYAbqFYvg,5.0,2010-03-31 04:42:52
fBAoEWbN2mJYPEceDaCC6A,wwmlA6z3OhuykghM7f9RkA,5.0,2015-10-03 02:54:52
fBhtk0eTRnS0LMq6Wh5saw,Oh3Q3QfhMl2DArFiLUrT9Q,1.0,2017-04-03 12:18:02
fBsmdmlM8mNHciehAHWacw,4ADeBcc3O4zmTrp60H4O_A,1.0,2018-07-31 21:34:17
fCffaLUaWrI6QM8I_kHcfw,xmRuCnMaXldWXkYnlCo-fg,5.0,2017-01-11 00:37:16
fCvMnJU1Z-XhAjKg99wK3Q,cLxia5oKALmQ1HDWq0KPmw,5.0,2016-05-15 06:40:19
fCvMnJU1Z-XhAjKg99wK3Q,jLsAwortT8sdnqFLo0moqA,1.0,2017-07-22 00:21:35
fCvMnJU1Z-XhAjKg99wK3Q,zS_iBFOBbZSNC1edaijD3A,3.0,2016-10-29 08:52:03
fDW5Z24ugc_WvUP5WcnkQw,9KiDjwHiQbHBV6iSTvIz7Q,4.0,2019-04-09 00:12:08
fDW5Z24ugc_WvUP5WcnkQw,pc8D9b_rnL_I8ak91tKjsg,3.0,2019-10-21 13:39:58
fDny65qdxn3EJH0PZbCxIw,1s8WJM2zbUScgZ-7HlMXuA,4.0,2011-03-23 20:53:17
fDny65qdxn3EJH0PZbCxIw,szad9yEwckNw0P3L5FGyNQ,4.0,2012-01-04 04:34:24
fEfrVyZOcOKViCWVb2q6zQ,9D0aKRGsutg8S0ClIanmrA,5.0,2015-02-09 00:44:12
fFKhHqwhENswtBQQGGhB9A,-cEFKAznWmI0cledNOIQ7w,5.0,2019-05-18 16:43:34
fFKhHqwhENswtBQQGGhB9A,8uF-bhJFgT4Tn6DTb27viA,4.0,2017-05-07 08:05:47
fFKhHqwhENswtBQQGGhB9A,hfbZ97Te3T4jeWN6GgsGrQ,4.0,2017-05-31 06:12:28
fFWYi59ABi4Zjitm5XxW7g,oMTXtSJzEiHudUY3T68sPg,1.0,2021-01-29 12:42:30
fG-K5NglgWxHg8PNu62afg,EagkHaaC-kUozD3MPzbRIw,4.0,2018-06-12 14:37:57
fG-K5NglgWxHg8PNu62afg,FaY_9x8ZtsuHe5wS2iJM1Q,4.0,2018-06-19 14:35:56
fITw8QUaxcb_xn0av-U5NQ,zC_2cSAkMKkSAykOk72LcA,5.0,2011-08-04 00:12:39
fJ4s1hQ7yEAcUR3WbNBzlA,GoGss2SqsUPwP0xcI9IUuw,5.0,2018-08-08 06:21:16
fKXohnXgbxNEVgsAwpl9_w,C1uSyclZTxXgkYimu9LuSg,4.0,2020-03-04 14:10:19
fKXohnXgbxNEVgsAwpl9_w,L5LLN0RafiV1Z9cddzvuCw,4.0,2016-01-19 13:26:56
fKXohnXgbxNEVgsAwpl9_w,R_Wi9jh57H_OzzAVWO71Bw,5.0,2020-08-02 18:24:16
fKXohnXgbxNEVgsAwpl9_w,Sf9E4E8yo8actSXHFvrZbQ,5.0,2019-09-15 19:26:43
fKXohnXgbxNEVgsAwpl9_w,Wf9Ir1pvAmQL5GXgBEvCcA,3.0,2020-09-29 20:20:10
fKXohnXgbxNEVgsAwpl9_w,_P0-D02F_0SgFUuJLtHK1A,5.0,2020-10-17 18:26:48
fKXohnXgbxNEVgsAwpl9_w,aQFQIlyHasaTz5DtjV57nQ,5.0,2019-06-06 12:45:05
fKXohnXgbxNEVgsAwpl9_w,kCV9CwW28Uz1ln4IXGhGwg,5.0,2019-10-03 18:42:17
fKXohnXgbxNEVgsAwpl9_w,n5i09tgSuzv9ZeIN9Qe5oQ,4.0,2019-06-01 13:08:41
fKXohnXgbxNEVgsAwpl9_w,syX56DgsypCm35ZGASzuxA,4.0,2021-09-30 21:59:27
fKli4SvySUjQCK0hNF9eOg,kiA1mrC2ZVoRmpsWgAT7ow,5.0,2014-09-07 14:47:08
fLDGqfH_QJE5TN2ajHzNjA,nU-zF9XbQehltHoi_LwWRw,5.0,2016-11-30 22:28:48
fLNYX1-t-YcMkHh3Y_UTaQ,Gekeq1c-fuezmx0PSGQvzw,1.0,2014-11-17 00:30:50
fLf6PgHJi9wAiWZ6kvuIqA,rUVk4xJsaWjWwqslu4OclQ,5.0,2021-05-07 15:06:21
fNrHrQa2kS-SxuLiQWGxtg,aCahbvq6zBX2jUReMlJq6Q,1.0,2010-02-05 05:20:33
fOA08pNrjQ0pPKZz6aW6LQ,95d60_mjUg2kLy-bhDLC6w,5.0,2017-09-08 00:39:14
fQTgtv3VsocshUiPDBCOEQ,HDnaNdHEZpQMYXo-ZHHG9g,1.0,2021-05-06 17:54:38
fQq-PBKARvUGfBnmch9Dqg,VBGfYfuHi3hY6phK_G3plA,1.0,2019-06-17 16:06:56
fT403FEKB5VJqpjq-hdVxQ,ReVpjIDupK_VMPn7ZxPvOQ,5.0,2015-04-25 00:33:29
fUftLdEke0dUniW42ZynnQ,rK4MQ-vybY5KXI73o-0mlw,1.0,2013-01-28 21:14:21
fVInqfUrm52KCpAGuEc6Sw,oGU1LmdbKyYm_05PN0F77Q,5.0,2020-01-16 02:38:52
fVInqfUrm52KCpAGuEc6Sw,x1ukXOcMHlzKmTmfNIjyLA,4.0,2020-04-26 02:57:35
fXBz0a6pGNuVjA4zYBJ7Gg,qwmlqH4blnTNTFDhUaCBXw,1.0,2014-10-05 17:34:49
fXywoMpU8PgC75LqYR1TjA,TF3qNGUBUgIYp6u0j79JHQ,5.0,2021-05-11 03:51:41
fYB4nPD2Y0uXXpVo20ZrNg,uJZgom8HpK74xz8IojpT0A,5.0,2015-06-26 14:10:50
fYTamBVBQn1ov12OhhJ4vg,U3grYFIeu6RgAAQgdriHww,5.0,2019-04-15 02:58:36
fYz2voIxcCk5W3Af6IF9Iw,Hi4AgS-uR-lEOF4oZl546g,4.0,2016-01-06 16:34:40
fYz2voIxcCk5W3Af6IF9Iw,nEaTbGFlU7d9eLU2kl6KBw,5.0,2016-03-08 21:30:54
fZ7alKmS6Mi7QJcGQ1-cgQ,6h7C53qLfwM7v3zKRqG0yA,4.0,2014-02-02 21:26:03
fZPBX7mPFZHa1rWlRBPMCA,0IKbUmLM8pWn9t-Epf19iQ,4.0,2015-03-22 17:37:22
fZY97UjlP-iv35beOl_OfQ,wbDRmtxaKRpBOjutvV6TEA,5.0,2015-10-14 18:49:34
fZ_9Na3EuwqN1I9x24vcSg,b2IDM2SC0HkcflLl_nSTrA,4.0,2015-01-29 14:55:42
fZ_9Na3EuwqN1I9x24vcSg,v17tgCRjuPQiFOq4uvEI-w,4.0,2016-06-19 02:05:50
f_tTJDKd110LPukBtGOIIw,paf9A2QkCjTCV-e_TT44Mg,1.0,2015-10-06 22:46:05
fafQY-OvIFOO0ail09Mvgg,8m3-Xrqr2dkF-lLz5H1ZrA,4.0,2020-07-22 03:42:51
fb-jb0wjKBtZnuUH-3tU1Q,Bp2AWqJLBJoBjBwh85rDAw,1.0,2013-06-27 11:13:44
fb6GGfg15x2W9fJ4hAQJ0w,1IjHo5kaSdFxJkJotU4O7A,5.0,2018-06-09 04:16:08
fb9eDPNW21CSbYyOfnnwIQ,0oSSjekU-3GR8gselReWnA,5.0,2016-12-07 16:31:46
fbO2EDVPgRk5UQ8NE7QVHw,5srKt6H8Y1Ko80hboucZEg,5.0,2018-11-05 21:21:40
fbO2EDVPgRk5UQ8NE7QVHw,LalGsMdQmJeIvCgqHVZZsg,5.0,2020-11-19 13:51:24
fbqb-z8c6e7d6SiyM2tHPg,1Tb7ION52mf2I7wXJY9HAw,3.0,2018-11-11 00:30:03
fbqb-z8c6e7d6SiyM2tHPg,EkGrpiN5gN6TaSfVQ0ggvA,3.0,2018-11-11 00:33:38
fbqb-z8c6e7d6SiyM2tHPg,MQRZphoLZVK278Na2YjzgQ,3.0,2018-12-03 19:07:54
fbqb-z8c6e7d6SiyM2tHPg,QRotJ0k3qj4ecdqNprStxQ,2.0,2018-05-25 21:50:35
fbqb-z8c6e7d6SiyM2tHPg,QUshQjkKA_s0yTrxOGbRrQ,5.0,2018-05-11 00:55:38
fbqb-z8c6e7d6SiyM2tHPg,SLuak4P9JyB_T6DsksOIIQ,4.0,2019-01-30 19:41:40
fbqb-z8c6e7d6SiyM2tHPg,U0ICWpbd1C0GD9SpIv3bSA,3.0,2019-06-09 01:27:40
fbqb-z8c6e7d6SiyM2tHPg,UTXwFoe-KOo0SqnBqtbyhQ,3.0,2018-05-21 02:03:33
fbqb-z8c6e7d6SiyM2tHPg,aAdGIK9ewmiWtGzIcrQgNA,5.0,2018-05-09 01:37:35
fbqb-z8c6e7d6SiyM2tHPg,czMJC9pUOMuxse5cEh_lbQ,3.0,2018-05-17 12:47:13
fbqb-z8c6e7d6SiyM2tHPg,ffP1GQlXVK2SROuzU9KBfA,4.0,2019-04-28 21:21:01
fbqb-z8c6e7d6SiyM2tHPg,ihYtslFvge9B9KK1S_E8rw,2.0,2018-04-18 00:46:52
fbqb-z8c6e7d6SiyM2tHPg,jpw9W_oiaDOMkvifWFCb7Q,2.0,2019-06-13 20:08:12
fbqb-z8c6e7d6SiyM2tHPg,nVfkNZLElDdhqWcnaDPtPQ,2.0,2019-05-22 21:50:30
fbqb-z8c6e7d6SiyM2tHPg,uaGsQWKKPhvPW2dnN2fcAw,1.0,2018-05-09 18:50:02
fbqb-z8c6e7d6SiyM2tHPg,v5ur7Ceat3IiRyFzEzLqHw,4.0,2018-07-16 17:27:07
fbqb-z8c6e7d6SiyM2tHPg,yNCFucjmzObzUI7X3Ql_lw,4.0,2021-01-23 03:11:53
fc8Qb-j7sRvOh85diQDYLA,vT1zrTTIji2JDhUHjFKopg,5.0,2021-08-11 16:58:42
fcu34hUvmjxIQz2Oa4xXkQ,GBTPC53ZrG1ZBY3DT8Mbcw,5.0,2014-07-29 19:06:21
fdEv1prCVbqu8O_06KlG0w,YSL06t6e2iKo4ZHZnCZIxw,3.0,2018-05-25 13:41:04
fdFgZQQYQJeEAshH4lxSfQ,1W657uKWvcMKIHaOmEOc-g,5.0,2015-02-15 21:49:46
fdFgZQQYQJeEAshH4lxSfQ,MXNEFOi2wO8Zk6s5-5yaEw,5.0,2021-07-27 00:38:20
fdFgZQQYQJeEAshH4lxSfQ,RFIHFxmNH9dM0ouz2N8ZjQ,5.0,2015-02-15 18:49:08
fdFgZQQYQJeEAshH4lxSfQ,UjQnH-pElJZ9jD51vOt5Rw,5.0,2013-01-08 16:32:26
fdFgZQQYQJeEAshH4lxSfQ,Y4Ur3avr_tGMyQaDHMUdhw,4.0,2014-11-05 21:36:17
fdFgZQQYQJeEAshH4lxSfQ,ZYxGiEyHD17kd80zUzaOQA,5.0,2013-08-24 05:50:04
fdFgZQQYQJeEAshH4lxSfQ,bN7-A2GlVz2Job3frIPy9w,5.0,2015-08-13 04:16:31
fdFgZQQYQJeEAshH4lxSfQ,utJbQdm48JxR39EWnZ6k_w,2.0,2015-01-08 14:03:04
fdFgZQQYQJeEAshH4lxSfQ,whi0nRqdeKE8FGuIzdkYvQ,5.0,2015-06-15 17:04:56
fdFgZQQYQJeEAshH4lxSfQ,yjcIKn2T2QY_DjXWACsAFw,5.0,2016-05-25 23:11:41
fdWWfRFIS8ySjdKY42Fqlw,QQGyPctWtd9WOZnMKUChUQ,2.0,2016-07-20 03:51:27
feN0bl0HGx8v4pee-sfAog,Bc3C4rM1TVZTJzKEN6REtQ,5.0,2021-05-03 16:58:55
feN0bl0HGx8v4pee-sfAog,W72rYffSVg0pIaOpRgNniw,5.0,2020-04-14 23:38:51
fen9BWC39ul9SJZfQ-onpg,8ObCdQQ3mHwDsSsk75Z2lA,5.0,2019-01-24 18:57:45
fen9BWC39ul9SJZfQ-onpg,jA7MZB1aMgQaiNzIdhkwZg,2.0,2019-07-25 17:09:54
fgwI3rYHOv1ipfVfCSx7pg,Cs0adaMTxJWTDSzuQ3vheg,4.0,2012-04-07 02:17:40
fgwI3rYHOv1ipfVfCSx7pg,Jzb2IQSwPfULWzdl9Bq5fg,5.0,2012-03-28 21:30:00
fgwI3rYHOv1ipfVfCSx7pg,hWiXoJFDZrzPY33RjG8yeA,3.0,2012-04-12 02:35:55
fgwI3rYHOv1ipfVfCSx7pg,nTBStZYJfHGdSZJbpaBiPA,5.0,2014-02-22 07:03:53
fiU7TnWwHFlhD259ur0bEw,znx1v_c2IPKOXlYAbqFYvg,5.0,2009-12-18 01:32:13
figjt8ZixJoYDbl096tFMA,0ZsqqzHu1HHkDdIKoivi5g,4.0,2017-10-30 18:25:45
fj7idOQ85wqGO1iprdQZlg,0SfpdMhddPXRJgp3d3z3uQ,5.0,2014-02-27 19:53:28
fj7idOQ85wqGO1iprdQZlg,16tjKOvMw_nOgNViq2LwOQ,5.0,2014-07-23 18:45:50
fj7idOQ85wqGO1iprdQZlg,DOoJrrsqGzZN2FqzvllKnQ,5.0,2009-12-11 15:22:49
fj7idOQ85wqGO1iprdQZlg,rMtVhAJN1GVoO23o686hcQ,5.0,2013-06-27 16:13:40
fjfNJ88l3QNNt8A5RbcNLw,6h7C53qLfwM7v3zKRqG0yA,5.0,2014-02-19 03:56:31
fjqbn7Ixf53VVul7UFdXJg,KiwskluQ7tMqZqvuf872vg,5.0,2015-11-30 19:27:31
fjqbn7Ixf53VVul7UFdXJg,ptJnKvMCb8AjPhKsUWATLQ,5.0,2015-04-22 12:51:23
fmzDbEf_Wluu9ZUDSWG-qg,TzkVUJab9Sh0CqDk2sCF-w,1.0,2016-02-28 05:45:51
fnww7jGPDkuO8NImWWa4SA,zXgksmhdzgL4Xx5FylbP3w,1.0,2018-09-12 02:34:47
fnxXONGMKeOF8oMmoCTuWw,4R2KR_-FybS7oegGrXjHVg,5.0,2021-03-04 14:46:12
fnxXONGMKeOF8oMmoCTuWw,FEXhWNCMkv22qG04E83Qjg,4.0,2020-01-18 23:20:19
fnxXONGMKeOF8oMmoCTuWw,VVH6k9-ycttH3TV_lk5WfQ,4.0,2020-01-18 22:54:40
fnxXONGMKeOF8oMmoCTuWw,riDBd3fB1ZB9Nm5ybaxswA,5.0,2020-01-20 21:08:40
fnxXONGMKeOF8oMmoCTuWw,wb_z1h7XR5IQhVRZHlMuLQ,5.0,2020-08-01 09:24:11
fod83EuD9BFktvgQtFd1Sg,0YELKCY1VMIA3gmP2DkHSg,5.0,2013-07-29 18:57:32
fod83EuD9BFktvgQtFd1Sg,BEMSDLPP630Fpdw_QpqLVA,3.0,2013-11-24 14:43:35
fp5aD__lMuS5G3LWUGC-sA,ToHu5wSC8LSMYigsSlkFfQ,5.0,2019-07-29 02:27:05
fpHUpxSWuM3DdgxvzBlkYg,nGOYzNwIjWBufuaW4kEvUw,5.0,2015-08-09 23:42:52
fp_jkccrULRlEI4GTvYoSA,DFymbOEhIpWVE_d6BnHFmw,2.0,2020-01-02 12:30:23
fp_jkccrULRlEI4GTvYoSA,t3fJsOcmghh-MJ-UNXDR3g,5.0,2020-01-01 16:23:56
fpiirm8MU_hSJBjHpbtIUA,C-oyGb6TZDP0IVd1NQNnoQ,4.0,2011-02-02 02:50:23
fqT7JuEyNoUKd_AXp3V8EQ,pWuoHHu0LuVrD0HjadDygg,1.0,2016-10-16 05:03:20
fqjQ_0N4ZEmLs9-Son6Cpw,J8S7cPPlTgsQnXKVfTyN8g,1.0,2010-01-30 20:36:04
fr1Hz2acAb3OaL3l6DyKNg,-6JdVK-DHB4_43PEksbg1A,4.0,2020-06-15 18:39:47
fr1Hz2acAb3OaL3l6DyKNg,-e6JPq8mFkMQQoWyANSgrQ,4.0,2020-07-05 16:17:19
fr1Hz2acAb3OaL3l6DyKNg,0ZsqqzHu1HHkDdIKoivi5g,3.0,2017-01-07 04:02:02
fr1Hz2acAb3OaL3l6DyKNg,1ESz9IvQZbTh5i_UWmJcEQ,4.0,2019-01-06 19:31:20
fr1Hz2acAb3OaL3l6DyKNg,1Tb7ION52mf2I7wXJY9HAw,3.0,2016-06-23 11:58:48
fr1Hz2acAb3OaL3l6DyKNg,1pi4PuZxgSnRRNLnyMCD4w,4.0,2019-04-07 21:45:13
fr1Hz2acAb3OaL3l6DyKNg,2KIDQyTh-HzLxOUEDqtDBg,5.0,2015-12-02 04:38:26
fr1Hz2acAb3OaL3l6DyKNg,2oh4NJDtqTUO5ZuvCe0hWw,3.0,2019-01-20 16:24:49
fr1Hz2acAb3OaL3l6DyKNg,2vLwBpIqpG5Cci8K-xD8uQ,4.0,2018-11-03 01:57:26
fr1Hz2acAb3OaL3l6DyKNg,3R-DJGoG2IPzr_SiPMtmeA,4.0,2021-07-19 18:47:07
fr1Hz2acAb3OaL3l6DyKNg,3dQaEBDWOyqDYhP3-ac7NQ,3.0,2018-08-09 03:15:23
fr1Hz2acAb3OaL3l6DyKNg,41b1cZSlkIBA_87-jCcXlw,5.0,2017-08-04 23:30:04
fr1Hz2acAb3OaL3l6DyKNg,4dYOqNZHEcUMfngnomYM1A,3.0,2021-01-15 13:32:29
fr1Hz2acAb3OaL3l6DyKNg,5SbXk54zWe22jg95R-8Fjw,5.0,2020-01-01 16:41:21
fr1Hz2acAb3OaL3l6DyKNg,5xd-UOui26nPkNLos2PjcA,3.0,2020-01-09 02:26:36
fr1Hz2acAb3OaL3l6DyKNg,69ccjOpx2iFvr1y2qas9uA,3.0,2018-08-21 18:28:03
fr1Hz2acAb3OaL3l6DyKNg,6LAp-gSP9Kk4ZvxijXaxIw,4.0,2018-09-01 16:08:29
fr1Hz2acAb3OaL3l6DyKNg,6Md7LjLUqf0scKfl78CQDg,4.0,2019-12-22 12:20:21
fr1Hz2acAb3OaL3l6DyKNg,6_Gsn1ZxSosWb6mZusap0Q,5.0,2018-06-24 18:29:33
fr1Hz2acAb3OaL3l6DyKNg,7Cecref3HqLLpVLhMB1oTQ,5.0,2018-10-25 01:50:58
fr1Hz2acAb3OaL3l6DyKNg,93UD654AB6IzMPFlQgwfOg,3.0,2018-07-19 19:39:00
fr1Hz2acAb3OaL3l6DyKNg,9EoNx6yHsmiCe43XscJzDA,4.0,2018-04-23 21:00:45
fr1Hz2acAb3OaL3l6DyKNg,B3tLDhsfgQIQ7T9u3K9-uw,4.0,2017-09-20 23:16:24
fr1Hz2acAb3OaL3l6DyKNg,BHx1SM6rfcowh0DwY-rwfQ,4.0,2017-02-28 16:33:53
fr1Hz2acAb3OaL3l6DyKNg,C3RFTpNj8_4Yz9gtmGeH5Q,5.0,2018-08-07 05:08:57
fr1Hz2acAb3OaL3l6DyKNg,DE7oNZUBOkAQ4zhA8tZQLg,4.0,2018-07-31 12:00:25
fr1Hz2acAb3OaL3l6DyKNg,DFymbOEhIpWVE_d6BnHFmw,2.0,2016-10-08 07:09:21
fr1Hz2acAb3OaL3l6DyKNg,Dkd-YyNmNwVs8PzmEaTIXQ,5.0,2016-07-03 04:38:47
fr1Hz2acAb3OaL3l6DyKNg,DsPomqfQZ44v5wD-My6dIQ,3.0,2018-08-25 16:36:45
fr1Hz2acAb3OaL3l6DyKNg,EP2jFD3aGoSBCWb7irY5-w,5.0,2021-08-01 11:47:18
fr1Hz2acAb3OaL3l6DyKNg,EYw42-YsnMr0pbqM5YXRxw,3.0,2018-08-30 01:31:19
fr1Hz2acAb3OaL3l6DyKNg,EqxVp4_9Up1HNgpU2pH3WQ,4.0,2017-09-03 18:03:58
fr1Hz2acAb3OaL3l6DyKNg,EurtMI6FITq7KHmmO94pnA,4.0,2020-05-14 19:20:33
fr1Hz2acAb3OaL3l6DyKNg,F-c7uFx2dsncXXJrgMXKyw,5.0,2020-10-07 19:21:28
fr1Hz2acAb3OaL3l6DyKNg,Fbtcj6j9-byxq68ACKpcUA,5.0,2018-12-28 05:07:08
fr1Hz2acAb3OaL3l6DyKNg,GMVFik6o0Kh38ztkCkFi8g,4.0,2018-08-29 12:01:31
fr1Hz2acAb3OaL3l6DyKNg,GfRhcofYZGPP4iRXe-Vw8w,3.0,2020-08-28 01:17:25
fr1Hz2acAb3OaL3l6DyKNg,GwfLqn_jOeYMvmgcL4om1w,5.0,2015-10-11 12:32:46
fr1Hz2acAb3OaL3l6DyKNg,GzeXHLLVCD24cfJUNv0d_w,4.0,2020-01-11 19:48:36
fr1Hz2acAb3OaL3l6DyKNg,H1lSVZSPz-Mz0P3g7o-SYQ,4.0,2020-12-16 19:44:23
fr1Hz2acAb3OaL3l6DyKNg,H5Rk-aunuEzGANXCBu-NPQ,4.0,2019-09-08 05:36:54
fr1Hz2acAb3OaL3l6DyKNg,HNMN7NhEvA64Z0FDEA2Twg,4.0,2020-10-03 09:44:19
fr1Hz2acAb3OaL3l6DyKNg,H_EmJ9Id0pnFw2poOH2OOw,4.0,2019-07-29 21:45:37
fr1Hz2acAb3OaL3l6DyKNg,I_3LMZ_1m2mzR0oLIOePIg,4.0,2019-04-11 12:48:53
fr1Hz2acAb3OaL3l6DyKNg,IjtKwA7njLjTvZr0nFSLeA,3.0,2020-12-02 14:39:55
fr1Hz2acAb3OaL3l6DyKNg,K-iaKQlCoJzCBAy5qngkCw,4.0,2019-07-16 11:47:12
fr1Hz2acAb3OaL3l6DyKNg,KNEJ8jcsUI7pRLllxZsr2g,3.0,2018-05-11 08:46:45
fr1Hz2acAb3OaL3l6DyKNg,KdAWjL9MKjpJzEeI902qBA,5.0,2019-04-11 01:41:13
fr1Hz2acAb3OaL3l6DyKNg,LAtPOWQ6fUvaU64Yp9hyIg,4.0,2020-09-26 00:23:19
fr1Hz2acAb3OaL3l6DyKNg,M-oi_kkI0AhbR-xqR5yrNA,4.0,2020-02-20 09:25:29
fr1Hz2acAb3OaL3l6DyKNg,MQRZphoLZVK278Na2YjzgQ,4.0,2019-08-23 01:49:35
fr1Hz2acAb3OaL3l6DyKNg,NL_RDDQ_uPAT8t-x7hINvA,4.0,2019-10-28 02:15:46
fr1Hz2acAb3OaL3l6DyKNg,NoZgfiWSD0hy6knY44SfbA,4.0,2020-09-17 19:53:06
fr1Hz2acAb3OaL3l6DyKNg,O1Cw2yzf4bCuKjbVTljqUQ,4.0,2017-03-11 21:14:47
fr1Hz2acAb3OaL3l6DyKNg,OAHRMd971k-yDQwRxzgc2g,4.0,2018-07-27 18:05:40
fr1Hz2acAb3OaL3l6DyKNg,OuJ9rEv3NbMOSndjQyqtGw,4.0,2020-12-10 21:06:03
fr1Hz2acAb3OaL3l6DyKNg,PEYgtOhGVoBoWwTJJg4M7A,4.0,2020-07-11 16:21:22
fr1Hz2acAb3OaL3l6DyKNg,PXDLSN8Fg-YQmwGprVrRyA,5.0,2022-01-16 12:14:05
fr1Hz2acAb3OaL3l6DyKNg,PeczUJRFYkZBvAyMxzXPSQ,4.0,2020-01-13 02:15:55
fr1Hz2acAb3OaL3l6DyKNg,PigxRedNhAogtfXW2h0t5A,4.0,2019-04-21 12:02:58
fr1Hz2acAb3OaL3l6DyKNg,PlXKzgMn-_AvF24L043nKg,4.0,2019-08-29 01:16:10
fr1Hz2acAb3OaL3l6DyKNg,Pud2rnFwby48KD1qSaAAXg,4.0,2018-08-13 18:34:47
fr1Hz2acAb3OaL3l6DyKNg,QboMIy08NLnBbLXEsmnDHg,4.0,2020-09-09 00:41:36
fr1Hz2acAb3OaL3l6DyKNg,R8t9g5nvi7VFyS8zsgmj8Q,5.0,2019-04-05 12:09:37
fr1Hz2acAb3OaL3l6DyKNg,RLRTakpA-jtBsurYHjZRRQ,4.0,2018-04-21 05:29:41
fr1Hz2acAb3OaL3l6DyKNg,RMYjaB5krFGCtlOLf5TBwQ,5.0,2019-09-29 12:11:39
fr1Hz2acAb3OaL3l6DyKNg,RW7yGyblB2pU6VT56LRCiw,3.0,2018-03-12 03:33:07
fr1Hz2acAb3OaL3l6DyKNg,RtsxLNG5ta65Gatr09cnPg,4.0,2019-03-16 16:50:50
fr1Hz2acAb3OaL3l6DyKNg,S9qwmdAgz9YYQ6XCvX3aNg,4.0,2019-03-31 01:38:56
fr1Hz2acAb3OaL3l6DyKNg,SKKiHIOPKD3wdf0heTBfZw,4.0,2020-09-06 11:40:39
fr1Hz2acAb3OaL3l6DyKNg,SLuak4P9JyB_T6DsksOIIQ,3.0,2022-01-06 00:34:41
fr1Hz2acAb3OaL3l6DyKNg,Sa09GY2yv5gn15qfZ5JKsA,3.0,2020-11-26 23:04:20
fr1Hz2acAb3OaL3l6DyKNg,SxbqEgEwrGmtgvQAgM6kIg,4.0,2019-01-03 22:15:42
fr1Hz2acAb3OaL3l6DyKNg,T6c7iPO8Y4t_GQiyevZbiQ,4.0,2019-01-26 18:05:07
fr1Hz2acAb3OaL3l6DyKNg,UGebrYgNZrMzbGbcI01JWA,5.0,2021-01-27 03:24:44
fr1Hz2acAb3OaL3l6DyKNg,USekrAG0-4tJUs9V2gBBOQ,3.0,2017-01-07 04:34:18
fr1Hz2acAb3OaL3l6DyKNg,UUDGbu6-nK97evc2LaevGQ,4.0,2021-01-11 03:21:04
fr1Hz2acAb3OaL3l6DyKNg,UfWjaifeYmyldKxlEYI9cg,5.0,2019-03-30 01:53:21
fr1Hz2acAb3OaL3l6DyKNg,V378VWx4D8BstWNRFwDULg,4.0,2016-11-24 12:55:39
fr1Hz2acAb3OaL3l6DyKNg,VGXVIUK1l80w3W9HtPyHQg,4.0,2020-07-08 23:26:57
fr1Hz2acAb3OaL3l6DyKNg,W57360g1e7xMGerm7wPW0Q,3.0,2019-02-09 15:25:51
fr1Hz2acAb3OaL3l6DyKNg,WUCm48LSSxeN3mZknFK7Wg,5.0,2021-05-17 12:41:53
fr1Hz2acAb3OaL3l6DyKNg,WeDn7iD1ckcEg7YttkduWg,4.0,2021-07-13 17:24:40
fr1Hz2acAb3OaL3l6DyKNg,XVI5rfr_1I-NY7JwgSj1yg,4.0,2021-01-06 16:25:09
fr1Hz2acAb3OaL3l6DyKNg,YKFGSDwaJx1qNYoNf3BarA,4.0,2021-04-28 18:49:02
fr1Hz2acAb3OaL3l6DyKNg,ZpXZgnBrNodHH8pKpOK_Kg,4.0,2020-03-29 03:15:03
fr1Hz2acAb3OaL3l6DyKNg,_HcAoG6Jj_XTj4-XNEbo6Q,3.0,2019-04-30 13:06:04
fr1Hz2acAb3OaL3l6DyKNg,_P0-D02F_0SgFUuJLtHK1A,5.0,2021-05-14 14:45:49
fr1Hz2acAb3OaL3l6DyKNg,a6J0Jq1GJ6Shk-L10Bp6Cw,3.0,2017-07-30 03:31:22
fr1Hz2acAb3OaL3l6DyKNg,aAjOFpX5SBSoDkAsBSZeZw,5.0,2020-05-17 13:20:20
fr1Hz2acAb3OaL3l6DyKNg,aQFQIlyHasaTz5DtjV57nQ,4.0,2021-05-21 15:36:28
fr1Hz2acAb3OaL3l6DyKNg,ab3pRv-b0o-BwMK2jVbH3Q,4.0,2016-02-02 01:51:52
fr1Hz2acAb3OaL3l6DyKNg,dLLldDhrNbgQVIqf1vGJ4Q,4.0,2021-03-08 19:05:13
fr1Hz2acAb3OaL3l6DyKNg,e0WnUHCMQBdSFQXFqGwXAQ,4.0,2020-11-29 21:25:34
fr1Hz2acAb3OaL3l6DyKNg,e9dW-s8ZhBSkjq41LRdQ2A,5.0,2019-11-11 03:09:12
fr1Hz2acAb3OaL3l6DyKNg,ehzdBdCuwFNHEoIfpJY7Iw,4.0,2018-11-05 03:51:27
fr1Hz2acAb3OaL3l6DyKNg,f_E5dlBz-78uL8tTQYNPew,4.0,2021-04-14 15:20:04
fr1Hz2acAb3OaL3l6DyKNg,gytqFU8j-b6dpNcLEwMDYQ,4.0,2019-11-09 22:58:28
fr1Hz2acAb3OaL3l6DyKNg,h0tUOsL3sRYVqSQlxWjW5g,5.0,2016-07-22 20:07:50
fr1Hz2acAb3OaL3l6DyKNg,h8orJ40GJZU2uxJTxLLp7g,3.0,2018-07-25 18:22:35
fr1Hz2acAb3OaL3l6DyKNg,hV0rmTB2S2fYzjQKlHtKuw,5.0,2019-04-22 12:46:09
fr1Hz2acAb3OaL3l6DyKNg,hdpL704bIc8VFJIma5zGuQ,5.0,2017-08-07 16:46:36
fr1Hz2acAb3OaL3l6DyKNg,i_kM6kP4u4Wxr3o3_9XN_A,4.0,2018-12-27 00:16:05
fr1Hz2acAb3OaL3l6DyKNg,ixPTo6Hum7nNZ7A4VPhTXg,3.0,2019-06-17 04:52:32
fr1Hz2acAb3OaL3l6DyKNg,jA7MZB1aMgQaiNzIdhkwZg,5.0,2018-04-23 02:27:36
fr1Hz2acAb3OaL3l6DyKNg,jyZQWgKCXtGLf2j81OzQLw,4.0,2019-08-23 20:20:04
fr1Hz2acAb3OaL3l6DyKNg,k79ygmdDxEDXtLlR_rPrmQ,5.0,2019-02-10 18:47:30
fr1Hz2acAb3OaL3l6DyKNg,lH3tplAcbNrNL0nJoyXCNA,4.0,2019-09-12 11:17:44
fr1Hz2acAb3OaL3l6DyKNg,mtpbu6J2Jg7RkmTSEEXtFQ,4.0,2019-02-16 19:09:24
fr1Hz2acAb3OaL3l6DyKNg,n5i09tgSuzv9ZeIN9Qe5oQ,4.0,2018-02-16 18:38:56
fr1Hz2acAb3OaL3l6DyKNg,oGU1LmdbKyYm_05PN0F77Q,4.0,2015-08-14 02:57:46
fr1Hz2acAb3OaL3l6DyKNg,oMTXtSJzEiHudUY3T68sPg,4.0,2019-09-28 15:22:01
fr1Hz2acAb3OaL3l6DyKNg,oO_g1nb30W2or1swQAe3nQ,5.0,2020-01-18 19:27:44
fr1Hz2acAb3OaL3l6DyKNg,otJAPyE7thHcLuFCM8Wtvw,3.0,2016-10-22 03:50:40
fr1Hz2acAb3OaL3l6DyKNg,pDR3n7cjtbTrkgDxfUUDtw,4.0,2021-01-17 21:45:19
fr1Hz2acAb3OaL3l6DyKNg,pc8D9b_rnL_I8ak91tKjsg,4.0,2018-05-28 12:07:12
fr1Hz2acAb3OaL3l6DyKNg,pdh91rffpM9QptHSXjJFVQ,5.0,2020-08-10 20:07:51
fr1Hz2acAb3OaL3l6DyKNg,poUBW6Ssag7DeRzecF1ojw,4.0,2018-12-14 03:19:24
fr1Hz2acAb3OaL3l6DyKNg,pqcYTOo8kMYoNt4fjOm_vQ,4.0,2021-11-21 13:57:28
fr1Hz2acAb3OaL3l6DyKNg,qOrd_jWT3e16_wwRSpvYwQ,3.0,2017-12-17 14:13:43
fr1Hz2acAb3OaL3l6DyKNg,q_dCXxrhNDMEpc71CVL4Kw,3.0,2021-05-18 17:17:56
fr1Hz2acAb3OaL3l6DyKNg,qsLVHCPvRkDX2sQdQM-RDQ,5.0,2019-10-17 01:09:25
fr1Hz2acAb3OaL3l6DyKNg,r4bi-XadaNC4CTs_QbPpyA,5.0,2019-10-20 01:21:00
fr1Hz2acAb3OaL3l6DyKNg,r6dvcGaTEcvN4nUIeS15nA,4.0,2017-08-07 18:05:49
fr1Hz2acAb3OaL3l6DyKNg,sCkBUXw-GrMvRRxcun-Alg,5.0,2019-05-24 00:21:55
fr1Hz2acAb3OaL3l6DyKNg,sWh24Fp0YXpxdVOxr84ysw,4.0,2021-01-15 18:56:32
fr1Hz2acAb3OaL3l6DyKNg,sankqYOVWpYX_T5kGZRRKQ,4.0,2018-09-01 16:56:49
fr1Hz2acAb3OaL3l6DyKNg,tMUA2eajVUqrU8tdA-DvnA,5.0,2019-12-24 12:20:55
fr1Hz2acAb3OaL3l6DyKNg,tTNGEXBBOg5fLAfxLKBFPw,4.0,2021-05-08 15:09:28
fr1Hz2acAb3OaL3l6DyKNg,tUNa5f2KEauT6DM3hE8ndQ,5.0,2019-05-13 19:47:25
fr1Hz2acAb3OaL3l6DyKNg,tkY5BJVXxUmP4jsKavkf2g,4.0,2016-03-20 03:59:58
fr1Hz2acAb3OaL3l6DyKNg,w38Oz8HarRfXVvnev33lBQ,4.0,2020-09-14 20:22:14
fr1Hz2acAb3OaL3l6DyKNg,w4wYlGd-ADrda22Z7zO0Nw,4.0,2018-08-12 20:25:54
fr1Hz2acAb3OaL3l6DyKNg,wr4tUYkhdlWs6HJNbiipSg,3.0,2019-05-15 01:13:01
fr1Hz2acAb3OaL3l6DyKNg,x1ukXOcMHlzKmTmfNIjyLA,4.0,2016-12-26 06:36:08
fr1Hz2acAb3OaL3l6DyKNg,x5NLYIRLdhFBaNLLvl8Afg,3.0,2021-05-22 23:00:05
fr1Hz2acAb3OaL3l6DyKNg,xh7mQ46QUMswpugKJFmppQ,5.0,2020-05-04 03:15:47
fr1Hz2acAb3OaL3l6DyKNg,xp7IRO4FDLcHkAO59Qqehg,4.0,2019-09-15 16:37:32
fr1Hz2acAb3OaL3l6DyKNg,ySn36gFeTJ0fR8CG-Q2DuA,5.0,2018-02-25 21:05:35
fr1Hz2acAb3OaL3l6DyKNg,z3TB52s5p5PcRsw2T3J6MQ,4.0,2017-12-27 01:30:38
fr1Hz2acAb3OaL3l6DyKNg,zjqh_qoBS1BWVSbC51BNjw,4.0,2017-09-02 01:58:43
fs5bpfk-2pvq2v8S1De5pQ,Oh3Q3QfhMl2DArFiLUrT9Q,2.0,2013-02-28 21:41:30
fsYQCAOzFdNSEFSVa08E4Q,Zqd_DHAtrdzRJ8u3zwrvEA,5.0,2018-08-08 17:09:50
fuoYjsuU7qy1RlCMEZ0xfA,znx1v_c2IPKOXlYAbqFYvg,4.0,2010-01-12 22:20:20
fw94lNhwRxeklb2ZKAFe2w,MiPN-oUTmplbe9LTxDmkag,5.0,2016-09-29 22:18:07
fwJ6x42jlgo_cOVTdcKCuQ,tkehxQ-wmJk7xZ_op1r1nQ,5.0,2018-03-13 01:03:00
fy2g2nxiVbHq2zBLFvCqwg,J3heme4rT778bRp5UttGlA,5.0,2017-02-23 03:03:18
fyI7kYwPtk8ydxSq1FzHdA,MIKYzWkBnbo3YUhqZUWlEw,4.0,2021-04-11 23:42:11
g-Xv7Cs6WooKLziPKymskA,zC_2cSAkMKkSAykOk72LcA,5.0,2011-05-31 21:26:30
g0_x4kVvJAYuk96oCcbOmw,QOcBOX8_yUwbnCsImxJxNg,5.0,2009-06-07 11:07:02
g0fskk7sXRfdbyG4_q59CA,Oh3Q3QfhMl2DArFiLUrT9Q,1.0,2017-09-21 20:52:28
g1NVX2DDZ6cHEJn1pw8ibQ,ksFVaF5TatgsVGXk7Yyw9A,5.0,2021-06-11 19:16:36
g1etLmsmplrSVy_vKX90-w,-mDAFyX5kZHXhxjELeMhiQ,4.0,2012-08-29 17:02:01
g35P2UgyRK1ercs6rVkN1Q,CFjQ7Rld0ddZFTi8Ryc5Kw,1.0,2011-07-29 18:12:13
g35P2UgyRK1ercs6rVkN1Q,Cjwb7VQGP0u2eWYj1wnO3g,1.0,2010-08-02 21:35:34
g3uCwZtwi5CFrjkccBDEjw,gdklkhsq4C7KANfnXaTlWg,5.0,2017-03-04 15:59:24
g3uCwZtwi5CFrjkccBDEjw,trwHwsXOVV-ZmF-MtP98BA,4.0,2017-03-04 14:50:32
g4aSyNne_r4R6zVkLbDhPg,GNo1zeiPKErB7Ww_j3IlOg,1.0,2014-02-20 21:27:28
g5qD10shooDJEPjt6miMrw,XCDXN4xJh3-DauaO88CZHQ,4.0,2015-05-12 19:57:56
g6TmwkyUY4tquHreLluC2Q,15BlJKQfD-SLJTebWa14EQ,5.0,2009-11-28 23:14:42
g7a1ThDGHEZvk-t9HKUUPQ,Xh08NmHdB86LexgXrIxr2Q,4.0,2018-10-01 04:18:54
g7pK3HSnO8VRueIn5zUt9w,2HQKJhK2JWbkAXizP7Jidg,1.0,2014-10-02 00:13:35
g8j2ci2FcvmocszcO6ypNw,uA65fNR33daws3d2SoEvIA,5.0,2013-06-22 08:53:52
gBEihTFxWQ5CzOH1tGjAPw,EO5ne2jClfd16Sus5D6i6A,4.0,2011-03-19 21:35:51
gCduRMQlU604iFpU9HHMUg,5YRHE2foNVmv1n8VIJcb-A,5.0,2014-06-24 16:03:16
gCduRMQlU604iFpU9HHMUg,ZYxGiEyHD17kd80zUzaOQA,5.0,2014-02-08 07:21:34
gFVLJRSTeHIQs97vIVGI-g,FaY_9x8ZtsuHe5wS2iJM1Q,5.0,2020-01-10 23:17:21
gFVLJRSTeHIQs97vIVGI-g,ww3YJXu5c18aGZXWmm00qg,5.0,2018-03-18 17:11:53
gFqu21iRic5I6ARoSWqpxQ,lM20OuidM_XjYIvoxSsGew,3.0,2021-04-09 05:57:38
gG15Y9oNsvgSJ1Wmb-OQew,PgtqA056auCp5EbcZMbXPQ,1.0,2016-07-19 04:03:03
gG9JYxl8k6VvXi10WEMsxw,4J4NcFRh3o-pW_51OSRfDQ,1.0,2011-03-15 18:30:23
gGlACxJ06r-F2nqCU97_Uw,iSRTaT9WngzB8JJ2YKJUig,4.0,2015-03-03 03:46:35
gGuAM6Cw1VXJGLssm24ehA,3DKGhJXrqhVOQGFNiSp9Vg,4.0,2016-04-20 17:23:05
gGzBybf-hQAyPTl71bf5UQ,HDnaNdHEZpQMYXo-ZHHG9g,1.0,2016-03-27 01:10:28
gHVdGL3Bb_t6-Tckf6loaA,OJpwmYvsZnXt62sxco3F0Q,3.0,2017-12-04 21:13:44
gHVdGL3Bb_t6-Tckf6loaA,y7pKM3eFDZ9eRchC6SNMsA,5.0,2016-05-05 16:16:38
gJTknzE8KYeqGwYLif42CQ,xZileQFJ7h-0QKjtGc9xgg,5.0,2019-06-20 14:52:32
gJjmXEmnsr00l1ime_s1FA,Gekeq1c-fuezmx0PSGQvzw,1.0,2015-09-06 04:08:50
gL88gycdByHEFDRhTAauNQ,SxbqEgEwrGmtgvQAgM6kIg,2.0,2014-12-18 03:01:55
gLldkuU6PnT7q5HhCk-q6A,tUkv0ZxUAdpyv8qhgRU5TA,2.0,2015-02-28 06:21:43
gM1NfFbhtbUwCWVQlEBoSw,8A5LSwsKK5vXDH1M3_Tf1w,1.0,2014-10-13 20:39:09
gMqupwFaF1D0OfI51FtKxg,EIZqu00QKPjOxoQCGFJglg,1.0,2009-02-09 18:19:09
gNJN2p4cMDKaI5ujwe8pNQ,ytynqOUb3hjKeJfRj5Tshw,5.0,2019-06-29 15:17:31
gOAvWocRyGbKvUaitVy8fQ,KHe6HAqmyioITwTvg9Bbcg,5.0,2014-12-09 00:15:21
gOAvWocRyGbKvUaitVy8fQ,N1ZXhAVzOzbyCBPEXTaUUw,5.0,2014-12-28 21:26:20
gOAvWocRyGbKvUaitVy8fQ,w7kKNELhnc00MwPOQhaZpQ,5.0,2016-12-10 17:26:55
gOBemMfKRfpvJkz9OIw6aw,5B-m3Nir02zheQnEGopV0w,1.0,2014-03-01 20:41:33
gOZcDLObk_PnZVwrr5Ahmg,HV7AHORTkLqIfhR-tpRmzg,5.0,2013-06-14 04:42:20
gP-VujTtk4KS8yVOogEfgA,gSIfAcRzIoI9HR6m-5TWSQ,3.0,2019-04-25 13:44:40
gQSMov4ZEXnlyWHNhGi3bA,Fj16uG6BNZOq5K8mS2HHiQ,1.0,2019-12-19 20:18:42
gRL9s6ENxV1qermRYDWjPQ,9kv9JpLhzkN3UeWZDrsmEA,1.0,2014-08-25 09:15:13
gRs4OL_T5gt3XKqYZ6Imrg,6iHvWggONIDt8cKXJGz0VQ,5.0,2014-02-09 05:28:35
gRtIqKlpP_YNp45x-MmeQQ,fgTOJRkc703E4XRdcr5zRA,4.0,2014-10-05 21:51:43
gTPb780jLN6a8-I3O86zkA,Nvx2MceKWAtikcAxk_TBMg,1.0,2015-10-11 19:37:57
gTRXMC6NwtZO35ZngKzRzg,4wq9bzoCe3Mh0cPbYH1eDg,2.0,2016-04-23 16:12:39
gV8M56h3EmiKz-wClg_P-w,oToFygrpTn3OUpFkPFMxfA,1.0,2015-07-07 16:23:04
gVL7DeL70Bw5kFJTSmyR6g,9ruUYAz35q6mgUpxb5zZhg,1.0,2015-01-18 15:18:47
gVO3VZwCu54Otc7bUB33Mg,-JkiE867GwCUuXFETjba2w,4.0,2018-01-20 23:45:05
gVO3VZwCu54Otc7bUB33Mg,-jkc-0YYvwkBaNnNyiUHNg,5.0,2017-04-22 15:16:16
gVO3VZwCu54Otc7bUB33Mg,0ZcYZNGb85gscHglo04qSA,4.0,2015-04-08 15:32:30
gVO3VZwCu54Otc7bUB33Mg,15BlJKQfD-SLJTebWa14EQ,4.0,2016-01-01 15:17:36
gVO3VZwCu54Otc7bUB33Mg,29fX9PdevQa5LZavVDJsbw,5.0,2016-03-12 21:23:38
gVO3VZwCu54Otc7bUB33Mg,45VrJplsLEo9EYMvTjBwGg,5.0,2018-12-26 23:11:42
gVO3VZwCu54Otc7bUB33Mg,6bfas5osLwyvyWcwwDg6XA,4.0,2014-11-02 02:49:52
gVO3VZwCu54Otc7bUB33Mg,6iqDIQCE8sq7Xq1xvhG1Tg,5.0,2015-08-30 15:45:45
gVO3VZwCu54Otc7bUB33Mg,8OMerSx6en6MgHYg3E89ZA,4.0,2015-04-10 21:30:06
gVO3VZwCu54Otc7bUB33Mg,8cc3Pmdz7SblEBVDt1eEAA,4.0,2016-03-03 04:04:32
gVO3VZwCu54Otc7bUB33Mg,8gY3LGFUMIQubovGbSd7Nw,5.0,2017-06-11 02:45:34
gVO3VZwCu54Otc7bUB33Mg,CPFKi2lZJazP6IdtCdDDyg,4.0,2017-03-06 01:05:51
gVO3VZwCu54Otc7bUB33Mg,CPPOKMjjE3-au0BWdbC95Q,4.0,2015-08-10 13:07:49
gVO3VZwCu54Otc7bUB33Mg,DRFYfzBf-WzQUjN0eUo1HA,4.0,2018-04-01 21:37:10
gVO3VZwCu54Otc7bUB33Mg,DZYSb9amfB3EAh1IdwtbEA,5.0,2016-08-05 02:47:28
gVO3VZwCu54Otc7bUB33Mg,DgCVURTtxxLD9U-Y0NtySQ,4.0,2020-02-29 16:27:59
gVO3VZwCu54Otc7bUB33Mg,EYs_T4NU2BbaUF7vUDI55Q,4.0,2016-12-25 01:05:48
gVO3VZwCu54Otc7bUB33Mg,EZpbFQJEgo00XNlKJe-4ew,5.0,2015-06-30 12:45:41
gVO3VZwCu54Otc7bUB33Mg,F0n-lzB9vqRLdH5Ihcs1Ag,4.0,2017-08-20 00:08:08
gVO3VZwCu54Otc7bUB33Mg,F88yRsOo9Eqo-0oxs8U1OQ,4.0,2019-11-09 15:45:58
gVO3VZwCu54Otc7bUB33Mg,H-Qs8I6_eJCCbKl-LIVWTA,5.0,2017-08-01 01:30:19
gVO3VZwCu54Otc7bUB33Mg,H1G3cuYge5h_EgrisE-QaQ,4.0,2017-07-16 22:31:38
gVO3VZwCu54Otc7bUB33Mg,Hh8jUR0mtVXkAnv8XDZjyA,5.0,2018-02-24 15:44:10
gVO3VZwCu54Otc7bUB33Mg,HqIDCsKbkVLSQPzXp6eSew,4.0,2019-11-02 14:01:24
gVO3VZwCu54Otc7bUB33Mg,I0ueofqd_oBxaHWKSjCpMQ,5.0,2019-12-11 13:58:16
gVO3VZwCu54Otc7bUB33Mg,IDjYyBrPW5C2CT9mXsyuBA,5.0,2014-01-19 15:24:50
gVO3VZwCu54Otc7bUB33Mg,IaQEUsz-a4NEZyTg4PiaTA,4.0,2018-09-23 00:29:54
gVO3VZwCu54Otc7bUB33Mg,JIf1gHuAp_abYX7i1b2Y-w,5.0,2015-04-19 15:52:13
gVO3VZwCu54Otc7bUB33Mg,JYDd5sgn18DqDnTnq_tBRQ,3.0,2015-09-01 01:28:43
gVO3VZwCu54Otc7bUB33Mg,KJUc4AfxB3meP4X2iZMQug,4.0,2017-12-30 14:55:31
gVO3VZwCu54Otc7bUB33Mg,KgDBWabaF6J7R6TH0l4I5Q,5.0,2018-03-10 04:30:10
gVO3VZwCu54Otc7bUB33Mg,LCpHFLUQhVMhfpNngtf_Ew,3.0,2016-05-20 14:20:06
gVO3VZwCu54Otc7bUB33Mg,LrkrvFHlnD1BHj2b2w0JpA,5.0,2016-02-22 02:24:52
gVO3VZwCu54Otc7bUB33Mg,MgJ_P-xlnTorvkW7l7fXKg,3.0,2018-06-07 02:35:28
gVO3VZwCu54Otc7bUB33Mg,N2n_nuiXb64ak0BNvIYEcQ,4.0,2020-03-13 00:53:45
gVO3VZwCu54Otc7bUB33Mg,NcU8WT4TiIrRYhWAoZT4qQ,5.0,2019-06-15 15:51:54
gVO3VZwCu54Otc7bUB33Mg,OR7VJQ3Nk1wCcIbPN4TCQQ,5.0,2017-02-26 04:31:37
gVO3VZwCu54Otc7bUB33Mg,QAYu-WTCZYvOxccDvj4S5Q,4.0,2016-10-07 01:50:52
gVO3VZwCu54Otc7bUB33Mg,QCsVilspu6TxuwZMUTabFQ,5.0,2017-08-04 00:56:54
gVO3VZwCu54Otc7bUB33Mg,Rb9QIj-NyRn_giOBN991YA,5.0,2018-12-25 15:18:48
gVO3VZwCu54Otc7bUB33Mg,S8TWiMbbBaCNUHbQXOCBNg,4.0,2015-11-01 14:59:15
gVO3VZwCu54Otc7bUB33Mg,SG7g4cJFjgWtODi28W4eaw,5.0,2015-08-15 00:09:00
gVO3VZwCu54Otc7bUB33Mg,SKLMTASxfCDGovlQEaYSnw,4.0,2018-08-07 02:05:26
gVO3VZwCu54Otc7bUB33Mg,Sc6V7hXU7Ar2_mmRoRYsKw,4.0,2017-07-06 02:22:30
gVO3VZwCu54Otc7bUB33Mg,SmSNWxjEYQgpn-uH7Qfv7A,4.0,2016-11-25 23:28:51
gVO3VZwCu54Otc7bUB33Mg,Tyub4uN0yku6wyS1JWMejA,4.0,2015-04-06 20:54:07
gVO3VZwCu54Otc7bUB33Mg,W8Z4rXYkmZlEVSaxIVjyvg,3.0,2017-07-04 01:52:11
gVO3VZwCu54Otc7bUB33Mg,W9y4JkMqy2dFNwYc3Y5cKQ,5.0,2016-12-15 02:00:36
gVO3VZwCu54Otc7bUB33Mg,WBKSV2LxPJvKRPxEfDbVrg,5.0,2017-06-29 00:56:30
gVO3VZwCu54Otc7bUB33Mg,WIY7S0HgG-pnHPARn8gFkg,5.0,2019-11-14 01:36:13
gVO3VZwCu54Otc7bUB33Mg,WZH-woiFyWK3LzLndhg76w,3.0,2018-08-25 01:21:16
gVO3VZwCu54Otc7bUB33Mg,WnVNjr9zVEpK85T7dbAfEg,4.0,2016-03-16 21:13:54
gVO3VZwCu54Otc7bUB33Mg,XI3Tcr3eDAzu8lMiRFaNWA,4.0,2016-06-21 01:38:44
gVO3VZwCu54Otc7bUB33Mg,XcDosRl26JqK3UpmuSMoqQ,4.0,2017-03-20 20:58:06
gVO3VZwCu54Otc7bUB33Mg,YPkJdsaCgW_qjB_fLU_G9Q,5.0,2019-01-20 17:38:27
gVO3VZwCu54Otc7bUB33Mg,Z42GbJnnbVMTSBCERfoPtw,5.0,2018-11-18 14:48:36
gVO3VZwCu54Otc7bUB33Mg,ZQ1xusCuRoHneUw_PfZM3w,5.0,2014-07-12 23:25:47
gVO3VZwCu54Otc7bUB33Mg,ZTkUPKhgLBpEbNDo8Mi2xQ,5.0,2019-11-22 05:50:47
gVO3VZwCu54Otc7bUB33Mg,_BreSZ3-mTEJYqJ1Ot7Akg,5.0,2018-03-11 00:05:43
gVO3VZwCu54Otc7bUB33Mg,_qdWW_AhhkW8jPs6HEtEfA,2.0,2017-03-31 13:43:17
gVO3VZwCu54Otc7bUB33Mg,cBp1fn2LXpSHe4VbTXLYEw,5.0,2018-02-13 02:08:49
gVO3VZwCu54Otc7bUB33Mg,eIKjxqdMduIeIqzPg7yc-Q,5.0,2020-01-05 01:53:10
gVO3VZwCu54Otc7bUB33Mg,egDsfkn6ZYrYRnlGe4I94g,4.0,2017-11-26 17:55:31
gVO3VZwCu54Otc7bUB33Mg,eoMVY8MLh0pXHIW2zt5I8Q,4.0,2017-09-24 04:20:07
gVO3VZwCu54Otc7bUB33Mg,fI1dmyphGZ6S2-bu6jCuFw,4.0,2016-04-23 23:21:37
gVO3VZwCu54Otc7bUB33Mg,fchpEk-UJf_AUz-51LEidg,3.0,2014-11-14 05:22:14
gVO3VZwCu54Otc7bUB33Mg,gFZCKS41Tb9pXxsmfVDj1Q,5.0,2019-10-22 13:07:46
gVO3VZwCu54Otc7bUB33Mg,gltppHhVxJN9ETmQM6BFxg,5.0,2018-01-28 13:53:50
gVO3VZwCu54Otc7bUB33Mg,gndi4-wzu66Mtp4E0zHt7g,5.0,2018-12-21 02:03:08
gVO3VZwCu54Otc7bUB33Mg,hgPKpBdUOx2hVyGrzY70yQ,3.0,2016-06-25 04:18:11
gVO3VZwCu54Otc7bUB33Mg,hjRxa6xpKOwnbUgGvVCE5Q,5.0,2014-10-25 23:51:02
gVO3VZwCu54Otc7bUB33Mg,ipPhk2H1S5MjswqJH7xrCA,5.0,2014-05-11 01:04:25
gVO3VZwCu54Otc7bUB33Mg,lA5BOb5Om5cn_dfwiOgbNg,1.0,2017-12-22 13:31:38
gVO3VZwCu54Otc7bUB33Mg,lM20OuidM_XjYIvoxSsGew,5.0,2021-07-14 11:34:57
gVO3VZwCu54Otc7bUB33Mg,lau2jbBCG3XohoAvCRIm1Q,5.0,2016-12-03 02:01:51
gVO3VZwCu54Otc7bUB33Mg,mcr1lAEdvGLMJhuPwI3I2A,4.0,2020-01-17 02:13:14
gVO3VZwCu54Otc7bUB33Mg,q7mKAD93-EeSpeOa9Hu4BQ,5.0,2019-03-19 22:14:10
gVO3VZwCu54Otc7bUB33Mg,qynne35dp40BzXb5hroudA,5.0,2015-06-29 03:46:53
gVO3VZwCu54Otc7bUB33Mg,rAytSQU5RQHvXe1Wl_j37w,5.0,2018-06-19 02:01:18
gVO3VZwCu54Otc7bUB33Mg,rEQ82fSKZBbVtk9h14whog,5.0,2018-10-21 14:39:44
gVO3VZwCu54Otc7bUB33Mg,tARGnkAmgliIesQLh8tpBw,4.0,2017-09-09 21:45:40
gVO3VZwCu54Otc7bUB33Mg,uLg0FaTWN2mr3_rrcnoqTw,4.0,2019-11-29 20:19:22
gVO3VZwCu54Otc7bUB33Mg,winkCYdiTroKdbPbV0DfRA,5.0,2015-05-17 16:07:23
gVO3VZwCu54Otc7bUB33Mg,x2WLaFlWmF8RoC4ZRTUU6g,5.0,2016-10-08 13:03:18
gVO3VZwCu54Otc7bUB33Mg,xMsox8o5eZx7JooidQROsA,5.0,2016-08-06 16:17:57
gVO3VZwCu54Otc7bUB33Mg,yatKUn6nlBp3HA0KBFV_PQ,4.0,2015-12-19 14:01:57
gVO3VZwCu54Otc7bUB33Mg,yqRF449dYddbt1bDg50J_Q,4.0,2018-04-14 16:08:47
gVO3VZwCu54Otc7bUB33Mg,ywBRJjqtj2xIfsWzs8ungg,5.0,2016-02-27 01:27:57
gVO3VZwCu54Otc7bUB33Mg,z8RRZNpjuP2rcHP1VdqUNw,4.0,2017-01-31 03:18:58
gVO3VZwCu54Otc7bUB33Mg,zBfYuwdybeMHfLuUbO1Ung,4.0,2015-02-06 04:26:32
gW-UD-NJ03CKXfqJ_E3wRQ,t7pZrv7LaqTQ71Iq6NerCQ,4.0,2010-11-03 14:52:30
gWGwq8cMYDZregKM_mlhNQ,zC_2cSAkMKkSAykOk72LcA,5.0,2011-07-18 19:02:30
gWZETLPu_ihAtLOYtrm0mw,NYj8uB9-u0SmRMNDNktb1g,4.0,2021-09-14 14:07:42
gWZETLPu_ihAtLOYtrm0mw,REiAM73RkOxFqCVlEFiRWA,5.0,2021-11-16 14:58:28
gWZETLPu_ihAtLOYtrm0mw,WOdqMURCc0CHXUllPZwpqQ,5.0,2021-12-23 18:33:35
gWZETLPu_ihAtLOYtrm0mw,YNjyv0gfOr2g8lbmUpTnKg,5.0,2021-12-21 15:02:12
gWZETLPu_ihAtLOYtrm0mw,aCHS5pnDjChkHpFo4-EfKg,5.0,2022-01-18 18:34:36
gWZETLPu_ihAtLOYtrm0mw,cOXc8c85Ms6dMEAJazLXHQ,3.0,2021-11-02 19:48:24
gWZETLPu_ihAtLOYtrm0mw,j-qtdD55OLfSqfsWuQTDJg,4.0,2021-08-17 19:56:41
gWZETLPu_ihAtLOYtrm0mw,lWedWkinrM5j13pyimbpbA,5.0,2021-07-29 21:05:34
gWZETLPu_ihAtLOYtrm0mw,mNXfzN6L3GPJdUJXbSsmfw,4.0,2021-09-02 14:01:53
gWZETLPu_ihAtLOYtrm0mw,qY-BUQY-SFBaSrFHowF3nA,5.0,2021-11-09 15:34:06
gWZETLPu_ihAtLOYtrm0mw,sL6fC0P4C-gyL4E5gacUeQ,4.0,2021-08-10 12:47:40
gWZETLPu_ihAtLOYtrm0mw,sV6up2rehuTegmfo3uYUtA,2.0,2021-11-22 16:46:38
gWZETLPu_ihAtLOYtrm0mw,vUrTGX_7HxqeoQ_6QCVz6g,4.0,2021-12-08 16:46:11
gWZETLPu_ihAtLOYtrm0mw,wMQkdK2aNMvq2xoojC98Mw,3.0,2021-09-20 14:18:20
gWZETLPu_ihAtLOYtrm0mw,zujdPV3HT-Y-CKE1GgkMHQ,5.0,2021-08-27 13:39:10
gYeiI_21LzFWidjHbNkiyQ,cu68iaB-kpSefQ0pcAnqOA,5.0,2016-10-17 19:46:41
gZ5EAATKZ8Riv9VWIqaYug,GBTPC53ZrG1ZBY3DT8Mbcw,4.0,2016-02-03 21:49:17
gZ5EAATKZ8Riv9VWIqaYug,Zqd_DHAtrdzRJ8u3zwrvEA,5.0,2017-04-04 02:42:45
gZHCbDOkHdHIk2d02FN3kw,YSRM9nWQn40eg49tSiI-_Q,5.0,2014-10-20 18:32:50
gZKrQxAG2cpsXpwOMLvcow,0yOfDyqoJTp6-9qbyroyEw,4.0,2020-10-04 14:33:53
gZKrQxAG2cpsXpwOMLvcow,FCAqHUb6Wn1ABMDQZG0Dnw,4.0,2020-10-19 12:18:11
gZKrQxAG2cpsXpwOMLvcow,WxB8498ejPtHE7wFa89_fA,5.0,2020-02-15 06:40:10
gZTe6SgFxPDq5hq2fX6iSw,dN7AMKUhwTa4Kk0bdMRPgA,5.0,2017-11-25 20:50:13
gZTe6SgFxPDq5hq2fX6iSw,stqWlKEgXweNQSsxOsHjVA,5.0,2018-03-24 18:02:17
gZcxXnogU1O-gPTbqqtMYw,1ddqdY_piKp-abaZ-bGRSA,4.0,2011-03-03 16:28:56
gZcxXnogU1O-gPTbqqtMYw,UGefDZNmnBztS0eoXWtHyQ,5.0,2011-05-14 17:54:53
g_4zySOI_HisK5rG_2dw6Q,utJbQdm48JxR39EWnZ6k_w,3.0,2016-04-13 00:44:36
g_8nwx1LGN3Q1kBU1hdm3A,tRdnYLHDgdj6n-xzqTQeCQ,5.0,2016-05-05 17:09:11
g_Y88iSiJ39CTd_x1k6rjg,E97-OARDmnrwzdM0BR8eMA,4.0,2019-08-17 14:00:11
g_Y88iSiJ39CTd_x1k6rjg,c1-LgoUcXYtw_zVt3FSwSg,5.0,2020-07-17 16:05:26
ga15a-vdGbAmWu1hWiWjOw,pWuoHHu0LuVrD0HjadDygg,1.0,2016-08-12 21:39:40
gb8UDnHlu3XjcjwZryVNPA,KHe6HAqmyioITwTvg9Bbcg,5.0,2015-11-16 06:31:16
gbU3jC4hXjaFltZnX-mtTA,MFxRPt8-B2xTYmon3s84kg,5.0,2018-09-09 20:04:52
gbU3jC4hXjaFltZnX-mtTA,TF3qNGUBUgIYp6u0j79JHQ,5.0,2019-07-01 19:18:07
gbU3jC4hXjaFltZnX-mtTA,qxfLSjydqw4dV4Neswbx1w,4.0,2019-03-20 21:51:22
gcMPEkEXekKN6mYhLUI-Rw,BtXXYIQosyO8SbO718tXVQ,5.0,2021-06-16 20:25:06
gcMPEkEXekKN6mYhLUI-Rw,Cb6tGAb2wcFYOg8WvT5X2w,4.0,2021-07-26 16:38:44
gcMPEkEXekKN6mYhLUI-Rw,ei7oceWOL-u1hXsraus7ng,4.0,2022-01-02 16:00:04
gcMPEkEXekKN6mYhLUI-Rw,pEw7LP0CItZ5TPA9PkBzwA,4.0,2021-04-19 19:49:19
gcMPEkEXekKN6mYhLUI-Rw,u7_3L1NBWgxhBM_B-cmmnA,5.0,2021-10-10 11:16:27
geHVCFog0jxllBRnGfjJFg,_357-ycTGX1t0Pla4ShVAA,1.0,2017-12-03 03:05:03
gfWTee4CnQF-shBgAsvI9g,IkY2ticzHEn4QFn8hQLSWg,1.0,2010-06-07 04:47:41
gffpkrS77GyZboMdv1KCYA,jXrhIVKcJ-upvglUmfC1pA,1.0,2015-10-30 13:10:10
ggYnLiLAOZADWcstZH5KLg,6h7C53qLfwM7v3zKRqG0yA,5.0,2013-05-22 02:42:50
ggjMOqIPsEp__kLND3f2iw,YSL06t6e2iKo4ZHZnCZIxw,1.0,2017-10-24 13:21:37
ggqWN-wHWHX3N_xPX7P9tw,ByypEk6Cnz99TYLgaj5Adg,2.0,2014-08-25 22:30:22
giJqvuH8EC62Hi5WboZ08w,3XirYkP9PJvVXIEDPNNXLA,4.0,2017-09-19 17:20:42
giJqvuH8EC62Hi5WboZ08w,DFymbOEhIpWVE_d6BnHFmw,5.0,2017-12-08 18:41:15
giJqvuH8EC62Hi5WboZ08w,L5LLN0RafiV1Z9cddzvuCw,5.0,2017-10-28 15:34:14
giQSReOdlfwPd9dND2FvDg,4wDo72kKuceoLw8Uu_Y_RQ,5.0,2021-03-01 02:32:12
giQSReOdlfwPd9dND2FvDg,6wOkgfCg1G8XOJJhOvlfNQ,1.0,2021-05-13 14:31:01
giQSReOdlfwPd9dND2FvDg,8mCzZeiHUUlyPp1Y-z5YYQ,3.0,2021-09-06 06:05:59
giQSReOdlfwPd9dND2FvDg,QGUj9Za0iG_OJz0CqujE_Q,5.0,2021-02-09 15:12:09
giQSReOdlfwPd9dND2FvDg,Xit0e7j_t2Sl0-sx6Fq-BQ,5.0,2021-11-12 04:48:29
giQSReOdlfwPd9dND2FvDg,dLLldDhrNbgQVIqf1vGJ4Q,3.0,2021-03-03 02:40:01
giQSReOdlfwPd9dND2FvDg,kKPJLiHIr9Gd9sYs3GhxDQ,5.0,2021-11-13 14:45:12
giTp6selkwIyZAdrvjPiAg,KscVqYYG7ziAroZhfNb0Ng,5.0,2016-08-12 15:21:30
giTp6selkwIyZAdrvjPiAg,Qw7tz-UkPrpXaVidWuab4Q,5.0,2016-08-12 17:53:04
ginuRaya4wRom3kB91PGCw,Cjwb7VQGP0u2eWYj1wnO3g,1.0,2017-02-19 05:09:22
gj4SSBtmAxRVk-BjqCJDhg,6iFfVfpSlMNSzxvrG6P6jw,2.0,2015-12-17 21:45:19
gkudKQ4Cd9YH3C0o9ZDeLg,XqSLir6xs3I6ntf-xIQzrQ,1.0,2012-08-28 16:41:23
glbsHJoYBDMXEgqQe_zjqg,wj8XtPyuREj8_0GQz3LZ6w,2.0,2015-01-18 18:27:32
gljACJz-NQqyDTTYUOU0lA,7mpYTDb24SywNMRn3yeakQ,3.0,2016-09-24 03:35:58
gnJDOrXo2cJ8xkRXU7GUWw,1Hd-0f0gWvI7y9CI_3kFVg,3.0,2019-07-20 00:37:04
gnJDOrXo2cJ8xkRXU7GUWw,2E5fh57OvOQMWwxxEOkN8A,4.0,2019-01-27 20:46:15
gnJDOrXo2cJ8xkRXU7GUWw,JLumGKzGu9kqGTdwYF41CA,4.0,2019-01-21 18:09:18
gnJDOrXo2cJ8xkRXU7GUWw,RsDUfhQl2R0H2moGv81Uaw,5.0,2019-01-07 19:51:32
gnJDOrXo2cJ8xkRXU7GUWw,hjRxa6xpKOwnbUgGvVCE5Q,5.0,2019-03-31 19:02:40
gnJDOrXo2cJ8xkRXU7GUWw,pAFtOcz710oLQ-e_J6AIzw,5.0,2019-07-20 00:09:06
goTwNIwpa8TNpF0SWzIdmA,OWOOc0YjU_kioLeEgo5VCA,4.0,2021-10-24 18:27:02
goTwNIwpa8TNpF0SWzIdmA,sB45WFgysT617bKWP_WJwA,5.0,2019-03-19 22:26:21
gopCgvFzBdM7SuzOHHjaHw,GBTPC53ZrG1ZBY3DT8Mbcw,4.0,2015-09-23 18:03:40
gotS736w2dCdRDXX55tiIA,0AQJ-QTu7GtxaP4SoD07yA,5.0,2017-02-09 00:25:29
goxpb3OuuLUXtj6LAHhK_w,LGYIhGqbYakMMdsn_GCzJg,5.0,2016-03-31 05:20:15
gpN4UlvAlkmO0DzUYG9RmA,RSBvoQEHCkXYOGpi9xmTuw,1.0,2015-09-25 16:02:37
gqL5KBs2oS7qobnyd99iKg,8NyDM-FDoWEEeEG9XUwnbg,4.0,2017-08-08 00:14:25
gqL5KBs2oS7qobnyd99iKg,BMKJ3JyD_r_SQ1JXAzo1Hw,5.0,2016-06-05 19:43:18
gqL5KBs2oS7qobnyd99iKg,H1Azz4BpHYC8BlUAdMlfxw,3.0,2016-06-06 01:46:56
gqL5KBs2oS7qobnyd99iKg,L5LLN0RafiV1Z9cddzvuCw,5.0,2021-03-05 19:37:27
gqL5KBs2oS7qobnyd99iKg,R3T_74k4uj2R6chmCruY1Q,2.0,2017-06-20 15:26:33
gqL5KBs2oS7qobnyd99iKg,VVH6k9-ycttH3TV_lk5WfQ,5.0,2017-08-14 16:29:24
grLIeifWUBwba4S8krnOzA,mcr1lAEdvGLMJhuPwI3I2A,2.0,2014-10-22 19:25:41
gs0dNGac_01UWK_bXrYilA,wjZwXKDiFBQXlO8-TjQTXA,5.0,2021-03-29 15:31:31
gsbIzzrAJqsEgN63Rt8RjQ,QvB0NRTGDplwnfPZGq8chw,1.0,2018-07-07 09:10:20
gtJsj5RpF4dfE7uPVDRfDQ,_NozEKb4y0jkC08DWU8ywA,4.0,2016-07-06 17:04:49
gtOg-PrWNz5Odl6ZMzyvEA,v17tgCRjuPQiFOq4uvEI-w,4.0,2017-12-14 05:19:18
gtyhTlWKr2zXVhKKVL23hg,TzNk1TcWLZn0JCpO83hBAA,4.0,2012-11-12 19:48:21
guI3c_LP_fYgfwWQfRtG4w,lFRAW6mFM_yMYn3ljsQ__g,1.0,2018-08-25 22:41:45
gv0coNUFY-fibRwP8IKqPA,Bp2AWqJLBJoBjBwh85rDAw,2.0,2016-04-12 19:06:33
gv0coNUFY-fibRwP8IKqPA,VwDrUaY7PPkvfD6M1dAVBQ,5.0,2018-07-30 17:48:39
gv0coNUFY-fibRwP8IKqPA,tUkv0ZxUAdpyv8qhgRU5TA,2.0,2017-03-04 20:09:37
gwIZWLyFqYFs0vI-FaA7TQ,trDDjiD1PVRcNx36GQCKcw,5.0,2021-02-18 16:46:00
gwq2RYEnslVjtTxjwpbi7Q,szad9yEwckNw0P3L5FGyNQ,1.0,2015-11-10 05:20:27
gz9Vd7-YBoK3aqf1O1ngNw,2MHNvEPEGxvBxZLXM5ESpg,5.0,2013-04-26 04:15:57
h-5j3IEHSF3jKd_HKEGm0Q,sankqYOVWpYX_T5kGZRRKQ,5.0,2017-05-07 03:02:07
h-DZmrNcZVMHcynPE2_v7g,Hrc3ZSMRw2arQHaDUo61MA,1.0,2016-01-01 16:48:01
h0Jn9rkacf3tGw5BeZMHWA,HDNeRsScQG_YQevwNPOcJQ,1.0,2012-02-26 15:47:51
h0ibN6pLX60wp0HBOWMOeQ,wj8XtPyuREj8_0GQz3LZ6w,1.0,2016-02-20 04:18:27
h2nJxjwZlC8aXNEh_puMpw,-FM4CxOg4XXmX_Ebky_SiQ,4.0,2016-12-04 12:31:28
h2nJxjwZlC8aXNEh_puMpw,oMhac-1d24apoRDQNxvKew,5.0,2018-07-22 15:31:05
h3KYuVHhr59Q-UFloqhLHg,TUhRukcZb3tG0cB_X68FCQ,2.0,2011-01-07 14:05:55
h3KpLypa9SZEw2ydFNC19Q,UGefDZNmnBztS0eoXWtHyQ,4.0,2013-02-24 23:42:28
h4A5NIo7riB69vZB1_LZ4g,9KHTQiXutn-W51EjAfrodw,1.0,2018-01-23 07:41:22
h4CvnY6SMdg_jEuupsp9jQ,RQAF6a0akMiot5lZZnMNNw,5.0,2020-03-11 03:59:06
h4V9maImHWJfFVN7pktuFw,RQAF6a0akMiot5lZZnMNNw,3.0,2019-01-26 16:50:26
h4V9maImHWJfFVN7pktuFw,ytynqOUb3hjKeJfRj5Tshw,5.0,2017-12-28 17:04:03
h4WWqOZ82sjZb47p0Rlqsg,GmXC3CBu172Bkb0c6RnO7w,5.0,2012-06-24 22:06:58
h4WWqOZ82sjZb47p0Rlqsg,xJ3NSwE0xhdtA-tB_y_rNQ,5.0,2011-10-01 03:09:37
h4o8e_Xbca2kXQO_vzOqgg,N1Kv9Uxx4ZHeooGcpNe_RQ,4.0,2011-03-25 01:01:40
h4o8e_Xbca2kXQO_vzOqgg,iSRTaT9WngzB8JJ2YKJUig,5.0,2011-03-29 06:43:00
h5LK9N5Y_h1ldscTNOqqRQ,dGUyXgFW1WSYMgRypKaYew,1.0,2014-02-16 18:42:36
h6HbVmgIY8WPa6LF9XyqQQ,EZc2myE2mYk2h9JK9qu8gw,5.0,2019-07-15 21:11:19
h6KGBTppenV5Mwgc5AUhdg,KHe6HAqmyioITwTvg9Bbcg,5.0,2018-01-27 20:15:19
h7p-GuaHFGsiKCF4g6Bjqg,7evVLlKovx8DV4CfqJgXww,5.0,2021-04-21 14:16:51
h7p-GuaHFGsiKCF4g6Bjqg,BNMnyrNZNQNxQ7Qz1Jos7w,3.0,2021-04-19 17:38:17
h7p-GuaHFGsiKCF4g6Bjqg,CTYMtDTGxMRFpgSfcuAFHA,3.0,2020-01-07 16:17:01
h7p-GuaHFGsiKCF4g6Bjqg,JaXnQnaslqy4me2jaKhKJA,4.0,2020-08-20 21:19:28
h7p-GuaHFGsiKCF4g6Bjqg,TVO-R_N5CGCNum4-TjrLDA,3.0,2021-02-21 16:30:06
h7p-GuaHFGsiKCF4g6Bjqg,YaEwp8emNzySe-d0MKVbOw,4.0,2020-08-20 21:28:25
h7p-GuaHFGsiKCF4g6Bjqg,ZzJofWxYndRUyiOyPI-O7A,5.0,2021-03-27 22:33:54
h7p-GuaHFGsiKCF4g6Bjqg,gqMRM12j5mder76t3bPxJw,4.0,2020-02-24 15:27:10
h7p-GuaHFGsiKCF4g6Bjqg,hmmiyt6KljD5G3a861qsKw,5.0,2020-11-17 17:31:47
h7p-GuaHFGsiKCF4g6Bjqg,lMqs-c1Cwzm1Nym-dZNAQQ,4.0,2019-01-25 13:54:33
h7p-GuaHFGsiKCF4g6Bjqg,mmIF5p4HqyrKSs805mm1lA,3.0,2020-01-06 14:01:14
h7p-GuaHFGsiKCF4g6Bjqg,tAYDA1RuZfG88zF6Pzp8cw,5.0,2021-02-24 01:48:05
h7p-GuaHFGsiKCF4g6Bjqg,vhDWGF-8BfsxvS7Zo5Wv2w,4.0,2021-12-02 16:52:10
h7p-GuaHFGsiKCF4g6Bjqg,ytynqOUb3hjKeJfRj5Tshw,4.0,2021-10-12 18:53:52
h7p-GuaHFGsiKCF4g6Bjqg,zmLhgTlXQn3ZP09MIFEc4A,3.0,2020-03-01 20:56:23
h7rQuTZImo4t4w00xElwvA,eFZK8UiXYfMe8jZFh9W9zQ,5.0,2020-07-19 16:02:48
h8HSnBfR9H_yOjILX4Pqhg,c-iKAO2GBzSKjm7y1Oljcw,4.0,2021-12-19 03:35:38
h8_Mzh_ndxFwxQgLZsRs9w,SdU54YlTaCCFvtcfouoBpQ,5.0,2012-03-03 01:37:06
h8_Mzh_ndxFwxQgLZsRs9w,Se9CEgJEVxcWax1fStWuQA,3.0,2014-08-04 02:12:57
h8_Mzh_ndxFwxQgLZsRs9w,VVH6k9-ycttH3TV_lk5WfQ,3.0,2011-06-23 21:13:14
h8_Mzh_ndxFwxQgLZsRs9w,a-0vg8_ndXJ3GyAgL_OmQg,4.0,2014-10-17 18:56:56
h8_Mzh_ndxFwxQgLZsRs9w,stqWlKEgXweNQSsxOsHjVA,2.0,2011-03-25 20:21:37
h8_Mzh_ndxFwxQgLZsRs9w,wwmlA6z3OhuykghM7f9RkA,4.0,2012-03-26 22:05:27
h9olm4gVBFa98n33OB3zsQ,ZAW0xyAof374R-A121OP_Q,1.0,2021-01-09 20:23:30
h9x6C4vKVkkS7TVTWflB4g,DytKODMqcvQ7MWA0NN2uNw,4.0,2014-09-29 13:10:32
h9x6C4vKVkkS7TVTWflB4g,dlFdjPUJI1eqRs8WVPE3QA,4.0,2014-03-24 13:35:26
hAj8MJKXO5mCTYpvSc58Dg,j8JOZvfeHEfUWq3gEz6ABQ,4.0,2021-05-08 09:22:28
hAtHq6r_mLuv0kbfZzPdpQ,SwBhaxfQPbyhsi0QHUAN0A,1.0,2015-03-06 22:53:21
hBEYo4aJRsUOGGoOScvJzw,SJPnC_1BEXUxvU2Xvn9rug,5.0,2013-07-23 02:59:34
hBEYo4aJRsUOGGoOScvJzw,nEaTbGFlU7d9eLU2kl6KBw,4.0,2015-04-30 03:39:28
hBicl52tMVsTecdZSVL-lQ,j-qtdD55OLfSqfsWuQTDJg,4.0,2011-05-21 06:53:35
hBwlXWhDnMtSDmqskbR90g,5SbXk54zWe22jg95R-8Fjw,5.0,2017-03-27 03:59:32
hBwlXWhDnMtSDmqskbR90g,ff0fdH-WKmY7WQgLtLkmKw,2.0,2017-03-11 07:45:51
hC84EIj6uPIkTKNjTnMx7g,tqHbdVDUbPub5l5_OcEWvQ,4.0,2015-12-02 04:01:29
hCBKnwAKN0hcu6OTzuCAEw,whi0nRqdeKE8FGuIzdkYvQ,5.0,2016-01-10 03:19:23
hCy4Kkyo4N0fFLMDpKjYyw,3X2pmXKqaMQ6xZjJHlKn8w,4.0,2019-06-21 04:18:31
hCy4Kkyo4N0fFLMDpKjYyw,PeLF6SmS6LrIztSnjiZdwg,5.0,2019-01-29 20:41:37
hDHywu1BFwtVV9CdsF1Ueg,nnj8APV33vrflphc6f50nA,5.0,2013-08-17 02:33:54
hDRGivuKGsWEMSLvAMxyOw,YafU-Kipt3QbHbHznyqHnQ,3.0,2021-04-01 15:23:36
hDRGivuKGsWEMSLvAMxyOw,hPxeshyaUwDYOz-V7tWDQA,4.0,2014-01-10 14:33:34
hDRGivuKGsWEMSLvAMxyOw,kfqgGm2hJUj4NXEkkk1qIA,5.0,2021-10-15 15:14:02
hDvF6O6wVSvfj9e20ElHbA,IxlIgLbIbynzJdzeqO860Q,5.0,2017-12-01 01:05:30
hDvF6O6wVSvfj9e20ElHbA,MFxRPt8-B2xTYmon3s84kg,4.0,2018-11-21 03:16:49
hDvF6O6wVSvfj9e20ElHbA,YcY48yvPw6-FE-5DJCY14g,4.0,2018-08-15 22:22:17
hDvF6O6wVSvfj9e20ElHbA,evxhNYa77dxWZabIpGQCkg,3.0,2018-10-31 00:59:50
hE34xpG35WugHznWf79HfQ,HSiktA5zdqPVULY3ThmXIg,2.0,2010-01-14 04:31:21
hEa7-IIWhZsMKvl0qNsGKw,ytynqOUb3hjKeJfRj5Tshw,5.0,2016-03-20 00:52:40
hFnJefu1e2PKNPoP_PwxHg,rOpmAjGAex-oboy3IfAncQ,2.0,2021-07-02 20:06:10
hGi9Z7siByx8cB-Njo0odA,9kv9JpLhzkN3UeWZDrsmEA,1.0,2014-05-23 03:41:39
hGsyXTRuzUSDtop9PGjrog,Hh8jUR0mtVXkAnv8XDZjyA,5.0,2016-07-08 00:06:27
hGsyXTRuzUSDtop9PGjrog,pAFtOcz710oLQ-e_J6AIzw,2.0,2013-05-18 17:39:08
hHEqi_QcA63vAdfIUwwjfQ,26EPJeHypRPvF4UgJWi2Zw,1.0,2016-03-02 16:32:44
hHgNg6u9P_Ym5wLXmnoBcw,VVH6k9-ycttH3TV_lk5WfQ,5.0,2019-03-07 06:10:12
hILJ3-JPKMwd1BAPrNC9oQ,N1ZXhAVzOzbyCBPEXTaUUw,5.0,2015-01-10 23:39:12
hIbZbTBtg0TmWcCT1NvvFw,oCbJpGl8IkH1WdYa25TDBA,2.0,2018-07-08 23:13:11
hItWIglWbYy2ETJbwkwIKA,KHe6HAqmyioITwTvg9Bbcg,5.0,2017-05-30 00:30:00
hKBQ-PFlcB-t5FK3HUxoyQ,R8t9g5nvi7VFyS8zsgmj8Q,5.0,2021-09-06 01:09:42
hKXHZdm2HbHWOBECeccEqw,Fbtcj6j9-byxq68ACKpcUA,4.0,2019-01-26 23:39:39
hL327vQ6JIANtQWGCEZHMw,L4mb344-MC_M4rX8weA3WA,5.0,2019-02-25 17:05:57
hLVMSWU-Rl_xNjvLX_lL8A,2vLwBpIqpG5Cci8K-xD8uQ,5.0,2021-04-19 13:32:32
hLVMSWU-Rl_xNjvLX_lL8A,SIoCIxjn4jLt2O-4DajWJw,5.0,2019-12-16 04:52:35
hLVMSWU-Rl_xNjvLX_lL8A,XBlwldJfMJPzgEatHKFx8w,5.0,2021-04-19 13:26:36
hLVMSWU-Rl_xNjvLX_lL8A,ZufSfqQ4RfUk4RAQgnlc0Q,3.0,2019-12-16 04:56:55
hLVq7VSJBHZwqurwWoCmpg,TRwPE6wsoAL6_fRaFdB4FA,5.0,2021-04-10 03:29:37
hLsXVZ4ammtb9ZrdwA_zTA,RCvzFRJoc4RZPwUSey1MeA,4.0,2014-04-11 19:32:46
hLsXVZ4ammtb9ZrdwA_zTA,aIVk0IEUj7rPaAMeAmBSGg,4.0,2020-08-09 00:37:24
hLsXVZ4ammtb9ZrdwA_zTA,lPx8jUBfK1K6u3UgowU5mg,3.0,2016-07-26 22:51:43
hLsXVZ4ammtb9ZrdwA_zTA,ngosa7gVH134bQfXR5JboQ,4.0,2015-09-27 15:53:35
hLt-plzvszhdspHJ3FbM5A,26jYcdFR5oLqKDKpTH0JIQ,5.0,2017-07-02 02:35:53
hLt-plzvszhdspHJ3FbM5A,vxLV9tci88Hsr1G01uleag,4.0,2015-10-20 00:28:48
hLxIRMn_UtDGVG_8Z9qkEQ,9n-1LQLX3ntBfBtMwgSpig,4.0,2014-12-22 18:47:58
hMEr_fHWf-A8wlMSYzkUIA,KHe6HAqmyioITwTvg9Bbcg,5.0,2021-02-27 00:12:57
hNivnXHHoNU3jiIc60FE3A,K9cn-DrPEEXse1s1n-6mMw,1.0,2013-09-09 06:46:42
hQUe12PsSkvSz8exSMf8vQ,ow7hDGkfVJH65nniXH1a0g,1.0,2017-07-24 23:55:01
hQjN1FuYaB4pQACZwfrclw,KHe6HAqmyioITwTvg9Bbcg,4.0,2015-01-19 21:30:30
hQnjE5ACXjrquVkI_XVe4A,0O3FAdHUwqSwdue0CEW_jw,4.0,2019-04-14 12:49:28
hQnjE5ACXjrquVkI_XVe4A,HDnaNdHEZpQMYXo-ZHHG9g,4.0,2021-11-25 17:35:53
hQnjE5ACXjrquVkI_XVe4A,mzZ_WTb2zvyJMBkm84B-WA,5.0,2019-04-18 12:12:37
hR6YkBCCOg7nK3qWX99rAQ,-9r8nAzWyRSLxBWt8uQOdA,1.0,2015-04-21 05:17:49
hRSKxRX5rM9ftAPpQbgZnA,yuNf6vYaIZYe88g6pouAiA,1.0,2017-06-04 06:41:43
hSFWejVgIpc7DKphtecSbg,awOKeCwbzutECzI4R6JGFg,2.0,2021-05-24 01:24:51
hSY0HclJhbVbyfSkRYQfTA,DMERsCH4JKV-F7jtuBMrqg,5.0,2019-04-29 15:50:22
hT2Mw5m_SXBDVBuvA3KY-w,TLZ3-eDPLhUzfsWO4ad6Ug,4.0,2020-02-03 07:56:27
hT2Mw5m_SXBDVBuvA3KY-w,WrZaL6BxHqVqt3sAcJ-5Rg,4.0,2020-04-01 21:09:48
hT2Mw5m_SXBDVBuvA3KY-w,cwPyxA58P6Lxef0gOP3RcA,1.0,2019-03-01 04:56:26
hTTdeslxePF45JBc7hfsVw,EVmCBFlY0Hy_62bDRizmGA,4.0,2021-06-04 19:47:28
hTTdeslxePF45JBc7hfsVw,Jw3mUNF9_ZiawPDZryUdcw,4.0,2022-01-05 00:50:31
hTTdeslxePF45JBc7hfsVw,Sf9E4E8yo8actSXHFvrZbQ,5.0,2021-07-08 23:11:52
hTTdeslxePF45JBc7hfsVw,dAZASdppYH5DQvXLlzGiow,5.0,2021-05-01 14:07:13
hTTdeslxePF45JBc7hfsVw,hXvf5a798WvQtFn0Zbh2yw,5.0,2021-06-02 01:57:56
hTTdeslxePF45JBc7hfsVw,n5i09tgSuzv9ZeIN9Qe5oQ,3.0,2021-08-18 13:20:09
hTTdeslxePF45JBc7hfsVw,nYsNsyIppe_DTueBha1x9A,5.0,2021-10-31 18:45:02
hTTdeslxePF45JBc7hfsVw,zFcE7bQ2oDfwpPgl_PxOTA,2.0,2021-10-25 12:41:15
hUxznxKo7YsQaFzUOURWKA,ZAW0xyAof374R-A121OP_Q,1.0,2019-05-18 01:03:32
hVRpLwPfgRaU6sllAHpnAw,TAUGnIQDR9-m23DWLZ0dow,1.0,2012-07-06 23:14:29
hWBQ4IK3r1Mo4aYpUz3S2w,qY-BUQY-SFBaSrFHowF3nA,1.0,2016-03-31 21:37:27
hWDybu_KvYLSdEFzGrniTw,1ig2AJg8A08_XA3pFAMiRQ,5.0,2016-02-17 01:55:21
hWDybu_KvYLSdEFzGrniTw,3CFVBCfjdCvESS1ogBv21A,5.0,2016-02-22 03:24:17
hWDybu_KvYLSdEFzGrniTw,7zVlXkudkfhE9oZjtp_1IA,4.0,2016-03-31 18:39:43
hWDybu_KvYLSdEFzGrniTw,CTZEnTsW2JYN2NH1BCAaZw,4.0,2020-08-10 13:32:22
hWDybu_KvYLSdEFzGrniTw,FEXhWNCMkv22qG04E83Qjg,5.0,2020-11-09 11:16:05
hWDybu_KvYLSdEFzGrniTw,GXFMD0Z4jEVZBCsbPf4CTQ,5.0,2015-07-23 23:12:27
hWDybu_KvYLSdEFzGrniTw,GlayTPWmrPj8qCaaJuafdg,4.0,2016-09-08 00:41:02
hWDybu_KvYLSdEFzGrniTw,I_3LMZ_1m2mzR0oLIOePIg,5.0,2020-12-26 01:57:53
hWDybu_KvYLSdEFzGrniTw,JWqbjm0wtbbciu_Gb6Eqyw,4.0,2016-02-22 16:28:01
hWDybu_KvYLSdEFzGrniTw,PI0aGMmM33x1QF69JUsaUw,4.0,2020-12-27 22:50:20
hWDybu_KvYLSdEFzGrniTw,PlaECqs3oPBRo47p85zkzw,4.0,2016-05-13 21:00:40
hWDybu_KvYLSdEFzGrniTw,RQAF6a0akMiot5lZZnMNNw,5.0,2016-01-06 00:53:27
hWDybu_KvYLSdEFzGrniTw,SwBhaxfQPbyhsi0QHUAN0A,4.0,2021-09-18 16:01:26
hWDybu_KvYLSdEFzGrniTw,TSKCK51GymAsxiA-kx-RiA,5.0,2016-02-16 23:43:22
hWDybu_KvYLSdEFzGrniTw,VJf43klnGMmKFSzYJ19vEg,4.0,2019-04-02 21:54:59
hWDybu_KvYLSdEFzGrniTw,WCdSajl5Q0qywpv7K5jHdQ,5.0,2020-12-26 00:47:43
hWDybu_KvYLSdEFzGrniTw,ZDY-jvetOMOE5BMM8e_BcQ,4.0,2016-02-24 14:26:25
hWDybu_KvYLSdEFzGrniTw,aDgughL1vDootnXe5kUWGQ,4.0,2016-05-13 00:00:59
hWDybu_KvYLSdEFzGrniTw,ab8i075-Tjju3WvcsXTp0g,4.0,2016-09-08 21:45:53
hWDybu_KvYLSdEFzGrniTw,bjj7HIgdC04IhctuMMIF1A,5.0,2020-12-24 21:27:26
hWDybu_KvYLSdEFzGrniTw,bmz4siaejdjs4_yS_mYW4A,4.0,2016-02-20 01:08:13
hWDybu_KvYLSdEFzGrniTw,iI090K0JMViyPPh7Viovrg,3.0,2016-02-13 15:28:39
hWDybu_KvYLSdEFzGrniTw,iSRTaT9WngzB8JJ2YKJUig,5.0,2020-10-19 13:33:05
hWDybu_KvYLSdEFzGrniTw,kfqgGm2hJUj4NXEkkk1qIA,5.0,2020-07-30 00:31:37
hWDybu_KvYLSdEFzGrniTw,ltBBYdNzkeKdCNPDAsxwAA,4.0,2016-02-18 14:11:24
hWDybu_KvYLSdEFzGrniTw,oB19CmdYq9EzVsYf-dbrXQ,5.0,2018-04-16 22:06:32
hWDybu_KvYLSdEFzGrniTw,oTyB5m3LE4jueRk9kg09IQ,4.0,2019-08-03 18:26:38
hWDybu_KvYLSdEFzGrniTw,r3dO-D1qFn4Jct7KDNvImg,4.0,2014-12-31 18:54:45
hX9Uza5h-s9B7OKvB6qw_Q,N1ZXhAVzOzbyCBPEXTaUUw,5.0,2014-04-28 03:30:49
hXDmnMVbICNWbEUj5Nt95A,YKFGSDwaJx1qNYoNf3BarA,5.0,2019-11-01 13:58:35
hXSzBUjnORNXkaxwA1j-vg,NHb6QTrJOnyIj-Zd0fYzFg,3.0,2015-09-08 22:18:10
hXdvUDRWCw58KzoZfQng3w,6TciI6uBdrd8z1av1YleLg,5.0,2015-09-26 02:54:05
hXdvUDRWCw58KzoZfQng3w,MmN1qpG224QxOeq72DpN2g,5.0,2011-01-22 00:24:46
hYPVPwbAdcaPeqJ2N_PAcA,CBo-YlPMKs3vdYJQRtuznQ,5.0,2011-08-10 23:41:45
h_-Cwka6cgY-CjoZVNgrkQ,BTblqXsOHMXjcgcYkdzuqg,5.0,2021-04-18 15:44:38
h_9gTh9rzzJQb61TbB6QFg,_9Z3cuZQBOGv_XzSG4ewHA,2.0,2012-03-28 22:46:58
h_WJ9jf22thDw10b1KL-cg,VTXE1OIWWE-IVFnMEsm39g,1.0,2013-08-07 17:05:03
h_bqeFQGAz4EqiVxz5J78Q,zssISv4ZdplRT_Zcw8drPQ,1.0,2019-03-02 16:05:18
h_erVp39Nr3tjZxEJk-6NQ,SwBhaxfQPbyhsi0QHUAN0A,1.0,2016-07-08 21:26:30
h_lXOGKjnmRX27koMpo70A,g1y0pKT3L80JNjvobavoeg,4.0,2012-08-01 17:10:58
haKoIYU988uClNJu9nmOFA,FpwmIq3Gpo6hGIrOOv8lTw,1.0,2015-06-22 17:59:43
haik8BWUo8MKi7Y_VTqn9Q,N1ZXhAVzOzbyCBPEXTaUUw,5.0,2013-07-29 02:05:22
hb8SLKc0-u_C29wr0laXjQ,Fj16uG6BNZOq5K8mS2HHiQ,2.0,2018-09-15 00:50:04
hbSa1RpUO6Ka-AKnfmCF_A,KQgCflC8eqJU5kvJkByXzw,2.0,2016-05-25 01:25:19
hbpvDe4AUtQz2OCVsk1Mfw,v1Uesklh8DpEufYOhTq4iA,1.0,2016-04-13 03:07:28
hc3nM3DuYULcfXmZ2cG04g,06NHXjVHiGKNpZ2XeajVkA,5.0,2012-03-30 16:48:33
hc3nM3DuYULcfXmZ2cG04g,8uF-bhJFgT4Tn6DTb27viA,5.0,2013-12-10 22:03:14
hcJzh-FFDEfYKGpyM0TpZA,-W0tnXYJ4WuxLjzmbwlVAQ,5.0,2015-09-16 16:57:19
hdLToS_AFNyqUzzcZI7UXw,gwOiwfeHxBemcMV6u1dI_w,5.0,2014-05-12 21:51:47
hdUp-AyYzAGApIr940KIQQ,kCV9CwW28Uz1ln4IXGhGwg,5.0,2020-08-06 19:10:14
hdorMOwOph4ZKQ4T9VqUgA,qDEcJ48kXdWxQGZefgG94w,2.0,2017-07-06 16:22:54
hdzTAN8DGJKRddkZ8279JQ,GST3wg-wej15vHeCvaXE6w,3.0,2021-11-01 04:02:04
hdzTAN8DGJKRddkZ8279JQ,H5Rk-aunuEzGANXCBu-NPQ,4.0,2018-11-25 07:53:50
hdzTAN8DGJKRddkZ8279JQ,PJLh9DYLcf5JJ_fdwHDbzA,5.0,2017-02-22 02:53:31
hdzTAN8DGJKRddkZ8279JQ,fCDMLD21ypv1XZ_EyafCkQ,3.0,2016-10-11 02:01:32
hdzTAN8DGJKRddkZ8279JQ,n5i09tgSuzv9ZeIN9Qe5oQ,5.0,2018-11-12 04:16:40
hdzTAN8DGJKRddkZ8279JQ,vXQLdqB-stL2JTP5AsPVaA,5.0,2018-11-22 05:29:00
heSD8DBMNMW77Eqi31I9Xg,Ht66H1iGx0llc7ne81tjBw,1.0,2020-02-02 16:20:55
hexB9d-wCVFHWxbWXlHuSQ,9KHTQiXutn-W51EjAfrodw,2.0,2018-01-05 01:46:37
hihhX5yqyDRgKdZW9OTZdA,fSx8zLSP_LBtIm_mfQRbTQ,5.0,2011-04-15 02:29:40
hizGc5W1tBHPghM5YKCAtg,06NHXjVHiGKNpZ2XeajVkA,4.0,2014-07-02 05:14:39
hizGc5W1tBHPghM5YKCAtg,2VPX222bhizLlWZrLQL3PQ,5.0,2011-09-22 06:02:12
hizGc5W1tBHPghM5YKCAtg,bf32KWp9yvN-WT8c-QtbzA,5.0,2014-12-10 07:22:35
hizGc5W1tBHPghM5YKCAtg,j8JOZvfeHEfUWq3gEz6ABQ,5.0,2019-04-30 23:16:06
hj6bHxcTRCPVhanRL5neGA,VgAKmXE8B7J0I_O_R13UKQ,1.0,2020-08-13 23:15:36
hj7o_BPgj-HdLAxdKqdx-w,GXFMD0Z4jEVZBCsbPf4CTQ,5.0,2016-04-19 16:31:34
hj7o_BPgj-HdLAxdKqdx-w,UFCN0bYdHroPKu6KV5CJqg,4.0,2019-01-14 15:01:47
hj7o_BPgj-HdLAxdKqdx-w,bN5qlSW0Z31uYDkrasFWDw,5.0,2019-02-05 13:53:19
hj7o_BPgj-HdLAxdKqdx-w,ehzdBdCuwFNHEoIfpJY7Iw,5.0,2019-02-19 14:30:28
hj7o_BPgj-HdLAxdKqdx-w,tELoGj2QJYYFQ1jo_XXbpA,5.0,2016-07-28 15:02:26
hla_Au4fcGMHU8PTFd05nA,BN3LFoIi1AFQ4IZhvrMXsw,2.0,2011-01-01 17:01:51
hla_Au4fcGMHU8PTFd05nA,Z56KCCG4wRBy0zAafFaltA,1.0,2011-10-18 19:53:27
hmUTJKOaB0vI19IRNxELjg,T6c7iPO8Y4t_GQiyevZbiQ,5.0,2020-06-14 01:41:02
hn18xnU4C5wM_rlQ06FANA,ZQ-Sg1tJXCKD6Dw9DF4X9g,1.0,2015-02-04 16:57:07
hnPTPyh6wNfZe1GxOm21Gg,6Ty-KKWq6hLZYW8DWEHYvg,3.0,2021-05-19 14:12:12
hnPTPyh6wNfZe1GxOm21Gg,J8S7cPPlTgsQnXKVfTyN8g,4.0,2014-08-04 20:42:11
hnPTPyh6wNfZe1GxOm21Gg,iSRTaT9WngzB8JJ2YKJUig,2.0,2017-11-14 21:35:07
hnsrJYsJJMDwZHWzVncY6g,-VlBFlHwX-Pt6Xyzs9roGw,4.0,2018-03-10 16:28:00
hntJTn1Ev6TXfusbvTdutw,2WHu0k5VVM1Pn9AFzkSBlA,3.0,2016-09-10 23:55:34
hoFp0sSzAB5e_ekzOeHHHQ,YcY48yvPw6-FE-5DJCY14g,5.0,2019-07-28 01:20:29
hogWQi--Ht_Rp171YFky6w,znx1v_c2IPKOXlYAbqFYvg,4.0,2010-02-08 02:24:48
hp3KKlVp5ajQIib76Gs6dw,6jr6xW05PcKutwr5lbVVAg,2.0,2014-12-20 17:14:16
htrqEQSj2MPJQUmRvL_CjQ,KHe6HAqmyioITwTvg9Bbcg,5.0,2021-02-10 16:41:44
hu53X0AgSKMt8UuHjp5ZLw,62TxD9SH2yPtrE3jAUBpFA,4.0,2018-09-20 16:38:04
hu53X0AgSKMt8UuHjp5ZLw,8Vo6LN9gqULhXzoxj5k6kQ,5.0,2017-01-20 23:21:53
hu53X0AgSKMt8UuHjp5ZLw,KobS8yqBelXH11gaIhZJSg,5.0,2017-07-26 19:58:27
hu53X0AgSKMt8UuHjp5ZLw,O6RCCmz8-x4NhWJpI8KQug,5.0,2017-02-01 06:19:58
hu53X0AgSKMt8UuHjp5ZLw,QLHgjBHBoeIUoEvIPvjHnw,4.0,2018-02-06 01:07:03
hu53X0AgSKMt8UuHjp5ZLw,T_dAeyp_OLm8GuyKZL97Hg,4.0,2018-11-05 00:23:48
hu53X0AgSKMt8UuHjp5ZLw,VgAKmXE8B7J0I_O_R13UKQ,2.0,2016-12-31 22:20:19
hu53X0AgSKMt8UuHjp5ZLw,XgehM3pBZWuXi45J2dqRJQ,4.0,2019-10-31 20:29:54
hu53X0AgSKMt8UuHjp5ZLw,Y0izXh4Dv1_YU68tn43Xiw,5.0,2018-08-08 01:04:28
hu53X0AgSKMt8UuHjp5ZLw,YxWiv24PHCseiVvGlqKFrQ,3.0,2017-04-29 23:15:10
hu53X0AgSKMt8UuHjp5ZLw,c12V0ARL6jmrmge1ZPf9WA,4.0,2018-02-06 01:38:57
hu53X0AgSKMt8UuHjp5ZLw,jZncFsMQdrq268OHq_Q6uw,4.0,2017-05-29 21:50:50
hu53X0AgSKMt8UuHjp5ZLw,m-EfDi7UBwdiEBm7NXqq3w,3.0,2018-05-03 16:32:03
hu53X0AgSKMt8UuHjp5ZLw,nMn4CTJQPXqpgLltYQrxMA,5.0,2019-10-31 21:01:52
hu53X0AgSKMt8UuHjp5ZLw,ol6ATB97MdIuhm6yAGOeMQ,5.0,2017-02-01 03:36:37
hu53X0AgSKMt8UuHjp5ZLw,omnCKxL0f_akh0eYeJxjDg,4.0,2018-03-10 22:05:07
hu53X0AgSKMt8UuHjp5ZLw,s4k1P9FHfPUzw3dqXRp7eA,5.0,2020-03-25 13:56:18
hvKxVM6c6ki9-xRZXP-CJw,y1Z9tymuBGVDZnYZoLk-2Q,5.0,2013-02-06 04:50:16
hvn25RYBPMJ5kNy8IMtGvw,Gw6dXkEHFRCisEsigmeJtg,5.0,2019-11-21 20:47:49
hw5zmHc2QaiO-LCIs5MqHA,IkZgPqgwKSuQFAf4s0Z21g,5.0,2018-11-08 03:43:08
hw5zmHc2QaiO-LCIs5MqHA,oMhac-1d24apoRDQNxvKew,1.0,2018-01-28 23:22:35
hwB9QTmjZRd48mbGPcnw8Q,KyDcAU41QDQpYAFyK6Q6hg,5.0,2012-06-05 16:24:25
hwpU4w7yCazTXflXRcrPzw,szad9yEwckNw0P3L5FGyNQ,2.0,2011-11-30 18:24:28
hx3IPyJqbkgzuGYzSsMX1Q,vN6v8m4DO45Z4pp8yxxF_w,4.0,2017-09-09 07:57:26
hx4_GngWpI4n5_wQx7tmfA,-mDAFyX5kZHXhxjELeMhiQ,4.0,2018-03-27 15:50:53
hxRRK8JrzU_vQsPeQseQUA,6FvC6w810uf6O7Ocd6Wpog,4.0,2019-08-12 18:09:56
hyFeHTp1vm1a06Pre80rLg,HDNeRsScQG_YQevwNPOcJQ,1.0,2012-05-06 15:43:58
hzK-MwB6czimp8Y23mO6YQ,5bjdjgtF_I5XE3H5Yyb6Rw,2.0,2016-02-14 18:57:48
hzKQOJI8-7TM-BstJpSVCA,SwBhaxfQPbyhsi0QHUAN0A,2.0,2021-02-24 12:59:17
hzLSsZAzwJ6BP4Hhsf9E3Q,fgTOJRkc703E4XRdcr5zRA,4.0,2014-09-29 23:49:08
i1t8QVSzFW9uZr-4K_abjw,bqR_3sT_rNp0hZglPtX6rw,5.0,2019-02-05 22:57:38
i1t8QVSzFW9uZr-4K_abjw,vgUCHA9janT7JJ6ZoUHN2w,5.0,2019-02-05 23:02:50
i2toOBcy1eJ-a5x8N1UXrw,oGDGlUbOjHxmmCh8ZYcDCg,1.0,2019-07-28 16:23:49
i31I2AtpnxTv7ePEWD9m-A,zWfzgYe2nT9mHYm_vl1Ukw,5.0,2018-05-16 05:23:46
i43NZycExxuVO4SLixdL2g,HoKH4Rk7wHfVT-60aYIYwA,1.0,2017-01-23 22:37:31
i4gFMzrV-FlUElIipCV56w,3UR6sAv6l4rtfSvTPTavFA,5.0,2015-07-17 12:48:53
i6daUWbqTYrCJgB9Gk7pDQ,dGUyXgFW1WSYMgRypKaYew,5.0,2014-07-17 14:37:32
i71NCgfIOahuW58s8cd_KA,eIKjxqdMduIeIqzPg7yc-Q,5.0,2016-05-15 02:37:53
i7kvIuqQoIjdylKU8Dh8vw,dGUyXgFW1WSYMgRypKaYew,5.0,2014-08-16 00:58:50
i84YDhPbxtq9F8ipmtR5vg,iUZEGx29miZObLd6_lt7Vg,4.0,2012-07-09 03:12:15
i84YDhPbxtq9F8ipmtR5vg,u7_3L1NBWgxhBM_B-cmmnA,5.0,2013-10-14 01:00:08
i8CDZlzcpncppvxLtDzFMQ,pdh91rffpM9QptHSXjJFVQ,4.0,2020-06-11 19:56:57
i8XivEwxoXXCfFl46CqBoA,o62Bm9NyZ20u8EHuhRPB4g,4.0,2019-07-07 01:45:30
i8XlkqHVq4_9e1zKcTwWoQ,4RMHlggaIdNibPUJPVEd6w,5.0,2012-06-20 00:27:30
iA2I03MeRZbLsfPQlUd_sg,IkY2ticzHEn4QFn8hQLSWg,1.0,2015-08-12 04:16:42
iAQp8LT5jCLz43bv2X6oFw,Hh8jUR0mtVXkAnv8XDZjyA,1.0,2017-08-19 04:14:11
iCXDWiY2QADZDNk_oIPIPg,6h7C53qLfwM7v3zKRqG0yA,4.0,2014-03-20 23:08:35
iCaN6GlQfuLgRIOvAJLbVQ,eORwNQsgjeJGrUPnQFJ9xA,5.0,2010-02-28 22:11:17
iChrn349gyWB-8UGyn8a6Q,diwwt5QBU3-Thig9SVlsOA,3.0,2012-06-19 16:41:37
iChrn349gyWB-8UGyn8a6Q,wl7rFbvRUstwyB2vRDW6IQ,5.0,2012-01-11 03:39:56
iD7XezJTazpuumNWEkzNnA,MAIfD4kJDCydgoD1l2b_vw,4.0,2021-07-17 16:09:06
iD7XezJTazpuumNWEkzNnA,rPVmM0aJbC6lU_mnDiZ2Rw,1.0,2021-07-12 16:26:12
iDx1NCLBORSjnyXAwq3B2A,LJRcRuErc52keHjQLBBLsg,2.0,2020-12-24 01:28:41
iDx1NCLBORSjnyXAwq3B2A,Sf9E4E8yo8actSXHFvrZbQ,5.0,2020-12-24 00:49:27
iDx1NCLBORSjnyXAwq3B2A,iSRTaT9WngzB8JJ2YKJUig,4.0,2018-12-28 00:44:03
iEQHAu1sJIkjAgaB0eh1JQ,tUkv0ZxUAdpyv8qhgRU5TA,1.0,2013-08-11 22:54:04
iEYYcHrhEPwDtUgxWoHuGw,tTAb4vrTgcmm0eLC8qy3qw,5.0,2017-05-21 14:18:08
iEm4iGkgzgeDDpn5WDBQCw,_WgHwh1otHKk_cS3TRcaug,5.0,2017-05-26 18:06:50
iEm4iGkgzgeDDpn5WDBQCw,i3vAyiOJlHFBLWcQil3z9Q,4.0,2014-12-03 21:17:14
iFa6TE0AGs1UEWqCVuDeWg,C9UylQTOh7uwZo4a7QhLyg,5.0,2017-01-09 19:33:29
iHB75LCfFkIC1Oj86CqT1A,EZpbFQJEgo00XNlKJe-4ew,5.0,2016-01-07 18:25:42
iHB75LCfFkIC1Oj86CqT1A,RYfl2IphOq0xFN0N8pzXQQ,5.0,2015-07-23 11:58:41
iHB75LCfFkIC1Oj86CqT1A,Rl1NN7QH08h5h0XO00lPFA,5.0,2014-09-08 01:48:25
iHRQWjFGMcrr9RmuCsQJYw,7D5-a53BLau19RpMu-L3zg,4.0,2021-07-17 21:49:23
iHRQWjFGMcrr9RmuCsQJYw,Zi-F-YvyVOK0k5QD7lrLOg,5.0,2020-11-06 01:29:12
iHRQWjFGMcrr9RmuCsQJYw,wjZwXKDiFBQXlO8-TjQTXA,4.0,2021-07-13 00:52:16
iHilXutf7Qo2-x4hpYZH9A,Fj16uG6BNZOq5K8mS2HHiQ,5.0,2017-03-19 22:25:47
iIQm4uQCSMl0TTHRLRdM7w,4ADeBcc3O4zmTrp60H4O_A,1.0,2017-04-20 13:57:05
iJDgB8rVNmC0rGAqSS1kYg,S6tR7vBAg-3b9mGLB13-Ug,5.0,2017-12-02 16:37:32
iJE3RnVcfHM3jsM4I6WFCw,4wq9bzoCe3Mh0cPbYH1eDg,5.0,2017-07-07 20:18:24
iJE3RnVcfHM3jsM4I6WFCw,ZpgVL2z1kgRi954c9m9INw,4.0,2017-12-03 05:26:53
iJE3RnVcfHM3jsM4I6WFCw,p-MSh95si_sDdih94gyKuw,4.0,2020-11-22 13:59:07
iJE3RnVcfHM3jsM4I6WFCw,tf2nzjkP8XGIeU-lg767XA,4.0,2016-12-23 17:21:58
iJQtNnEcrxdpaD132v26nQ,13UbOVDFdxloxaient5XWA,5.0,2016-02-02 18:48:47
iJQtNnEcrxdpaD132v26nQ,6HTGlttrzCMsuGBHO1ZGiw,5.0,2016-05-26 22:48:37
iJQtNnEcrxdpaD132v26nQ,8A5LSwsKK5vXDH1M3_Tf1w,3.0,2018-05-13 17:10:24
iJQtNnEcrxdpaD132v26nQ,D1OT9vuepvXJrn5VDgm4YA,5.0,2015-09-04 23:14:30
iJQtNnEcrxdpaD132v26nQ,E1R-xslwl7XeTN5lQ7mWPg,2.0,2017-08-03 21:17:41
iJQtNnEcrxdpaD132v26nQ,KC8_Rx4Orlsz8LIonCYXsA,4.0,2017-07-01 19:39:58
iJQtNnEcrxdpaD132v26nQ,O6RCCmz8-x4NhWJpI8KQug,5.0,2016-05-23 20:36:03
iJQtNnEcrxdpaD132v26nQ,Qkg16mN-8QR66gjzg6gMyw,3.0,2017-08-02 19:43:21
iJQtNnEcrxdpaD132v26nQ,RRGLss4hhvZZuR0N6GQlSw,4.0,2016-05-24 00:18:45
iJQtNnEcrxdpaD132v26nQ,S4ujTsHtCOsHKrKkcjY30Q,5.0,2020-11-01 22:59:07
iJQtNnEcrxdpaD132v26nQ,VOcGcN0bvGU_nzxbJgR5jQ,4.0,2020-06-19 21:49:56
iJQtNnEcrxdpaD132v26nQ,XgehM3pBZWuXi45J2dqRJQ,4.0,2017-04-08 15:38:22
iJQtNnEcrxdpaD132v26nQ,eikRexw04kC6siBDkFnayQ,5.0,2017-09-18 18:36:42
iJQtNnEcrxdpaD132v26nQ,f3eve2cxUIzyanWnHdMtFQ,5.0,2017-02-16 01:16:57
iJQtNnEcrxdpaD132v26nQ,gYrHa4CckDjgOQc5B-yTKA,2.0,2010-12-20 17:15:00
iJQtNnEcrxdpaD132v26nQ,iBTc6XKgW5HESEZIii-G4g,4.0,2016-07-11 19:16:03
iJQtNnEcrxdpaD132v26nQ,izSgTrqebu8bN8ONOCs6cQ,5.0,2020-02-09 18:28:46
iJQtNnEcrxdpaD132v26nQ,m4kvY0viCwxqRtgOycnKVQ,5.0,2015-07-14 21:48:33
iJQtNnEcrxdpaD132v26nQ,nMn4CTJQPXqpgLltYQrxMA,5.0,2019-08-09 18:51:40
iJQtNnEcrxdpaD132v26nQ,nnn78cplvQGZSMVblpI5gQ,4.0,2015-12-01 16:41:50
iJQtNnEcrxdpaD132v26nQ,p5rXRkSJtAKcWd4GY71avQ,5.0,2016-01-21 19:47:34
iJQtNnEcrxdpaD132v26nQ,r8tU21scBflMxWiBESPtRQ,5.0,2020-09-21 04:12:10
iJQtNnEcrxdpaD132v26nQ,r926yelr_EJAKQCjdD6AWA,3.0,2016-04-02 18:13:22
iJQtNnEcrxdpaD132v26nQ,s4k1P9FHfPUzw3dqXRp7eA,5.0,2020-01-29 21:53:45
iJQtNnEcrxdpaD132v26nQ,scH9yupjqMr-XP3bzJGY0A,4.0,2016-04-10 06:59:37
iJQtNnEcrxdpaD132v26nQ,syuKX2pH3JJhOOppzNI6SA,5.0,2017-04-22 14:14:08
iJQtNnEcrxdpaD132v26nQ,tthy48ZIX_wfY8Dy0Dvg6w,4.0,2017-05-15 20:33:09
iJQtNnEcrxdpaD132v26nQ,vyOVT4bcW227LRwJGHTeSw,5.0,2019-11-08 21:06:27
iJjMJI7zycOwTXsBlt36kQ,ujKGQk1Y3MAX9W9TWvzavQ,2.0,2009-07-14 11:33:21
iL70ukJTRhtQF7lY52MTWg,Hi4AgS-uR-lEOF4oZl546g,5.0,2012-05-18 16:21:08
iL70ukJTRhtQF7lY52MTWg,cuYMRqzehT24XJk-YSrExw,4.0,2011-09-24 19:34:42
iLFzJYdAEcQ6tDspuwzqeg,eirHDiyhPn2YSo08G1tt6g,5.0,2020-01-21 01:40:05
iLjMdZi0Tm7DQxX1C1_2dg,PP3BBaVxZLcJU54uP_wL6Q,3.0,2012-09-05 02:14:19
iMEUit3Dg6mbmPogt-PN5A,tV46IhCfHbsx_af-pMupiw,5.0,2011-02-08 05:47:55
iN0A6QIrEFYoSGHFaknh8Q,kDzp5FXnuG3Pwk6orhfl8A,5.0,2020-09-03 18:05:25
iN0A6QIrEFYoSGHFaknh8Q,ytynqOUb3hjKeJfRj5Tshw,4.0,2016-07-28 12:04:57
iN1-o11zBC_7vgVPgPEuXA,NhIa6lf-D60Tgdj4RN3gjw,4.0,2020-08-01 08:52:00
iNIxjH-qoi0DW-0M2ML2DA,winkCYdiTroKdbPbV0DfRA,4.0,2018-09-28 14:28:01
iNIxjH-qoi0DW-0M2ML2DA,zxuVnNVAUm16Sro0dS_lmg,4.0,2018-09-26 15:11:16
iOEnz1qnlg_JLq33IIsL_Q,fgTOJRkc703E4XRdcr5zRA,5.0,2014-09-16 18:28:46
iOwFKiOEMoISJyvHozaKag,RA5E6BDiAzgSmsxdc1A4tw,5.0,2017-06-20 20:37:28
iPkdNziqnhNukjnmsrSzmg,95r3jAJRn10e9aB5I_NlPg,1.0,2011-11-08 14:33:13
iPkdNziqnhNukjnmsrSzmg,AjxjKRNin477A7nKAZciGg,4.0,2011-02-22 09:24:25
iPkdNziqnhNukjnmsrSzmg,EJ0t-DhlxWaMz2txzO7WVw,5.0,2017-05-07 14:48:06
iPkdNziqnhNukjnmsrSzmg,EPXnaI6YQlmK5VUDAI0o7A,5.0,2008-08-16 19:13:28
iPkdNziqnhNukjnmsrSzmg,NHb6QTrJOnyIj-Zd0fYzFg,5.0,2011-02-18 21:09:58
iPkdNziqnhNukjnmsrSzmg,_OMGZ3TXOfN2By7skat_bw,3.0,2009-01-22 01:42:51
iPkdNziqnhNukjnmsrSzmg,aI3B47Y_AUYFP5K5JAYrlA,5.0,2017-03-23 21:50:45
iPkdNziqnhNukjnmsrSzmg,fDkOfC0t9coGC34o8Nnjow,5.0,2012-11-26 20:39:44
iPkdNziqnhNukjnmsrSzmg,qck6waU6WlXBesRKmtsWfg,1.0,2008-06-30 22:16:51
iT1AA74QFn_a0Xq9-ggSGA,2PNUOv2sgxgXCV7a8f99zA,4.0,2010-09-24 22:04:38
iT1AA74QFn_a0Xq9-ggSGA,5fCpIolPWznGdz3D6hjrvg,4.0,2014-03-24 23:42:13
iT1AA74QFn_a0Xq9-ggSGA,7kalppAJfFqK0UvvHTlHeQ,2.0,2012-03-20 19:48:00
iT1AA74QFn_a0Xq9-ggSGA,8uF-bhJFgT4Tn6DTb27viA,4.0,2013-10-22 13:58:22
iT1AA74QFn_a0Xq9-ggSGA,BVv3JFBNRQW3pX9cTZizkQ,5.0,2016-05-16 18:37:33
iT1AA74QFn_a0Xq9-ggSGA,EBonJ5tjkxBEUezwosVlLg,5.0,2011-04-13 01:57:43
iT1AA74QFn_a0Xq9-ggSGA,FEXhWNCMkv22qG04E83Qjg,5.0,2019-12-26 15:40:59
iT1AA74QFn_a0Xq9-ggSGA,FdoIc2GfFO35OzVVC4fi2w,4.0,2012-03-08 19:31:00
iT1AA74QFn_a0Xq9-ggSGA,IGna30iAQJa6RMbsv-9tWg,5.0,2015-07-24 15:51:06
iT1AA74QFn_a0Xq9-ggSGA,Jy1ivHnSRtNNA6snZSAKBw,4.0,2013-11-22 04:21:25
iT1AA74QFn_a0Xq9-ggSGA,Meww6RIE4cFL_kG0aRlbAA,4.0,2016-12-23 20:50:36
iT1AA74QFn_a0Xq9-ggSGA,SBtjW_pKw3XaOKtKAavWZg,5.0,2013-08-08 20:41:32
iT1AA74QFn_a0Xq9-ggSGA,SdU54YlTaCCFvtcfouoBpQ,4.0,2013-02-06 19:26:24
iT1AA74QFn_a0Xq9-ggSGA,UGefDZNmnBztS0eoXWtHyQ,5.0,2014-02-18 03:40:56
iT1AA74QFn_a0Xq9-ggSGA,WO_5ViN3KaeYZaAxTSRjdg,4.0,2017-10-27 19:12:40
iT1AA74QFn_a0Xq9-ggSGA,Ye5nmTmZ7cL7BQshqZeIWQ,5.0,2015-09-03 20:47:29
iT1AA74QFn_a0Xq9-ggSGA,_h94BxrrFKPvzUIRx3Xkhg,4.0,2013-02-06 20:33:26
iT1AA74QFn_a0Xq9-ggSGA,cfFdnSlMmqQoAb0KDk9IPw,4.0,2018-04-19 14:20:18
iT1AA74QFn_a0Xq9-ggSGA,cnpwVLlQbalDWPWquUvWgg,4.0,2013-10-22 02:18:34
iT1AA74QFn_a0Xq9-ggSGA,f9H3wpzWG_apxoumWB-Dvg,4.0,2011-04-09 00:01:18
iT1AA74QFn_a0Xq9-ggSGA,iC12uB5WlrarJg55hVqieg,4.0,2014-06-09 20:00:09
iT1AA74QFn_a0Xq9-ggSGA,iJiNZw2TEwB579dr6LyVZQ,4.0,2012-01-06 17:27:24
iT1AA74QFn_a0Xq9-ggSGA,iSRTaT9WngzB8JJ2YKJUig,4.0,2011-03-30 02:42:14
iT1AA74QFn_a0Xq9-ggSGA,stqWlKEgXweNQSsxOsHjVA,4.0,2012-08-24 20:15:01
iT1AA74QFn_a0Xq9-ggSGA,vN6v8m4DO45Z4pp8yxxF_w,4.0,2013-01-07 02:00:05
iT1AA74QFn_a0Xq9-ggSGA,wHnk0H_5RGBSYCC32SmkIQ,4.0,2018-12-11 16:19:23
iT1AA74QFn_a0Xq9-ggSGA,xZileQFJ7h-0QKjtGc9xgg,5.0,2012-03-14 17:39:32
iTRDOu1CsAvEhyvdLWPImQ,SJPnC_1BEXUxvU2Xvn9rug,2.0,2014-11-11 11:37:44
iU9Aoz63LYmoT70MgvTq7A,oM9ZFIgO88Hu0ppDZPjuwg,5.0,2021-11-20 00:28:52
iUD0waOgP-Dk-n0nBEqMlw,B3kpvT4oLJdQmU9lPnxdKA,5.0,2010-10-25 19:30:55
iVwEM4OqJVB5qnkFy6gVZg,W_SQ6CfxAZFx6liHLPyajg,3.0,2015-12-01 20:19:43
iWMxMUWNXfdvVl9oXSaltA,QOPcqO5zvGVZL54917JUdw,5.0,2017-02-09 18:32:59
iWMxMUWNXfdvVl9oXSaltA,XzXKyR0r7zXF6a0JkhLD5Q,2.0,2017-02-09 18:39:24
iWU7Ek2sJIkbelaWcFtGkQ,9f5GXEeTvBWnrZ-AHEjgJQ,1.0,2016-03-29 23:10:41
iX1msXXgIPXTa6vZ6izCZQ,CYSPKiVdoPX3erovujnE9Q,1.0,2019-01-18 16:02:07
iY262MNxieewhtFInDY4Rg,kiA1mrC2ZVoRmpsWgAT7ow,2.0,2014-09-14 01:21:56
iYRI00yQua8kDxeIQNejqA,jSYu2apG1uYq3eNzSA-OHw,5.0,2013-06-17 13:27:17
iYtCcBjXaQAALTSBp5Lkqw,znx1v_c2IPKOXlYAbqFYvg,5.0,2010-02-18 15:35:15
iZCRTEm35zxitq-_6mHARw,1FURjeGJi_LBXcJQg8eskw,4.0,2020-06-01 19:02:52
iZCRTEm35zxitq-_6mHARw,E7RtIisUoRMcADSebBgNAA,4.0,2021-05-26 19:31:30
iZmpVIO_RyyALF1Bj-m9sQ,Q6BQcgabriKd5wPxvzOIWg,4.0,2018-03-05 00:08:42
iZpzJ9k4dDgBjuC27MbjvQ,IiJ744MOUKmRYAgNFkcs0g,4.0,2013-10-16 17:13:57
iZpzJ9k4dDgBjuC27MbjvQ,Jy1ivHnSRtNNA6snZSAKBw,5.0,2013-07-08 19:12:00
iZpzJ9k4dDgBjuC27MbjvQ,WzEzUDTWr4UQSQykujMwyg,5.0,2015-06-10 19:25:00
i_DR3vdE73nVm2GlMbGpGA,0f69gYJBDkWpi-F9JlPSkA,4.0,2020-02-21 15:21:22
i_DR3vdE73nVm2GlMbGpGA,0tRU8Qsaxax-Mht2WsFxIQ,5.0,2021-11-15 21:27:45
i_DR3vdE73nVm2GlMbGpGA,4nxjxYYN3hFDLNC67erEFQ,3.0,2021-05-24 22:03:04
i_DR3vdE73nVm2GlMbGpGA,A3VrcPqMLUfcmTbkDXTSaQ,5.0,2020-04-04 15:25:20
i_DR3vdE73nVm2GlMbGpGA,AFk6UXFbH-idH31KhFQVCg,4.0,2020-02-01 20:06:01
i_DR3vdE73nVm2GlMbGpGA,ElqoiaCSUA8oyyvixox9lQ,4.0,2020-03-05 03:40:34
i_DR3vdE73nVm2GlMbGpGA,GST3wg-wej15vHeCvaXE6w,4.0,2020-03-28 01:32:23
i_DR3vdE73nVm2GlMbGpGA,IpEmFcgK-X2d1rB1Y7fz5g,4.0,2019-11-06 02:56:29
i_DR3vdE73nVm2GlMbGpGA,JVFHfavzvCSdh72qWi1eZQ,4.0,2021-12-17 13:54:32
i_DR3vdE73nVm2GlMbGpGA,Mgr1oKqGdPobbc-p6jG94A,4.0,2021-03-29 21:36:01
i_DR3vdE73nVm2GlMbGpGA,NT5S6JV5wPwKOd3s3Yh1zQ,4.0,2020-03-15 00:30:03
i_DR3vdE73nVm2GlMbGpGA,NnIrd_1O9QyuCLigoxYv3g,5.0,2021-07-18 21:30:49
i_DR3vdE73nVm2GlMbGpGA,Op1PKEFSdADkc7Dq_1D18A,4.0,2021-05-17 22:45:44
i_DR3vdE73nVm2GlMbGpGA,P6iHMvttUL4HJ0fXbb_gow,5.0,2020-09-15 13:44:51
i_DR3vdE73nVm2GlMbGpGA,PDTart2-ChFYdNjECtreQg,4.0,2020-03-06 03:38:54
i_DR3vdE73nVm2GlMbGpGA,SYL6bNTsT9P7iNt3A1Cwqw,4.0,2021-07-22 01:18:38
i_DR3vdE73nVm2GlMbGpGA,TVO-R_N5CGCNum4-TjrLDA,5.0,2020-10-26 13:43:53
i_DR3vdE73nVm2GlMbGpGA,chxWW42Y3lB3dGCxSRvxsg,5.0,2021-02-03 23:28:12
i_DR3vdE73nVm2GlMbGpGA,eaJCpC6IhYphj7bwCDHTwQ,4.0,2021-02-26 02:26:59
i_DR3vdE73nVm2GlMbGpGA,ei7oceWOL-u1hXsraus7ng,5.0,2019-10-03 04:29:34
i_DR3vdE73nVm2GlMbGpGA,gGK9oTurV0N5UxPGUs3_sw,5.0,2021-05-07 14:25:24
i_DR3vdE73nVm2GlMbGpGA,gVU0U7gNBMQxKTzqmRtdLg,5.0,2021-10-11 22:28:36
i_DR3vdE73nVm2GlMbGpGA,inpHHalmEPkTMBg9yOWfLg,4.0,2021-07-20 02:17:50
i_DR3vdE73nVm2GlMbGpGA,jHrp-GQ2iSKUgHd_dvnWqg,5.0,2021-10-09 22:12:02
i_DR3vdE73nVm2GlMbGpGA,ovTOR6ci8a43WEWm_W7MMQ,5.0,2019-12-18 14:53:45
i_DR3vdE73nVm2GlMbGpGA,qplX-RwFUVWNAnd2Nuj7HA,5.0,2021-07-28 13:07:34
i_DR3vdE73nVm2GlMbGpGA,tELoGj2QJYYFQ1jo_XXbpA,5.0,2021-06-02 19:34:02
i_DR3vdE73nVm2GlMbGpGA,vAoCutZiiFsaZ7i8EQromg,5.0,2021-07-06 22:41:54
i_DR3vdE73nVm2GlMbGpGA,wRzZQ0rNNl0Ss9dHNM1S1A,4.0,2020-01-07 16:12:36
i_PLIo-upPymwy2Y_TUjkw,uJZgom8HpK74xz8IojpT0A,2.0,2015-02-26 15:29:51
iaD_o05jH2iqIlbw_AR_mw,ZQ-Sg1tJXCKD6Dw9DF4X9g,1.0,2015-02-16 02:45:08
ib43MZ7vMNbrXFVq7mQxpw,6f8dXcqMrNPMHm1fXFQQbg,2.0,2014-07-21 00:32:06
ibO3x7W0znfQ-Jmq5IP0Bw,tV46IhCfHbsx_af-pMupiw,1.0,2010-01-31 17:19:09
ibr0CbZqpHKGmpTG_rmuyA,Fyw7Nszsz2E6ZKy7gjPtDw,5.0,2019-04-26 14:12:33
ic252LbiVWNkRhnTzq_vyw,6Aa0t9YWJNknGP9tHWmG5Q,5.0,2015-05-07 22:52:23
ic5a0ViLmWRHBQ0RpyicEg,dGUyXgFW1WSYMgRypKaYew,4.0,2013-03-16 03:46:30
ic5a0ViLmWRHBQ0RpyicEg,poruVZH9V5p3u170Pi3iYg,1.0,2013-12-14 06:19:51
icXaNPayF7WpgXMJkeGzVw,23qa5SsahSsVhqAVmX6aow,5.0,2018-02-09 16:53:27
ie9VaHvAaQgjMJP3Gn-AQQ,C5MdSiVtZKirRghyh08C0g,5.0,2011-07-15 13:36:19
if-6FnW2g8Y47PWQCismFQ,SIoCIxjn4jLt2O-4DajWJw,4.0,2011-01-13 20:24:35
if-xoZlfGXhmkiGheavlkA,dSmM4ci0KATCGxSqH4Ic5A,5.0,2021-08-26 02:46:03
iflEFcU3QJMEB9YFAsv72Q,-eZ7NYqKCwIAY__MHkcGBw,4.0,2011-06-05 23:27:31
iflEFcU3QJMEB9YFAsv72Q,I_3LMZ_1m2mzR0oLIOePIg,5.0,2010-05-04 05:23:03
ihZJy1R8bCK6dzFQ_HZFTA,kRowQIUMYRNno_Rk5LkRgw,5.0,2016-09-16 11:43:54
ihfn2dXVnlDIilBzxJvUaQ,Nvx2MceKWAtikcAxk_TBMg,1.0,2014-12-23 13:22:54
ijF3tr_FZcIzI6Bwu_JpBA,0bqfOY_rF8HCVrDMgnWLYA,5.0,2015-10-11 09:27:44
ijF3tr_FZcIzI6Bwu_JpBA,2njTjQ35skXN171KoobeGg,5.0,2015-10-10 00:16:19
ijF3tr_FZcIzI6Bwu_JpBA,3Myk3oAOJq6Cps2SDYQZhA,5.0,2015-10-11 17:20:02
ijF3tr_FZcIzI6Bwu_JpBA,9haFlHQRUwpYzdktVq60EQ,5.0,2015-10-10 02:30:26
ijF3tr_FZcIzI6Bwu_JpBA,CJoO4HYD0tZRXlZqA04wmw,5.0,2015-10-10 02:32:09
ijF3tr_FZcIzI6Bwu_JpBA,E7dj-y6Mt5ESDH8PYlu5WA,4.0,2016-12-07 05:25:45
ijF3tr_FZcIzI6Bwu_JpBA,J-Go00lYW4f4a3lLLtoh_A,5.0,2015-12-11 21:29:58
ijF3tr_FZcIzI6Bwu_JpBA,NQ6v9hMwtfS5mn2a0vQr1Q,5.0,2016-12-07 05:19:41
ijF3tr_FZcIzI6Bwu_JpBA,ZCF-HvfbITnNcaomqT5XRw,5.0,2015-10-11 11:08:17
ijF3tr_FZcIzI6Bwu_JpBA,dCYJQLStBDwa2gN2XO44Ag,5.0,2015-10-27 00:31:54
ikWD8meznb14w9yNie3bwQ,9_m_iA3VAqGBJEW5XLc-5w,5.0,2014-01-28 21:05:49
ika6UAYbtCKYtvDZrZH6pw,Gekeq1c-fuezmx0PSGQvzw,1.0,2015-09-15 03:30:10
il8f7LuFgCv04SoCGHHMMQ,celJoKvziNB7tgeih7NIbg,5.0,2020-12-13 05:41:24
ilfOapB0crDB3uekMXUtaw,F0Q9o6yuYh8f0DYl1RFjxQ,4.0,2016-02-28 16:16:44
ilfOapB0crDB3uekMXUtaw,I_3LMZ_1m2mzR0oLIOePIg,4.0,2016-02-21 23:24:52
ili5-xzEGg7FhNVUKe_5OQ,zjqh_qoBS1BWVSbC51BNjw,1.0,2019-06-08 04:24:15
im1piwjKBavmW1-tbqhqEw,ReVpjIDupK_VMPn7ZxPvOQ,5.0,2016-08-29 19:14:01
im1piwjKBavmW1-tbqhqEw,aQFQIlyHasaTz5DtjV57nQ,5.0,2019-05-14 23:33:20
im1piwjKBavmW1-tbqhqEw,yLO54UaaFeX4xn51Dfdh6Q,5.0,2016-01-11 17:12:32
imGQirCh-t_Kftb4U7VuUA,Cjwb7VQGP0u2eWYj1wnO3g,1.0,2013-07-27 16:40:45
imGQirCh-t_Kftb4U7VuUA,Zh8X1au_crT9jBs2LlPb2Q,3.0,2014-11-02 03:29:11
in672plSIGcbOj2q5moYwg,_OMGZ3TXOfN2By7skat_bw,1.0,2010-09-25 12:02:43
inCabX77SQWYxTSNQTncHA,jLsAwortT8sdnqFLo0moqA,5.0,2020-07-08 05:17:18
inCabX77SQWYxTSNQTncHA,ytynqOUb3hjKeJfRj5Tshw,4.0,2017-03-20 00:15:29
inY6g56c8KKzIrjbGkai0A,P_QAD4_iMgqTaWd5On_n3g,1.0,2016-06-29 06:13:47
ioDTSZBmkfOpYohkekzPGw,ObDQDZEAyFCw8Dy803_O6Q,2.0,2013-08-11 02:24:20
iodvqnuRYBxcw-NIPpQV7A,Cjwb7VQGP0u2eWYj1wnO3g,1.0,2010-10-11 00:50:26
iohKiP4syxJkOcFm8Gfzxw,Om9eoEcwPK1lp1-HEjBzeQ,1.0,2012-06-12 15:15:29
ip-OEoijVXpLDAmPjhEvag,bf32KWp9yvN-WT8c-QtbzA,5.0,2021-08-01 22:56:44
ipjlD-L4w_ktG05iJECxlg,XwElaqpvIW70qJVCqpVubw,4.0,2018-09-22 01:35:15
ipjlD-L4w_ktG05iJECxlg,ut6fi2W2YaipNOqvi7e0jw,5.0,2018-09-18 20:38:34
it3e18BmT4yLPsYf-Vmn9A,C6KP0hSutumHzLDCFyjvJQ,4.0,2020-11-04 13:57:23
it3e18BmT4yLPsYf-Vmn9A,Df60BZXw3Kj9Xt1UlAidqA,5.0,2019-07-28 12:47:47
it3e18BmT4yLPsYf-Vmn9A,aHHK_n_wGElui6oDmRCL4A,5.0,2020-11-13 20:52:45
it_cCl2WDA_3kNCFNMMHig,-lVEVi3vtQ8_L9kKT0bBwQ,2.0,2014-02-08 17:15:10
ivHlD7Mp7J6JtzGHXSZLiw,fDkOfC0t9coGC34o8Nnjow,5.0,2013-05-06 18:55:08
ivW0Vad81qJ8SIgqJ8p1Mw,dGUyXgFW1WSYMgRypKaYew,4.0,2013-12-31 20:30:58
ivseRuEpyDUHnB66D8O3mA,3qiHeiMr-6D1Yp-DbOeJhA,2.0,2019-03-08 06:12:42
ivseRuEpyDUHnB66D8O3mA,_4bhVmlvT9dvqydQG2TOMA,3.0,2018-10-19 20:04:39
ivseRuEpyDUHnB66D8O3mA,bdth7r1brx9yRU7sYwF9jQ,4.0,2019-05-23 18:10:55
ivseRuEpyDUHnB66D8O3mA,gsyyVQmvT9A2nAgUi7VUag,4.0,2017-07-28 03:19:03
ivseRuEpyDUHnB66D8O3mA,jJKmOo4aeo_NanXQn1gjiw,3.0,2019-08-06 15:38:48
ivseRuEpyDUHnB66D8O3mA,khJNtyRfPwQ0ybr3tPeZ3g,4.0,2019-04-10 15:28:05
ivseRuEpyDUHnB66D8O3mA,lOVHIBqgi4knjSx4tuCgjQ,4.0,2019-05-22 14:33:30
ivseRuEpyDUHnB66D8O3mA,oipTcwrQb6jQy0VrqpFumQ,4.0,2017-10-29 04:30:35
ivseRuEpyDUHnB66D8O3mA,w2NiG6ftSvpU81eRghLIjQ,3.0,2019-05-02 17:56:56
ivseRuEpyDUHnB66D8O3mA,xmO9u_t1LspxV5iuF594Tg,4.0,2016-12-08 15:31:06
iwBJ6E_2Q6ybYuoYezS4hQ,2er_V-oAd7IbQ5YTY56r7A,1.0,2021-04-30 16:52:01
iz0LkWSIF5pPMG5gCSkdkg,TUhRukcZb3tG0cB_X68FCQ,1.0,2011-01-31 03:47:31
izYzEujCW0rmlGy2N3SRLQ,pWuoHHu0LuVrD0HjadDygg,1.0,2018-09-08 02:20:21
izbKQPDgGjGhE0uFdI8l7g,6c8eIawbCBu3FLp2kDraBA,1.0,2020-06-26 20:46:12
j-bEZhvBw3tl6iruUQ8wMA,Bp2AWqJLBJoBjBwh85rDAw,1.0,2013-02-25 15:45:24
j052CiqyclDIG1R1n45lEw,J8S7cPPlTgsQnXKVfTyN8g,1.0,2014-09-10 23:29:36
j0Hkg7QJMRFt05kyAb67Zw,tV46IhCfHbsx_af-pMupiw,2.0,2012-05-25 16:45:11
j14WgRoU_-2ZE1aw1dXrJg,PP3BBaVxZLcJU54uP_wL6Q,4.0,2021-08-11 14:51:55
j14WgRoU_-2ZE1aw1dXrJg,dYYkzkiAQoOtRjdR0kcspw,4.0,2018-10-23 14:24:32
j1981ubRRPjeRTx9UkMJ5g,R5YyD9JX5nNX4sE2WMSn3g,5.0,2018-11-29 01:17:22
j1981ubRRPjeRTx9UkMJ5g,Rb9QIj-NyRn_giOBN991YA,5.0,2019-01-15 01:25:29
j1ILvqti2U9tZb2l3SZ8XQ,J179GmDalU-NgZ7nhRwBYQ,4.0,2011-04-14 16:09:11
j2wlzrntrbKwyOcOiB3l3w,Ld3qgGua7MqrFnZY8AIo0A,3.0,2013-12-15 17:23:38
j5YS-J6kytVelaMYUKFNlg,feWbeHR9_O0yhxJqmyACXw,1.0,2014-07-04 15:15:16
j5z0Gc42mPBT3Qcqk_obSg,s9ceDy-cVHe0uzvZpWq87Q,5.0,2013-10-12 17:36:21
j6SSpgZRwU32k2ZlLWKoAQ,SwBhaxfQPbyhsi0QHUAN0A,1.0,2014-11-03 19:06:56
j7l08Ss45CzP7sLdW2wOfg,eR2cpqWj58kFeHBJ1ob0MQ,2.0,2018-06-26 23:15:23
j8kEM9J5mNc-F-ltrC9snA,KHe6HAqmyioITwTvg9Bbcg,4.0,2018-10-12 19:18:50
j9ASEWvf-5vKwVxOCkjOwQ,QQGyPctWtd9WOZnMKUChUQ,3.0,2014-11-13 22:01:10
j9ASEWvf-5vKwVxOCkjOwQ,pw1WZapMHXQdrU1uB9X50g,3.0,2014-09-30 12:42:33
jA0ToEPV2J31wcS5q-1eCg,Rx5lfHMWkezmQjCfr2ziAw,5.0,2017-01-10 17:52:08
jA0ToEPV2J31wcS5q-1eCg,UGefDZNmnBztS0eoXWtHyQ,5.0,2019-02-27 06:15:29
jAee5mp9aOoSey-MDN1SKA,HDnaNdHEZpQMYXo-ZHHG9g,1.0,2015-11-22 01:40:13
jB7AMHp3FSAN9nM3S6sWIA,D00oq_GL2RzcSiHh2QLP3A,1.0,2013-10-27 18:22:44
jBzITjfkC7M99oN6a5HErQ,0QSxyOzXwDdaSbeK7p3GYw,4.0,2015-05-26 21:12:53
jBzITjfkC7M99oN6a5HErQ,POwyAA0vf4PvWe1L8Oc3Eg,5.0,2014-04-08 16:55:07
jBzITjfkC7M99oN6a5HErQ,oJ4ik-4PZe6gexxW-tSmsw,1.0,2018-04-26 10:34:49
jCItL4JPGgwefcRE_YfVVw,edglJsudUEULkxm-rLtQbg,1.0,2018-10-23 20:43:46
jCLjVfSMbvLkSH2ZMkryZQ,gBGD0dNvfLlQOAaZzCU1NQ,4.0,2017-02-19 23:45:34
jCLjVfSMbvLkSH2ZMkryZQ,xP5o6PVU3tWOixLJTIdVVA,3.0,2016-09-04 22:28:40
jCLjVfSMbvLkSH2ZMkryZQ,yGFkdrYdndizAPymvyq2WQ,4.0,2010-01-05 16:58:51
jFKTlyFPFvWyVEk-rRmFwA,OoFCe8VbzzCr88SGC08omw,5.0,2018-09-22 02:36:08
jGLIj4NoI-wE-esm3KjTPQ,0oSSjekU-3GR8gselReWnA,4.0,2013-09-04 13:18:23
jGLIj4NoI-wE-esm3KjTPQ,YzluF3FNGjnW-tOrLZt8JA,2.0,2011-05-21 01:32:21
jGLIj4NoI-wE-esm3KjTPQ,vCHNWdW-ys-nWUx3Cpvk8Q,3.0,2013-09-04 14:24:50
jGRHbahs-tpZJbrJtYthcw,wj8XtPyuREj8_0GQz3LZ6w,3.0,2015-12-13 15:46:28
jGUdsAMkurKYZCh6l84n7w,h8h1QvEQruTkBI50NlWsyA,5.0,2017-04-27 01:12:23
jGUdsAMkurKYZCh6l84n7w,j8JOZvfeHEfUWq3gEz6ABQ,5.0,2013-02-06 23:16:01
jGUdsAMkurKYZCh6l84n7w,joCDK7kg-03uo4rZK5X0_A,5.0,2017-07-26 14:29:32
jH9IrMMkIKmZxlC0fIPOWQ,CxXYiJBkq9kqsgtdagqVgw,5.0,2009-04-13 18:51:28
jI5grCzPrcpYgqtNVygWRQ,TzNk1TcWLZn0JCpO83hBAA,4.0,2015-09-08 13:42:17
jIGFSS0CEI4cTksW0k9-xA,pAFtOcz710oLQ-e_J6AIzw,1.0,2016-06-18 01:42:41
jIQpLM43nFXGXtmkTM9rhQ,zjqh_qoBS1BWVSbC51BNjw,1.0,2019-04-22 20:30:50
jJDclIO5uqRJe0bnhCiIQA,KHe6HAqmyioITwTvg9Bbcg,5.0,2020-09-12 00:42:16
jJFvVoEZtEvk8c7lCn68zg,jS3affmkXWrBnidXA-DIfQ,5.0,2018-05-19 04:31:30
jK_SY5ciS1IL82Cf3Ed1_w,4rG4tJF2EC2CfYvBu_uqpQ,1.0,2020-10-01 22:37:25
jKy6yfEGXDLTbAlhMevh5w,uP42QDUxC2lxz15BUDbFnA,3.0,2018-03-04 07:13:38
jKzZQHd6FCt3hMlvJa9PnQ,UxNB5QSIiLepKdMHeU0qig,2.0,2015-01-10 03:14:21
jLFkdt7EchOfA01f9Jxo9Q,3VvZpyRMg5p3nH2-iK3-Vg,5.0,2016-08-10 20:05:07
jLFkdt7EchOfA01f9Jxo9Q,IdIOZSbnLRcN1dG5PDXDeA,4.0,2015-08-06 19:28:03
jLFkdt7EchOfA01f9Jxo9Q,R8t9g5nvi7VFyS8zsgmj8Q,5.0,2016-04-24 21:52:43
jMMX0zfJL9BNki9JnrFnBQ,bdteJqgoj0OaALhj9RFtmw,5.0,2015-01-11 06:37:54
jN58WNkl7CZtyBz-asOaJw,iOFbMitGdfU6i5xm4nZ8Ww,1.0,2012-05-08 21:05:16
jP2-v4UHhptzP1SrxBsxoQ,ZUPnWlLgqnU1PVtF6Q9-HQ,5.0,2011-11-27 17:25:27
jPsFI6d5tPAab1lAtPZD2g,8A5LSwsKK5vXDH1M3_Tf1w,1.0,2014-06-01 10:24:28
jQ_UGNZ1ZgtlYVg53QEP0w,8A5LSwsKK5vXDH1M3_Tf1w,4.0,2015-12-26 17:40:06
jRxg91-yAQtpdUqnZSYHgA,W2lEjwsnCqm3SmjleJ0xlw,5.0,2020-07-08 12:12:35
jTDVXDZjaPXT1dS-TkcshA,YCPhdj_9t7o_NdN76WKJVg,5.0,2015-12-15 20:06:36
jTMziYCazn1EAJQ7s0eDhQ,fi264Jd5ThtqP-QIgzzong,4.0,2015-05-11 16:55:40
jURsdln9hCEauhMnWPoOBA,Slg6Ec2D7vEBRmgVUfwkzQ,5.0,2017-02-18 00:06:24
jXE0JckCU6jr3Z_jznNWfA,FHDuu5Mv1bEkusxEuhptZQ,5.0,2017-01-30 15:17:28
jXE0JckCU6jr3Z_jznNWfA,KDzLMPTTLihnpcctZLmg0g,5.0,2018-10-14 16:14:48
jXE0JckCU6jr3Z_jznNWfA,KiwskluQ7tMqZqvuf872vg,4.0,2016-08-27 22:26:41
jXG2KKBVpJdPq5b-WXFQHw,k66N-4OusE74AAbUR9L1Tg,1.0,2014-08-03 04:06:01
jXX-G_goCYZZrLSDY8qXdg,-mDAFyX5kZHXhxjELeMhiQ,4.0,2018-07-31 04:22:48
jYWpBLWypAGjGSbWGlXScw,kGXt74i82kOVgfixBuBoIQ,2.0,2019-01-11 23:51:32
jZTMr59LTrt4Nd6YNWT0aA,Yu401DtSmkXpJhgXnQcFrg,1.0,2015-03-08 22:25:40
jZUpqurVtlrN2QrgLxQzZw,8A5LSwsKK5vXDH1M3_Tf1w,1.0,2020-07-06 20:22:52
jZq51opDMNLWDWmnIOPc0w,Esf3-D_44pArPd9GqysoCg,5.0,2021-03-12 17:23:38
j_-2CbyL7dkFcK1C5NIKLg,Cjwb7VQGP0u2eWYj1wnO3g,1.0,2010-06-20 23:45:22
j_3WppI-B84Gp0jQfywDxg,nfDNbJ3eWwudtQCyp2EpSw,2.0,2012-04-13 23:47:22
j_MNviOq5UHGlF0FaGK6lw,JVZ_c3k01uAIas5B61iISg,4.0,2018-08-06 22:48:09
j_MNviOq5UHGlF0FaGK6lw,VVH6k9-ycttH3TV_lk5WfQ,5.0,2018-11-26 23:06:05
j_MNviOq5UHGlF0FaGK6lw,of-GVqY0G_UDHXT9Xg_ADQ,5.0,2019-04-23 23:37:26
j_zFfi3a473iyd1rah6_oQ,vnSfFFE5iWT7oUzG3MUx6w,2.0,2015-08-18 13:26:29
jatuiJOGZFne2s1BUkfkxg,_nqrmx5xKLQyrbmjhwiiuA,1.0,2019-02-10 00:47:02
jc3jhh2iQ1dPnT7rPI5xvg,8MoqZqlNN9AXzG91_Hpc_Q,4.0,2013-12-27 17:08:09
jc7MqBKRUmBE3SvV7H2onQ,Gekeq1c-fuezmx0PSGQvzw,1.0,2014-04-10 21:15:14
jc7MqBKRUmBE3SvV7H2onQ,dtWFuvupLrMmPb09uy6wVw,2.0,2013-08-08 16:41:09
jc8xUrNwZRgXMSLr_qzAcA,9A1ve-8MfJcUcOGQYCLlKA,4.0,2018-08-20 17:40:31
jc8xUrNwZRgXMSLr_qzAcA,ZzJofWxYndRUyiOyPI-O7A,5.0,2018-03-27 18:44:42
jc8xUrNwZRgXMSLr_qzAcA,yZHiutcbym-xLGkmFhP-9A,4.0,2018-09-13 22:09:13
jflNkG9ENWeOdSMUKEZ3zg,SwBhaxfQPbyhsi0QHUAN0A,1.0,2016-08-07 21:42:37
jg-_YehqelGQZUGMm6n8sg,KHe6HAqmyioITwTvg9Bbcg,4.0,2018-03-01 00:40:09
jh_rji4QuVSN_hO1pa9D0g,snTpO07JxjGhwJbE4RDFIA,5.0,2009-04-19 21:05:30
jhuCv6dzRQ6a_kEaDvcrTA,YBq6blbEs3Vc43x-G0mC8w,2.0,2012-12-22 02:37:23
jhvreOViehq5zA4p2dgSVg,ytynqOUb3hjKeJfRj5Tshw,3.0,2017-04-28 04:39:30
jk5dcB_MfWglVdc4ILfWkA,DLmkfCW_Pzi1Pyo6G8FnDg,5.0,2016-02-27 19:02:39
jk5dcB_MfWglVdc4ILfWkA,hm7YQpJlaeMKh2QGtWVhtg,4.0,2013-12-11 23:33:02
jk5oDKpRerjJ_U5Z8sAz5w,-lVEVi3vtQ8_L9kKT0bBwQ,4.0,2015-03-23 14:30:19
jk5oDKpRerjJ_U5Z8sAz5w,4UDm69SbXGjjlbVVy3GNcQ,4.0,2016-08-24 21:12:30
jk5oDKpRerjJ_U5Z8sAz5w,C70aSng5_Rn5FGiDKCRAVw,3.0,2015-04-29 14:00:16
jk5oDKpRerjJ_U5Z8sAz5w,JmzNw0WCPmZPZdq5nx9brg,2.0,2011-09-27 20:58:21
jk5oDKpRerjJ_U5Z8sAz5w,MeJ4afqMv8_JjTHgjdrg_Q,2.0,2014-02-09 15:57:19
jk5oDKpRerjJ_U5Z8sAz5w,P2Lm1g_RztvIaH4daQsXoQ,3.0,2016-11-19 13:48:43
jk5oDKpRerjJ_U5Z8sAz5w,eJDUZMLSwYT8QRKbZVTZKg,3.0,2016-06-05 11:23:19
jk5oDKpRerjJ_U5Z8sAz5w,gIzKVqQf-sU_BngnhqyOpw,3.0,2014-12-07 17:19:45
jk5oDKpRerjJ_U5Z8sAz5w,h9m5Kt1tzTI6kJikDhxn6g,2.0,2014-02-21 19:24:20
jk5oDKpRerjJ_U5Z8sAz5w,jCKjT0w6BnPxNSZO9Q2uuw,5.0,2011-06-13 01:52:31
jk5oDKpRerjJ_U5Z8sAz5w,qxRTFagnexBZgDe055CjkQ,2.0,2011-10-10 16:39:12
jk5oDKpRerjJ_U5Z8sAz5w,u7_3L1NBWgxhBM_B-cmmnA,2.0,2015-09-09 12:44:52
jk5oDKpRerjJ_U5Z8sAz5w,zceFlvnOvZ-T0pYTZGLyJw,3.0,2015-11-10 15:58:23
jkzgl9bDYVXRYXBaZkVIlg,cOXc8c85Ms6dMEAJazLXHQ,1.0,2019-07-13 14:06:36
jlrEnb9FlR2ZbsY9iIMk6g,yjcIKn2T2QY_DjXWACsAFw,2.0,2016-07-22 21:17:24
jmyunODJvYT7n7LCgotAyQ,59hbaCuGsGbPYbq5QBkaKA,5.0,2009-11-29 20:48:18
jmyunODJvYT7n7LCgotAyQ,SsdCrUeZlHqqGOWTfZ95Cw,4.0,2010-03-22 18:33:57
jpbi64K_AfVNjVoJrxRrZQ,_EqGhRXzlUaTpu5eToC8MA,2.0,2014-02-09 00:31:48
jqWQN0GIjG1165G--R0JLw,EME5hqQLjBD7e2cLryupbA,4.0,2019-03-12 18:06:06
jqWQN0GIjG1165G--R0JLw,GBTPC53ZrG1ZBY3DT8Mbcw,5.0,2019-03-13 18:35:10
jqWQN0GIjG1165G--R0JLw,V1XS9HMe9bzEuW4RZFycBA,3.0,2019-03-09 22:12:23
jqWQN0GIjG1165G--R0JLw,gjbmwlYUImb2lQBp5LV3KA,5.0,2019-03-16 15:46:20
jqWQN0GIjG1165G--R0JLw,lSwPJt2ZPX03tEpfXE1BFw,4.0,2019-03-23 22:47:09
jrLCaGDNHLwQVNCv-blHkQ,-mDAFyX5kZHXhxjELeMhiQ,2.0,2011-11-20 16:54:42
jswWHPctnZGH3qqvN4mzoQ,56M2bwaaSzcmzr2dyEfYQw,4.0,2017-01-25 04:48:29
jswWHPctnZGH3qqvN4mzoQ,A5b9nVDi1DPVvPOD24-p6w,5.0,2021-01-06 02:16:24
jswWHPctnZGH3qqvN4mzoQ,BiwzXBmuQX5-P5dW9ZjCMA,4.0,2019-01-22 19:55:06
jswWHPctnZGH3qqvN4mzoQ,Fok0BLJP0OMxbbl3l6QmZA,5.0,2015-05-31 23:07:14
jswWHPctnZGH3qqvN4mzoQ,FryXEasH74MQDnj5Bvz3QA,5.0,2019-04-15 01:14:25
jswWHPctnZGH3qqvN4mzoQ,LGYIhGqbYakMMdsn_GCzJg,4.0,2018-09-12 01:04:28
jswWHPctnZGH3qqvN4mzoQ,Lpuvf-1pHW1Roh6bPm1fPw,5.0,2015-07-24 22:12:58
jswWHPctnZGH3qqvN4mzoQ,MuKoTR56s6elHEI2wUkgJA,5.0,2021-11-29 01:45:48
jswWHPctnZGH3qqvN4mzoQ,OcCrSDYR5cETO4FZ7R2iEg,4.0,2018-12-21 03:49:58
jswWHPctnZGH3qqvN4mzoQ,PcR2ObZX6IAYLE9HiUcG1w,5.0,2017-01-27 03:06:26
jswWHPctnZGH3qqvN4mzoQ,QqvMMaeNJqaEJihkhdYiAQ,3.0,2017-07-11 17:18:18
jswWHPctnZGH3qqvN4mzoQ,R8t9g5nvi7VFyS8zsgmj8Q,5.0,2015-11-18 04:03:09
jswWHPctnZGH3qqvN4mzoQ,TZG_XV9u4xgE56s0otXEag,1.0,2015-08-24 23:36:40
jswWHPctnZGH3qqvN4mzoQ,Tq5jFk_BMSJG8-flqj5Bgw,5.0,2021-11-28 23:22:44
jswWHPctnZGH3qqvN4mzoQ,YT1oM3AlNSCjzKvbH8MPWA,5.0,2018-09-12 00:20:07
jswWHPctnZGH3qqvN4mzoQ,_H30_Y_YcQQ7kbix9a1KfQ,1.0,2016-03-24 14:42:49
jswWHPctnZGH3qqvN4mzoQ,ay9zMsFHhwD483o8Zwdc_A,4.0,2018-12-21 04:48:05
jswWHPctnZGH3qqvN4mzoQ,cOdEq7xqSFko6Gp8Ro9H8Q,2.0,2016-03-25 15:10:18
jswWHPctnZGH3qqvN4mzoQ,jJKmOo4aeo_NanXQn1gjiw,5.0,2021-01-06 20:14:09
jswWHPctnZGH3qqvN4mzoQ,r4OWweOI9CAKk38pw_lSJA,4.0,2019-04-15 00:04:03
jswWHPctnZGH3qqvN4mzoQ,zymvTQ12tRy3bzmP4tPgOg,5.0,2019-12-14 14:23:10
jt49xjEjQisu6wTTGn6B3A,EnGnfn_6KMTY2enUD3hqdw,4.0,2011-02-10 00:06:04
jt49xjEjQisu6wTTGn6B3A,ehzdBdCuwFNHEoIfpJY7Iw,5.0,2019-01-07 18:13:16
jtRQS22iQDLPbraTezzADQ,KHe6HAqmyioITwTvg9Bbcg,5.0,2019-12-30 13:53:44
jte5OCBP9_EuypMnQmYXmg,Fj16uG6BNZOq5K8mS2HHiQ,1.0,2018-05-17 21:38:07
jtkXg-OITT1Wvq0jCpLudA,SRg4QRR7xQrZ6cp9u8VX9g,2.0,2020-01-22 20:12:27
juJS5_I5IGzMveRKNBwEVA,0ac5lGA_0wdKDnib3y59Xg,5.0,2021-04-08 16:25:12
juJS5_I5IGzMveRKNBwEVA,RRGLss4hhvZZuR0N6GQlSw,4.0,2021-06-14 16:15:23
juJS5_I5IGzMveRKNBwEVA,s5xC3gxk179RV3xtFjFqbw,3.0,2017-12-15 19:55:35
juJS5_I5IGzMveRKNBwEVA,sTPueJEwcRDj7ZJmG7okYA,4.0,2017-12-14 19:15:41
juigu8XxwzLAeikeBzULbg,EwWcloIMj8zflH5Dc16-nw,4.0,2015-11-23 17:10:02
juigu8XxwzLAeikeBzULbg,Hi4AgS-uR-lEOF4oZl546g,5.0,2013-01-16 02:29:23
juigu8XxwzLAeikeBzULbg,Reuk1p7ZUrLikUjzv70jYA,5.0,2014-09-04 01:45:04
juigu8XxwzLAeikeBzULbg,Rv8bW3pkzpi5dZu5ckbgtA,5.0,2013-12-24 04:29:37
juigu8XxwzLAeikeBzULbg,YG1fT80sd9swV0oe1gPh7A,2.0,2014-04-28 22:27:00
juigu8XxwzLAeikeBzULbg,ZNOc9LErlBDtJF3Y7LQtwA,5.0,2014-03-23 17:00:58
juigu8XxwzLAeikeBzULbg,o3woQWQ-0HxFftItIEeNdw,5.0,2020-03-30 06:06:25
juigu8XxwzLAeikeBzULbg,xuYPogbBSHAtOebONVhprA,5.0,2013-05-13 05:22:45
juxg6P8AOq-ZCgoAJ3JUkg,cLxia5oKALmQ1HDWq0KPmw,5.0,2012-05-18 19:35:35
jwNAw2CkV9obmNq_u4bbQA,oBNrLz4EDhiscSlbOl8uAw,5.0,2021-04-19 18:56:02
jxF_DlVBewT4qA3MCNvygw,4UDm69SbXGjjlbVVy3GNcQ,2.0,2012-11-04 04:06:12
jxFnLAZ4FoJTLk0N0JlmXw,JSrab1rTrhBq0X80o6fPrQ,5.0,2019-04-06 00:01:58
jxac2pQOPQvYY32Zk-SM1Q,yypfHgPJw6V65cLTOZiPSQ,1.0,2014-04-27 15:52:45
jyXwAj5dBTpiRzi2UmKG8Q,Nvx2MceKWAtikcAxk_TBMg,1.0,2013-09-13 03:14:55
jyYFzL9JCJJfejd3lJ-vRg,dGUyXgFW1WSYMgRypKaYew,4.0,2013-07-16 20:22:36
jy_xw4Gw7IlK-OOfbEYmwg,FH0MVF7kK0D76Hh4e7hXfQ,4.0,2015-11-05 07:49:44
jzV56K7A_mx3y3Eh7YG26g,ij0k8CB6jbvtJCPQOLY1vA,5.0,2019-06-13 21:35:18
jzV56K7A_mx3y3Eh7YG26g,qynne35dp40BzXb5hroudA,5.0,2015-08-26 03:40:41
jzzfU-RLmj_00HOGi5Ky-w,Rxfduakoz7HkW8_1BH8ruw,4.0,2015-07-15 22:01:40
jzzfU-RLmj_00HOGi5Ky-w,oMhac-1d24apoRDQNxvKew,4.0,2014-12-06 03:42:46
jzzs4GYGNUfmMacy1Fvb3A,UxNB5QSIiLepKdMHeU0qig,1.0,2014-08-10 22:41:18
k-FkHoz4iUM4lcneoCEncw,HKS-63JzfR0DMNVLBuokYw,5.0,2015-05-18 20:36:39
k0TSAqHEXq4_VVqktViY3g,nYsNsyIppe_DTueBha1x9A,2.0,2015-04-08 14:45:31
k1D63h0MmUl6Pl6RF5wMQg,dGUyXgFW1WSYMgRypKaYew,4.0,2014-08-14 01:31:02
k2NxyG23-1f8Th_MxVG3Vg,BxqNxIOcaLjHzGa0m0foXQ,1.0,2017-07-30 01:54:56
k5OG939EXRG0aDBN-7_G1w,FEXhWNCMkv22qG04E83Qjg,5.0,2020-06-04 16:15:09
k5OG939EXRG0aDBN-7_G1w,SYffIaST3GI1FNXk9A_uwg,4.0,2020-03-31 13:34:03
k5OG939EXRG0aDBN-7_G1w,j8JOZvfeHEfUWq3gEz6ABQ,5.0,2020-03-17 20:47:44
k6AwCajLT06J6cwC3SqFcg,waWvlZPOgPkfSTsnCju4aA,5.0,2020-05-26 02:01:24
k7V66MrZgcnDfdbNz7S5tg,035gK3ASKDns-ojUSnV4IA,5.0,2021-08-23 01:40:03
k9-ixq5thOj-KQX8V8D75Q,4ADeBcc3O4zmTrp60H4O_A,4.0,2017-05-07 04:21:54
k9-ixq5thOj-KQX8V8D75Q,A6_LPH-NIunsga44vhPdbQ,4.0,2019-12-28 22:58:05
k9-ixq5thOj-KQX8V8D75Q,CTZEnTsW2JYN2NH1BCAaZw,5.0,2017-07-13 13:40:01
k9-ixq5thOj-KQX8V8D75Q,GczZuKVQtsWLUgchZW9L-A,5.0,2018-07-02 02:34:21
k9-ixq5thOj-KQX8V8D75Q,JXNr7z-uAT8n1yS6z77IHA,5.0,2017-07-27 10:34:29
k9-ixq5thOj-KQX8V8D75Q,QRzaTTTE7QrqjW2GOQIrtA,5.0,2018-12-26 13:06:55
k9-ixq5thOj-KQX8V8D75Q,V7dXBEowSa53mOVaDtnj_A,5.0,2017-10-10 16:21:02
k9-ixq5thOj-KQX8V8D75Q,XeeTJDWyvj6JSDxGgG4A6A,4.0,2021-07-06 02:27:16
k9-ixq5thOj-KQX8V8D75Q,Yv6HUVu7fRMnt_NtGdVQBw,5.0,2019-08-11 04:57:08
k9-ixq5thOj-KQX8V8D75Q,nAbese1E1H5TwZntoEyfzg,3.0,2017-06-17 03:22:22
k9-ixq5thOj-KQX8V8D75Q,pG3BViWKznBrEPlbV9wxPA,4.0,2019-07-29 04:00:03
k9-ixq5thOj-KQX8V8D75Q,s2OLYBa-s3crujHbzO3Wcg,5.0,2021-12-04 06:29:46
k9-ixq5thOj-KQX8V8D75Q,tLVnL8CqQYiMU6E_aayYog,5.0,2017-08-27 15:21:47
k9-ixq5thOj-KQX8V8D75Q,wzIN0IqcNOnUjwuzRoG9AA,5.0,2022-01-03 03:59:04
k9-ixq5thOj-KQX8V8D75Q,yktnwboMIQZkOvcZywktzA,5.0,2017-09-25 02:59:52
k9Mvnw4aglONCaS5cBKQnw,buK9hg-3CS7Ry7axXEFFOQ,5.0,2011-04-03 19:31:15
k9rIAkr_3QpFRlTgIXJAGw,0hIXH9jMdHov1VrLC8ujUg,5.0,2015-09-02 16:41:54
kA4HsAXSDiqBZrJa5zqLzQ,L5LLN0RafiV1Z9cddzvuCw,4.0,2015-07-07 17:59:54
kA528bHw7c2dwAmqvk63oA,NHb6QTrJOnyIj-Zd0fYzFg,5.0,2015-05-24 17:08:22
kA7sIBVKgWXVwWbpXsUHQg,1vi4P6rc2tj-VodBUe_jkg,4.0,2012-07-13 19:23:52
kA7sIBVKgWXVwWbpXsUHQg,31ADZa_GlIyAvvHTDrtdnw,1.0,2013-06-13 19:20:03
kA7sIBVKgWXVwWbpXsUHQg,EUkh0Qyf_Y4-B69w_z8n6Q,5.0,2014-04-26 14:11:09
kA7sIBVKgWXVwWbpXsUHQg,L5LLN0RafiV1Z9cddzvuCw,4.0,2014-09-08 02:34:28
kA7sIBVKgWXVwWbpXsUHQg,iTUOSsXRZcJxPkNrobrG_Q,5.0,2012-11-02 15:32:41
kA7sIBVKgWXVwWbpXsUHQg,zIUUlBoQOQqQLoi2ElcWAg,2.0,2017-05-16 03:46:25
kCIgy39IkJNIEYGHH-fbJg,6RBZfirnzE4NahJTn1UPNA,4.0,2013-04-29 06:40:18
kCIgy39IkJNIEYGHH-fbJg,ZmQHzv1pf0fbk-tm8lu0EA,4.0,2013-04-13 14:33:16
kDKH0fcQsquMKt-ErBQ97Q,lrWorn5HakUAu7jvHv20mA,5.0,2017-09-08 03:10:19
kDKH0fcQsquMKt-ErBQ97Q,sr-5EY6bmp4jINhea06MjA,3.0,2017-01-29 22:28:41
kEnBlbw4U0NzUtCEjYBfmQ,_NozEKb4y0jkC08DWU8ywA,4.0,2021-11-07 08:52:28
kEnBlbw4U0NzUtCEjYBfmQ,vSuBdRP57QxIvURlZV-6FA,4.0,2021-11-07 09:57:11
kFtpOzWygqAENd6oKrkefw,16tjKOvMw_nOgNViq2LwOQ,5.0,2020-05-12 17:06:46
kFtpOzWygqAENd6oKrkefw,EagkHaaC-kUozD3MPzbRIw,5.0,2015-10-29 15:52:08
kFtpOzWygqAENd6oKrkefw,FaY_9x8ZtsuHe5wS2iJM1Q,5.0,2015-11-12 16:49:52
kFtpOzWygqAENd6oKrkefw,GBTPC53ZrG1ZBY3DT8Mbcw,5.0,2015-10-20 15:59:16
kFtpOzWygqAENd6oKrkefw,PlaECqs3oPBRo47p85zkzw,4.0,2020-04-21 08:27:14
kFtpOzWygqAENd6oKrkefw,UV3QgpYgHO0GGTYPPr4v3g,4.0,2020-04-21 08:24:50
kFtpOzWygqAENd6oKrkefw,VVH6k9-ycttH3TV_lk5WfQ,5.0,2015-10-08 17:35:57
kFtpOzWygqAENd6oKrkefw,VaO-VW3e1kARkU9bP1E7Fw,5.0,2015-09-28 15:34:59
kGJg_kMhn1RjgqIJPJr_VA,v-wVkCLas3yapQ--sBSQ4Q,1.0,2016-08-23 17:57:17
kGbRvQ1iEQus_kJ_54RtZA,DX-i7boV3bLP5ktKU-FA-w,5.0,2019-12-02 00:16:06
kGefLtC5H7GCGXf694bNlQ,_UaTldka1sodVkg-pcNlZg,1.0,2018-07-26 04:51:22
kHXVdcTjjvM4__s54-pmqw,k1yDRDZ4QCvNW9Wm9-IOaA,4.0,2015-03-25 15:34:37
kHyV2RxqoZqOfl5Ebjg8ig,Cjwb7VQGP0u2eWYj1wnO3g,1.0,2016-06-18 06:19:00
kIADx0pgrTJNHUERMDOW0Q,pWuoHHu0LuVrD0HjadDygg,2.0,2019-05-07 13:47:58
kIUDNNr0lCzYZ5WjNjsRAQ,KHe6HAqmyioITwTvg9Bbcg,4.0,2015-10-18 20:30:42
kKuN_D2Z81TaXutP1hScDg,AW81jJyQA8264WcUT-4JzA,5.0,2021-07-08 11:48:37
kM0_VquUm-3q5MlWkEpiUw,lPx8jUBfK1K6u3UgowU5mg,1.0,2021-06-30 21:03:47
kNk75BwB6lkHqNvtHmRA9w,lSwPJt2ZPX03tEpfXE1BFw,5.0,2016-11-01 02:30:01
kO30XR2WeF6bla6dK1ZZLw,-cEFKAznWmI0cledNOIQ7w,5.0,2015-08-09 20:27:13
kO30XR2WeF6bla6dK1ZZLw,1Efjww8n7WtKtKTgDqjgdA,5.0,2017-11-08 14:39:32
kO30XR2WeF6bla6dK1ZZLw,Ou-_OQUNvBcaAoRU0XPtaQ,5.0,2015-01-04 01:15:29
kO30XR2WeF6bla6dK1ZZLw,uE40984_YDgVvPeRpFcCaQ,5.0,2016-02-15 00:09:26
kO7GrD1u9aSRUoCC5WBBJg,XqSLir6xs3I6ntf-xIQzrQ,1.0,2012-10-25 01:07:24
kPgNVSxXnhkyWBkqTcW45g,9kv9JpLhzkN3UeWZDrsmEA,5.0,2019-05-19 02:35:25
kPgNVSxXnhkyWBkqTcW45g,VVH6k9-ycttH3TV_lk5WfQ,5.0,2019-03-24 04:52:16
kPgNVSxXnhkyWBkqTcW45g,oBNrLz4EDhiscSlbOl8uAw,5.0,2016-05-30 21:57:27
kQX4IZc95PkbkMcS9UbYOQ,0O3FAdHUwqSwdue0CEW_jw,4.0,2018-05-14 12:19:37
kQX4IZc95PkbkMcS9UbYOQ,2MHNvEPEGxvBxZLXM5ESpg,4.0,2013-05-08 18:35:36
kQX4IZc95PkbkMcS9UbYOQ,TvbJq1a1Xto5w6t4zMUYHQ,5.0,2017-04-17 21:09:43
kQX4IZc95PkbkMcS9UbYOQ,joxy9N8aJv3_6h0aaYuTzA,4.0,2016-05-13 19:14:02
kQX4IZc95PkbkMcS9UbYOQ,rrNF0siUBVQOOgsFVfGpKA,4.0,2012-05-14 13:48:07
kQgmjLksME7DbDlP9SpInA,LAtPOWQ6fUvaU64Yp9hyIg,4.0,2020-11-22 21:04:58
kQgmjLksME7DbDlP9SpInA,M2ZrrqseHE5xssUrOL0Gtg,4.0,2020-10-22 17:14:38
kSD8S70NRNq5l2FmmM7oFQ,Cjwb7VQGP0u2eWYj1wnO3g,1.0,2008-03-12 03:45:30
kSmxx20mJC0Z6cTSNRTagA,mf0OyZ6DX2iKUFIV9TqFRQ,1.0,2013-04-21 14:25:21
kTpLsEWkkX7fRxZPToMsew,AubKobiTtnvsjM7NEMmMdQ,4.0,2019-02-11 03:49:25
kTpsjDUhl9BlRl0FVuNreA,1Efjww8n7WtKtKTgDqjgdA,4.0,2018-08-02 03:21:13
kTpsjDUhl9BlRl0FVuNreA,27TyycLr6a5ju7ROXAtbbA,4.0,2019-06-21 20:39:38
kTpsjDUhl9BlRl0FVuNreA,4rG4tJF2EC2CfYvBu_uqpQ,4.0,2019-03-14 04:19:25
kTpsjDUhl9BlRl0FVuNreA,6GXMHrB8u-3nq87zE1Av0w,3.0,2016-10-24 01:36:02
kTpsjDUhl9BlRl0FVuNreA,9PZxjhTIU7OgPIzuGi89Ew,4.0,2020-02-28 21:19:49
kTpsjDUhl9BlRl0FVuNreA,9kYR383I5IumdKEFTAsrxQ,2.0,2016-12-09 21:58:44
kTpsjDUhl9BlRl0FVuNreA,AAvoBxeUwDnD5ThE9Cz6Fg,3.0,2018-12-06 03:04:03
kTpsjDUhl9BlRl0FVuNreA,DOl21AqtT74dUZ3kvXNNcA,3.0,2018-03-12 01:16:08
kTpsjDUhl9BlRl0FVuNreA,Ea4G-2lAbodTM7FBaSO-tQ,3.0,2017-10-05 23:58:34
kTpsjDUhl9BlRl0FVuNreA,FFKLPxNOHF8xMV8jSVfO1g,5.0,2018-07-26 02:52:05
kTpsjDUhl9BlRl0FVuNreA,GCjQK5QQ1ZQWo-fUWoWsRQ,5.0,2021-04-27 19:43:37
kTpsjDUhl9BlRl0FVuNreA,GVZUe3iXg75_Zp9ZS91y9g,2.0,2019-08-01 03:11:24
kTpsjDUhl9BlRl0FVuNreA,IbndcMURguByburM72o3SA,5.0,2019-02-08 04:22:58
kTpsjDUhl9BlRl0FVuNreA,Iyopb5uFIBT_HOgp8ipSfw,5.0,2017-05-23 00:34:32
kTpsjDUhl9BlRl0FVuNreA,L0c6-mnkcV9fXLk0--dkWQ,3.0,2018-07-24 04:06:12
kTpsjDUhl9BlRl0FVuNreA,OHzX-ZD9qyoeoxR8Z0dlIA,2.0,2019-01-29 05:06:54
kTpsjDUhl9BlRl0FVuNreA,Ou-_OQUNvBcaAoRU0XPtaQ,4.0,2018-03-13 01:59:32
kTpsjDUhl9BlRl0FVuNreA,P4FbQGEWTp73MXjG1N-e_g,5.0,2020-02-04 21:27:22
kTpsjDUhl9BlRl0FVuNreA,Pocs24Rhnbqy1tZQm0j7Rw,3.0,2020-01-23 22:31:06
kTpsjDUhl9BlRl0FVuNreA,Q-prSTdggNlxAEFV88BZOw,4.0,2018-09-20 03:08:59
kTpsjDUhl9BlRl0FVuNreA,TjWKL-0U5AHZ7AQOsrP0Ew,3.0,2018-03-02 23:51:29
kTpsjDUhl9BlRl0FVuNreA,W-RVZSGas8B26O-kx5MD3A,4.0,2018-05-02 00:54:41
kTpsjDUhl9BlRl0FVuNreA,X-lGF6aL8RIO-3ROlxcZYA,4.0,2019-06-20 05:03:28
kTpsjDUhl9BlRl0FVuNreA,fOhnSqmO4XY5vSI8whVKSA,1.0,2016-08-09 22:09:58
kTpsjDUhl9BlRl0FVuNreA,fneeyCOYV5-oVeQP0TACog,5.0,2017-03-07 16:07:52
kTpsjDUhl9BlRl0FVuNreA,gdklkhsq4C7KANfnXaTlWg,4.0,2019-02-04 05:20:16
kTpsjDUhl9BlRl0FVuNreA,iCVrRHR_Yxr6mHCpObnE1g,2.0,2018-05-15 01:14:30
kTpsjDUhl9BlRl0FVuNreA,iUZEGx29miZObLd6_lt7Vg,4.0,2017-09-24 18:28:24
kTpsjDUhl9BlRl0FVuNreA,iegiacdW0vbAuKjb7FYFfg,4.0,2018-04-12 16:31:51
kTpsjDUhl9BlRl0FVuNreA,irXywqvfXj9maLLOBQMYvg,5.0,2017-08-14 18:16:03
kTpsjDUhl9BlRl0FVuNreA,j-qtdD55OLfSqfsWuQTDJg,5.0,2019-03-19 03:04:24
kTpsjDUhl9BlRl0FVuNreA,lKU_kljhbEQKIPaM1Zbqiw,5.0,2017-04-30 17:00:42
kTpsjDUhl9BlRl0FVuNreA,lWedWkinrM5j13pyimbpbA,4.0,2019-12-27 15:26:18
kTpsjDUhl9BlRl0FVuNreA,mf0OyZ6DX2iKUFIV9TqFRQ,5.0,2018-05-29 23:21:45
kTpsjDUhl9BlRl0FVuNreA,qYREpGOZQ_Xio8Vo-a0TmQ,4.0,2017-10-03 01:48:16
kTpsjDUhl9BlRl0FVuNreA,rgSHLh2Le0Un82FDxbq0mg,5.0,2017-01-22 20:55:19
kTpsjDUhl9BlRl0FVuNreA,uJZgom8HpK74xz8IojpT0A,3.0,2017-06-21 18:25:14
kTpsjDUhl9BlRl0FVuNreA,vXb4OWsjPoiBtmarfexj-g,3.0,2018-01-09 01:45:37
kTpsjDUhl9BlRl0FVuNreA,ye_Vi7HzzpMaGHRbzZdTSw,5.0,2021-04-15 16:56:43
kTpsjDUhl9BlRl0FVuNreA,ytynqOUb3hjKeJfRj5Tshw,5.0,2019-03-05 21:28:18
kTpsjDUhl9BlRl0FVuNreA,yuIhKvOjgDbYCkgw-j55sA,3.0,2018-07-03 01:31:24
kTpsjDUhl9BlRl0FVuNreA,zJoT9gFvGtZAhbdcIF4Xmw,1.0,2019-12-13 18:09:07
kUTRDczAcaRQ1XrSKkun7g,UWB_Oi9dkPwXfhYgFMnjsw,5.0,2016-06-04 22:19:26
kV3VREP4Kf25AgV04-oMEg,xmO9u_t1LspxV5iuF594Tg,5.0,2018-08-31 05:05:21
kVyOe_qIsGAlk0wo9n9_9g,KHe6HAqmyioITwTvg9Bbcg,4.0,2021-03-17 14:06:06
kWzBPnHAOAUMzw87jnvS5Q,fgTOJRkc703E4XRdcr5zRA,5.0,2015-01-13 23:26:53
kYNAdzk9ofmaZYmTciYxCA,X3jaJDlA5YqN1EZhV9KCkQ,5.0,2018-05-02 22:06:44
kYaIip824VPdTbUUd2M92Q,fgTOJRkc703E4XRdcr5zRA,5.0,2015-03-28 03:53:54
kYlL3EGY_YtiYjsoODBUpw,YSL06t6e2iKo4ZHZnCZIxw,1.0,2009-04-06 12:47:04
kYsFy1teRPknB_fJvOyw8Q,Mf1sUtl_KcQqfSUM-8iwfQ,4.0,2013-10-02 03:11:08
kZS93CWlO0D41iNhFGj9Eg,Q-4tY-IVxZCB6ot3x068zQ,1.0,2015-02-02 15:24:19
k_biLQDibaNRXxo5l_CBYg,HpmsY3JJ4gIuS8EiVHwMJw,4.0,2013-12-20 01:35:43
k_biLQDibaNRXxo5l_CBYg,UjQnH-pElJZ9jD51vOt5Rw,5.0,2014-01-23 22:04:08
k_biLQDibaNRXxo5l_CBYg,V5wqGto1Lyv_CUdoRsfCwA,4.0,2014-02-10 20:01:14
k_biLQDibaNRXxo5l_CBYg,WSx9-iYYyST_umny9sJBFg,4.0,2014-03-13 00:09:13
kaHmTcEoVS3oQvfJfDe8kg,SwBhaxfQPbyhsi0QHUAN0A,3.0,2011-07-19 21:47:51
kaHmTcEoVS3oQvfJfDe8kg,ptJnKvMCb8AjPhKsUWATLQ,5.0,2011-05-09 08:34:08
kaMAll_QWMweNsgA4Z0cug,_H30_Y_YcQQ7kbix9a1KfQ,1.0,2015-12-09 01:29:55
keBv05MsMFBd0Hu98vXThQ,dYYkzkiAQoOtRjdR0kcspw,5.0,2019-04-10 20:18:21
kf3WguhNV6zMOwD8LD3jmQ,hjhJcg-0c-YDAU-OmKbJ7Q,2.0,2015-11-27 13:41:03
kfAs5S1XGtZZyO0QCuXD_g,2SVykxI_KVFiHQYpLfmU3g,4.0,2018-01-14 07:00:11
kfAs5S1XGtZZyO0QCuXD_g,2bXm0SynOfxDzfrdrCyXqg,4.0,2017-08-07 00:38:24
kfAs5S1XGtZZyO0QCuXD_g,3tf6oHkhN22mqFNMSPsZlQ,5.0,2018-03-11 04:02:55
kfAs5S1XGtZZyO0QCuXD_g,A_AEG20YPuVW7Ao7gkHicg,5.0,2018-07-17 21:11:39
kfAs5S1XGtZZyO0QCuXD_g,AlGLC5_f_9YvcTMr5GEopQ,4.0,2018-03-07 05:43:28
kfAs5S1XGtZZyO0QCuXD_g,BN-t1ClpbFyJ5vOhJUrmQw,4.0,2018-07-17 20:51:22
kfAs5S1XGtZZyO0QCuXD_g,BTPo7yWQ7xFOkoh7V9wDTA,4.0,2017-08-26 04:48:06
kfAs5S1XGtZZyO0QCuXD_g,GmXC3CBu172Bkb0c6RnO7w,5.0,2019-02-10 20:56:32
kfAs5S1XGtZZyO0QCuXD_g,I2YZuyG1KjiTbtwfNFHaOQ,4.0,2019-02-09 19:23:29
kfAs5S1XGtZZyO0QCuXD_g,IiJ744MOUKmRYAgNFkcs0g,1.0,2019-05-28 03:35:44
kfAs5S1XGtZZyO0QCuXD_g,NMcKC_0n7nNDkhi_mgopzw,5.0,2018-04-06 05:09:01
kfAs5S1XGtZZyO0QCuXD_g,Ojo9FRfQ5Ruuv35RK2D1AQ,5.0,2017-08-21 03:19:27
kfAs5S1XGtZZyO0QCuXD_g,bW7NaKBJQ1MPzwyPLODpdg,4.0,2018-07-16 08:19:11
kfAs5S1XGtZZyO0QCuXD_g,eFwFIh7olBwMHQ6ByoRH-Q,5.0,2017-11-22 03:31:30
kfAs5S1XGtZZyO0QCuXD_g,l6cY2ndR-6GmqhVeuA0VgQ,5.0,2018-06-04 01:29:30
kfAs5S1XGtZZyO0QCuXD_g,pOhfM0OlLdG-XcKaGk-LYg,4.0,2018-05-30 05:11:50
kfkam3BDNPjML-DvzumwFw,9ruUYAz35q6mgUpxb5zZhg,1.0,2015-01-29 15:57:09
kgKl_TSwiCJ3iX-g2VP0MQ,6Aa0t9YWJNknGP9tHWmG5Q,5.0,2015-07-06 22:34:17
kgekOZSsOhjtviiRkqnGxg,ckF4SrqKfSm8ndr88on1dA,1.0,2011-03-10 19:29:25
kjaUSiRWhR9bF9KxOMbVvg,0M1l6p96IffjQi9EZsdVhw,4.0,2020-02-12 18:36:12
kjaUSiRWhR9bF9KxOMbVvg,3wogQmKw729tKKWaVbZvbg,3.0,2019-02-05 17:07:45
kjaUSiRWhR9bF9KxOMbVvg,FEXhWNCMkv22qG04E83Qjg,5.0,2020-02-12 20:43:16
kjaUSiRWhR9bF9KxOMbVvg,GXFMD0Z4jEVZBCsbPf4CTQ,5.0,2020-06-15 21:39:58
kjaUSiRWhR9bF9KxOMbVvg,MIKYzWkBnbo3YUhqZUWlEw,5.0,2019-02-07 10:40:46
kjaUSiRWhR9bF9KxOMbVvg,qwmlqH4blnTNTFDhUaCBXw,4.0,2018-11-20 15:12:57
kjeX2RXvW7RhBbD2QLd5jA,tV46IhCfHbsx_af-pMupiw,5.0,2016-02-02 18:55:05
kk7VOrrhVjy8j3Gwm48v5g,KHe6HAqmyioITwTvg9Bbcg,5.0,2014-05-15 23:30:39
kkP__KQa4CN03ahxOS40PQ,dgyKoIYEYrmRK_hktWBZdA,2.0,2020-02-09 23:11:20
kkWq6qF3o7qhnND8OqW14g,H-Qs8I6_eJCCbKl-LIVWTA,5.0,2019-11-06 23:07:14
kkWq6qF3o7qhnND8OqW14g,TDKBPcViJQDMrdUm6a9XZA,5.0,2021-05-17 23:48:05
kkWq6qF3o7qhnND8OqW14g,uihNp1cyWmHkma4U0MJHow,5.0,2020-10-01 20:28:07
kkaWSsIDLsKzHOl1UpD2tg,_4bhVmlvT9dvqydQG2TOMA,5.0,2016-12-24 04:54:35
kly6ZETJqytpN7RygetCOw,_nqrmx5xKLQyrbmjhwiiuA,5.0,2013-04-04 19:21:32
kmo2-gxJkZjsTDOMXONjRQ,-jkc-0YYvwkBaNnNyiUHNg,5.0,2016-11-29 00:06:32
kmo2-gxJkZjsTDOMXONjRQ,15BlJKQfD-SLJTebWa14EQ,5.0,2016-03-30 20:44:04
kmo2-gxJkZjsTDOMXONjRQ,QCsVilspu6TxuwZMUTabFQ,5.0,2017-03-27 16:21:15
kmo2-gxJkZjsTDOMXONjRQ,SG7g4cJFjgWtODi28W4eaw,5.0,2019-04-01 21:04:02
kmo2-gxJkZjsTDOMXONjRQ,vetEEi-77Mlik9SogwlcFg,5.0,2015-12-02 05:03:01
knFwHcdFmxOHcHUY8IOoUw,1jeaxiZOisgDMxHR2K088g,4.0,2021-05-16 04:09:43
knFwHcdFmxOHcHUY8IOoUw,2KIDQyTh-HzLxOUEDqtDBg,5.0,2021-05-19 02:25:38
knFwHcdFmxOHcHUY8IOoUw,8MzF1Tlgz0pOkxmhP5dYzA,4.0,2021-05-16 17:35:24
knFwHcdFmxOHcHUY8IOoUw,EagkHaaC-kUozD3MPzbRIw,1.0,2017-01-21 17:37:15
knFwHcdFmxOHcHUY8IOoUw,JvawJ9bSr22xn4R9oLvl_w,1.0,2017-05-22 05:43:26
knFwHcdFmxOHcHUY8IOoUw,RA5E6BDiAzgSmsxdc1A4tw,3.0,2016-11-12 15:50:54
knFwHcdFmxOHcHUY8IOoUw,VVH6k9-ycttH3TV_lk5WfQ,2.0,2017-05-12 13:40:41
knyL5Q53vbgGmEBQLPLxVQ,ZK7aU8GBJwXhVcyCGeL1iQ,5.0,2011-01-18 19:57:32
knyL5Q53vbgGmEBQLPLxVQ,hzXAxu35F32Ob9uVCh-dIQ,4.0,2013-07-02 17:19:41
ko4ajOQx6lTbua7lZdvb9Q,KHe6HAqmyioITwTvg9Bbcg,5.0,2011-09-07 23:16:15
kps6ZqHmZ0_Soi652MT9Qw,6h7C53qLfwM7v3zKRqG0yA,5.0,2012-10-21 20:40:13
kqgRmXbU82Cy42QITiMG4w,Cjwb7VQGP0u2eWYj1wnO3g,1.0,2015-07-13 21:00:19
kt8CbpWq43U-GuCI0e-ZXA,IGrnxa9v6C1mTwWMjt3_9w,5.0,2013-08-08 02:59:28
ktUxDtUAtoc3fgCopW9LLw,4R2KR_-FybS7oegGrXjHVg,5.0,2019-07-14 09:16:29
ktUxDtUAtoc3fgCopW9LLw,HPqTJ_yF2ZJw87yHWnSzSg,5.0,2019-07-18 07:14:49
ktUxDtUAtoc3fgCopW9LLw,PP3BBaVxZLcJU54uP_wL6Q,4.0,2019-07-20 23:22:22
kt_-CReZcurymrzg2N5HlA,WO-ofNAvSuJpdRt9Auon6w,5.0,2020-12-13 05:57:19
kulP4rgLtL6FGAOtOgh9pw,GmXC3CBu172Bkb0c6RnO7w,4.0,2016-08-09 20:18:34
kulP4rgLtL6FGAOtOgh9pw,eCikDKFbaeYVNdCD2beX0Q,5.0,2017-10-01 22:32:02
kwcZaFdfZlGiFfeDxvuyNw,Rf0DVg3MyX-MWokFZuaftA,2.0,2018-06-29 03:49:08
kwoAXkYasIs8YxsOnTXWlw,z67ktHxCJ3-Ebs3zooegSg,1.0,2014-07-09 01:38:30
kxRqfy-uHUDBUnAaNRl4fA,rVfe1LHo55A2fworkm_jVw,5.0,2017-12-22 16:10:00
kx_sbJbnnIcT0lxmX2q-dA,QMLHno9jjx7BRizSmogyPw,1.0,2016-08-20 01:18:25
kxb4MsZiATsxKYfX95xygw,VSjoo6kJ9MU4G0cfO_-CRA,5.0,2021-05-04 10:45:46
kyI_3H0gY_HQ9Qv6ouzt8A,F_p-pLonAAzzOSnTLdJMtw,2.0,2014-07-21 00:20:33
kzDzdbPupHiglDzs9HD0vA,V6Om7YZhlRQRU7WfuxHq8Q,3.0,2017-04-10 14:28:54
kzDzdbPupHiglDzs9HD0vA,aNNCjIDnTxn3YXRa4SnzYA,4.0,2017-05-24 20:17:22
kzDzdbPupHiglDzs9HD0vA,eJaeTZlIdM3HWCq__Ve4Wg,4.0,2017-03-24 14:36:39
kzExLqulSFnd5iBXWyxewQ,L1sWL793cmy_AFcMRzB4GQ,1.0,2013-07-16 17:40:59
kzRq4H_nSf4b3F_sdymWSw,ytynqOUb3hjKeJfRj5Tshw,5.0,2016-05-10 17:19:03
l-tDF960t9BakjyH34XfTA,dEMsUFNB4ckBFdB90jKLEA,2.0,2016-03-19 15:02:49
l-w6bix2rA4TZJ4ahuwEsw,tUkv0ZxUAdpyv8qhgRU5TA,1.0,2015-10-13 17:02:37
l2JpmmYO-5OXSYehBvTfcQ,8cjw0td9VVUmhQTLpeFgRA,4.0,2019-06-28 11:13:23
l2JpmmYO-5OXSYehBvTfcQ,ZslqrrUvqh7gzSPSShgmDA,5.0,2018-04-22 01:00:09
l2JpmmYO-5OXSYehBvTfcQ,eirHDiyhPn2YSo08G1tt6g,5.0,2021-04-18 16:57:22
l2Wnf9sde21rxfBvzDlaug,6_OAIFxSk3YjNdRJv59Saw,5.0,2021-05-31 21:55:18
l38MZfugtTB-ysHAcsnZqA,b5hxsRw76UUXcotxlCipuQ,2.0,2019-05-19 22:29:06
l3S1srqK1CvjB_S4r-ZBeg,PGd06nrseC2YAIqP6S9gUA,3.0,2017-11-02 18:21:16
l4MgSKyrVA1UYKExf6RFtg,Rzx2E5XgTeGU7FEbUZ-bGg,1.0,2014-08-28 18:13:18
l4RGP_UhU1u7loxWm5pU7w,tUkv0ZxUAdpyv8qhgRU5TA,2.0,2014-07-31 05:17:38
l67r9oqg0pJ57PGhxa-bcg,tARGnkAmgliIesQLh8tpBw,1.0,2014-05-23 21:45:04
l88Y9hb1f-4_ioRogu-9sw,bN5qlSW0Z31uYDkrasFWDw,4.0,2015-06-22 16:19:22
l8yHU8L6CcIKtb3vshufaA,znx1v_c2IPKOXlYAbqFYvg,4.0,2010-01-10 06:02:37
l94QtzzNwvGIDCcBKXjkkg,pWuoHHu0LuVrD0HjadDygg,1.0,2016-10-02 21:06:20
lABhRt6E1lAvG68kqQZMow,FYhsm9Efvw8lw7zAOIDUbg,4.0,2014-01-04 02:21:36
lAW03ccfMEuRZiDqvVgc0w,JIpEYwaAM2XO1s8KHF5-EA,4.0,2015-04-10 13:52:09
lBaQe7oGPqZoJATZC2UqYA,kldw3rf8_T6J2LxsetQ5UA,1.0,2012-09-27 10:04:26
lBd2PMaBPdpRbUQEh1hHSg,8kUh6TROemLfbVR_ewVVLg,5.0,2021-10-09 12:15:56
lBd2PMaBPdpRbUQEh1hHSg,Dv6RfXLYe1atjgz3Xf4GGw,5.0,2021-11-20 13:48:32
lBd2PMaBPdpRbUQEh1hHSg,iUZEGx29miZObLd6_lt7Vg,3.0,2021-08-15 19:01:21
lBd2PMaBPdpRbUQEh1hHSg,irXywqvfXj9maLLOBQMYvg,4.0,2021-11-05 16:36:47
lBd2PMaBPdpRbUQEh1hHSg,lKU_kljhbEQKIPaM1Zbqiw,4.0,2021-08-31 02:37:46
lBd2PMaBPdpRbUQEh1hHSg,sTPueJEwcRDj7ZJmG7okYA,3.0,2021-08-24 15:21:00
lBwCXMmeXL7hiIPyQ55OiQ,BPB9Tnq7peZo8MHf_egrBA,5.0,2015-10-11 00:23:56
lCCE9bD5Z833Wm0q-TEMHw,_nqrmx5xKLQyrbmjhwiiuA,4.0,2012-01-07 18:12:33
lDKbTlZqjIn2gn490gU2HQ,U3grYFIeu6RgAAQgdriHww,4.0,2015-08-25 00:02:01
lDKbTlZqjIn2gn490gU2HQ,VgAKmXE8B7J0I_O_R13UKQ,4.0,2015-08-24 23:53:30
lDn4SuiLhppHLtxh-YsjWw,pFoS41r45N2VL0sHIGdJ-g,1.0,2016-02-15 15:37:35
lEAs-y7lOJyvXz7QKrzjMg,y7pKM3eFDZ9eRchC6SNMsA,4.0,2017-07-14 22:25:10
lEeZ2ZYjg3E7Sg6CUGEe0w,yGH9V9WTNGSZ6AHOW3kH-w,5.0,2015-08-04 20:37:42
lFCSTLOE1r5RhlqZcfyJIA,VNvJuCTMdGBj4lwC0L1Ghg,2.0,2013-06-23 03:48:30
lGBvmBDeIooqcrMwp1a1yg,t7pZrv7LaqTQ71Iq6NerCQ,5.0,2017-03-25 03:32:14
lGpMQT0jgCLRNHBTSAL-IA,xuYPogbBSHAtOebONVhprA,2.0,2012-04-28 19:23:26
lJZynXTnT3ZzsETUs3zo5A,JWqbjm0wtbbciu_Gb6Eqyw,4.0,2012-07-17 03:22:56
lK7bEhOIdnQWWSvopiBW2g,8iMubtt1hTafu5YhEzvZVg,5.0,2021-06-02 14:38:39
lL36Nw7QWy_-Qkd_6TWZRg,Esf3-D_44pArPd9GqysoCg,1.0,2017-02-19 21:41:55
lMLPQoeBq77bYxFvvcgvZA,15BlJKQfD-SLJTebWa14EQ,5.0,2016-04-30 04:37:29
lMLPQoeBq77bYxFvvcgvZA,8gY3LGFUMIQubovGbSd7Nw,5.0,2018-04-20 04:43:53
lMLPQoeBq77bYxFvvcgvZA,mcr1lAEdvGLMJhuPwI3I2A,3.0,2017-08-07 23:59:02
lMLPQoeBq77bYxFvvcgvZA,offiWjhY-INp-m6dEGi80g,4.0,2021-01-30 00:14:32
lMLPQoeBq77bYxFvvcgvZA,uLg0FaTWN2mr3_rrcnoqTw,4.0,2017-08-16 04:06:52
lMLPQoeBq77bYxFvvcgvZA,wl7rFbvRUstwyB2vRDW6IQ,5.0,2014-05-29 01:31:19
lMY8NBPyzlPbbu-KBYfD9A,-W0tnXYJ4WuxLjzmbwlVAQ,4.0,2016-04-22 22:23:03
lMY8NBPyzlPbbu-KBYfD9A,-mDAFyX5kZHXhxjELeMhiQ,5.0,2016-04-12 19:42:56
lMY8NBPyzlPbbu-KBYfD9A,-rCB_kCW-u84S-CQir-lng,5.0,2016-03-16 20:16:35
lMY8NBPyzlPbbu-KBYfD9A,0MhxvTys2ADYa3sOO91ldQ,5.0,2020-12-28 02:29:44
lMY8NBPyzlPbbu-KBYfD9A,0QYWhij_YZ7Lyk9F6213Sg,4.0,2016-06-30 20:48:14
lMY8NBPyzlPbbu-KBYfD9A,13oEDtCHrOvbhsHzno2Vvw,5.0,2016-01-07 00:12:39
lMY8NBPyzlPbbu-KBYfD9A,1Ly-Njk6U0kEq3TFnCgeWw,3.0,2015-07-21 18:48:27
lMY8NBPyzlPbbu-KBYfD9A,2EWsaJdeedx_-my5fYEg9A,4.0,2016-10-18 23:45:59
lMY8NBPyzlPbbu-KBYfD9A,2coic7DZlnlqVhblbEOpIA,3.0,2017-02-19 17:24:29
lMY8NBPyzlPbbu-KBYfD9A,3XXt0s_SDC9SyFTiIPNSgA,4.0,2017-01-02 17:38:24
lMY8NBPyzlPbbu-KBYfD9A,3XirYkP9PJvVXIEDPNNXLA,5.0,2015-09-22 17:33:05
lMY8NBPyzlPbbu-KBYfD9A,3zI7Ka2_ZsKh4UwbSFnXdw,5.0,2015-08-11 02:58:50
lMY8NBPyzlPbbu-KBYfD9A,4ZNCc1GzJZkS7XI1c9rCMA,1.0,2016-05-30 22:10:57
lMY8NBPyzlPbbu-KBYfD9A,4uZUHjSonatwt-02yqJp6w,5.0,2015-08-23 13:43:02
lMY8NBPyzlPbbu-KBYfD9A,5UyyV-cdNsXWz1V-xyIW6w,5.0,2016-04-05 13:53:53
lMY8NBPyzlPbbu-KBYfD9A,7qMmN_FB0JJ-8MPNfHwhsA,2.0,2016-05-23 22:54:59
lMY8NBPyzlPbbu-KBYfD9A,8I1qe6MUtnS3_MfMIPVIXw,2.0,2017-06-19 22:19:00
lMY8NBPyzlPbbu-KBYfD9A,8uF-bhJFgT4Tn6DTb27viA,5.0,2016-01-20 03:37:51
lMY8NBPyzlPbbu-KBYfD9A,8vwdDagJc8bJR0ZojFGZxw,3.0,2015-08-08 22:34:26
lMY8NBPyzlPbbu-KBYfD9A,95Ovc1lSnOQwSrjIFhpYrA,4.0,2015-08-07 15:24:01
lMY8NBPyzlPbbu-KBYfD9A,95r3jAJRn10e9aB5I_NlPg,3.0,2018-11-22 19:10:37
lMY8NBPyzlPbbu-KBYfD9A,9GdGe93oLy8MTtmEsfmgEg,4.0,2015-08-18 14:37:22
lMY8NBPyzlPbbu-KBYfD9A,9qXZSFq9vPdX4F6kGjXC-g,4.0,2015-09-27 19:59:58
lMY8NBPyzlPbbu-KBYfD9A,A5b9nVDi1DPVvPOD24-p6w,5.0,2016-02-12 20:50:28
lMY8NBPyzlPbbu-KBYfD9A,AhptHEV4nFleCv4yOwp6fg,4.0,2015-12-13 14:13:02
lMY8NBPyzlPbbu-KBYfD9A,AtQLrRpQan7UtJcIAo9hsA,3.0,2021-11-15 02:34:56
lMY8NBPyzlPbbu-KBYfD9A,BATrNfVKnNCQ2qAcod83Sw,5.0,2021-02-23 01:53:59
lMY8NBPyzlPbbu-KBYfD9A,C6KP0hSutumHzLDCFyjvJQ,5.0,2018-02-08 01:25:55
lMY8NBPyzlPbbu-KBYfD9A,CW-wbGD-RNoxYTRqSIXojg,2.0,2015-08-21 23:41:10
lMY8NBPyzlPbbu-KBYfD9A,ChlcxTEoWBQJXJ2Xb2vm5g,5.0,2016-01-23 00:12:42
lMY8NBPyzlPbbu-KBYfD9A,EagkHaaC-kUozD3MPzbRIw,5.0,2016-01-21 13:04:03
lMY8NBPyzlPbbu-KBYfD9A,F-j6PNGnA8yz77oIZMcPMA,4.0,2017-01-21 14:42:57
lMY8NBPyzlPbbu-KBYfD9A,F0Q9o6yuYh8f0DYl1RFjxQ,3.0,2016-02-24 15:44:04
lMY8NBPyzlPbbu-KBYfD9A,FpwmIq3Gpo6hGIrOOv8lTw,3.0,2014-07-12 16:22:22
lMY8NBPyzlPbbu-KBYfD9A,Fx_yFwHlHboVTTj-4NJQyg,5.0,2018-03-07 05:10:38
lMY8NBPyzlPbbu-KBYfD9A,GBTPC53ZrG1ZBY3DT8Mbcw,5.0,2016-01-19 21:34:15
lMY8NBPyzlPbbu-KBYfD9A,GoGss2SqsUPwP0xcI9IUuw,4.0,2016-01-11 23:39:13
lMY8NBPyzlPbbu-KBYfD9A,KdAWjL9MKjpJzEeI902qBA,4.0,2017-09-30 17:06:40
lMY8NBPyzlPbbu-KBYfD9A,L4mb344-MC_M4rX8weA3WA,3.0,2015-07-27 02:16:37
lMY8NBPyzlPbbu-KBYfD9A,L9sNYgV-TKTQdkaeEZBqEg,4.0,2016-04-19 19:57:54
lMY8NBPyzlPbbu-KBYfD9A,LGYIhGqbYakMMdsn_GCzJg,5.0,2015-08-26 15:49:23
lMY8NBPyzlPbbu-KBYfD9A,LP6gCDg5h7NpD2ZSAUBgew,5.0,2015-08-03 18:50:06
lMY8NBPyzlPbbu-KBYfD9A,L_P-FSan8ln6Kiybel7Yrw,4.0,2016-01-18 14:54:56
lMY8NBPyzlPbbu-KBYfD9A,Lpu3T_L9TGSv3BJBqoClvw,2.0,2020-03-27 22:38:12
lMY8NBPyzlPbbu-KBYfD9A,Mgaxy0pJAlhAjdNivhu82A,4.0,2019-08-29 00:53:44
lMY8NBPyzlPbbu-KBYfD9A,Mr7Aov2n7wPCpwaUxk8lCw,4.0,2015-09-27 14:50:56
lMY8NBPyzlPbbu-KBYfD9A,MuKoTR56s6elHEI2wUkgJA,4.0,2017-11-10 01:56:10
lMY8NBPyzlPbbu-KBYfD9A,NgMJ4gseQr-CxZt01eDIBA,4.0,2015-11-09 16:44:01
lMY8NBPyzlPbbu-KBYfD9A,Nvx2MceKWAtikcAxk_TBMg,4.0,2015-08-08 15:28:58
lMY8NBPyzlPbbu-KBYfD9A,O93AIQy9P4YTYDlRl5rRUw,5.0,2017-02-02 01:17:57
lMY8NBPyzlPbbu-KBYfD9A,OINbC0rpDVJ5bfxt3LO9fw,4.0,2016-01-11 12:20:29
lMY8NBPyzlPbbu-KBYfD9A,Q6BQcgabriKd5wPxvzOIWg,5.0,2016-02-27 00:17:43
lMY8NBPyzlPbbu-KBYfD9A,QBvj3FvJbYJRa9xWb6DyQA,4.0,2017-12-13 14:54:53
lMY8NBPyzlPbbu-KBYfD9A,QV7QOLww8ym3E2zBgdE2Ow,3.0,2017-04-04 05:21:19
lMY8NBPyzlPbbu-KBYfD9A,QqvMMaeNJqaEJihkhdYiAQ,4.0,2017-03-01 22:53:54
lMY8NBPyzlPbbu-KBYfD9A,S6tR7vBAg-3b9mGLB13-Ug,5.0,2019-05-22 03:43:49
lMY8NBPyzlPbbu-KBYfD9A,UM6XgOtTX4DWWcGDTWtjEg,5.0,2016-03-25 01:42:25
lMY8NBPyzlPbbu-KBYfD9A,UNtta3w643ZWsJ7JDxhC9g,5.0,2015-09-25 01:43:33
lMY8NBPyzlPbbu-KBYfD9A,VNvJuCTMdGBj4lwC0L1Ghg,5.0,2020-01-17 02:22:02
lMY8NBPyzlPbbu-KBYfD9A,VSTZS_Rd_R6NFBwjRVPlJA,5.0,2015-08-03 18:29:07
lMY8NBPyzlPbbu-KBYfD9A,VcamrM5awvkJrvkBgUNaIw,5.0,2019-12-07 18:27:29
lMY8NBPyzlPbbu-KBYfD9A,YT1oM3AlNSCjzKvbH8MPWA,4.0,2019-01-31 21:25:26
lMY8NBPyzlPbbu-KBYfD9A,Z4PF4EtM12L7nwOHZHFJNA,2.0,2017-07-12 14:33:29
lMY8NBPyzlPbbu-KBYfD9A,_4bhVmlvT9dvqydQG2TOMA,5.0,2016-04-14 01:40:51
lMY8NBPyzlPbbu-KBYfD9A,_5rx2qVN9rkiohyzfdlo0A,2.0,2015-06-22 02:09:07
lMY8NBPyzlPbbu-KBYfD9A,aI3B47Y_AUYFP5K5JAYrlA,5.0,2018-08-06 14:30:54
lMY8NBPyzlPbbu-KBYfD9A,ay9zMsFHhwD483o8Zwdc_A,5.0,2015-12-01 04:38:11
lMY8NBPyzlPbbu-KBYfD9A,b2FwlYZiMKEB95fFhLEqWw,4.0,2016-04-08 16:00:48
lMY8NBPyzlPbbu-KBYfD9A,bIO97JjDA9FgS4IPlKC2jA,5.0,2015-07-27 02:28:37
lMY8NBPyzlPbbu-KBYfD9A,bU3Z7IiLY0-6sswo8WXeKQ,4.0,2017-04-09 12:43:05
lMY8NBPyzlPbbu-KBYfD9A,bdth7r1brx9yRU7sYwF9jQ,4.0,2015-08-02 18:45:38
lMY8NBPyzlPbbu-KBYfD9A,bjj7HIgdC04IhctuMMIF1A,5.0,2020-08-05 23:23:36
lMY8NBPyzlPbbu-KBYfD9A,bqR_3sT_rNp0hZglPtX6rw,5.0,2019-12-08 02:06:13
lMY8NBPyzlPbbu-KBYfD9A,cFk2SMsJ-2cmXKLFFkP9JA,5.0,2017-01-29 04:21:57
lMY8NBPyzlPbbu-KBYfD9A,cQIh4YJlVtZI9TLF5_smOg,2.0,2016-08-02 20:54:36
lMY8NBPyzlPbbu-KBYfD9A,d25F64cGmUUlr3z7KytQeQ,3.0,2016-02-22 02:39:16
lMY8NBPyzlPbbu-KBYfD9A,d3dw3YihB3WuU1Sb_i74-w,5.0,2018-12-06 16:16:07
lMY8NBPyzlPbbu-KBYfD9A,fC03dk7N8XV-RzGh0UJgmA,5.0,2015-08-27 22:09:58
lMY8NBPyzlPbbu-KBYfD9A,fi264Jd5ThtqP-QIgzzong,3.0,2016-01-02 22:53:07
lMY8NBPyzlPbbu-KBYfD9A,g04aAvgol7IW8buqSbT4xA,5.0,2016-01-13 14:22:34
lMY8NBPyzlPbbu-KBYfD9A,gsyyVQmvT9A2nAgUi7VUag,5.0,2017-11-09 19:42:36
lMY8NBPyzlPbbu-KBYfD9A,hRHhP3fhMy3LktPyQa3s_A,3.0,2016-01-06 00:09:03
lMY8NBPyzlPbbu-KBYfD9A,hbs43HZRB1nwMzMtiT9lsQ,5.0,2017-05-20 01:49:11
lMY8NBPyzlPbbu-KBYfD9A,iESLDNx67PpLDnMFR8eDPw,4.0,2018-05-12 03:27:03
lMY8NBPyzlPbbu-KBYfD9A,j3E_vGw47XpiEgTr-KiJUg,5.0,2016-01-09 00:50:03
lMY8NBPyzlPbbu-KBYfD9A,kjX7I5bywXku18py-chn9Q,4.0,2016-12-25 15:21:18
lMY8NBPyzlPbbu-KBYfD9A,o62Bm9NyZ20u8EHuhRPB4g,5.0,2020-08-11 02:48:55
lMY8NBPyzlPbbu-KBYfD9A,oHvEgLH6pAkcrPmeR1l3UQ,3.0,2016-03-25 19:46:15
lMY8NBPyzlPbbu-KBYfD9A,oUgmm76-UCd5N0z4xwDOYw,5.0,2015-12-28 02:58:03
lMY8NBPyzlPbbu-KBYfD9A,onoy4oiOSB-YhAGy1KCJ0A,5.0,2016-02-10 19:15:45
lMY8NBPyzlPbbu-KBYfD9A,pG5hLBK49Oz2TLX2qY6UQw,4.0,2020-12-20 22:31:43
lMY8NBPyzlPbbu-KBYfD9A,p_6THXiGLViyxYnOY8BzZQ,4.0,2015-11-23 13:16:36
lMY8NBPyzlPbbu-KBYfD9A,rBdG_23USc7DletfZ11xGA,3.0,2015-08-26 14:53:49
lMY8NBPyzlPbbu-KBYfD9A,rQyJXOiZ39eRJ2l9OMpw-g,2.0,2017-04-08 14:55:08
lMY8NBPyzlPbbu-KBYfD9A,sHwNZLuLZvlVBX17b7RgTw,5.0,2021-07-28 00:19:15
lMY8NBPyzlPbbu-KBYfD9A,tLVnL8CqQYiMU6E_aayYog,5.0,2017-12-03 14:54:59
lMY8NBPyzlPbbu-KBYfD9A,tWJ3DwufXIKdlLTEw7K96g,5.0,2018-09-12 00:56:12
lMY8NBPyzlPbbu-KBYfD9A,vWjME92WddneF98IqzaNfQ,1.0,2015-08-08 01:52:32
lMY8NBPyzlPbbu-KBYfD9A,wD85uEvLs1ST-J2r_xUI_A,4.0,2015-08-03 18:51:48
lMY8NBPyzlPbbu-KBYfD9A,wMWRpzjKgwIef2yJ41RCGw,3.0,2015-08-26 00:52:51
lMY8NBPyzlPbbu-KBYfD9A,ww3YJXu5c18aGZXWmm00qg,5.0,2017-10-25 13:26:08
lMY8NBPyzlPbbu-KBYfD9A,xqrlUnrLo1t9UP38S02qeg,5.0,2016-04-12 22:54:04
lMY8NBPyzlPbbu-KBYfD9A,yGFkdrYdndizAPymvyq2WQ,5.0,2015-08-21 18:38:04
lMY8NBPyzlPbbu-KBYfD9A,yoS-4wkVn6StLiK3RL1bSw,5.0,2021-06-06 03:10:46
lMY8NBPyzlPbbu-KBYfD9A,zM73Lntxy3Qgpm_jWmmTzw,4.0,2015-10-04 19:14:36
lMl3gDOuKT7hmlkwJ8it5A,eqie9blpl8t2vBGQc7D4ig,5.0,2015-05-28 17:23:00
lN6qi8PrJMP-3IGroPDjPw,rDh6j39BYX4IL9RSZDGs2A,1.0,2014-12-16 03:22:09
lNE27mkxkzt5GcFi2cBU4A,Cjwb7VQGP0u2eWYj1wnO3g,1.0,2008-12-15 05:15:53
lNV-iimMUDq78PN9-PVUJQ,_UaTldka1sodVkg-pcNlZg,1.0,2018-09-01 15:29:02
lNcElI4UYyjYaYNV5LkR6Q,p6c70_FsgpmSPGTWdOOuxg,1.0,2010-01-24 01:05:39
lQ_dbuM6xIthZ63nnd8cHQ,Oh3Q3QfhMl2DArFiLUrT9Q,2.0,2014-05-25 04:36:35
lRRVRehFcudfbjY6yUX6FQ,OR7VJQ3Nk1wCcIbPN4TCQQ,5.0,2018-11-21 16:56:34
lRRVRehFcudfbjY6yUX6FQ,dEHHpeN5XDXLhMBGNzrl8g,5.0,2017-04-18 14:45:22
lRRVRehFcudfbjY6yUX6FQ,pAFtOcz710oLQ-e_J6AIzw,5.0,2014-06-03 18:57:30
lRRVRehFcudfbjY6yUX6FQ,s-kBvCb79CQlEZ0-_3nVaw,5.0,2019-09-13 23:24:51
lRRuTimITgwzoXLIM3g9qw,-pyobEWdpZ6jUp42f3I2xw,5.0,2021-06-24 03:16:10
lRRuTimITgwzoXLIM3g9qw,8kUh6TROemLfbVR_ewVVLg,3.0,2017-05-26 10:58:56
lRRuTimITgwzoXLIM3g9qw,8mSY98peCMoPaHcUhfeo9A,1.0,2018-08-02 21:30:52
lRRuTimITgwzoXLIM3g9qw,EaXVdMGDs3_SPt5A4mQ5fg,4.0,2021-07-13 00:20:52
lRRuTimITgwzoXLIM3g9qw,FNQnqZXrr9lWuFzRX3NSfw,4.0,2018-07-10 00:25:06
lRRuTimITgwzoXLIM3g9qw,HHBbetQ-XRQYJprT5Qp9jw,4.0,2019-04-22 20:55:46
lRRuTimITgwzoXLIM3g9qw,JtAyaKWwnax-Ag20WXW10Q,4.0,2018-05-13 13:17:29
lRRuTimITgwzoXLIM3g9qw,KFCxKvsEoJvTMY1J7Nno2Q,4.0,2019-01-18 12:20:22
lRRuTimITgwzoXLIM3g9qw,NKI0g6gW1uXhYi-1QcBL6Q,4.0,2018-04-08 11:04:18
lRRuTimITgwzoXLIM3g9qw,OWNZfbGatSf4JDZxTdWCwA,4.0,2018-07-10 17:23:02
lRRuTimITgwzoXLIM3g9qw,QOcBOX8_yUwbnCsImxJxNg,5.0,2013-04-06 20:42:21
lRRuTimITgwzoXLIM3g9qw,V3Gh4rItcAgvsAHnXPBxWg,4.0,2018-08-13 15:17:02
lRRuTimITgwzoXLIM3g9qw,ZLKLshuZ2HcwbPDpb3l-AQ,4.0,2020-08-21 07:31:41
lRRuTimITgwzoXLIM3g9qw,ZuwJdk2g6XGRWV94TE50Cg,4.0,2017-12-30 01:41:23
lRRuTimITgwzoXLIM3g9qw,_kaXQwnlsnfpUsKr3otCBg,4.0,2018-10-31 09:18:21
lRRuTimITgwzoXLIM3g9qw,bFIyk5wMY2WinvONbeVgeA,4.0,2017-05-26 11:12:05
lRRuTimITgwzoXLIM3g9qw,d8N5KyvlAm4jT-f8EbV5mQ,4.0,2018-08-01 00:32:57
lRRuTimITgwzoXLIM3g9qw,hqm2zJ1WY5UaVGZ6j07NNA,4.0,2017-12-03 04:33:24
lRRuTimITgwzoXLIM3g9qw,lYcLhUkVU8HSm-5hAUKzbw,4.0,2019-06-05 15:50:56
lRRuTimITgwzoXLIM3g9qw,mf0OyZ6DX2iKUFIV9TqFRQ,4.0,2019-01-01 01:31:34
lRRuTimITgwzoXLIM3g9qw,xibCcFKyzsk1xOmODiruJw,2.0,2014-07-15 12:24:48
lRvVaSIPosTTbOYFC3HPAg,xb5NsCqvQw2uE5HoQyDr0g,5.0,2011-03-22 17:52:03
lRvVaSIPosTTbOYFC3HPAg,znx1v_c2IPKOXlYAbqFYvg,4.0,2010-03-26 17:21:51
lSA0wc9EnIndn5F3Q6RNmw,EDm3KWvGdERKcr3e2CPe1w,5.0,2018-02-16 01:21:48
lSKKtZBmD0GIYbirCMUKtw,DZYSb9amfB3EAh1IdwtbEA,4.0,2021-11-28 00:12:57
lSKKtZBmD0GIYbirCMUKtw,Gf3szNlyQWst4v49S-W1lg,3.0,2017-06-07 14:37:38
lSKKtZBmD0GIYbirCMUKtw,IkY2ticzHEn4QFn8hQLSWg,2.0,2017-06-12 01:08:37
lSKKtZBmD0GIYbirCMUKtw,PP3BBaVxZLcJU54uP_wL6Q,4.0,2017-06-12 01:18:13
lSKKtZBmD0GIYbirCMUKtw,Rb9QIj-NyRn_giOBN991YA,5.0,2021-11-11 01:32:16
lSKKtZBmD0GIYbirCMUKtw,y7pKM3eFDZ9eRchC6SNMsA,4.0,2021-11-11 05:36:23
lSKKtZBmD0GIYbirCMUKtw,ytynqOUb3hjKeJfRj5Tshw,5.0,2017-06-11 19:24:39
lSyr3DZGJft1rYiTLn88jQ,HiGSwE3dV_u5OnLok3jfKw,4.0,2021-02-01 19:09:40
lT0jFHCIloX3bnF5eu0ERg,J8S7cPPlTgsQnXKVfTyN8g,5.0,2010-02-04 08:32:58
lT0jFHCIloX3bnF5eu0ERg,Oun4NN-u5yiHIxDqtJnxgA,5.0,2011-11-18 19:13:37
lUAeIFEtaEhiRL-n4PLeyA,9wPX6OoUifn9qfKGwrX0xw,5.0,2016-10-03 21:51:24
lUAeIFEtaEhiRL-n4PLeyA,_qdWW_AhhkW8jPs6HEtEfA,5.0,2014-10-05 03:29:53
lUO6ba9f952pc-wlIpnpVA,2TK1p6uIO7dHDWOQeit0Fg,5.0,2018-06-16 22:21:04
lUO6ba9f952pc-wlIpnpVA,AwmsqV6rXxBf8ycphKzQnA,4.0,2018-03-17 19:42:27
lUO6ba9f952pc-wlIpnpVA,DE7oNZUBOkAQ4zhA8tZQLg,4.0,2020-01-01 17:37:25
lUO6ba9f952pc-wlIpnpVA,EUkh0Qyf_Y4-B69w_z8n6Q,3.0,2017-03-05 16:56:01
lUO6ba9f952pc-wlIpnpVA,Tn_OK04DzbDQij9ZpMlT9Q,4.0,2021-06-30 04:31:14
lUO6ba9f952pc-wlIpnpVA,WfirX5srPxO81WfhTgQnEg,4.0,2018-01-20 14:41:57
lUO6ba9f952pc-wlIpnpVA,fxV5Iv7goPEUz-AReRLxkw,4.0,2018-02-20 00:23:46
lUO6ba9f952pc-wlIpnpVA,gKPWC7F219oEbu5NXPzH4g,4.0,2021-06-02 02:35:58
lUO6ba9f952pc-wlIpnpVA,hXvf5a798WvQtFn0Zbh2yw,4.0,2020-09-29 23:59:00
lUO6ba9f952pc-wlIpnpVA,nU-zF9XbQehltHoi_LwWRw,4.0,2018-02-13 01:19:40
lUO6ba9f952pc-wlIpnpVA,ptJnKvMCb8AjPhKsUWATLQ,3.0,2017-05-31 01:51:46
lUO6ba9f952pc-wlIpnpVA,yJWLNXLbqsMoB6fgGsvr9A,5.0,2018-10-09 01:34:33
lUPSEbFRd3jDOM5agGnjWQ,26jYcdFR5oLqKDKpTH0JIQ,4.0,2019-01-03 22:21:39
lUPSEbFRd3jDOM5agGnjWQ,a8q8Kd7KubA-qHpPAAH81g,4.0,2021-05-03 14:55:16
lVlb5R_bjelkWi1N5YWUIg,8Vo6LN9gqULhXzoxj5k6kQ,3.0,2015-10-23 17:45:47
lVlb5R_bjelkWi1N5YWUIg,SsHMgOW3TT48Z7jeV5beqQ,1.0,2015-11-26 07:00:16
lVlb5R_bjelkWi1N5YWUIg,VAIOtbsxdNmuhUKkQZFRlA,4.0,2014-11-25 18:30:55
lVlb5R_bjelkWi1N5YWUIg,bPVPZeqMuYtU_yGCb4P-jg,2.0,2017-01-15 03:46:08
lVlb5R_bjelkWi1N5YWUIg,omnCKxL0f_akh0eYeJxjDg,3.0,2015-12-07 20:43:02
lVlb5R_bjelkWi1N5YWUIg,v4AMcIZ--hXZuJIg3luUgg,1.0,2015-10-23 21:37:58
lVlb5R_bjelkWi1N5YWUIg,zNbRWVCKNe6gBShmnuAQNw,2.0,2015-10-16 07:33:48
lWW_f3wlkab4dN0PcQxZew,BeWw8cFF1maJLbgCeHACjw,4.0,2013-01-04 03:17:19
lWW_f3wlkab4dN0PcQxZew,PcR2ObZX6IAYLE9HiUcG1w,5.0,2012-07-01 21:28:01
lWW_f3wlkab4dN0PcQxZew,j3E_vGw47XpiEgTr-KiJUg,5.0,2012-11-11 22:05:15
lX89A57ZsdTGx2BXaVLlYQ,iSRTaT9WngzB8JJ2YKJUig,4.0,2011-03-09 01:43:20
lXNtSJvp8EqHzwtA_NNDQQ,IXllQQM7LG9NC7uNQ8un1g,5.0,2017-06-05 15:30:13
lYQk0R6sPfo3WeX-l_5BuA,-W0tnXYJ4WuxLjzmbwlVAQ,4.0,2013-06-12 01:58:05
lYQk0R6sPfo3WeX-l_5BuA,3M2zIKwVz2J63SlNiirgVA,3.0,2011-03-11 14:48:54
lYQk0R6sPfo3WeX-l_5BuA,VeqkfRUzZAKlQer3npXPdQ,4.0,2012-03-26 14:10:09
lYQk0R6sPfo3WeX-l_5BuA,qSy3Ue3KlzFFXBKwZTbofg,4.0,2014-12-09 20:12:55
lYQk0R6sPfo3WeX-l_5BuA,u4M4SxqehnyMI5vs9HaW7Q,1.0,2015-06-17 17:47:59
lYu0e98ZSNeXIjcLpkjhhA,MSKQTsQvBKfLRtkni9icSA,1.0,2017-11-11 17:36:53
lZJstvXz-zYxIIHg6KgzCQ,zWfzgYe2nT9mHYm_vl1Ukw,2.0,2014-09-10 05:40:11
lZsehrxUgla4O3uXAdhpQQ,1FURjeGJi_LBXcJQg8eskw,3.0,2021-09-15 05:09:31
lZsehrxUgla4O3uXAdhpQQ,2bxZhBk8JZkJ1GqfTB0cUQ,4.0,2021-06-17 09:06:09
lZsehrxUgla4O3uXAdhpQQ,C-aATB7SbuwMBPN5dgjghQ,2.0,2021-07-31 06:04:17
lZsehrxUgla4O3uXAdhpQQ,JSrab1rTrhBq0X80o6fPrQ,4.0,2020-08-23 04:09:11
lZsehrxUgla4O3uXAdhpQQ,bbEXAEFr4RYHLlZ-HFssTA,4.0,2020-01-06 04:58:52
lZsehrxUgla4O3uXAdhpQQ,crlk8kaurC4zrPUTt7BevQ,4.0,2020-07-13 12:24:23
lZsehrxUgla4O3uXAdhpQQ,fApb6LKfOdy5u7MP0hsHKg,5.0,2020-10-31 06:19:50
lZsehrxUgla4O3uXAdhpQQ,nnn78cplvQGZSMVblpI5gQ,4.0,2021-01-18 01:12:38
lZx_XOuL5wACxaNtby4JEA,UFCN0bYdHroPKu6KV5CJqg,5.0,2017-12-12 14:55:24
l_KCiv1LVHfYMxuBUJEHjQ,yktnwboMIQZkOvcZywktzA,4.0,2017-12-10 07:22:41
laxhJbn-vGk8Ggnlg8Yz_A,jtgBkAQuchDYgkdsebzLsQ,1.0,2018-12-08 21:59:28
lbqj-F0hfB-B6xyIf__nhQ,HDNeRsScQG_YQevwNPOcJQ,1.0,2012-02-02 19:30:06
ldtxYghu6OLAMxRkkKh3uA,fyxmwXdg9fJ13TpuF-KSbQ,4.0,2019-12-29 19:47:23
ldtxYghu6OLAMxRkkKh3uA,jGgUfiMg0_a6ehbz_ucDkQ,1.0,2019-02-19 01:00:22
ldtxYghu6OLAMxRkkKh3uA,ovidzHT7tgT7QWwIRLYV9g,3.0,2015-05-13 15:58:56
ldtxYghu6OLAMxRkkKh3uA,tdXYmpPzMuBzm9bN46PG3w,3.0,2017-09-06 23:48:57
le1dh1_a3HU1G5h9irIKlw,36rz3AMPh8ETMJq7cTG2Rw,1.0,2012-09-04 02:34:51
leDIDqF88UxUU5DPY90PSg,_kaXQwnlsnfpUsKr3otCBg,5.0,2015-10-19 20:06:20
leDIDqF88UxUU5DPY90PSg,ktMvtPI3TBkTOpSf1sTXWw,4.0,2016-02-05 19:24:26
leDIDqF88UxUU5DPY90PSg,trwHwsXOVV-ZmF-MtP98BA,5.0,2014-08-28 16:31:54
leDIDqF88UxUU5DPY90PSg,tyDEseGSr6NIsk7S63uMqA,4.0,2014-05-09 14:22:25
lf0XF3c58i9eOuwJqJFyCA,buK9hg-3CS7Ry7axXEFFOQ,1.0,2017-10-01 12:21:35
lf1m4CbheuUR7fFZoLGRvA,RA5E6BDiAzgSmsxdc1A4tw,1.0,2011-09-13 00:53:08
lfrWaxgLJhiF-oC7tO981A,J8S7cPPlTgsQnXKVfTyN8g,1.0,2010-01-19 18:08:26
lgE5vY38oLynuaJzpIrgjg,KHe6HAqmyioITwTvg9Bbcg,5.0,2016-07-20 23:01:19
lgUKLRsqvhu4DbM9syzq_Q,ws7z5fLdaVgwxZ9ex3cKxw,5.0,2011-12-01 21:22:49
lhxw-SrSgE9CycFdIxlaEg,GSiZfdrbw72LF1D2xTaTzQ,5.0,2017-09-14 01:02:51
liiDjd92e9Nxdystu59QcA,kLKyUylzXxNkMMjcIRk9sA,3.0,2011-03-20 04:33:02
lkMBPtHKCRZEsmBHxO_tdg,fCDMLD21ypv1XZ_EyafCkQ,5.0,2017-02-28 03:58:10
lkhMWvuKF9EHTGXfe-nP5w,IkY2ticzHEn4QFn8hQLSWg,1.0,2014-02-23 02:53:15
lmQLg_GG2yM0WcQ_qFwJMQ,5vObJIHLO-QOMrw_MvC4rA,3.0,2011-06-23 15:25:26
lmQLg_GG2yM0WcQ_qFwJMQ,YxWiv24PHCseiVvGlqKFrQ,4.0,2013-01-22 17:59:51
lnd2WbIloNeTkKkvIRS6LQ,vZG0BDPGDJxMGiXcGoVU6w,5.0,2019-11-21 03:31:37
lneyam99jHB_ITEyTXT7bg,of-GVqY0G_UDHXT9Xg_ADQ,5.0,2019-11-10 16:40:57
lnohBN_e2qklLESYih9Mvw,8cvkk0HB-F2Irctug1h3SA,5.0,2013-03-31 06:32:45
lnohBN_e2qklLESYih9Mvw,KiwskluQ7tMqZqvuf872vg,4.0,2015-10-20 16:56:46
lnohBN_e2qklLESYih9Mvw,QN38TkkGzF5vB1urbvi5nQ,5.0,2017-04-19 22:14:00
lnohBN_e2qklLESYih9Mvw,UGebrYgNZrMzbGbcI01JWA,4.0,2021-04-19 21:59:57
lnohBN_e2qklLESYih9Mvw,XRhKQxw8bQFF9iq-j721_Q,5.0,2019-08-24 18:04:01
lnohBN_e2qklLESYih9Mvw,Yj5JUGZsOeUEiSI1T9xj5A,3.0,2018-04-06 21:24:10
lnohBN_e2qklLESYih9Mvw,fTXSAVnzPkHqCzA4l6896g,4.0,2015-12-02 14:52:50
lnohBN_e2qklLESYih9Mvw,gytqFU8j-b6dpNcLEwMDYQ,5.0,2019-11-17 15:26:37
lnyuCqHJkw1-ywZGN70Deg,UxNB5QSIiLepKdMHeU0qig,1.0,2014-05-12 00:00:20
low-tlUXuOMswv4z2pBHiQ,tjU_hYVEFsUFJzVNqoMFiQ,1.0,2011-05-10 02:43:17
lpU8cxZU_md7tj0B8Vz0tQ,XNllgtbX8Er5sixIrJMEoQ,4.0,2014-04-24 07:41:23
lqKdWZ8UbNXQYSdbEP-m7A,gP2pWousNNGLtD4ahpNEow,1.0,2014-03-17 17:38:22
lq_biWcrOf0FVqlwTyHbYQ,XlIuTI1NRLzLlp11x-PTHA,1.0,2014-03-23 05:17:09
lq_uUOD5Z27mbRUEs-OkLg,3zI7Ka2_ZsKh4UwbSFnXdw,5.0,2016-03-03 19:17:23
lq_uUOD5Z27mbRUEs-OkLg,_H30_Y_YcQQ7kbix9a1KfQ,5.0,2015-12-11 02:22:54
lrgq-Gr-l8m0v5WEmVXP6g,3pamD1Qj7MXrF6dglK_guQ,3.0,2014-06-14 16:59:55
lsa1N-zVD6M_ycRvqXWm-A,KHe6HAqmyioITwTvg9Bbcg,5.0,2008-05-11 03:41:23
lt7bNHl-TXziny4FETu8nA,eYoOM8C9mEpdZx_wAsqcug,4.0,2019-12-12 20:32:23
lt7bNHl-TXziny4FETu8nA,j8JOZvfeHEfUWq3gEz6ABQ,5.0,2017-03-23 21:23:32
ltoCiJfNd_jYVbYc8rK26A,1FURjeGJi_LBXcJQg8eskw,5.0,2020-11-06 05:37:57
ltoCiJfNd_jYVbYc8rK26A,s4k1P9FHfPUzw3dqXRp7eA,5.0,2020-11-09 00:52:15
ltoCiJfNd_jYVbYc8rK26A,y4x_wAQvUxvTR8iV-JP4Jg,5.0,2020-11-16 05:32:03
lu31yKwkzPmO_MgCKhGBNA,MiPN-oUTmplbe9LTxDmkag,5.0,2019-10-10 00:27:38
lv5TnHGfrSb_CIisOw0irg,-FM4CxOg4XXmX_Ebky_SiQ,3.0,2018-03-19 12:57:43
lv5TnHGfrSb_CIisOw0irg,6HTGlttrzCMsuGBHO1ZGiw,5.0,2018-05-12 19:38:15
lv5TnHGfrSb_CIisOw0irg,6RBZfirnzE4NahJTn1UPNA,4.0,2018-01-05 11:31:00
lv5TnHGfrSb_CIisOw0irg,GXFMD0Z4jEVZBCsbPf4CTQ,5.0,2017-06-13 13:38:34
lv5TnHGfrSb_CIisOw0irg,syuKX2pH3JJhOOppzNI6SA,5.0,2018-02-12 02:24:50
lvfHxioG1mJZ8CNc-RYKOw,2E5fh57OvOQMWwxxEOkN8A,2.0,2016-11-26 17:38:59
lxA2xhPoGyEKdfKkR7u7yw,KHe6HAqmyioITwTvg9Bbcg,5.0,2018-07-28 20:03:16
lxrrt_aMRX4IqZxtYCC7kQ,SL4N_Z92lSnA04hFa9mj7g,5.0,2019-05-23 21:36:12
lyV2zgMrSux_s3byOozPPw,sor6oj-nuslOcSx7di4urA,4.0,2022-01-06 21:25:25
lyxvWcFLoho5AB_GzZmdhw,-qNVtEd8Z9MtCfC5dii6nQ,3.0,2019-01-20 15:51:33
lyxvWcFLoho5AB_GzZmdhw,6FX09pOrazvGT9s6_nQ7CQ,2.0,2019-03-03 01:52:26
lyxvWcFLoho5AB_GzZmdhw,Zi-F-YvyVOK0k5QD7lrLOg,5.0,2018-12-23 11:05:36
lyxvWcFLoho5AB_GzZmdhw,Zx7n8mdt8OzLRXVzolXNhQ,2.0,2020-02-18 10:01:52
lyxvWcFLoho5AB_GzZmdhw,g04aAvgol7IW8buqSbT4xA,4.0,2018-12-30 14:38:40
lyxvWcFLoho5AB_GzZmdhw,jSYu2apG1uYq3eNzSA-OHw,3.0,2019-03-03 02:06:51
lyxvWcFLoho5AB_GzZmdhw,joxy9N8aJv3_6h0aaYuTzA,4.0,2018-12-22 06:32:59
m-cM4C61m6d3iusOS9X1pA,S1FwTmCAwv5ulu5gToWi_w,5.0,2021-02-14 21:18:30
m-n_AHwndmHAgZIsu52kYA,AbUMLNaW9DzYelM4AGK3Xg,5.0,2015-01-21 18:35:23
m-n_AHwndmHAgZIsu52kYA,WnVNjr9zVEpK85T7dbAfEg,4.0,2016-02-02 00:23:35
m-n_AHwndmHAgZIsu52kYA,a-fUq78iwilqa9Qd3ozfqQ,5.0,2016-03-14 18:51:11
m-n_AHwndmHAgZIsu52kYA,aoBQW6IKzgE-Hst2r_oAEg,5.0,2009-02-20 18:09:30
m-n_AHwndmHAgZIsu52kYA,o7Ccb9LjC_ZTSF_YHgJXnA,2.0,2016-03-14 17:58:04
m-n_AHwndmHAgZIsu52kYA,q7mKAD93-EeSpeOa9Hu4BQ,5.0,2015-11-04 20:43:21
m-wGzAv5fDmjawJLpjw58w,Mz2ojdB5s1xW_tILMLXEDg,1.0,2012-12-10 08:20:37
m07sy7eLtOjVdZ8oN9JKag,FEXhWNCMkv22qG04E83Qjg,4.0,2020-06-08 01:08:33
m07sy7eLtOjVdZ8oN9JKag,GXFMD0Z4jEVZBCsbPf4CTQ,4.0,2015-04-27 06:03:47
m07sy7eLtOjVdZ8oN9JKag,Hb09xY41jKoQoCvt4JK0Xg,4.0,2018-05-31 06:58:46
m07sy7eLtOjVdZ8oN9JKag,iSRTaT9WngzB8JJ2YKJUig,3.0,2010-09-13 07:45:29
m07sy7eLtOjVdZ8oN9JKag,inpHHalmEPkTMBg9yOWfLg,3.0,2018-07-11 06:16:02
m07sy7eLtOjVdZ8oN9JKag,jSYu2apG1uYq3eNzSA-OHw,5.0,2015-04-29 06:59:32
m1AUK8tI19tUT_N3DMkyIQ,Bp2AWqJLBJoBjBwh85rDAw,2.0,2018-12-24 15:38:37
m1OhStv_gXTx_YbfUqO6JQ,oziGQYLaEWOpNmPKrZP86g,1.0,2011-02-26 23:51:13
m1eC9CUh81hQ1NHRzgIOKw,4WdDY97x4GdMYtyk1KQMnw,5.0,2015-05-09 02:59:17
m1eC9CUh81hQ1NHRzgIOKw,h8h1QvEQruTkBI50NlWsyA,4.0,2015-12-26 20:14:54
m1u45eg9M3cRR9X_mpWGFA,JuHa7dMYCZ9xci50M7nG1g,2.0,2018-11-05 05:06:47
m26iq64u9nMj4cJ2WoJwPg,sNP0PovNW1RQnfDQogOuVQ,1.0,2015-11-15 18:35:56
m2Fc8dp3pWvn0joJwAfByw,0OsR9lO16jxa0xWUY57s9g,5.0,2018-05-13 17:42:23
m2Fc8dp3pWvn0joJwAfByw,2er_V-oAd7IbQ5YTY56r7A,5.0,2017-12-06 02:52:53
m2Fc8dp3pWvn0joJwAfByw,617w8MQE3z1szmLvs0WfCw,5.0,2015-10-29 16:08:05
m2Fc8dp3pWvn0joJwAfByw,AvzL0RmCg5YrLKlBit664A,4.0,2016-10-27 01:43:39
m2Fc8dp3pWvn0joJwAfByw,CsZJYRcHFzkhqGBBnoIKaA,5.0,2015-11-05 01:27:47
m2Fc8dp3pWvn0joJwAfByw,Dv6RfXLYe1atjgz3Xf4GGw,1.0,2017-04-21 17:45:24
m2Fc8dp3pWvn0joJwAfByw,fcGexL5VH5G2Xw0tRj9uOQ,5.0,2015-10-16 01:42:57
m2Fc8dp3pWvn0joJwAfByw,jGbGTFCmkZ0JvWv8WX9MGA,5.0,2018-06-03 00:04:28
m2Fc8dp3pWvn0joJwAfByw,pP4q0Mym-qt20nRqTKbzhQ,5.0,2016-08-21 01:50:23
m2Fc8dp3pWvn0joJwAfByw,ytynqOUb3hjKeJfRj5Tshw,5.0,2018-10-05 01:17:27
m3ZchjhKZS-VvYCgvgMp4A,Y2Pfil51rNvTd_lFHwzb_g,3.0,2016-04-26 22:56:30
m4WQWEa0QBJSC5qvb4ElRg,9FiiDY8Nrmdn81jHHvJSlA,4.0,2011-07-05 17:30:46
m4hU1am0NHVBlGmcQJ1rMg,lRznUOtLYY2GP_dvc7kmYQ,1.0,2016-09-17 22:04:46
m4uHs1KziG5vngKK2pLv7g,Pr-OrQ0-hNPFdp8bVZN6Lg,5.0,2017-03-14 23:24:07
m71gKNoYhIl_EX9kZsuIlg,EaXVdMGDs3_SPt5A4mQ5fg,5.0,2013-07-21 11:16:02
m7CUXCHxkprezkK634-2Eg,q_PFmdGcKx2H7z2ze8H26w,5.0,2015-07-24 20:51:46
m7nN94PGrgwDXMJwbYUaVQ,ZJzlns_dFkapVajmdFHGuw,5.0,2020-07-18 21:37:27
m7nSwHRMpGKQcB3dyqurZg,6Ty-KKWq6hLZYW8DWEHYvg,3.0,2019-12-15 13:21:51
m7nSwHRMpGKQcB3dyqurZg,PGd06nrseC2YAIqP6S9gUA,5.0,2019-12-16 13:05:30
m7nSwHRMpGKQcB3dyqurZg,Y2Pfil51rNvTd_lFHwzb_g,5.0,2019-12-16 01:25:18
m7nSwHRMpGKQcB3dyqurZg,hkh5iyDeGLNhu-JUQFRE1Q,4.0,2019-12-16 01:12:48
m7yM_NZXQ9WD1TUzcRiw4g,5L918sNOVHcCJKZ7RWATBw,1.0,2012-05-05 18:55:40
m8BMTb9ddo-83-KVoIK1zg,3cT6KPlkOQGZv2Lk7p9_1A,5.0,2019-11-14 05:30:15
m8BMTb9ddo-83-KVoIK1zg,hfbZ97Te3T4jeWN6GgsGrQ,4.0,2020-01-22 00:36:29
m982bOXdBgpmVU3ROb1B2Q,dRKztV_Vtl7AvZg052SgRQ,5.0,2016-05-24 20:34:58
m9XPszonM7XoFfGQQbEJUw,ZYxGiEyHD17kd80zUzaOQA,5.0,2013-08-20 02:28:38
m9_VVE866T6fMQWtSUE4eA,joxy9N8aJv3_6h0aaYuTzA,5.0,2017-12-22 17:07:48
m9_VVE866T6fMQWtSUE4eA,uR7G8I4Cef9D9R340TN24Q,5.0,2019-07-19 04:13:38
mAP7bxt7TFVjbo5eAZwbug,U3grYFIeu6RgAAQgdriHww,3.0,2013-02-24 21:02:22
mAmOMUmq2PCTu3wP-6-P1Q,HgPTy_OGoaxllb2EXkC1sQ,5.0,2015-07-13 23:20:54
mBJvXmYQjZ2YUPKAxYoixw,awOKeCwbzutECzI4R6JGFg,1.0,2020-12-22 04:11:40
mD8T6tegVU9v06osh8W2sA,LqF5QiIm89Ea9wtc0cdPCA,5.0,2017-09-18 19:02:19
mD8T6tegVU9v06osh8W2sA,QpTf9MU5EgYfm6bscRxaqw,5.0,2017-09-21 23:26:13
mEOMAeEonZoUx2nPM3v6fg,SI3q166YxgbxzQxMfpiWjQ,5.0,2015-07-15 00:20:20
mGHP3esQQqCEicHLRV-g5Q,eirHDiyhPn2YSo08G1tt6g,5.0,2019-08-02 13:03:01
mGRFBRx6na1D6WHuD4UJdg,RQAF6a0akMiot5lZZnMNNw,5.0,2017-04-25 15:55:59
mGiCgX3nS5i6rFDPg2bIdQ,OZi0fOn8-ISUwhEAWC_8Gg,5.0,2014-02-05 14:43:07
mGiCgX3nS5i6rFDPg2bIdQ,RSBvoQEHCkXYOGpi9xmTuw,4.0,2014-01-24 14:50:24
mGiCgX3nS5i6rFDPg2bIdQ,XgnArX8m2BaGtpJp5Mx2qg,5.0,2013-10-14 18:57:41
mGiCgX3nS5i6rFDPg2bIdQ,XqSLir6xs3I6ntf-xIQzrQ,3.0,2013-05-30 15:24:23
mGiCgX3nS5i6rFDPg2bIdQ,_nqrmx5xKLQyrbmjhwiiuA,5.0,2012-02-20 15:48:33
mGiCgX3nS5i6rFDPg2bIdQ,poruVZH9V5p3u170Pi3iYg,3.0,2013-08-01 14:30:52
mHntp5tE8Cz06lfaXyTRWQ,U4ALy9epZHEwFl3FnGun6w,2.0,2016-08-03 15:27:12
mHntp5tE8Cz06lfaXyTRWQ,ytynqOUb3hjKeJfRj5Tshw,5.0,2016-05-01 15:58:10
mIEh1Z_3JYUrLYFwuVONSg,Icu-z8o386uHuj0bB345Cg,4.0,2019-03-21 00:49:20
mIEh1Z_3JYUrLYFwuVONSg,nYuwfmjaYdeJgZU_Q_ugaA,5.0,2019-03-21 00:08:15
mIMT8-RgfIozBxrnxYXXPw,dYYkzkiAQoOtRjdR0kcspw,5.0,2015-05-13 14:32:06
mJCK1qpsCkKePozYIrIT-g,B5eJm8A4eiuPLW5C6l75dQ,4.0,2011-03-29 12:41:14
mJCK1qpsCkKePozYIrIT-g,R17gwW6zn9ilslbdvKdgsg,4.0,2011-03-27 17:59:57
mJCK1qpsCkKePozYIrIT-g,lFs4LIQn_kbsLozQzk-4Qg,5.0,2011-03-27 01:45:30
mJCK1qpsCkKePozYIrIT-g,sTPueJEwcRDj7ZJmG7okYA,3.0,2011-03-24 11:01:36
mJCK1qpsCkKePozYIrIT-g,ytynqOUb3hjKeJfRj5Tshw,4.0,2011-03-31 15:38:52
mJZLFXvW7DFxpqL1WnKYoA,Zqd_DHAtrdzRJ8u3zwrvEA,5.0,2008-06-03 21:50:31
mJy-5ShuwwYRayxRtl6xxA,36rz3AMPh8ETMJq7cTG2Rw,3.0,2013-01-07 02:52:33
mJy-5ShuwwYRayxRtl6xxA,paf9A2QkCjTCV-e_TT44Mg,1.0,2013-05-04 21:14:13
mJy-5ShuwwYRayxRtl6xxA,tV46IhCfHbsx_af-pMupiw,3.0,2012-06-23 23:21:43
mKBl4fAqTfNts7B78aOPVg,3XirYkP9PJvVXIEDPNNXLA,4.0,2018-01-24 21:35:00
mKBl4fAqTfNts7B78aOPVg,3Ym00dQ_oqZ0zunGMLhX3Q,4.0,2013-07-02 21:21:45
mKBl4fAqTfNts7B78aOPVg,WYY48I1MVYSmVdd_ZQ1EOQ,4.0,2016-07-14 05:35:57
mKBl4fAqTfNts7B78aOPVg,gsyyVQmvT9A2nAgUi7VUag,5.0,2017-11-21 04:24:59
mKBl4fAqTfNts7B78aOPVg,oUgmm76-UCd5N0z4xwDOYw,5.0,2019-12-20 08:16:06
mKBl4fAqTfNts7B78aOPVg,wFJ03BkpSA2pY77iCWFJLg,4.0,2011-04-28 19:09:37
mKO_kcpxPj_GQS7rlhjTSg,ksFVaF5TatgsVGXk7Yyw9A,4.0,2017-02-24 05:58:58
mKh6-C8vwFa70cEzfLalUQ,iSRTaT9WngzB8JJ2YKJUig,4.0,2017-10-07 15:37:36
mKv2YmbCKxn0_GN6tRCAww,8NKKQv7GL-S3je-A2IQThA,5.0,2010-04-20 06:27:46
mKv2YmbCKxn0_GN6tRCAww,Ld3qgGua7MqrFnZY8AIo0A,3.0,2010-04-20 19:17:19
mKv2YmbCKxn0_GN6tRCAww,c_xAbBTeiIHqPm1zMOvQcg,5.0,2010-04-05 05:33:13
mKv2YmbCKxn0_GN6tRCAww,pG5hLBK49Oz2TLX2qY6UQw,4.0,2010-04-08 21:37:11
mKv2YmbCKxn0_GN6tRCAww,r4OWweOI9CAKk38pw_lSJA,4.0,2010-04-04 05:28:37
mNB-RGqN62h9edxkSqk81g,_kaXQwnlsnfpUsKr3otCBg,5.0,2016-03-10 23:51:19
mOloBIwSJraBh_LAb0tWNg,_UaTldka1sodVkg-pcNlZg,1.0,2018-10-22 00:41:40
mQ7nxSdJsak1tlmP2TCPxg,CgiwCrXs3Ggu9eKFPIgjtA,5.0,2021-08-14 19:37:00
mQ7nxSdJsak1tlmP2TCPxg,EsV50Yt0y2y5PDYfTzmGCA,5.0,2021-07-30 17:40:02
mQ7nxSdJsak1tlmP2TCPxg,FEXhWNCMkv22qG04E83Qjg,5.0,2022-01-06 01:21:55
mQ7nxSdJsak1tlmP2TCPxg,RMYjaB5krFGCtlOLf5TBwQ,5.0,2021-06-05 18:24:25
mQ7nxSdJsak1tlmP2TCPxg,_oRpJmQchbbEGEn3Xo8OPg,5.0,2021-08-14 19:51:40
mRz772a5aMQqq8M2lXLmmw,-r6nmLB5Vi2TLQCxh0_dtw,4.0,2018-06-18 22:55:14
mRz772a5aMQqq8M2lXLmmw,DzpaiMQnB_sNhZPrgdvKHg,4.0,2018-02-06 19:19:17
mRz772a5aMQqq8M2lXLmmw,G0rJD85hUDQ0Omz0rOFeOQ,4.0,2018-05-25 22:14:16
mRz772a5aMQqq8M2lXLmmw,IZJacI6XEUxy3_wbW76Qfw,2.0,2018-03-19 20:17:08
mRz772a5aMQqq8M2lXLmmw,SeneXbKmhHhPtzyTDPDnvA,3.0,2018-06-22 04:56:01
mRz772a5aMQqq8M2lXLmmw,SsHMgOW3TT48Z7jeV5beqQ,4.0,2017-06-10 23:47:45
mRz772a5aMQqq8M2lXLmmw,a32M9H9nkkPGKTKB5W27NA,4.0,2018-05-31 20:30:08
mRz772a5aMQqq8M2lXLmmw,q-1ICFSqs2MwDGfe5tX-SQ,4.0,2017-12-31 21:56:43
mRz772a5aMQqq8M2lXLmmw,rsEy48n_jB0I-Mofec1NJA,4.0,2017-12-17 00:56:45
mRz772a5aMQqq8M2lXLmmw,uO39--k_hrCFgZh-Bl8m8A,4.0,2018-02-17 17:39:49
mSqSio0wfonqlM__lKzKRQ,IkY2ticzHEn4QFn8hQLSWg,5.0,2018-08-16 03:32:56
mU_-3aNZbF8KtJQTO09JAg,KHe6HAqmyioITwTvg9Bbcg,5.0,2016-10-10 18:56:49
mUddIkqWjwy_4MOHDydWqw,zIUUlBoQOQqQLoi2ElcWAg,2.0,2017-05-02 03:15:28
mV4lknblF-zOKSF8nlGqDA,GXFMD0Z4jEVZBCsbPf4CTQ,5.0,2019-06-24 16:18:12
mV4lknblF-zOKSF8nlGqDA,I_3LMZ_1m2mzR0oLIOePIg,5.0,2021-11-12 16:20:31
mV4lknblF-zOKSF8nlGqDA,R8t9g5nvi7VFyS8zsgmj8Q,5.0,2021-04-06 16:32:41
mV4lknblF-zOKSF8nlGqDA,rBdG_23USc7DletfZ11xGA,4.0,2021-11-05 19:03:05
mV4lknblF-zOKSF8nlGqDA,uHfHKZj_RsNwP03ar_vwQg,5.0,2019-06-24 16:09:12
mXKbT-XT818EedWSbaFqCw,HV7AHORTkLqIfhR-tpRmzg,5.0,2013-06-16 22:09:43
mYsojhlRaKY2-zbbzg8Sdw,gXiWHYBuPLWWXZJPOP1uKw,4.0,2018-11-13 00:57:00
mZAyb8OSugvx6TLjTuZsZA,DZYSb9amfB3EAh1IdwtbEA,4.0,2016-06-28 20:39:59
mZrbrAAtQ0Xmt_MMUEs6Kg,5FuQbcHTF_I7PWJzhCMObw,2.0,2010-12-21 02:55:26
m_PrgczTW3WQmEOFvpQdtg,Cjwb7VQGP0u2eWYj1wnO3g,1.0,2014-01-27 02:15:24
mbvw-TCrr1GB0KKnhRm8Bw,1Hd-0f0gWvI7y9CI_3kFVg,4.0,2021-04-19 22:14:44
mcx0aeOgvt4Yul5lrvLPeg,6f8dXcqMrNPMHm1fXFQQbg,1.0,2020-10-10 16:42:48
mdP18-vCtV9nu8DT2Bk6lA,elEQxid6rZ3tRZF1Kwkr9A,4.0,2021-08-31 12:54:39
mgK5MkjIXIzSdOTnSQBakw,W_ZVpK3GCRRmQCvPQAhj2g,1.0,2018-09-03 15:23:05
miEjISOvnBnus62Noy5NzA,N29uir3jdwrezjQuy8YXTQ,1.0,2013-05-17 18:37:30
miOTvi-OTdx-RseZwpDNJw,oCbJpGl8IkH1WdYa25TDBA,2.0,2018-05-05 16:27:54
miQzjfgp-y9cxbGUnRzj6g,fdR_DS71-LMuR5Lhlyx9tA,1.0,2012-07-11 16:01:23
mjOKUSdIqxFPSYMB-MmS9g,eCikDKFbaeYVNdCD2beX0Q,4.0,2020-09-03 19:51:08
mjlTXmR3KlV2ffkcEJI-6A,6dDC5PSmPEoJYuM8r8dN_A,5.0,2017-08-23 23:34:59
mk5ZPnMv5sfGa4eA5dhRvw,SqnMmUeoWrc5g66wAHOq4g,5.0,2016-07-12 10:43:25
mkG7hD4ND6grmUUnhA1AjA,wFHz88EklQKK3qah4rSLJw,4.0,2014-01-23 01:22:47
mkbx55W8B8aPLgDqex7qgg,FEXhWNCMkv22qG04E83Qjg,5.0,2020-01-07 18:01:13
mkbx55W8B8aPLgDqex7qgg,IGna30iAQJa6RMbsv-9tWg,5.0,2020-01-07 16:38:58
mkbx55W8B8aPLgDqex7qgg,nYzCXMzSk8pjMnYVI6z3RA,5.0,2020-01-09 00:28:54
mkbx55W8B8aPLgDqex7qgg,yE6aDcbbK8pmvNroXnQYQA,5.0,2020-01-09 18:34:51
mltVcS1PFyIBmLXmD1b1ZA,yXX7xmclZkuBif-7QoyCuw,5.0,2008-05-12 15:01:18
mlyWbiBf2l0fX_5pYL3rCA,FEXhWNCMkv22qG04E83Qjg,3.0,2020-01-24 19:02:46
mlyWbiBf2l0fX_5pYL3rCA,GoGss2SqsUPwP0xcI9IUuw,4.0,2021-11-19 04:44:33
mlyWbiBf2l0fX_5pYL3rCA,ww3YJXu5c18aGZXWmm00qg,5.0,2020-06-30 04:38:23
mnrDsvKj1LfyNr5pxzzUmg,-FRHYI6doGCjIsXiKHkUqw,1.0,2019-10-03 00:04:20
mpjZ3OA4vF1XKngp1pgHnA,xLiN8ZqDaTEn0AXdhRZ-Xg,2.0,2020-02-16 03:25:17
mqBWACmaHflW4eh_Ofp16Q,kxX2SOes4o-D3ZQBkiMRfA,5.0,2010-08-20 19:16:04
mr-mA6hO1QudIROcgN_1-w,lzd8C9rmc4_5tmmnbq_7Lw,4.0,2020-05-01 02:09:54
mrBj3H6Bm55d8DX22-YftQ,XJ1KN2kQGBIo8h1nWvZNzw,2.0,2015-01-05 01:17:52
mte5yC23XuPNY9g3uosr3A,muxda1cSVtplETqTfYVgZA,1.0,2018-08-27 22:58:27
mtz1i0msSPjzAPGbMLviIg,znx1v_c2IPKOXlYAbqFYvg,5.0,2009-12-18 19:24:33
muZECndC2KsGjH6DJe7Q7A,g33s03KL3BTPgTPg_6r_Kw,5.0,2013-09-05 04:23:46
mvK1pv-x0Z5rP4Hz9cWBWw,GBTPC53ZrG1ZBY3DT8Mbcw,5.0,2010-06-19 15:13:17
mvK1pv-x0Z5rP4Hz9cWBWw,VVH6k9-ycttH3TV_lk5WfQ,3.0,2011-07-04 17:54:57
mvK1pv-x0Z5rP4Hz9cWBWw,hfbZ97Te3T4jeWN6GgsGrQ,4.0,2017-06-16 17:53:04
mvK1pv-x0Z5rP4Hz9cWBWw,iSRTaT9WngzB8JJ2YKJUig,3.0,2016-06-23 18:46:44
mvK1pv-x0Z5rP4Hz9cWBWw,m4kvY0viCwxqRtgOycnKVQ,5.0,2015-09-28 22:14:18
mvK1pv-x0Z5rP4Hz9cWBWw,miRxzEzV7OIShLQ5x_Lvvg,3.0,2011-07-11 20:46:01
mvK1pv-x0Z5rP4Hz9cWBWw,qt_E6txwQ1h62wyv8701UQ,5.0,2017-06-30 15:21:41
mvK1pv-x0Z5rP4Hz9cWBWw,vj6AetpADpHOYtMRZsXX3g,4.0,2014-06-27 08:05:27
mvRI3Tw6CVFdvA3ekL4ppQ,Ou-_OQUNvBcaAoRU0XPtaQ,2.0,2012-01-30 15:32:50
mvZnbQ9XcMcBMCTASry-Aw,W_ZVpK3GCRRmQCvPQAhj2g,5.0,2008-10-02 10:07:01
mvZnbQ9XcMcBMCTASry-Aw,_VB4EIoGdAR4sBB6rApEAg,4.0,2008-12-04 09:23:18
mwRBFkkoJwJ6EyPSXL8LtQ,XqSLir6xs3I6ntf-xIQzrQ,1.0,2010-02-03 17:25:13
mwYd1POLrOTyFXYM3vq5SA,8m3-Xrqr2dkF-lLz5H1ZrA,2.0,2014-08-19 12:56:51
mxlvv27pKSTWs8uNyEGmTA,-FM4CxOg4XXmX_Ebky_SiQ,3.0,2019-01-23 09:56:45
my6eQZaumNlr4C90WNfvkw,jSYu2apG1uYq3eNzSA-OHw,5.0,2015-02-03 19:37:58
myMeQBLWXKDl5x5pm7SENQ,EVmCBFlY0Hy_62bDRizmGA,1.0,2016-01-06 23:56:42
myVSDRDJe6RfFgHhPQnKbQ,Aes-0Q_guDeYewMapFs_vg,3.0,2017-09-24 22:02:34
mzL0zHFGyd9866OUljq49g,2dlQX5sP9X6Dlm1MmNOlSw,5.0,2013-09-09 01:48:15
mzL0zHFGyd9866OUljq49g,BpIwDr5mG6wG5-Pxu3yxSg,4.0,2017-09-10 17:46:07
mzL0zHFGyd9866OUljq49g,FYhsm9Efvw8lw7zAOIDUbg,4.0,2014-02-05 15:17:32
mzL0zHFGyd9866OUljq49g,K6hAv8V2cTuXQtU3VHAD6w,4.0,2013-07-10 14:17:49
mzL0zHFGyd9866OUljq49g,OHzX-ZD9qyoeoxR8Z0dlIA,4.0,2011-03-07 02:09:20
mzL0zHFGyd9866OUljq49g,Oun4NN-u5yiHIxDqtJnxgA,5.0,2011-10-20 12:07:14
mzL0zHFGyd9866OUljq49g,dlFdjPUJI1eqRs8WVPE3QA,5.0,2014-02-27 16:42:10
mzL0zHFGyd9866OUljq49g,f2RHDdXezLHILvM7v1xOVA,4.0,2012-09-27 12:52:08
mzL0zHFGyd9866OUljq49g,sy7ADvpBA7SfHwbY-Y_5gw,5.0,2011-12-08 12:37:07
mzXDuhZBPdHfMIk1YXP0mQ,CiTYWOKcXTZYztsT43wb5g,1.0,2013-12-09 00:27:14
mzXDuhZBPdHfMIk1YXP0mQ,amgCBbemSn2b1zUOoUbjHA,1.0,2015-02-01 17:41:28
n-KG9hT4eGCgdcnQP8qMIA,jkUjZI9RjmoIuMPpwpdSRw,2.0,2015-08-26 01:10:56
n-iTQUXN2Y-meUP_YrXGTg,13oEDtCHrOvbhsHzno2Vvw,5.0,2019-03-12 18:15:25
n-iTQUXN2Y-meUP_YrXGTg,7sV9quynaXTvDW85Bixhaw,5.0,2019-04-24 21:43:31
n0iFO9S6ZvOBh15pLeMwMw,Iyopb5uFIBT_HOgp8ipSfw,4.0,2015-02-02 19:31:06
n0iFO9S6ZvOBh15pLeMwMw,tyDEseGSr6NIsk7S63uMqA,5.0,2015-01-20 01:16:28
n1JTMTl0NQhl7pEIb4ck2Q,yjcIKn2T2QY_DjXWACsAFw,3.0,2014-10-18 17:54:44
n3Gg5mIokBirc8s_unINnQ,fq44yNPMuN0dF5ZHdDuvYw,2.0,2016-08-07 17:36:13
n3aKJqRTJM8JjrFn_l6NwQ,J0upe5MQ5X9MkchhS_Aotw,5.0,2017-04-11 04:23:48
n3aKJqRTJM8JjrFn_l6NwQ,TFnGJlA5l_HDdzGDkNTdTA,5.0,2018-08-05 02:21:41
n59W9qVHr7kKkMM0ZCspWg,GYgJtmk1v06FJesYYjrDww,1.0,2013-04-05 20:54:08
n5N-dnFWKfUWTDhasBpqnQ,RmShOF-8MxNjlXATWs_2Dg,5.0,2017-09-19 02:20:12
n5pZpeQE-ASr1aQx81mKVQ,Jo2zJoA818OmbiE-6HfghA,1.0,2014-05-08 01:55:32
n7Rr7pkdtj1GXBb4Kdp2sQ,_OMGZ3TXOfN2By7skat_bw,5.0,2017-12-30 00:02:28
n7Rr7pkdtj1GXBb4Kdp2sQ,jJKmOo4aeo_NanXQn1gjiw,5.0,2019-09-07 17:24:57
n7VTcg4-F94ziJ4eRERSdw,575inWPYxLk4YzwWqRhexw,5.0,2021-09-27 15:57:05
n7VTcg4-F94ziJ4eRERSdw,KP5OncF2jhT7_J1phHPPww,5.0,2021-09-26 14:31:31
n7VTcg4-F94ziJ4eRERSdw,k79ygmdDxEDXtLlR_rPrmQ,4.0,2021-09-25 16:49:29
n7qpdIFaYLD-b0jfIEvjPg,rQyJXOiZ39eRJ2l9OMpw-g,1.0,2014-12-26 02:02:14
n80yX5MTlxPigDBYEG7dzA,AW81jJyQA8264WcUT-4JzA,5.0,2017-03-03 07:07:32
n80yX5MTlxPigDBYEG7dzA,H41S-qS3NOUJSbIqWTuyIA,5.0,2017-02-03 02:03:46
n80yX5MTlxPigDBYEG7dzA,N1Kv9Uxx4ZHeooGcpNe_RQ,4.0,2017-02-03 04:09:37
n80yX5MTlxPigDBYEG7dzA,VVH6k9-ycttH3TV_lk5WfQ,5.0,2017-02-03 03:00:44
n8plPW31abbrccY0CDPcug,dYYkzkiAQoOtRjdR0kcspw,5.0,2016-05-28 23:15:12
n9ZSSbTAIIn-eFvoRf-mxw,Gekeq1c-fuezmx0PSGQvzw,1.0,2020-03-10 19:01:52
nAPU1-75Gqg71NGr_HosFA,1Tb7ION52mf2I7wXJY9HAw,3.0,2016-06-24 01:30:40
nAPU1-75Gqg71NGr_HosFA,5SbXk54zWe22jg95R-8Fjw,5.0,2016-11-29 20:16:42
nAPU1-75Gqg71NGr_HosFA,EmHXLffnzvntWzO6Ba3Atw,3.0,2016-02-08 02:50:34
nAPU1-75Gqg71NGr_HosFA,F-c7uFx2dsncXXJrgMXKyw,3.0,2016-08-08 01:28:23
nAPU1-75Gqg71NGr_HosFA,FQduMQtZF8NNo2YsE9DknA,4.0,2016-07-29 14:23:05
nAPU1-75Gqg71NGr_HosFA,ICi5Kv1jbgypI-XdrY_87A,5.0,2017-01-18 22:42:28
nAPU1-75Gqg71NGr_HosFA,KftsSJhTvpNAZlWRoLxr8Q,5.0,2017-01-29 18:30:40
nAPU1-75Gqg71NGr_HosFA,N6BC3jZ9v9S4TAG7N5VuZQ,4.0,2016-07-06 00:18:50
nAPU1-75Gqg71NGr_HosFA,PrTLeauQE62fZBJ6WtSV3Q,1.0,2016-07-15 01:40:54
nAPU1-75Gqg71NGr_HosFA,UTXwFoe-KOo0SqnBqtbyhQ,3.0,2017-04-14 18:35:11
nAPU1-75Gqg71NGr_HosFA,ZdkonZFKPrGVeu-ZLQfE6A,5.0,2016-06-21 15:28:46
nAPU1-75Gqg71NGr_HosFA,b3tI8ODMieXSflFHLFA92A,3.0,2016-05-30 19:58:30
nAPU1-75Gqg71NGr_HosFA,cNH8949aoGjotaR1LvbGPw,3.0,2016-02-04 16:31:22
nAPU1-75Gqg71NGr_HosFA,fTXSAVnzPkHqCzA4l6896g,1.0,2017-03-10 16:27:42
nAPU1-75Gqg71NGr_HosFA,iWjwJ6IC5ImlmT00KEs0Iw,5.0,2017-05-31 15:26:27
nAPU1-75Gqg71NGr_HosFA,ihYtslFvge9B9KK1S_E8rw,3.0,2016-02-09 17:50:57
nAPU1-75Gqg71NGr_HosFA,lzuHckPzwYCnf8Pk3hIr-w,5.0,2017-02-02 02:16:03
nAPU1-75Gqg71NGr_HosFA,q2iS794-52tFAC2ScQFTug,2.0,2017-04-28 22:39:47
nAPU1-75Gqg71NGr_HosFA,wHiPhPVuGnngEieDBMG00g,4.0,2017-01-23 23:53:20
nAPU1-75Gqg71NGr_HosFA,yNCFucjmzObzUI7X3Ql_lw,5.0,2016-03-20 17:14:49
nAf3vXdyQDIvIgHprruhOg,2KIDQyTh-HzLxOUEDqtDBg,5.0,2021-09-28 18:11:07
nBdv5Br4G8pDWXXqSXhUug,_gaOrkYtODrxY0JlWFe-sQ,5.0,2009-03-19 13:53:17
nC4x02Sv0YYT9CV0UcMSxw,TF3qNGUBUgIYp6u0j79JHQ,4.0,2016-07-23 16:27:05
nC4x02Sv0YYT9CV0UcMSxw,vWyg7n0gGVinsrSj68GDeQ,3.0,2017-11-03 05:08:11
nC9V777rlZbKWm3m0QlXYg,ZUPnWlLgqnU1PVtF6Q9-HQ,4.0,2011-11-03 13:57:08
nCRECoNM99a2bD-T_zoYIA,Gekeq1c-fuezmx0PSGQvzw,2.0,2019-03-31 03:47:25
nE4-2L0tVZYcBF-uyk0KlQ,g2zwbLIqxtN9nGGuL43trg,1.0,2016-12-23 00:02:31
nF-p2LxfYtkRrlz9NNrgOg,QTjtz-bfm8Yrrv6t0PP0FQ,1.0,2017-02-02 16:32:11
nFG6O3rGCiWDnboitYcbJA,f4vbnGoGo3eWorVekctVGQ,5.0,2017-09-14 16:06:56
nGpjwug2rhIwjezW0pKK0A,035gK3ASKDns-ojUSnV4IA,1.0,2019-03-04 01:56:03
nLEY_fRKXDPel64YlYTWNA,HPqTJ_yF2ZJw87yHWnSzSg,4.0,2018-08-02 02:10:07
nLw0QGZIs-nJYoXOEx6P9A,J8S7cPPlTgsQnXKVfTyN8g,1.0,2009-10-29 19:56:58
nMM9PhPrnZbETB3e1WmEKA,rBdG_23USc7DletfZ11xGA,5.0,2021-01-24 04:39:55
nMN8t5MSDRLDE1Yrzj0vhA,poruVZH9V5p3u170Pi3iYg,1.0,2008-01-25 02:53:06
nOpAuahhd7-lJ8BBlXIT8A,uMyf6tfLnTSpi2LdB-R84g,4.0,2019-02-11 05:09:57
nP49B4yD8LroTtzPnYcFnA,H_yVbOCHTEocWeXl6UXkIQ,1.0,2012-04-16 15:03:12
nPXVprOV3ioobtAc_s7-CA,-pyobEWdpZ6jUp42f3I2xw,5.0,2014-12-22 14:09:41
nR0n83vWjlS64eLSqJ_xaA,aDSXWJcBh94m9KPZ0X4x4w,5.0,2019-03-12 02:35:39
nR91y6KbMbaKEix8_8BoyA,WB-eQAgw88fbr15eY761CA,5.0,2015-08-30 22:39:14
nR91y6KbMbaKEix8_8BoyA,agVSLLsBwALvrLOr4ZzCFA,5.0,2018-11-04 00:31:25
nTO8xzeZqThnMIb3BFylQQ,Oh3Q3QfhMl2DArFiLUrT9Q,1.0,2013-04-26 18:33:54
nULyHeWtD4_Yb5Wv5TdX2w,NgEy0AX40Yg4Bpon61wbEg,5.0,2015-07-07 21:51:32
nULyHeWtD4_Yb5Wv5TdX2w,aYJjJMN8heS2PmkvsQzaZg,4.0,2015-07-07 21:35:06
nVQFCr4WmNyhGbkGkwZdYg,6c8eIawbCBu3FLp2kDraBA,1.0,2018-09-20 16:01:24
nVSWhxT4FKDV4krM6i3sNw,xdc0TbKkHMZN3N82oeq2XA,5.0,2021-05-16 19:46:51
nWRDqA-XXdju1jOMnN7QcA,0hIXH9jMdHov1VrLC8ujUg,5.0,2020-07-05 19:23:20
nWRDqA-XXdju1jOMnN7QcA,6_Gsn1ZxSosWb6mZusap0Q,4.0,2021-05-27 04:57:10
nWRDqA-XXdju1jOMnN7QcA,PeczUJRFYkZBvAyMxzXPSQ,5.0,2018-07-02 04:34:41
nWRDqA-XXdju1jOMnN7QcA,x1ukXOcMHlzKmTmfNIjyLA,4.0,2018-06-27 04:20:11
nXoMel2fnA_dbgtZgpS0Uw,B3tLDhsfgQIQ7T9u3K9-uw,5.0,2019-02-12 14:47:24
naZLLA4hQ2rALXHq3xLXrQ,U1Gao2oKgFaggpksDIctiQ,5.0,2016-12-13 21:27:44
nb5g2OniHBjRkt2giZTzZQ,EUkh0Qyf_Y4-B69w_z8n6Q,4.0,2020-06-01 20:12:43
nbNdy8S1aipjKPqWaUsfEg,6c8eIawbCBu3FLp2kDraBA,1.0,2021-01-31 01:03:57
ncIHRw4Vx3Wh9mZhLZxB7g,JsRBXqGj0qeMv77sNXha2Q,3.0,2018-01-19 02:08:55
ncIHRw4Vx3Wh9mZhLZxB7g,R2_2-KMIlpQ9besSEnWxfw,5.0,2018-01-19 02:27:55
ncIHRw4Vx3Wh9mZhLZxB7g,ww3YJXu5c18aGZXWmm00qg,4.0,2018-01-25 08:34:55
ncIXTTY8MUTXnovkpUn0yg,pUVRCYL8rT4I5Ry5FYkRsA,5.0,2019-09-03 21:22:26
ncZG-u2lwT7OaHaMa40CTg,EME5hqQLjBD7e2cLryupbA,5.0,2021-06-23 17:04:56
ncZG-u2lwT7OaHaMa40CTg,FEXhWNCMkv22qG04E83Qjg,4.0,2021-06-24 20:32:22
ncZG-u2lwT7OaHaMa40CTg,FaY_9x8ZtsuHe5wS2iJM1Q,5.0,2021-06-25 15:13:06
ncZG-u2lwT7OaHaMa40CTg,VVH6k9-ycttH3TV_lk5WfQ,5.0,2021-06-23 20:38:51
ncZG-u2lwT7OaHaMa40CTg,eCikDKFbaeYVNdCD2beX0Q,5.0,2021-06-23 16:12:13
nce2tMopGhsuSjBJ47LVJg,NIb3KBSmm4FivxoerbkwEA,1.0,2016-01-07 02:36:28
ncvgNeEsAIAuMWYFN2blhg,XkQadWW9bUR855KvPZBNUw,3.0,2020-11-14 15:32:57
ncvgNeEsAIAuMWYFN2blhg,kBCB53psaoKcHwv4kNByOg,3.0,2015-06-30 03:30:33
ncvgNeEsAIAuMWYFN2blhg,pAfC9NSwoRvUSHfPE3VIog,4.0,2018-12-22 18:05:05
ncvgNeEsAIAuMWYFN2blhg,u-wkhjV7CfvGJVY7hGULjw,4.0,2019-09-02 01:31:09
ncvgNeEsAIAuMWYFN2blhg,v2Z_d9d2GWCVUTtPg5ucRw,4.0,2015-07-05 01:14:10
nfDxw0duXMyPbPIjICYtmg,y8gjlpJA89qDRCLC0JQaew,2.0,2018-11-28 05:21:44
ng15Bty1Xh_NjessNvJrdA,N2n_nuiXb64ak0BNvIYEcQ,5.0,2018-11-30 18:36:51
nhlXSTW453F3587FKo-Rsw,dLLldDhrNbgQVIqf1vGJ4Q,5.0,2021-01-29 15:39:14
nhs5Tu98eG1KqAL3uypIeg,HV7AHORTkLqIfhR-tpRmzg,5.0,2017-02-18 00:36:54
ni5xnIKZH0W4_7nnZ7uFxQ,Pc3urwUFlzLyDP1qvsHQuA,4.0,2017-03-11 13:40:22
nj3syiLs3lABLtPVyL0ivA,tthy48ZIX_wfY8Dy0Dvg6w,5.0,2009-12-15 01:47:44
njgGeVTOIBSc_c0d8fxc9Q,oqy15jhe1lOXttEvd4Srog,2.0,2014-12-17 17:25:33
nkKn4niK18N70tkgj5zMrg,mPKqBWLSD8wxJLJ_4juY2w,5.0,2021-06-16 21:53:43
nkKn4niK18N70tkgj5zMrg,tthy48ZIX_wfY8Dy0Dvg6w,5.0,2021-11-19 21:02:42
nkN_do3fJ9xekchVC-v68A,9w-LZEkP1hf363G-OYvKDg,5.0,2017-04-30 15:24:24
nkVxroqpkPTrKtvP15L50g,7hRaOnXRRS8q620F6G4C7Q,5.0,2017-09-03 02:10:16
nkpE4v6AX5ayh_nDEVterw,nlVLzktT0RfgSw-ZL4qPRA,1.0,2016-03-25 03:01:57
nl79dT5D63AecUOJGa3e5w,KDzLMPTTLihnpcctZLmg0g,2.0,2015-02-28 05:38:36
nlQGyti20c07rpTSYYoNZQ,ab3pRv-b0o-BwMK2jVbH3Q,4.0,2014-08-15 13:42:32
nlTyF5K35PK5CjSl3aZ4ZQ,2Z5rz2PqzkNTkfLb44TUSA,1.0,2012-10-08 12:38:01
nmdkHL2JKFx55T3nq5VziA,Ce6B2-CYAjGvRZe3GKyxYA,4.0,2021-08-16 22:41:34
nmdkHL2JKFx55T3nq5VziA,VgAKmXE8B7J0I_O_R13UKQ,2.0,2020-03-09 21:57:25
nmdkHL2JKFx55T3nq5VziA,eX7o_-s5TmDT-DMfTV4cmw,5.0,2021-07-12 17:53:11
nmdkHL2JKFx55T3nq5VziA,uEv1I-0r82Krj4eEysjC4A,4.0,2020-05-12 14:37:04
nnImk681KaRqUVHlSfZjGQ,0hIXH9jMdHov1VrLC8ujUg,5.0,2019-10-14 13:46:33
nnImk681KaRqUVHlSfZjGQ,26107Pz4hjESgQ8J2c81rA,5.0,2013-03-17 21:08:16
nnImk681KaRqUVHlSfZjGQ,3dQaEBDWOyqDYhP3-ac7NQ,5.0,2015-09-06 20:25:10
nnImk681KaRqUVHlSfZjGQ,69ccjOpx2iFvr1y2qas9uA,1.0,2019-10-04 19:05:31
nnImk681KaRqUVHlSfZjGQ,6vWKezveJpsWgjl5Cd3l-g,3.0,2019-10-25 20:28:29
nnImk681KaRqUVHlSfZjGQ,NxyWNRXB3O-aBQQLx1ckrA,1.0,2012-01-24 03:31:42
nnImk681KaRqUVHlSfZjGQ,O1Cw2yzf4bCuKjbVTljqUQ,5.0,2012-12-31 06:07:27
nnImk681KaRqUVHlSfZjGQ,SxbqEgEwrGmtgvQAgM6kIg,5.0,2014-12-17 05:07:54
nnImk681KaRqUVHlSfZjGQ,_P0-D02F_0SgFUuJLtHK1A,5.0,2021-02-07 20:47:03
nnImk681KaRqUVHlSfZjGQ,dJfkfBbJz7wi0RgW-ph_Eg,1.0,2012-05-14 21:30:45
nnImk681KaRqUVHlSfZjGQ,kVrugngpixLsf4pNu4uzrw,4.0,2011-06-04 09:29:16
nnImk681KaRqUVHlSfZjGQ,llYsxQ0IuKh0HXULlqu6fw,5.0,2013-07-14 15:14:21
nnImk681KaRqUVHlSfZjGQ,mLsBTZoCV_Rae4pUfR7Ijg,5.0,2011-07-12 21:23:31
nnImk681KaRqUVHlSfZjGQ,rKx-J2H54p2eZIdn8JvJuA,2.0,2019-06-26 19:33:42
nnImk681KaRqUVHlSfZjGQ,tOBpyk5SKKgU4MAgX2xaEQ,4.0,2011-01-02 22:50:48
nnImk681KaRqUVHlSfZjGQ,v8IbZ6wcvdyGqWpbDKDvfA,5.0,2015-10-29 22:18:13
noYFSPIOkxs0luJbtIlyJA,GXFMD0Z4jEVZBCsbPf4CTQ,4.0,2019-01-05 21:36:16
noYFSPIOkxs0luJbtIlyJA,j5siJykDq7GWzgSdpOjhdw,5.0,2019-01-02 19:45:28
np5btu0wtRtUaFqR_Es08w,dGUyXgFW1WSYMgRypKaYew,1.0,2013-06-22 04:29:10
npwwfCa3PyrQ685y2ismJw,g2zwbLIqxtN9nGGuL43trg,1.0,2012-10-07 02:56:53
nr35WjC-YI0dFcsnW33Szw,1o9IdLrFGMS2o5Y8uXKC0Q,4.0,2017-05-10 20:55:27
nr35WjC-YI0dFcsnW33Szw,Df60BZXw3Kj9Xt1UlAidqA,5.0,2016-02-29 17:53:18
nr35WjC-YI0dFcsnW33Szw,EAPAK_XoJMXtUADVkB3xoA,3.0,2016-02-05 10:50:32
nr35WjC-YI0dFcsnW33Szw,Jzb2IQSwPfULWzdl9Bq5fg,4.0,2017-04-03 02:36:53
nr35WjC-YI0dFcsnW33Szw,Mr7Aov2n7wPCpwaUxk8lCw,4.0,2016-01-16 11:27:23
nr35WjC-YI0dFcsnW33Szw,S26FJcC298XNpN2cZiwOrA,5.0,2017-09-22 16:13:13
nr35WjC-YI0dFcsnW33Szw,Z_7P0pQYeMrGlC1vnOtEAg,5.0,2017-09-22 16:17:22
nr35WjC-YI0dFcsnW33Szw,_4bhVmlvT9dvqydQG2TOMA,4.0,2017-04-25 20:52:08
nr35WjC-YI0dFcsnW33Szw,aI3B47Y_AUYFP5K5JAYrlA,4.0,2017-08-01 16:01:21
nr35WjC-YI0dFcsnW33Szw,gBGD0dNvfLlQOAaZzCU1NQ,4.0,2017-04-25 21:51:16
nr35WjC-YI0dFcsnW33Szw,j3E_vGw47XpiEgTr-KiJUg,4.0,2017-04-30 16:51:02
nr35WjC-YI0dFcsnW33Szw,p_6THXiGLViyxYnOY8BzZQ,4.0,2017-04-28 13:29:18
nr35WjC-YI0dFcsnW33Szw,v4S374WpOOhojqpto-AaAA,5.0,2017-09-19 22:42:26
nr35WjC-YI0dFcsnW33Szw,vF_QwGltBpVesMMGclzB9Q,4.0,2021-07-22 21:59:18
nr35WjC-YI0dFcsnW33Szw,vUrTGX_7HxqeoQ_6QCVz6g,4.0,2021-07-19 01:10:33
nr35WjC-YI0dFcsnW33Szw,xmO9u_t1LspxV5iuF594Tg,4.0,2016-11-20 15:02:55
nr35WjC-YI0dFcsnW33Szw,z7em5co2qckbAXoDGXynsA,3.0,2017-04-23 00:48:43
nrgTQWPyqB_m6p-9Dx0DqA,4WdDY97x4GdMYtyk1KQMnw,1.0,2014-10-02 20:00:39
nt143HoSFyPLsVNaI1fGrQ,BS3Oi49x4vEPep1IFFiYSg,3.0,2010-01-05 19:38:26
ntJ0mR5D4JqJOzsYZV-cxw,VVH6k9-ycttH3TV_lk5WfQ,3.0,2015-07-25 15:43:27
ntOtORHKYXbx9kpO5N2vKA,Jn8bQ86NMVlCG3tY0YVLaw,5.0,2019-10-11 13:03:10
ntUPD_XLbwBXGUfxGm-KeA,2njTjQ35skXN171KoobeGg,1.0,2018-12-30 16:56:07
nu9OxU-eqrv7PD9fKM_xFg,YuTrJL0BStMGlvJR2QZebg,5.0,2018-04-23 03:37:40
nxNO7_6U2Nu90v0IdnEhIg,c56PgVwTX9LYQ0vqGU8mTg,5.0,2014-10-31 06:27:24
nxgDnTB1BfPjkriYCHjYQQ,Sz3sBE4sb4gambo5LDgjPA,1.0,2017-06-12 01:30:29
nyUf9ZjdEeOqEk3Z4Vl4pQ,qtlDqYE5Dnn-lztBw4qXrg,5.0,2018-10-03 23:45:40
nzbzrwLUrFwYF1eFNrK5Ag,fJ6AA9S7SEq3sim_3Sim3g,1.0,2013-11-06 22:39:39
nzsv-p1O8gCfP3XijfQrIw,XyYsl2OyoMi6OMvzsdcVoQ,4.0,2019-04-06 23:49:12
o-G2yAhca5Kqso7CYZupHg,CxXYiJBkq9kqsgtdagqVgw,5.0,2015-03-13 14:23:41
o0g89bEnHnmwPXQu9QJ6eg,BS3Oi49x4vEPep1IFFiYSg,3.0,2010-11-08 05:41:19
o0g89bEnHnmwPXQu9QJ6eg,ytynqOUb3hjKeJfRj5Tshw,5.0,2010-04-17 19:02:19
o1JVYrF_LnDpQwsmPpMSBg,PP3BBaVxZLcJU54uP_wL6Q,1.0,2019-05-26 12:15:21
o1JVYrF_LnDpQwsmPpMSBg,S2cKcdtOIDFyUfXYNPJUIw,4.0,2017-05-28 15:33:30
o1JVYrF_LnDpQwsmPpMSBg,dpqDfbNpcIERkXVoE5S9Wg,3.0,2022-01-11 18:42:19
o1PbIHBctIz4OEPZ9WMzCg,G4kmb7lGpbER5Jd2Al2TLw,5.0,2016-02-22 06:33:58
o1QAhT9-HOVzyso46he00w,onLwomlGswMhhmOEAeAVEg,5.0,2018-04-25 19:58:34
o1_sfJ71nrq5QrF00v3Icw,G0rJD85hUDQ0Omz0rOFeOQ,4.0,2015-09-17 13:27:31
o1_sfJ71nrq5QrF00v3Icw,H-1qpp_77KggOAr9htUrEw,4.0,2013-09-11 16:55:10
o1_sfJ71nrq5QrF00v3Icw,TzNk1TcWLZn0JCpO83hBAA,3.0,2013-09-12 12:32:58
o1_sfJ71nrq5QrF00v3Icw,YxWiv24PHCseiVvGlqKFrQ,3.0,2015-09-14 13:39:12
o1bxQ-yd6fb_KKPvFkZM7g,nDpgdmULZKgRgOypj-jWuA,3.0,2014-09-20 14:38:33
o2Or6xqxeWaE46tdzK0UGg,QLHgjBHBoeIUoEvIPvjHnw,4.0,2021-06-01 15:04:17
o2Or6xqxeWaE46tdzK0UGg,a32M9H9nkkPGKTKB5W27NA,4.0,2017-02-11 20:22:40
o2Or6xqxeWaE46tdzK0UGg,oGDGlUbOjHxmmCh8ZYcDCg,5.0,2017-02-14 20:32:23
o2iirO07Fml8NpmwD0NIDg,-VlBFlHwX-Pt6Xyzs9roGw,5.0,2015-02-12 14:33:07
o2iirO07Fml8NpmwD0NIDg,RCvzFRJoc4RZPwUSey1MeA,4.0,2016-09-25 23:52:34
o2iirO07Fml8NpmwD0NIDg,Ro1I-E9gwe3t67_jz2cMkA,4.0,2015-08-15 03:07:22
o2iirO07Fml8NpmwD0NIDg,dBOVfp8Ub8uO9qUPtw92_w,1.0,2013-11-18 04:48:07
o2iirO07Fml8NpmwD0NIDg,h2DidMy9Q9qyGlQ5xaecMA,4.0,2017-07-23 06:45:41
o2iirO07Fml8NpmwD0NIDg,qd-36RpoJTypGyvlRpRp2g,2.0,2016-07-28 05:33:19
o4TZ1rmRUVit0MJF1fouMw,ZEd_RWWRVGqLlM5DUiXCeA,5.0,2019-01-16 06:56:19
o4sI8lNUYhqU7IR5scgCdg,K1r1fGmCbrmC_V6Aj22Zew,5.0,2014-02-27 15:55:04
o4tYl3Hz0oDfpNn4k02DCw,GmXC3CBu172Bkb0c6RnO7w,4.0,2013-04-29 15:31:52
o4tYl3Hz0oDfpNn4k02DCw,uO39--k_hrCFgZh-Bl8m8A,4.0,2015-10-11 19:22:00
o5STsEtfvD1Ig0J7Z-1uxA,-jkc-0YYvwkBaNnNyiUHNg,5.0,2017-06-06 18:34:42
o5STsEtfvD1Ig0J7Z-1uxA,94Kq5YyU6C8cwgdh4_ozjw,5.0,2021-10-29 16:27:00
o5STsEtfvD1Ig0J7Z-1uxA,GST3wg-wej15vHeCvaXE6w,5.0,2021-10-23 16:08:48
o5STsEtfvD1Ig0J7Z-1uxA,PlaECqs3oPBRo47p85zkzw,5.0,2021-11-08 15:38:49
o5STsEtfvD1Ig0J7Z-1uxA,gGK9oTurV0N5UxPGUs3_sw,5.0,2021-11-02 15:24:37
o5STsEtfvD1Ig0J7Z-1uxA,gVU0U7gNBMQxKTzqmRtdLg,5.0,2021-11-03 14:31:55
o5STsEtfvD1Ig0J7Z-1uxA,inpHHalmEPkTMBg9yOWfLg,3.0,2021-10-27 15:26:33
o5STsEtfvD1Ig0J7Z-1uxA,jSYu2apG1uYq3eNzSA-OHw,4.0,2021-10-25 18:19:58
o5STsEtfvD1Ig0J7Z-1uxA,pIvX_Kw4f82baMUhRO6WxQ,2.0,2021-10-28 16:21:05
o5STsEtfvD1Ig0J7Z-1uxA,v_AbyvMdKUi_ac4A8nkG-A,5.0,2021-10-22 19:19:53
o6UJMpHcpLJEvmKLrxLS3w,sxuv5uZU15UHGT_HB1xYxQ,2.0,2018-03-11 19:38:57
o71PE1tGjRxuole0FwN8KQ,znx1v_c2IPKOXlYAbqFYvg,2.0,2010-03-25 13:46:40
o78X6jXeOVjmwk7lmhBJPg,aoBQW6IKzgE-Hst2r_oAEg,1.0,2019-08-09 07:42:47
o84KZeqgy0YGLmz5I9P-pg,7s5ImgKYDMrwYtFuNZuLjw,4.0,2008-04-08 14:59:20
o84KZeqgy0YGLmz5I9P-pg,XqSLir6xs3I6ntf-xIQzrQ,5.0,2010-08-24 14:39:28
o8Lo2pvM19nyYPBBycgSVg,-FM4CxOg4XXmX_Ebky_SiQ,4.0,2014-07-05 21:32:28
o8Lo2pvM19nyYPBBycgSVg,5IvBJJl3bemFixZ9uh_wXg,4.0,2021-06-23 21:15:16
o8h4yOIbvHRF1k5IRhz2kw,4WdDY97x4GdMYtyk1KQMnw,5.0,2014-04-01 02:08:16
o9eYgBjGV7bR-EGUGCpjLQ,31ADZa_GlIyAvvHTDrtdnw,1.0,2014-02-17 14:16:32
o9oREBM3WldaF7uPNUMPdQ,KdAWjL9MKjpJzEeI902qBA,4.0,2020-01-02 01:48:14
o9oREBM3WldaF7uPNUMPdQ,P5F2bWbjtNAnCPfahsCRsg,4.0,2019-01-06 18:09:24
o9oREBM3WldaF7uPNUMPdQ,cqPRhgzpPVtQBctn73k4pA,5.0,2019-01-09 16:54:17
o9uej6H3JbSx1UScuez43Q,GoGss2SqsUPwP0xcI9IUuw,5.0,2015-03-05 13:46:44
o9uej6H3JbSx1UScuez43Q,KiwskluQ7tMqZqvuf872vg,5.0,2014-12-14 03:36:42
o9uej6H3JbSx1UScuez43Q,QN38TkkGzF5vB1urbvi5nQ,5.0,2016-01-27 22:13:25
o9uej6H3JbSx1UScuez43Q,sf2Wl0jXs_Vq01U0wVB5gQ,5.0,2017-12-20 01:30:32
o9uej6H3JbSx1UScuez43Q,vl40Oa75v42jvJsHwpCGKA,5.0,2018-07-28 02:04:46
oA8x8UWG4Tf3aMFJ8evp8A,zjqh_qoBS1BWVSbC51BNjw,2.0,2019-02-27 11:19:30
oAhoFRRKomodbIx8jtKmKA,EmHXLffnzvntWzO6Ba3Atw,5.0,2014-03-29 22:22:03
oAhoFRRKomodbIx8jtKmKA,R4NUjB9RLfaZr2OcFfxB2Q,4.0,2014-01-19 22:16:11
oAhoFRRKomodbIx8jtKmKA,hV0rmTB2S2fYzjQKlHtKuw,5.0,2015-03-16 14:58:50
oAsTvd4Kw217pA40iEKuNg,T3Bbtht3jO2izyO6f6W8bg,5.0,2020-09-11 19:38:02
oC02m1BGWYEAfsjDFHLXIA,ynOYkpRAQIEGI-GGTByBKA,1.0,2012-06-29 01:34:51
oC4TiRyxCdXuPHDR6Ujlgw,-UJ7ZTb3zfmqZogmy3fnGg,1.0,2012-09-19 19:15:09
oCnDssRqHimVgEIwVJOfWw,8A5LSwsKK5vXDH1M3_Tf1w,1.0,2014-09-19 13:01:21
oCnLbe9OGnpyQBY4E90bVQ,0oSSjekU-3GR8gselReWnA,4.0,2011-03-05 02:42:44
oDlWqLWOJ-AI_wCRS86PPg,ZTctPm8-lBy0iJ9dFhYhyQ,2.0,2014-05-20 22:19:58
oE2ecwmrGKlGYHInhiwz_w,-rCB_kCW-u84S-CQir-lng,5.0,2012-07-24 03:46:20
oEq7CjIuTE11o7DFby6xHw,K7KHmHzxNwzqiijSJeKe_A,5.0,2015-09-09 18:51:53
oEq7CjIuTE11o7DFby6xHw,X6_5_b4gVKo83VPn0FyONw,4.0,2017-01-03 14:12:19
oF20BNxcphfedn93Nfwd9w,TDRw3TX_lMAqwsHRfVOiRQ,4.0,2020-01-20 06:17:04
oF20BNxcphfedn93Nfwd9w,_4bhVmlvT9dvqydQG2TOMA,5.0,2018-01-05 02:03:42
oF20BNxcphfedn93Nfwd9w,gBGD0dNvfLlQOAaZzCU1NQ,5.0,2017-03-03 02:15:48
oF20BNxcphfedn93Nfwd9w,vWjME92WddneF98IqzaNfQ,5.0,2014-10-07 19:02:04
oF20BNxcphfedn93Nfwd9w,wMWRpzjKgwIef2yJ41RCGw,5.0,2015-11-25 20:23:02
oFT6DDu2fTIg_5_2M112yg,OR7VJQ3Nk1wCcIbPN4TCQQ,5.0,2016-01-21 17:13:18
oH_Wpe4ueR1DxJjSY8CCTg,zC_2cSAkMKkSAykOk72LcA,5.0,2011-10-29 19:49:43
oHbFel2CMofCxfTy8abZlA,Cjwb7VQGP0u2eWYj1wnO3g,1.0,2019-06-08 16:24:14
oHhRC9McudrS2c-DaaGQUA,wj8XtPyuREj8_0GQz3LZ6w,1.0,2015-08-24 19:17:41
oHjUPJHEOGJsrPqu3B_MnA,4WdDY97x4GdMYtyk1KQMnw,5.0,2012-11-18 06:39:22
oHjUPJHEOGJsrPqu3B_MnA,5fCpIolPWznGdz3D6hjrvg,5.0,2013-08-12 04:42:14
oHjUPJHEOGJsrPqu3B_MnA,8lkst0bYgdXr8CRQv6NloA,5.0,2014-03-10 05:23:26
oHjUPJHEOGJsrPqu3B_MnA,EV4f9j7k5P3ItvJAGu5AWA,5.0,2019-12-01 21:41:29
oHjUPJHEOGJsrPqu3B_MnA,Jy1ivHnSRtNNA6snZSAKBw,5.0,2016-03-02 17:52:53
oHjUPJHEOGJsrPqu3B_MnA,Meww6RIE4cFL_kG0aRlbAA,5.0,2020-04-21 03:44:51
oHjUPJHEOGJsrPqu3B_MnA,OPW8NuOC_9FVFXsaHOO5JA,5.0,2016-09-06 03:39:02
oHjUPJHEOGJsrPqu3B_MnA,SBtjW_pKw3XaOKtKAavWZg,5.0,2013-08-14 05:09:50
oHjUPJHEOGJsrPqu3B_MnA,UnMFhoSEJtPBxARhJiKYKw,5.0,2020-11-20 02:18:09
oHjUPJHEOGJsrPqu3B_MnA,j8JOZvfeHEfUWq3gEz6ABQ,5.0,2015-03-02 05:53:23
oJ6oWNhA8NCOqoWveKd_Hg,fgTOJRkc703E4XRdcr5zRA,5.0,2014-10-14 22:54:28
oJp7znV0fSp0kMMaOuYpsg,vR-t8pg-ARU9Z-ssT2aRdg,4.0,2021-04-29 23:53:03
oKEcgplgzi4Nid6bexXY9Q,foFpx3znhLJvnplex8aqww,5.0,2015-03-16 16:28:40
oKEcgplgzi4Nid6bexXY9Q,vAoCutZiiFsaZ7i8EQromg,5.0,2016-04-12 02:11:41
oMCYSVLYYwfepmXjr86g3Q,poruVZH9V5p3u170Pi3iYg,1.0,2013-12-17 20:23:26
oM_H0lSJDGM63K7kPx95dg,Wr2k0Vz8RbcumYulp-jIrA,5.0,2018-04-10 00:39:48
oM_H0lSJDGM63K7kPx95dg,lRznUOtLYY2GP_dvc7kmYQ,4.0,2018-02-16 19:49:46
oMnFkK9cYqoCVRKt8yhp3g,pAFtOcz710oLQ-e_J6AIzw,2.0,2013-12-23 00:26:01
oN9x7xa6aitLx1QBVW_laQ,IkY2ticzHEn4QFn8hQLSWg,1.0,2014-02-06 05:29:15
oPCL1w4043guov6mj-rRcw,IKF8XeK93NsQxrXQvdGZmA,5.0,2021-01-31 17:04:35
oQYTjUoaKgn0cA66FF1QQg,TDKBPcViJQDMrdUm6a9XZA,5.0,2016-09-28 22:08:41
oQYTjUoaKgn0cA66FF1QQg,mcr1lAEdvGLMJhuPwI3I2A,4.0,2017-07-27 01:01:21
oRFa3bx6JkVxBkvDDe2JeA,0msaBRr1q6IV0jGOnamlfA,4.0,2021-05-20 21:57:22
oRFa3bx6JkVxBkvDDe2JeA,X_E7U2lVNEwbH_gpOBmAHQ,4.0,2021-06-26 14:54:58
oRhadNRLAZRBSvk5u6gKhw,HoKH4Rk7wHfVT-60aYIYwA,1.0,2014-12-22 23:09:42
oSeE_p_gYxI82APPWJhJjg,Oun4NN-u5yiHIxDqtJnxgA,4.0,2012-03-01 02:07:58
oSeE_p_gYxI82APPWJhJjg,Qf4e6amvsjdKgz-b02gvUg,1.0,2010-01-08 20:36:14
oSjxHFZjcuY_PX07a9Fm2w,3iR4vRtg9yc55_OnMdGQLw,4.0,2018-01-10 19:06:33
oSjxHFZjcuY_PX07a9Fm2w,ObkVEcYUuf3efg-0V_WYfQ,5.0,2020-02-13 03:25:20
oT4-j7Kht8P-8EfE9FZCKw,OJpwmYvsZnXt62sxco3F0Q,5.0,2017-01-10 01:51:45
oT4-j7Kht8P-8EfE9FZCKw,wl7rFbvRUstwyB2vRDW6IQ,5.0,2017-10-05 18:59:54
oUEDCGMW00H4BFoaWVjv_Q,Bp2AWqJLBJoBjBwh85rDAw,1.0,2012-06-24 07:38:38
oUst55rUuv2nKEQ0FgJ5GQ,L9wEU391_zUl9eWe7RtxKQ,4.0,2016-04-03 22:05:43
oWI2rSsR1YruJX8Mu13AKA,DVBJRvnCpkqaYl6nHroaMg,5.0,2021-01-17 04:19:38
oXBhr-GbxjceT-g1UjBqLw,C3RFTpNj8_4Yz9gtmGeH5Q,5.0,2017-09-06 03:15:09
oXBhr-GbxjceT-g1UjBqLw,EmN6j5PKKUL7DkXnM267aQ,4.0,2021-09-15 00:34:01
oXBhr-GbxjceT-g1UjBqLw,a9-gYc8CKX6qbf4GX_VawA,5.0,2017-02-07 18:31:12
oXBhr-GbxjceT-g1UjBqLw,kdG6HXfXPk6YKZ6lkURaEg,4.0,2021-09-15 02:26:39
oXBhr-GbxjceT-g1UjBqLw,ytynqOUb3hjKeJfRj5Tshw,5.0,2019-06-19 00:58:11
oXHd9HUOGd9Lk_3nUNDYVA,xYEeA5rK8nQxSbETixCQbQ,5.0,2009-06-29 23:38:05
oY92RuxFvTCCVRwBWxZ6oQ,LD-IB5vYI18lEA-QlKY6tA,1.0,2013-07-05 05:35:56
oYn4yU4hI8w9vMQkR9bx1w,V2xSuNLZb6QAb7GdNkI3rg,1.0,2010-08-23 23:51:25
oZr4GjhaGl8vZJbiYYnvtA,F3b3-mmClvVPUT0WvK_guA,4.0,2013-09-14 01:17:25
o_Rh0x0AKTwniScJrHs5rA,pKONQc8eYlnF0L54YpJdQQ,5.0,2020-05-13 20:46:51
oazuTtSyKV6zrhbsgbdbUQ,4QMIJJWQOh7zpEwOXhFJqw,5.0,2017-05-21 18:26:18
obccZvZOAyI3XMZEKHkOIA,Pc3urwUFlzLyDP1qvsHQuA,1.0,2013-06-25 18:36:11
ocFniU3muXVYiwB-ieuMHQ,QJcjW79f5k_HLg5_KgjUtg,2.0,2013-07-27 00:17:46
ocSmiCHL5R9bBZTBmk_ryQ,Vf0inZOaad8sv1uG8mGIGw,2.0,2010-01-01 17:54:58
oeFiWvoOG0hpMOXXxblfyQ,3dQaEBDWOyqDYhP3-ac7NQ,3.0,2015-08-31 13:07:34
oeFiWvoOG0hpMOXXxblfyQ,B1OjiK9Bx5t_mIm9I6mZ-Q,4.0,2020-03-12 19:14:49
oeFiWvoOG0hpMOXXxblfyQ,BWkiW0r0h7ytdbWMhay7wA,4.0,2020-02-28 20:49:51
oeFiWvoOG0hpMOXXxblfyQ,Dkd-YyNmNwVs8PzmEaTIXQ,3.0,2015-08-02 23:50:54
oeFiWvoOG0hpMOXXxblfyQ,EP2jFD3aGoSBCWb7irY5-w,4.0,2010-02-07 00:40:48
oeFiWvoOG0hpMOXXxblfyQ,IQVNuWMkBBS0Oeuiy1xiig,3.0,2016-01-13 13:31:42
oeFiWvoOG0hpMOXXxblfyQ,K0oRQuRcTkrS-sQlfH5JMA,2.0,2020-03-12 19:15:47
oeFiWvoOG0hpMOXXxblfyQ,RW7yGyblB2pU6VT56LRCiw,2.0,2020-03-09 21:07:43
oeFiWvoOG0hpMOXXxblfyQ,SQmg_3x5JkjMl-16tjqjUg,4.0,2014-06-20 18:16:20
oeFiWvoOG0hpMOXXxblfyQ,TUCqijHJjzFJhtYhAzzDzQ,4.0,2018-01-06 14:19:40
oeFiWvoOG0hpMOXXxblfyQ,YKFGSDwaJx1qNYoNf3BarA,3.0,2017-02-07 17:37:08
oeFiWvoOG0hpMOXXxblfyQ,gLhl-yhJ8v15Bt8edl4T3g,5.0,2009-01-06 16:22:20
oeFiWvoOG0hpMOXXxblfyQ,gytqFU8j-b6dpNcLEwMDYQ,4.0,2019-11-27 18:43:15
oeFiWvoOG0hpMOXXxblfyQ,kVrugngpixLsf4pNu4uzrw,4.0,2012-01-13 17:24:44
oeFiWvoOG0hpMOXXxblfyQ,poUBW6Ssag7DeRzecF1ojw,4.0,2017-08-28 16:43:32
oeFiWvoOG0hpMOXXxblfyQ,urp71wTOT5uVuw0RsJE3MA,5.0,2009-07-25 23:55:58
oeFiWvoOG0hpMOXXxblfyQ,zIAYfpeYbnADNwJzVcGE8A,4.0,2015-09-11 13:05:14
oelaxNtXYexSlty5UjNnVg,l6cY2ndR-6GmqhVeuA0VgQ,1.0,2016-07-12 23:31:42
ofS7M8HgmXUy6_OrZUL5lw,egDsfkn6ZYrYRnlGe4I94g,4.0,2017-08-16 04:32:50
ofeLGyYo5yACoVzahgExZg,2bxZhBk8JZkJ1GqfTB0cUQ,4.0,2019-01-25 02:44:43
ofeLGyYo5yACoVzahgExZg,PP3BBaVxZLcJU54uP_wL6Q,1.0,2018-08-28 21:06:57
oh0P9_zRrIBPXFXKSnzobw,9kFMEa74Y79PKFGVO7dIPQ,4.0,2018-03-04 04:12:54
ohEm5Cu_2GrK1yKh1cFD3A,DhZVpgeBKxoLd91MiwTxpg,2.0,2016-10-26 01:18:26
oiB8fJMd96MNUugca5cvig,2dlQX5sP9X6Dlm1MmNOlSw,5.0,2016-04-20 16:41:16
oiB8fJMd96MNUugca5cvig,SqnMmUeoWrc5g66wAHOq4g,5.0,2017-03-25 22:09:47
oiB8fJMd96MNUugca5cvig,YdsPB-Wl4CEo56qaFTTlGQ,5.0,2016-07-16 19:09:04
oiB8fJMd96MNUugca5cvig,yGH9V9WTNGSZ6AHOW3kH-w,3.0,2017-03-24 17:09:03
ojc6MnSQqTN4S0-ibVsUVg,ka2XO8vL_PqCS-xk3SVauA,4.0,2021-06-17 22:31:31
ojeL33p_IOE_l8sUHYadeQ,2njTjQ35skXN171KoobeGg,5.0,2016-09-06 22:59:14
ojiN3u-8CVBPBisohY9_5Q,vUrTGX_7HxqeoQ_6QCVz6g,5.0,2020-01-06 15:55:29
ojyWQJtQ_ESVDvqL-69tLA,CxXYiJBkq9kqsgtdagqVgw,5.0,2013-05-03 13:13:05
ojyWQJtQ_ESVDvqL-69tLA,ev8KX9xeLe9fP9y-vV81tQ,4.0,2013-05-10 16:49:28
oknU9tuT6R16XlolOBnWHw,rWjFmr0hhi2w8IwMu162-Q,5.0,2013-12-11 20:18:56
om5YUf6LzeIFD2Vzx8myGA,_EqGhRXzlUaTpu5eToC8MA,1.0,2013-08-12 04:42:34
on8U60ad3CWezGjhTETGUw,lPx8jUBfK1K6u3UgowU5mg,1.0,2020-08-26 02:28:30
onNYlENuKUfA0kHGJ8brWA,9ruUYAz35q6mgUpxb5zZhg,2.0,2013-12-11 19:58:18
onQsolCnpHwtOZCIuI91vQ,5lvHhLX7-8Mg7Jg3efhwjw,5.0,2021-01-06 18:14:59
onQsolCnpHwtOZCIuI91vQ,WIY7S0HgG-pnHPARn8gFkg,4.0,2022-01-18 14:46:38
onQsolCnpHwtOZCIuI91vQ,WnVNjr9zVEpK85T7dbAfEg,2.0,2016-01-25 19:37:24
onWDQwgQNKp5CAUlMWVu1w,gMbsb4mAs8gkVVOcq0MmCg,2.0,2012-05-24 13:12:55
ooHF-vRzlkyN9UEVMKocAQ,5rSg5FARufPsy_ACLLhy-g,4.0,2021-12-26 12:32:24
ooHF-vRzlkyN9UEVMKocAQ,Jxe_xzKI4vFNHG_mG-04jg,4.0,2021-12-19 20:27:55
ooHF-vRzlkyN9UEVMKocAQ,W-GmQyyKIskcS3u7nHprtA,5.0,2021-12-26 17:44:34
ooPAEYfz67q-rKKZbqHuow,6iqDIQCE8sq7Xq1xvhG1Tg,5.0,2016-12-12 21:37:47
ooPAEYfz67q-rKKZbqHuow,ZTkUPKhgLBpEbNDo8Mi2xQ,5.0,2020-07-13 22:37:16
ooPAEYfz67q-rKKZbqHuow,_qdWW_AhhkW8jPs6HEtEfA,4.0,2017-09-26 15:46:39
ooRFU_Sx1YsBEZHo5LhPDA,NT5S6JV5wPwKOd3s3Yh1zQ,1.0,2011-01-18 07:36:16
oqbqGlV0J3yZ09iQopXPkQ,8gY3LGFUMIQubovGbSd7Nw,1.0,2012-11-14 21:56:10
oqwdKDpUl4toyahY3FW5cg,yFpOyYTVc2p2I-vNxe4nQw,5.0,2015-10-24 21:20:42
otulukyV-U8qR9Oqjm5EKg,ggNLqZxILZgGabRT_NPS_A,5.0,2021-03-05 16:09:11
ou6T6K7vDEveO7BXMl1N0w,EpFFiPHKx9yP-WqOCuxRCw,4.0,2008-12-02 20:23:15
ovUBZdJI16y-qasoqnGt5Q,8lkst0bYgdXr8CRQv6NloA,5.0,2012-05-06 21:22:44
ovUBZdJI16y-qasoqnGt5Q,EBonJ5tjkxBEUezwosVlLg,4.0,2013-07-19 14:42:10
ovUBZdJI16y-qasoqnGt5Q,Jy1ivHnSRtNNA6snZSAKBw,5.0,2013-09-17 13:42:30
ovUBZdJI16y-qasoqnGt5Q,XNllgtbX8Er5sixIrJMEoQ,4.0,2013-04-19 02:33:30
ovUBZdJI16y-qasoqnGt5Q,xZileQFJ7h-0QKjtGc9xgg,5.0,2012-01-31 00:33:52
ovq6MrgSLj8eUYlUY0dUiw,znx1v_c2IPKOXlYAbqFYvg,4.0,2010-04-27 04:16:29
ovsLfNfqY1a1tPjsQ8xeHw,SJPnC_1BEXUxvU2Xvn9rug,2.0,2017-02-07 17:31:39
ow_UcjjTpoUR_eAi5yQSEw,GBTPC53ZrG1ZBY3DT8Mbcw,5.0,2016-11-11 00:54:26
owwK10RJra-x8WsJYA_JiQ,UxNB5QSIiLepKdMHeU0qig,1.0,2013-08-07 13:20:01
oy-K-bNNFy2O9rwKC3dteQ,9cOgjbxMXq1bL5dJikc6pg,1.0,2015-08-01 16:49:34
oyXIV-9GRBBZrFydPCaR2w,-FM4CxOg4XXmX_Ebky_SiQ,4.0,2015-04-20 18:13:33
oyXIV-9GRBBZrFydPCaR2w,3NsTKp85H2FUjr1SURf0NQ,5.0,2020-12-28 22:15:08
oyXIV-9GRBBZrFydPCaR2w,FpNhzu3w0XgyedhOLDuK8g,5.0,2020-07-28 05:02:58
p-cjyOxCqBncdzeyVYaCCg,4ADeBcc3O4zmTrp60H4O_A,2.0,2020-11-18 00:45:05
p0MlckLEPUEmu6BjRd4Mzg,PM_WuWyoqrKf20vYcD6ihQ,4.0,2012-05-27 23:56:27
p2RjHD54UYD63Yw08Ch62Q,HoKH4Rk7wHfVT-60aYIYwA,1.0,2017-03-19 02:06:30
p2ccYH8esXucuDqSD-h_sQ,KHe6HAqmyioITwTvg9Bbcg,5.0,2016-01-06 18:55:39
p3s7gN4kYXNwL-CXIRUqiw,4iu7fFErsz7LS298z4bk8g,4.0,2014-12-26 16:37:34
p4UcEYTLJyh96o1R8wrJaQ,H-1qpp_77KggOAr9htUrEw,5.0,2018-09-03 01:59:06
p4UcEYTLJyh96o1R8wrJaQ,oGDGlUbOjHxmmCh8ZYcDCg,3.0,2016-07-21 01:15:52
p4dved0OUoh-lKaXSTdCXA,WYY48I1MVYSmVdd_ZQ1EOQ,4.0,2016-12-06 04:30:11
p571EFNKRyjqEvuf22HB4Q,q2rR-v9ZStix89t7ihyuqg,4.0,2021-06-21 14:09:09
p5eKzfGUZ7duXbDM0AM5bA,Dc9UvOn_v9-BU9Rn6l4ejQ,5.0,2013-11-05 01:01:33
p5eKzfGUZ7duXbDM0AM5bA,mSQ6nIPfqviBF8xIuhsJ7A,5.0,2010-07-12 00:16:20
p6RurvWCPEqR8PP4siwiVA,qBwOLby0sOJd3QG1o76W2w,5.0,2018-11-18 15:42:30
p6RurvWCPEqR8PP4siwiVA,ytynqOUb3hjKeJfRj5Tshw,5.0,2018-07-27 11:50:52
p7EenBVcJG5BSpt4SQTOFw,BN3LFoIi1AFQ4IZhvrMXsw,1.0,2014-05-15 06:01:28
p7OZx3RIeJPxSM4hP6wqEA,Bp2AWqJLBJoBjBwh85rDAw,2.0,2013-08-07 01:53:45
p7PDbz81PfqWRcNELcP86Q,KHe6HAqmyioITwTvg9Bbcg,5.0,2012-10-07 19:34:31
p82Oi8n25KffU7SV5yyYzQ,Qw7tz-UkPrpXaVidWuab4Q,5.0,2017-10-25 02:13:05
p8KJOjlQ2DCT1N0mHpOZGA,am3QhsWBeUfKwW4LgBIF6w,1.0,2011-08-08 04:42:45
p951o8o4e3cHC1DSyiKP7Q,ZmvCkhsCOWqA7ikXlbIr2g,5.0,2021-04-14 15:43:17
p9EVn2HV6nF8BMDphSu91g,jL251AHFcygyUEfAAF3h2Q,1.0,2020-03-15 19:53:29
p9vAOd-h58DhUBgIVwSqKg,MDtu8_LFbbkCgzCzIoEWng,4.0,2022-01-05 22:43:09
pAL87DkCLBtOCjKcGzZiEQ,CFBnmxqAm4vX6v4BFye70w,2.0,2009-12-09 14:46:27
pAL87DkCLBtOCjKcGzZiEQ,qFsh80AAL90tkOc0n98bqg,5.0,2011-01-03 16:03:09
pAL87DkCLBtOCjKcGzZiEQ,ziMvN9iVXWQJrBtzcEONMg,5.0,2010-01-11 21:21:32
pBWWyf-km3s-299Wdz1RPA,3zI7Ka2_ZsKh4UwbSFnXdw,5.0,2015-08-16 00:58:54
pCkb46E5BULDmd2u2_jU1g,6h7C53qLfwM7v3zKRqG0yA,5.0,2012-09-16 23:00:48
pCkb46E5BULDmd2u2_jU1g,znx1v_c2IPKOXlYAbqFYvg,5.0,2010-07-01 03:02:29
pCpZ6KF0vCOF3fyj9W8iMg,6fvE5PQQ8mldsMDU8IsQSQ,1.0,2017-01-25 16:06:35
pCpZ6KF0vCOF3fyj9W8iMg,P_TAcTKHmzQI4OPBDi7UFQ,5.0,2017-10-07 14:06:07
pCpZ6KF0vCOF3fyj9W8iMg,aeIWVa6G54UUo6yloJkyJg,4.0,2016-11-17 23:45:03
pDdpw_DYXXgtN9FPPi9QXg,VGXVIUK1l80w3W9HtPyHQg,1.0,2019-01-19 14:23:35
pF6b7enPFGUm7Esk0fMcoA,GBTPC53ZrG1ZBY3DT8Mbcw,4.0,2017-10-28 13:16:01
pF6b7enPFGUm7Esk0fMcoA,VNvJuCTMdGBj4lwC0L1Ghg,5.0,2018-01-25 13:23:37
pHAXWbzL3Zubw75DKXM2ZQ,18eWJFJbXyR9j_5xfcRLYA,3.0,2021-04-05 05:33:58
pHAXWbzL3Zubw75DKXM2ZQ,d25F64cGmUUlr3z7KytQeQ,5.0,2019-10-16 05:45:05
pI44KNBxtO_BeYM8KVx9BQ,6Ty-KKWq6hLZYW8DWEHYvg,2.0,2009-02-07 17:55:34
pJALqPYTjzoV9xpd34WB6g,iSRTaT9WngzB8JJ2YKJUig,4.0,2011-04-05 03:00:06
pK2w9UgmSe-cSqIScplZKg,iUZEGx29miZObLd6_lt7Vg,5.0,2021-04-23 19:10:23
pKlNbjLk4beS7EugMzg1iQ,dNC6G1FhDVQA5D58Oyg06g,5.0,2017-10-26 18:02:46
pLE9PzQ-3BNFbGjrMSxo2Q,HgPTy_OGoaxllb2EXkC1sQ,5.0,2016-03-19 17:13:37
pNdo_Y8k6nxuLkQ0h1pzgw,sqjixMtnm0jRnPfRLzQczA,1.0,2021-01-11 02:09:17
pNhB2Qr9OMlwhKiKAjUxnw,Gekeq1c-fuezmx0PSGQvzw,2.0,2018-06-01 16:57:35
pSUp9rQHnNHzzYHMMd_mVQ,aDm4JESclYP_L2tY_sqaDA,4.0,2015-01-19 07:42:14
pSUp9rQHnNHzzYHMMd_mVQ,wMWRpzjKgwIef2yJ41RCGw,2.0,2010-08-16 03:47:41
pSp_9luw5LaKHV-t1VAYag,H1lSVZSPz-Mz0P3g7o-SYQ,1.0,2020-12-06 22:14:29
pTGOYPbTtPJ_qlDvP3pxfw,6djwQL1FOoe0SZONQHjhrw,5.0,2015-10-26 02:51:19
pTvR_xN-sWY5-jakTKw1ag,0_J_SEJLxSjHcFfGgWeWow,5.0,2009-10-28 12:16:42
pTvR_xN-sWY5-jakTKw1ag,0s-BXJhYQc_mLFjHD4Xbww,4.0,2009-12-01 21:18:48
pTvR_xN-sWY5-jakTKw1ag,dISs1oH_xeNAOOEcmJiGZQ,5.0,2009-10-16 22:56:40
pTvR_xN-sWY5-jakTKw1ag,ovidzHT7tgT7QWwIRLYV9g,1.0,2009-09-21 17:50:00
pUNvLJwdJIOemOgU98mp1w,4UDm69SbXGjjlbVVy3GNcQ,5.0,2021-02-24 22:26:03
pUNvLJwdJIOemOgU98mp1w,7mpYTDb24SywNMRn3yeakQ,5.0,2017-01-25 16:15:50
pVoAyKAT7VGyPC5xktUkMQ,9KiDjwHiQbHBV6iSTvIz7Q,5.0,2015-12-08 17:28:55
pW5L2bEpxC5Kmn_-gozRCw,HH9x7WcNQR3cnwkHo_YL0w,2.0,2015-01-13 04:26:32
pXj2cuZRfa32cru76GGccg,mlT53d4uAbe2_W4eDP1TYg,1.0,2016-08-09 18:03:04
pY3RhoJEba2gCYajXi3qfg,LIcsCCOYqBO9k2tiO4Mrow,2.0,2019-03-30 17:22:17
p_-PUh3EtpMG6xnvXCWmbA,0IKbUmLM8pWn9t-Epf19iQ,1.0,2015-03-11 00:56:54
p_vLBzZ2AaWL3HHDPoHbzg,uJZgom8HpK74xz8IojpT0A,1.0,2014-07-23 22:29:39
pamPk2N-OrlMjrY_cFJN5Q,8iMubtt1hTafu5YhEzvZVg,5.0,2016-03-07 00:19:52
pdKV8bzFP0itnRPzL0nhOQ,WSx9-iYYyST_umny9sJBFg,5.0,2021-10-15 01:56:41
peuxbSQwXed-81cSqL7Ykw,0jpFptAehZhLl3nkhHDanA,4.0,2017-11-30 03:21:04
peuxbSQwXed-81cSqL7Ykw,FH0MVF7kK0D76Hh4e7hXfQ,4.0,2013-06-05 15:14:43
peuxbSQwXed-81cSqL7Ykw,H4Zf42Q3I8JyQ-V5l4dJrg,2.0,2013-04-04 00:50:05
peuxbSQwXed-81cSqL7Ykw,PDTart2-ChFYdNjECtreQg,4.0,2016-09-08 16:12:34
peuxbSQwXed-81cSqL7Ykw,b5hxsRw76UUXcotxlCipuQ,4.0,2013-06-03 15:04:34
peuxbSQwXed-81cSqL7Ykw,f3eve2cxUIzyanWnHdMtFQ,4.0,2017-11-26 22:08:45
pf4ZArZ0xFtqUE4UYqksEg,9gOB2Tqc_LtvSRDxviFlHA,4.0,2019-03-31 02:38:41
pf4ZArZ0xFtqUE4UYqksEg,B6Lvq3sOYwhKxPzadDka9g,4.0,2020-02-29 23:48:27
pf4ZArZ0xFtqUE4UYqksEg,zCELc_Vqc0EbnTwbkpUIEA,5.0,2018-03-09 16:56:34
pfLbnuY7SAacCKH-6jd-Dw,GXFMD0Z4jEVZBCsbPf4CTQ,4.0,2019-11-24 02:56:38
pfjxtVrBq3TyYCABiKIp3g,of-GVqY0G_UDHXT9Xg_ADQ,4.0,2019-06-23 15:04:35
pgQurApfbrV-rPKZKYo-Tw,dJ1ihpr-XH-Nt-CVrnJE9A,1.0,2009-05-12 15:20:11
pgQurApfbrV-rPKZKYo-Tw,l5cKnwfmnaG4QRZl7ZyNuA,5.0,2011-06-07 14:39:39
ph-z84q-N7YBGIR4S2wXAA,DTGg9ECF88UqbVHxWSDuHw,3.0,2018-12-31 01:22:47
pi11rKWFwxaUmSPX5fYZ9g,6jKFWxE2fJIhfwbYgwqcfg,5.0,2017-12-09 15:56:13
pi1z1fB2kutuXcRFEwPIjQ,nxdtFZh00Bdzf_OUNYdhYg,3.0,2015-05-21 11:06:48
piCI2ZaEeWkgkt2HSl-EBw,eUxD-l-Ddr1iMmzV6prNFw,4.0,2013-06-23 01:06:58
pik-8Iakk4QGi4NhNE9kTQ,O6RCCmz8-x4NhWJpI8KQug,1.0,2016-08-06 05:35:24
pkXWe1exvh-aVqYupbiLGQ,T6c7iPO8Y4t_GQiyevZbiQ,4.0,2019-01-22 16:32:25
pkXWe1exvh-aVqYupbiLGQ,a6J0Jq1GJ6Shk-L10Bp6Cw,4.0,2017-02-07 20:48:29
pkXWe1exvh-aVqYupbiLGQ,yyvFGYfw0azW5mA_th8ndQ,4.0,2017-08-28 15:24:58
plaAwbdAV_kua1K2ztZHVw,6GePX4W6Cl8LD68zUq_MAA,3.0,2008-08-02 18:21:04
pm7K54T6OmsDHREtiVBWGQ,ytynqOUb3hjKeJfRj5Tshw,5.0,2016-11-22 09:29:50
pn-dpgK1BB7Zv5pcMHircQ,muCelHtTlX5PrJd8JKkf_w,5.0,2018-06-05 02:24:17
pnTiEaqM4slogpY97n9Kvg,GXFMD0Z4jEVZBCsbPf4CTQ,3.0,2018-04-11 20:34:34
pnTiEaqM4slogpY97n9Kvg,UfWjaifeYmyldKxlEYI9cg,5.0,2019-04-23 17:36:28
pnTiEaqM4slogpY97n9Kvg,WUCm48LSSxeN3mZknFK7Wg,5.0,2020-05-14 23:08:32
pnTiEaqM4slogpY97n9Kvg,Y2Pfil51rNvTd_lFHwzb_g,3.0,2017-04-11 01:57:55
pnTiEaqM4slogpY97n9Kvg,kKPJLiHIr9Gd9sYs3GhxDQ,5.0,2020-01-24 18:37:36
pnTiEaqM4slogpY97n9Kvg,vN6v8m4DO45Z4pp8yxxF_w,5.0,2017-03-29 00:55:17
pou3BbKsIozfH50rxmnMew,0OJ6J4AoqpxjwQPp159lcg,4.0,2020-05-31 23:55:05
pou3BbKsIozfH50rxmnMew,0ZsqqzHu1HHkDdIKoivi5g,5.0,2016-08-29 15:33:19
pou3BbKsIozfH50rxmnMew,1ESz9IvQZbTh5i_UWmJcEQ,5.0,2015-12-01 14:57:43
pou3BbKsIozfH50rxmnMew,26107Pz4hjESgQ8J2c81rA,5.0,2013-09-26 05:44:56
pou3BbKsIozfH50rxmnMew,2KIDQyTh-HzLxOUEDqtDBg,5.0,2014-10-12 04:30:22
pou3BbKsIozfH50rxmnMew,2TK1p6uIO7dHDWOQeit0Fg,5.0,2018-05-04 14:02:16
pou3BbKsIozfH50rxmnMew,33zxFqIOe6Yg8qPXKkhUjg,5.0,2018-03-16 13:30:04
pou3BbKsIozfH50rxmnMew,3WC9HidyqFisiDxP1dcFCA,5.0,2016-02-07 03:55:47
pou3BbKsIozfH50rxmnMew,5SbXk54zWe22jg95R-8Fjw,5.0,2014-06-11 15:17:52
pou3BbKsIozfH50rxmnMew,69ccjOpx2iFvr1y2qas9uA,5.0,2017-08-20 21:09:11
pou3BbKsIozfH50rxmnMew,78aIT4P-0WgLipM2xCt_4w,4.0,2016-08-20 13:40:47
pou3BbKsIozfH50rxmnMew,8E2--KcyOrJx8my51jid2w,5.0,2014-02-25 16:15:51
pou3BbKsIozfH50rxmnMew,8MzF1Tlgz0pOkxmhP5dYzA,4.0,2012-04-02 01:26:51
pou3BbKsIozfH50rxmnMew,8ObCdQQ3mHwDsSsk75Z2lA,4.0,2014-10-07 19:53:25
pou3BbKsIozfH50rxmnMew,93UD654AB6IzMPFlQgwfOg,5.0,2018-06-21 13:26:47
pou3BbKsIozfH50rxmnMew,9O5FMfiJIi_u81D6ksG8Ag,5.0,2016-06-30 22:11:06
pou3BbKsIozfH50rxmnMew,9b-LZWsj75mmfMYuChXDkg,5.0,2012-05-14 17:52:26
pou3BbKsIozfH50rxmnMew,AlnAoqsqChTn1Eg3dzLmMw,3.0,2019-05-14 13:36:34
pou3BbKsIozfH50rxmnMew,BWkiW0r0h7ytdbWMhay7wA,5.0,2012-12-02 17:56:36
pou3BbKsIozfH50rxmnMew,Bk6uzC83wbmCHm2i5Uz8OA,3.0,2019-07-04 20:27:37
pou3BbKsIozfH50rxmnMew,Bs0JwJEUdfhL-FtLjuu3vA,5.0,2015-10-01 21:47:29
pou3BbKsIozfH50rxmnMew,C1QkJ4s_p3hMTrvOgM7ssA,4.0,2016-06-05 20:40:20
pou3BbKsIozfH50rxmnMew,Cmw00BFD1l-_DJHPuKi2Rw,5.0,2015-07-02 13:22:18
pou3BbKsIozfH50rxmnMew,DFymbOEhIpWVE_d6BnHFmw,4.0,2016-11-15 23:56:29
pou3BbKsIozfH50rxmnMew,Dkd-YyNmNwVs8PzmEaTIXQ,5.0,2015-05-14 12:56:05
pou3BbKsIozfH50rxmnMew,DsPomqfQZ44v5wD-My6dIQ,5.0,2018-08-13 06:19:48
pou3BbKsIozfH50rxmnMew,EUkh0Qyf_Y4-B69w_z8n6Q,3.0,2017-03-15 19:40:56
pou3BbKsIozfH50rxmnMew,EYw42-YsnMr0pbqM5YXRxw,5.0,2018-08-23 13:53:47
pou3BbKsIozfH50rxmnMew,EsV50Yt0y2y5PDYfTzmGCA,5.0,2013-03-16 06:21:55
pou3BbKsIozfH50rxmnMew,EurtMI6FITq7KHmmO94pnA,4.0,2020-06-10 16:13:36
pou3BbKsIozfH50rxmnMew,FHDuu5Mv1bEkusxEuhptZQ,5.0,2017-01-25 05:42:22
pou3BbKsIozfH50rxmnMew,Fbtcj6j9-byxq68ACKpcUA,4.0,2019-05-03 13:59:10
pou3BbKsIozfH50rxmnMew,GMVFik6o0Kh38ztkCkFi8g,5.0,2020-02-18 11:47:10
pou3BbKsIozfH50rxmnMew,GTS97x6mFLjGXn3ITKaQuw,3.0,2016-03-28 20:18:57
pou3BbKsIozfH50rxmnMew,GwfLqn_jOeYMvmgcL4om1w,4.0,2018-11-12 14:38:28
pou3BbKsIozfH50rxmnMew,IC1mLUQ_FmBEECFYjrDRfA,5.0,2017-09-08 15:37:11
pou3BbKsIozfH50rxmnMew,JQz0_R70G3bjQ5dRqrhxKQ,5.0,2016-04-13 19:58:30
pou3BbKsIozfH50rxmnMew,JSBN7e31b_K0aIg0BTjNdg,4.0,2014-12-07 16:06:09
pou3BbKsIozfH50rxmnMew,K0oRQuRcTkrS-sQlfH5JMA,4.0,2020-02-23 18:46:50
pou3BbKsIozfH50rxmnMew,KP5OncF2jhT7_J1phHPPww,5.0,2015-08-13 15:57:01
pou3BbKsIozfH50rxmnMew,KiwskluQ7tMqZqvuf872vg,5.0,2014-12-30 21:59:12
pou3BbKsIozfH50rxmnMew,Ks4r6DEqSbV8D2qc04RhTA,3.0,2015-09-25 14:21:42
pou3BbKsIozfH50rxmnMew,L5LLN0RafiV1Z9cddzvuCw,5.0,2014-11-19 17:04:55
pou3BbKsIozfH50rxmnMew,LporxuZB4AEg4mhLYhfpDw,4.0,2015-04-29 15:19:34
pou3BbKsIozfH50rxmnMew,M2ZrrqseHE5xssUrOL0Gtg,4.0,2012-03-06 02:20:25
pou3BbKsIozfH50rxmnMew,MQRZphoLZVK278Na2YjzgQ,4.0,2018-05-16 13:18:43
pou3BbKsIozfH50rxmnMew,Mha77MN_BYGB-w7DONZ5YA,4.0,2013-09-25 05:25:26
pou3BbKsIozfH50rxmnMew,MqrfqmuSgNyFAUSZ-YOToA,3.0,2019-08-25 16:10:49
pou3BbKsIozfH50rxmnMew,NBjZWsD9C-JwjsQ2mQlmNg,5.0,2016-02-07 15:12:57
pou3BbKsIozfH50rxmnMew,O0CyCnSFr7cYK78nH2w25Q,5.0,2016-11-15 23:57:02
pou3BbKsIozfH50rxmnMew,OAHRMd971k-yDQwRxzgc2g,5.0,2016-01-15 04:52:37
pou3BbKsIozfH50rxmnMew,OR1jehTozILIG4FzoxJcUw,5.0,2019-01-30 04:03:23
pou3BbKsIozfH50rxmnMew,Oo2QSeBVkx8HJQm8SIL1Fg,4.0,2016-03-29 12:57:25
pou3BbKsIozfH50rxmnMew,Ps7Q7BOKzJO4nDTUhbk43Q,5.0,2020-05-08 17:04:18
pou3BbKsIozfH50rxmnMew,Pud2rnFwby48KD1qSaAAXg,5.0,2018-07-29 18:39:15
pou3BbKsIozfH50rxmnMew,PvWUpIHqV13Qe9crQ6MOsA,4.0,2014-02-26 16:17:53
pou3BbKsIozfH50rxmnMew,QN38TkkGzF5vB1urbvi5nQ,5.0,2016-07-01 20:02:31
pou3BbKsIozfH50rxmnMew,QvB0NRTGDplwnfPZGq8chw,5.0,2013-10-05 05:17:47
pou3BbKsIozfH50rxmnMew,RMYjaB5krFGCtlOLf5TBwQ,5.0,2019-05-29 11:36:57
pou3BbKsIozfH50rxmnMew,RRCgIohWjaeGtlbpcYJBbw,4.0,2012-11-03 05:31:18
pou3BbKsIozfH50rxmnMew,R_Wi9jh57H_OzzAVWO71Bw,5.0,2019-12-21 12:32:04
pou3BbKsIozfH50rxmnMew,ReVpjIDupK_VMPn7ZxPvOQ,5.0,2014-10-23 18:44:38
pou3BbKsIozfH50rxmnMew,SKKiHIOPKD3wdf0heTBfZw,5.0,2017-03-13 17:58:38
pou3BbKsIozfH50rxmnMew,Sw53KWMB8cYjF7EZX7O9PA,5.0,2016-04-08 07:28:51
pou3BbKsIozfH50rxmnMew,SxbqEgEwrGmtgvQAgM6kIg,5.0,2015-01-08 03:34:24
pou3BbKsIozfH50rxmnMew,T6c7iPO8Y4t_GQiyevZbiQ,4.0,2019-02-04 14:19:44
pou3BbKsIozfH50rxmnMew,TopanQyFir2nX2h3e55OnA,5.0,2017-04-17 15:53:40
pou3BbKsIozfH50rxmnMew,UGebrYgNZrMzbGbcI01JWA,5.0,2021-01-12 12:53:35
pou3BbKsIozfH50rxmnMew,USekrAG0-4tJUs9V2gBBOQ,5.0,2016-11-16 13:41:29
pou3BbKsIozfH50rxmnMew,UUDGbu6-nK97evc2LaevGQ,5.0,2020-12-18 16:19:48
pou3BbKsIozfH50rxmnMew,UWB_Oi9dkPwXfhYgFMnjsw,5.0,2012-01-12 18:27:00
pou3BbKsIozfH50rxmnMew,V378VWx4D8BstWNRFwDULg,5.0,2016-12-17 14:49:03
pou3BbKsIozfH50rxmnMew,VSpseb6oijtKffRRL_xfgQ,3.0,2012-03-07 23:50:18
pou3BbKsIozfH50rxmnMew,W57360g1e7xMGerm7wPW0Q,5.0,2018-11-30 19:23:48
pou3BbKsIozfH50rxmnMew,WB-eQAgw88fbr15eY761CA,5.0,2012-07-16 03:08:06
pou3BbKsIozfH50rxmnMew,WeDn7iD1ckcEg7YttkduWg,2.0,2018-06-19 15:15:50
pou3BbKsIozfH50rxmnMew,XRhKQxw8bQFF9iq-j721_Q,5.0,2019-09-07 21:03:31
pou3BbKsIozfH50rxmnMew,YKFGSDwaJx1qNYoNf3BarA,5.0,2017-04-12 21:07:17
pou3BbKsIozfH50rxmnMew,_12864iQDcnAs317NlF0hQ,2.0,2016-07-30 14:08:38
pou3BbKsIozfH50rxmnMew,_MWbuRiTqbWEjlfxRAvzWQ,4.0,2019-02-06 15:56:06
pou3BbKsIozfH50rxmnMew,_P0-D02F_0SgFUuJLtHK1A,5.0,2020-11-09 12:16:39
pou3BbKsIozfH50rxmnMew,b05wG00_-dkmREglAsCbfA,4.0,2012-02-10 06:20:38
pou3BbKsIozfH50rxmnMew,b1CIiyzS1uA54JiWzlVJ9Q,5.0,2016-01-11 13:19:06
pou3BbKsIozfH50rxmnMew,bY55freuP8C_wr6y5Fid7w,5.0,2012-01-12 16:28:23
pou3BbKsIozfH50rxmnMew,dgyKoIYEYrmRK_hktWBZdA,4.0,2017-07-22 12:27:27
pou3BbKsIozfH50rxmnMew,e9dW-s8ZhBSkjq41LRdQ2A,5.0,2020-06-28 21:36:38
pou3BbKsIozfH50rxmnMew,fCDMLD21ypv1XZ_EyafCkQ,5.0,2015-05-26 14:43:45
pou3BbKsIozfH50rxmnMew,fTXSAVnzPkHqCzA4l6896g,5.0,2016-08-19 17:08:52
pou3BbKsIozfH50rxmnMew,frKu7zT5UdfcafYfmRLhmA,5.0,2014-03-11 13:48:25
pou3BbKsIozfH50rxmnMew,g0cUlBQ2pGRxWtL6qwyeIg,5.0,2017-03-13 17:58:31
pou3BbKsIozfH50rxmnMew,gLhl-yhJ8v15Bt8edl4T3g,4.0,2012-07-06 05:38:55
pou3BbKsIozfH50rxmnMew,gytqFU8j-b6dpNcLEwMDYQ,5.0,2019-11-12 02:20:25
pou3BbKsIozfH50rxmnMew,i_kM6kP4u4Wxr3o3_9XN_A,5.0,2018-08-21 16:22:03
pou3BbKsIozfH50rxmnMew,k79ygmdDxEDXtLlR_rPrmQ,5.0,2019-10-07 13:04:10
pou3BbKsIozfH50rxmnMew,kCV9CwW28Uz1ln4IXGhGwg,5.0,2020-02-14 12:17:45
pou3BbKsIozfH50rxmnMew,kKPJLiHIr9Gd9sYs3GhxDQ,5.0,2017-02-20 14:28:13
pou3BbKsIozfH50rxmnMew,kxOR-Z62MnMUlCZWQmd2iQ,2.0,2013-12-19 04:37:01
pou3BbKsIozfH50rxmnMew,lKJeRJm7WejutsrXWhVLiw,4.0,2012-07-20 06:58:38
pou3BbKsIozfH50rxmnMew,lzuHckPzwYCnf8Pk3hIr-w,5.0,2016-02-02 22:12:56
pou3BbKsIozfH50rxmnMew,n5i09tgSuzv9ZeIN9Qe5oQ,5.0,2014-02-07 22:08:13
pou3BbKsIozfH50rxmnMew,nDpgdmULZKgRgOypj-jWuA,5.0,2017-03-19 19:53:40
pou3BbKsIozfH50rxmnMew,oF3QPsczR9ZiXPK89tdJaA,5.0,2012-01-12 19:11:09
pou3BbKsIozfH50rxmnMew,oMTXtSJzEiHudUY3T68sPg,4.0,2019-10-05 22:20:36
pou3BbKsIozfH50rxmnMew,ovLgaPIMrx7PDZPrEpTMvg,5.0,2018-04-13 13:31:54
pou3BbKsIozfH50rxmnMew,p3-FsWgkrRlT18Mw5Z1tHg,5.0,2014-06-26 14:57:02
pou3BbKsIozfH50rxmnMew,pdh91rffpM9QptHSXjJFVQ,5.0,2020-06-12 18:50:41
pou3BbKsIozfH50rxmnMew,pqcYTOo8kMYoNt4fjOm_vQ,5.0,2021-03-18 02:09:26
pou3BbKsIozfH50rxmnMew,qA3yd3WKjUqMlnfZPBEFjw,5.0,2018-01-04 14:22:49
pou3BbKsIozfH50rxmnMew,qOrd_jWT3e16_wwRSpvYwQ,5.0,2012-05-25 22:53:44
pou3BbKsIozfH50rxmnMew,q_PFmdGcKx2H7z2ze8H26w,4.0,2016-04-02 19:06:15
pou3BbKsIozfH50rxmnMew,r4bi-XadaNC4CTs_QbPpyA,5.0,2019-02-03 20:01:03
pou3BbKsIozfH50rxmnMew,rB-BUDjuOZWe_4vUhbPavQ,2.0,2016-03-27 21:18:28
pou3BbKsIozfH50rxmnMew,rjtdyyjHRJadRcE1sC1gNg,5.0,2018-06-18 10:16:25
pou3BbKsIozfH50rxmnMew,rzLJskZrSPj6hJHOPmJ0TA,5.0,2018-02-21 14:32:54
pou3BbKsIozfH50rxmnMew,sankqYOVWpYX_T5kGZRRKQ,4.0,2018-04-08 13:49:18
pou3BbKsIozfH50rxmnMew,tRrwvG_26qqzMlNIYyz-TQ,4.0,2012-11-18 01:07:16
pou3BbKsIozfH50rxmnMew,tkY5BJVXxUmP4jsKavkf2g,3.0,2015-11-14 14:41:37
pou3BbKsIozfH50rxmnMew,v72HalBu5fQIFTD-oqhSgQ,5.0,2020-07-12 20:54:32
pou3BbKsIozfH50rxmnMew,vJTPB_SzizizBs8P-wV2cA,4.0,2015-07-16 14:27:46
pou3BbKsIozfH50rxmnMew,vN6v8m4DO45Z4pp8yxxF_w,5.0,2014-08-21 14:13:36
pou3BbKsIozfH50rxmnMew,vXQLdqB-stL2JTP5AsPVaA,5.0,2012-01-11 19:52:15
pou3BbKsIozfH50rxmnMew,va0tlKELSwfwuPpmsYhqSw,5.0,2020-02-28 22:25:34
pou3BbKsIozfH50rxmnMew,vl40Oa75v42jvJsHwpCGKA,5.0,2018-06-09 21:18:10
pou3BbKsIozfH50rxmnMew,w4wYlGd-ADrda22Z7zO0Nw,5.0,2018-07-20 13:25:08
pou3BbKsIozfH50rxmnMew,x5c_Lna3CYLQH4pAXFCBLg,5.0,2016-10-14 23:56:09
pou3BbKsIozfH50rxmnMew,xT41eqUSsM_MDE1Vjhq20A,5.0,2015-07-01 16:06:49
pou3BbKsIozfH50rxmnMew,xlqqHO-iL5VEqPGZUOyIyA,4.0,2018-05-15 13:23:20
pou3BbKsIozfH50rxmnMew,xoVTtQd6xRrFbQcdfH0dLA,5.0,2015-11-12 15:26:43
pou3BbKsIozfH50rxmnMew,yGH9V9WTNGSZ6AHOW3kH-w,5.0,2015-09-02 22:26:04
pou3BbKsIozfH50rxmnMew,yyvFGYfw0azW5mA_th8ndQ,5.0,2012-03-09 03:51:27
pou3BbKsIozfH50rxmnMew,zFcE7bQ2oDfwpPgl_PxOTA,5.0,2015-07-17 15:39:36
pou3BbKsIozfH50rxmnMew,zjqh_qoBS1BWVSbC51BNjw,5.0,2018-01-02 14:53:24
pppIHoA8b8B8Wd5t72sDxA,124Fu856b1a3ySEymbI3zw,3.0,2019-08-28 11:25:54
pppIHoA8b8B8Wd5t72sDxA,23qa5SsahSsVhqAVmX6aow,3.0,2015-11-09 12:03:08
pppIHoA8b8B8Wd5t72sDxA,5HJz1MV553ZKslOwxUKrDA,5.0,2020-07-29 11:43:38
pppIHoA8b8B8Wd5t72sDxA,7D5-a53BLau19RpMu-L3zg,3.0,2019-07-31 11:37:06
pppIHoA8b8B8Wd5t72sDxA,8iMubtt1hTafu5YhEzvZVg,5.0,2018-11-05 09:21:03
pppIHoA8b8B8Wd5t72sDxA,HCN3XWVqv04fws8vkC4H7w,4.0,2017-10-04 11:04:32
pppIHoA8b8B8Wd5t72sDxA,IkY2ticzHEn4QFn8hQLSWg,1.0,2015-10-25 11:50:31
pppIHoA8b8B8Wd5t72sDxA,K-GDGw99i_mM-lcyMYon1g,3.0,2017-12-27 12:02:49
pppIHoA8b8B8Wd5t72sDxA,KscVqYYG7ziAroZhfNb0Ng,4.0,2016-02-20 19:30:10
pppIHoA8b8B8Wd5t72sDxA,PGd06nrseC2YAIqP6S9gUA,5.0,2019-06-26 11:38:20
pppIHoA8b8B8Wd5t72sDxA,SsdCrUeZlHqqGOWTfZ95Cw,4.0,2021-09-22 11:49:02
pppIHoA8b8B8Wd5t72sDxA,TLZ3-eDPLhUzfsWO4ad6Ug,3.0,2019-08-14 11:36:07
pppIHoA8b8B8Wd5t72sDxA,Zr3CwG-1zbXlktQoHjgIOQ,5.0,2015-10-08 10:45:45
pppIHoA8b8B8Wd5t72sDxA,dBCNUSbz5-8nQNrxWo5deg,5.0,2016-03-09 11:57:16
pppIHoA8b8B8Wd5t72sDxA,dERS4qwl9v-Gwft-Ug8APA,3.0,2019-11-20 12:16:11
pppIHoA8b8B8Wd5t72sDxA,fq44yNPMuN0dF5ZHdDuvYw,3.0,2019-04-10 11:36:49
pppIHoA8b8B8Wd5t72sDxA,g2zwbLIqxtN9nGGuL43trg,3.0,2019-10-09 11:35:49
pppIHoA8b8B8Wd5t72sDxA,iSRTaT9WngzB8JJ2YKJUig,4.0,2019-07-17 11:50:25
pppIHoA8b8B8Wd5t72sDxA,j-qtdD55OLfSqfsWuQTDJg,5.0,2020-04-22 11:57:46
pppIHoA8b8B8Wd5t72sDxA,j2580WwGiOO7IUlY7jOyRQ,5.0,2020-10-21 11:51:28
pppIHoA8b8B8Wd5t72sDxA,kkgaPaqs3VKdlPUCwCv3kw,3.0,2018-09-26 11:10:43
pppIHoA8b8B8Wd5t72sDxA,krWsMdrE_uglWwOF5BcJcQ,5.0,2020-04-08 11:53:49
pppIHoA8b8B8Wd5t72sDxA,rLRw73bopdUf4spMxIAhIQ,4.0,2019-10-02 11:36:29
pppIHoA8b8B8Wd5t72sDxA,t1QMEcxuqNbD_IQct2pkWg,4.0,2022-01-12 13:08:37
pppIHoA8b8B8Wd5t72sDxA,tUkv0ZxUAdpyv8qhgRU5TA,3.0,2013-10-14 17:38:42
pppIHoA8b8B8Wd5t72sDxA,u7_3L1NBWgxhBM_B-cmmnA,4.0,2019-12-31 13:11:26
pppIHoA8b8B8Wd5t72sDxA,xzK5BwamwVU4PLvZUoCZ1A,3.0,2020-10-14 11:45:29
pppIHoA8b8B8Wd5t72sDxA,z1sipz951JQRL-1-aJfCmw,3.0,2021-06-02 11:54:16
ppsm8EDKjA1fp1yTCP3RrQ,0IKbUmLM8pWn9t-Epf19iQ,4.0,2014-12-13 03:23:43
ppsm8EDKjA1fp1yTCP3RrQ,1Fs3_bjPQwvSXZHGGlFE-A,4.0,2016-02-18 18:22:11
ppsm8EDKjA1fp1yTCP3RrQ,4wq9bzoCe3Mh0cPbYH1eDg,4.0,2018-09-27 00:26:43
ppsm8EDKjA1fp1yTCP3RrQ,7pwZZVVlYCxQvVdd8Q03wg,5.0,2020-07-26 03:55:59
ppsm8EDKjA1fp1yTCP3RrQ,D00oq_GL2RzcSiHh2QLP3A,4.0,2012-08-05 02:17:35
ppsm8EDKjA1fp1yTCP3RrQ,MYZuMWSZ9-1q-_1fbWfvow,5.0,2017-01-25 02:56:28
ppsm8EDKjA1fp1yTCP3RrQ,hm7YQpJlaeMKh2QGtWVhtg,5.0,2013-10-23 01:37:00
ppsm8EDKjA1fp1yTCP3RrQ,lDUKbOWKAVWK11qsjH0fIg,4.0,2012-07-07 02:32:15
ppsm8EDKjA1fp1yTCP3RrQ,onp9X_9RRAEzA-yqdiSOcA,4.0,2016-08-10 02:55:43
ppsm8EDKjA1fp1yTCP3RrQ,qlO8LCXgSAQ_Kz2hMM3Zyg,5.0,2015-11-17 17:59:13
ppsm8EDKjA1fp1yTCP3RrQ,xChMObt9ZnF8mhekiNkxDg,4.0,2014-02-22 21:39:16
ppsm8EDKjA1fp1yTCP3RrQ,xdG_RW_QsAGJbXp46M_V8w,4.0,2015-05-08 16:25:42
pqBLlY7_IoGbu6ZdTFjzxw,2Yrf_aECZVHgTBVyw1r2kA,5.0,2012-02-07 22:12:08
pqBLlY7_IoGbu6ZdTFjzxw,w9grvGu-5bHNucOeReHzfA,1.0,2012-10-15 12:46:55
psNK1kQxxLHDMu-jm6F6mQ,NCzKKh6npVeq-AvlJnGh3w,5.0,2018-06-25 02:20:46
psNK1kQxxLHDMu-jm6F6mQ,ga7jZd-JccpMqdSTgY2lUA,4.0,2018-03-22 17:51:04
psfyYolDxz8KChs6A7mIwg,zBfYuwdybeMHfLuUbO1Ung,4.0,2019-07-08 19:47:55
ptszYqvULb9AT04VfKaXfg,EpFFiPHKx9yP-WqOCuxRCw,4.0,2011-04-19 01:05:12
pufGgg3EuY_As7cu__pM1w,GXqzvoBm9iEZ_R6Ubeqzrw,4.0,2018-12-03 01:55:41
pvkFc5LNbUIWPTqHkrQQdQ,0IKbUmLM8pWn9t-Epf19iQ,2.0,2014-11-25 03:33:55
pxMuGIlHip2Hav8kvUadLA,MIKYzWkBnbo3YUhqZUWlEw,5.0,2020-03-20 00:31:03
pxMuGIlHip2Hav8kvUadLA,vN6v8m4DO45Z4pp8yxxF_w,5.0,2020-03-18 02:10:19
pxgKKhyV9PsgHW_l4XDc3A,b05wG00_-dkmREglAsCbfA,5.0,2014-02-10 23:23:45
py68Ex4KSTpOOFUnFRsNhg,2KIDQyTh-HzLxOUEDqtDBg,5.0,2015-08-16 06:01:02
pzED_4LfwEZ5iZzHRz5r2Q,rL68WmPRYvmSjRaQUoKwkQ,5.0,2016-01-23 04:56:05
q0maahM5jLGufHhN6kR8Xg,KHe6HAqmyioITwTvg9Bbcg,4.0,2014-01-09 00:06:54
q17RLkza7NIrTh86lCqS9A,-cEFKAznWmI0cledNOIQ7w,5.0,2014-12-27 15:47:00
q3REJnRgidfOushLTm83Kw,575inWPYxLk4YzwWqRhexw,4.0,2019-01-26 17:15:31
q3REJnRgidfOushLTm83Kw,6_Gsn1ZxSosWb6mZusap0Q,4.0,2018-02-27 00:33:16
q3REJnRgidfOushLTm83Kw,EqxVp4_9Up1HNgpU2pH3WQ,4.0,2017-12-06 19:43:22
q3REJnRgidfOushLTm83Kw,x5c_Lna3CYLQH4pAXFCBLg,5.0,2019-10-22 21:15:23
q3xtCOHtFAcFHT2T0qGBgA,69ccjOpx2iFvr1y2qas9uA,5.0,2017-08-04 22:16:58
q3y2k3IM8HaU5MkiD8DzXg,Cb6tGAb2wcFYOg8WvT5X2w,4.0,2021-04-24 00:08:19
q46P4WXcdOeIx0yE5keY9Q,Hp1nkc3c3Q7_8oKXFn0vbw,5.0,2021-12-01 15:34:39
q46P4WXcdOeIx0yE5keY9Q,jbJTF1zVmZsk4hea8hoeVA,5.0,2021-01-26 20:50:07
q46P4WXcdOeIx0yE5keY9Q,peomsQ8wq84wK1j2RjZnjQ,5.0,2021-11-24 04:44:31
q46P4WXcdOeIx0yE5keY9Q,tYAHogxI44JV3U6lyuT58Q,5.0,2021-11-28 22:24:52
q46P4WXcdOeIx0yE5keY9Q,w_4xUt-1AyY2ZwKtnjW0Xg,2.0,2021-11-30 01:25:48
q4tORYjX6-uSEUE1K166bg,ZLKLshuZ2HcwbPDpb3l-AQ,1.0,2018-01-12 16:45:52
q5UZGdBhfSe_RlYJWyMtLg,2KIDQyTh-HzLxOUEDqtDBg,5.0,2016-12-26 21:40:08
q5iz5euFdokOYHpN9njz_g,zjqh_qoBS1BWVSbC51BNjw,4.0,2017-11-08 03:53:38
q76sFjjZr3QhUzsA8N1jmg,4_W5pstoN1166TGjjPOrMg,5.0,2011-02-06 04:15:51
q8DpClBORerI6CGWIOOfAw,-VlBFlHwX-Pt6Xyzs9roGw,5.0,2019-03-21 07:14:17
q8bVb99MkJSIqq-TwUXRbQ,ChMcfx_cnuKZQYT4tE3arQ,3.0,2021-04-23 02:13:11
q8bVb99MkJSIqq-TwUXRbQ,NdSJl2PIpAWrxVVl0rW7nw,4.0,2020-08-10 13:50:33
q8bVb99MkJSIqq-TwUXRbQ,X0vPZIkbUj22afBQz5-neA,4.0,2021-11-24 18:35:06
q8bVb99MkJSIqq-TwUXRbQ,jmXrmPfM_X0dm-9OU8pUKg,4.0,2020-10-14 14:17:31
q8bVb99MkJSIqq-TwUXRbQ,oX37HLs9-zhWJKDRWstgNQ,5.0,2019-12-01 00:20:07
q8pAYhK0Mpar_Vb_1R_tkg,0UJqTczta018RoktahC0jw,5.0,2015-06-09 21:02:16
q8pAYhK0Mpar_Vb_1R_tkg,WzEzUDTWr4UQSQykujMwyg,5.0,2014-08-10 15:09:16
q8pAYhK0Mpar_Vb_1R_tkg,XCDXN4xJh3-DauaO88CZHQ,5.0,2014-10-24 14:18:25
q8qy2-5YFiAIQxqPdu_cRg,qV3D9d2UteZ4-Mq0hqlcBw,1.0,2014-05-07 17:27:43
qBGlopbAyD8naUQIxEVmZA,dGUyXgFW1WSYMgRypKaYew,5.0,2014-05-27 15:31:09
qBbTCei6_dW5-ss-7X9b5g,RadvqFuRTZNEfSZ_avPRog,5.0,2018-08-26 01:10:45
qBlUPSjI9bD_Ejhy2esBUw,TzkVUJab9Sh0CqDk2sCF-w,1.0,2015-09-01 01:58:56
qDrawiCFfdSBa4MfQu8c6Q,lB6jIOb1UBATmdfot4KJew,1.0,2012-08-15 13:09:46
qE6ESN3gF_ax_4ZtaR-giw,6Ty-KKWq6hLZYW8DWEHYvg,4.0,2015-08-26 14:56:33
qFYTvzTuZLL7bwrPCZaiAg,dGUyXgFW1WSYMgRypKaYew,5.0,2014-06-14 23:58:39
qH7y62YTh7_bDiTfrGjLtQ,amqruwbDGCcyu55p2pTjMA,1.0,2017-03-04 22:56:58
qHWL45WdnDrosDZ2HQLkdw,KP5OncF2jhT7_J1phHPPww,5.0,2016-11-05 03:31:53
qHWL45WdnDrosDZ2HQLkdw,fCDMLD21ypv1XZ_EyafCkQ,5.0,2016-02-27 02:52:15
qI3uzegMdq3q3WxAajECGw,PRWLolApFNliC92zQMfm9w,4.0,2011-09-29 22:06:11
qI3uzegMdq3q3WxAajECGw,U2y7fsqDgxAXskoJNVxbwg,5.0,2018-02-18 07:37:33
qI3uzegMdq3q3WxAajECGw,d_tRshM-w6S4QxE4VVi8tQ,4.0,2012-07-04 15:50:21
qIMbsEBMRt7caBGTC2UNdg,g2zwbLIqxtN9nGGuL43trg,1.0,2013-09-18 13:01:46
qIdfpjd2Wk5K9zfUgIyWbg,g2zwbLIqxtN9nGGuL43trg,1.0,2012-09-13 23:05:09
qIhgl-k0Qpj_46The8NqpQ,dgyKoIYEYrmRK_hktWBZdA,1.0,2020-02-16 13:54:03
qIossUhtsJ55_ciRTEqiPQ,znx1v_c2IPKOXlYAbqFYvg,4.0,2009-12-16 01:21:49
qJ2XXYppJ7ljqkOqalrxOA,KHe6HAqmyioITwTvg9Bbcg,4.0,2010-08-06 21:47:13
qJlkKH6FwFS0m-b1sxh_hQ,KHe6HAqmyioITwTvg9Bbcg,5.0,2015-09-18 21:10:31
qKn9QCaZRwq-d4R4YkqsUw,oBNrLz4EDhiscSlbOl8uAw,4.0,2019-04-07 06:41:03
qKqIKMLnmSPk-_cCrbUSLg,035gK3ASKDns-ojUSnV4IA,1.0,2019-06-08 03:53:45
qMRERLUk-1b-B8CWxSrjzw,4QMIJJWQOh7zpEwOXhFJqw,5.0,2021-06-28 03:50:21
qMvJ_4Po6dYk-GX9pclRKg,IZ6vx85mSdC2zp0STFzTIw,2.0,2018-07-07 15:06:33
qMw3Br6BK1-rD9DItQJfKg,kCV9CwW28Uz1ln4IXGhGwg,4.0,2019-11-30 18:23:12
qMw3Br6BK1-rD9DItQJfKg,xlqqHO-iL5VEqPGZUOyIyA,5.0,2020-03-15 16:58:52
qNO-P3h_sAmPEE8fZ4EGbA,5DJ2sDvM_XRndlB24DnxYw,2.0,2014-11-20 02:55:04
qNVAPkw1aNyNKGiJzmgWZA,EME5hqQLjBD7e2cLryupbA,2.0,2015-11-27 06:34:45
qNVAPkw1aNyNKGiJzmgWZA,I0I2mkCOPTYVSLpc8A8VVw,4.0,2017-11-12 07:25:11
qNVAPkw1aNyNKGiJzmgWZA,PKZwdGTapRvFsBYh0zQXpw,4.0,2015-11-25 08:00:17
qNVAPkw1aNyNKGiJzmgWZA,VVH6k9-ycttH3TV_lk5WfQ,3.0,2017-11-08 00:33:24
qNVAPkw1aNyNKGiJzmgWZA,rrNF0siUBVQOOgsFVfGpKA,1.0,2015-11-22 08:49:35
qONCLpLmt3-gtTYuBfNM1A,2kfa2IBX3oy2zQX4PAkEpg,5.0,2016-10-20 14:40:19
qONCLpLmt3-gtTYuBfNM1A,AFk6UXFbH-idH31KhFQVCg,4.0,2017-07-16 19:20:42
qONCLpLmt3-gtTYuBfNM1A,NT5S6JV5wPwKOd3s3Yh1zQ,5.0,2021-02-05 18:58:29
qQ2HGqHV8L4aB17054DL_w,3R-DJGoG2IPzr_SiPMtmeA,4.0,2019-05-05 14:58:53
qQIWzXRWZkjBM5Ka1MJsDw,AtQLrRpQan7UtJcIAo9hsA,2.0,2015-08-01 01:00:51
qQkGAvvHqxpGn4ejf4dQKw,xoVTtQd6xRrFbQcdfH0dLA,5.0,2019-08-01 00:29:18
qRb3sant7B3ua99_NYi9Ww,xChMObt9ZnF8mhekiNkxDg,4.0,2013-12-14 17:57:14
qS7g94fSIEZr5kQMck1HQA,nMn4CTJQPXqpgLltYQrxMA,5.0,2021-03-15 16:16:04
qSPFhtM-eO842BVQXtAMNg,11qwVOxX-Z0bWAnfpVLnlw,4.0,2012-10-10 23:31:03
qSPFhtM-eO842BVQXtAMNg,VaO-VW3e1kARkU9bP1E7Fw,3.0,2017-09-29 19:46:53
qSPFhtM-eO842BVQXtAMNg,aPs-Pf4_CLWcFQcMnbfcUw,4.0,2012-10-09 23:19:55
qSPFhtM-eO842BVQXtAMNg,cIBr1KeRLTpgvTpF8z2nFQ,4.0,2017-01-12 19:26:36
qSPFhtM-eO842BVQXtAMNg,j8JOZvfeHEfUWq3gEz6ABQ,4.0,2017-11-07 22:30:25
qSPFhtM-eO842BVQXtAMNg,rsMbMeW7IbXxPFh4WwbddQ,5.0,2020-02-20 19:11:14
qSZMLq4RbqsAtYYxlgP0eQ,TzNk1TcWLZn0JCpO83hBAA,3.0,2016-10-17 22:54:28
qT1-N9hjbyjMW4Mvq4uU4w,07i5EdI8v2FBhVV-rya8Wg,5.0,2020-10-25 20:33:33
qT1-N9hjbyjMW4Mvq4uU4w,0TwZfZHis6e4o6sBogUJVQ,4.0,2020-06-19 17:43:38
qT1-N9hjbyjMW4Mvq4uU4w,0bGKoS0k6je2SnuFyzfQ2g,5.0,2021-09-07 16:57:40
qT1-N9hjbyjMW4Mvq4uU4w,5rSg5FARufPsy_ACLLhy-g,5.0,2021-05-28 14:52:57
qT1-N9hjbyjMW4Mvq4uU4w,69ccjOpx2iFvr1y2qas9uA,5.0,2020-02-23 18:57:33
qT1-N9hjbyjMW4Mvq4uU4w,6_37iH47aHnMODiXVl-gUg,5.0,2020-05-31 00:07:52
qT1-N9hjbyjMW4Mvq4uU4w,93UD654AB6IzMPFlQgwfOg,4.0,2020-03-01 21:29:32
qT1-N9hjbyjMW4Mvq4uU4w,Af6nr1cb6_HwKGUUBDvCKQ,4.0,2020-09-20 15:06:22
qT1-N9hjbyjMW4Mvq4uU4w,B4L-bwwpsiScISM3_DieBA,4.0,2020-12-11 22:03:38
qT1-N9hjbyjMW4Mvq4uU4w,Cmw00BFD1l-_DJHPuKi2Rw,5.0,2021-08-25 16:20:53
qT1-N9hjbyjMW4Mvq4uU4w,DsPomqfQZ44v5wD-My6dIQ,5.0,2020-02-05 01:13:37
qT1-N9hjbyjMW4Mvq4uU4w,EDRhPfxELquxtMOGuNKFTw,5.0,2021-03-19 12:41:37
qT1-N9hjbyjMW4Mvq4uU4w,EYw42-YsnMr0pbqM5YXRxw,4.0,2020-04-14 18:05:36
qT1-N9hjbyjMW4Mvq4uU4w,J3heme4rT778bRp5UttGlA,4.0,2020-05-10 00:38:17
qT1-N9hjbyjMW4Mvq4uU4w,K7vvEwRd6Y8gRftjeuASuQ,5.0,2020-03-05 12:27:28
qT1-N9hjbyjMW4Mvq4uU4w,Krbcbyh0yaX_da3Qy-vR3g,5.0,2020-11-04 19:28:43
qT1-N9hjbyjMW4Mvq4uU4w,O0CyCnSFr7cYK78nH2w25Q,5.0,2020-04-18 14:58:35
qT1-N9hjbyjMW4Mvq4uU4w,QUyLaPjsoZiRJ-RUBVa5rA,5.0,2020-04-12 00:46:23
qT1-N9hjbyjMW4Mvq4uU4w,R_Wi9jh57H_OzzAVWO71Bw,5.0,2020-01-08 19:57:57
qT1-N9hjbyjMW4Mvq4uU4w,SvA2IQ9SyI1Dh7dtwNNs3A,5.0,2021-06-07 17:04:13
qT1-N9hjbyjMW4Mvq4uU4w,Sw7qcWQ5_iOUjBZMhSxyOQ,5.0,2021-03-30 16:16:50
qT1-N9hjbyjMW4Mvq4uU4w,W3gP7qMcwHUpz_hz69L5vQ,4.0,2020-05-06 01:59:21
qT1-N9hjbyjMW4Mvq4uU4w,WB-eQAgw88fbr15eY761CA,5.0,2021-10-18 15:35:47
qT1-N9hjbyjMW4Mvq4uU4w,WxW50gAkatN0OtCPZD664Q,5.0,2020-12-19 16:29:49
qT1-N9hjbyjMW4Mvq4uU4w,ZtAO8lm9H05HSaPx47ArVA,4.0,2021-06-14 19:17:43
qT1-N9hjbyjMW4Mvq4uU4w,a6J0Jq1GJ6Shk-L10Bp6Cw,4.0,2020-08-06 22:30:11
qT1-N9hjbyjMW4Mvq4uU4w,bMIVLkX6-0U2NVPaVwt94A,3.0,2021-09-24 16:02:02
qT1-N9hjbyjMW4Mvq4uU4w,dgyKoIYEYrmRK_hktWBZdA,5.0,2020-09-28 20:01:01
qT1-N9hjbyjMW4Mvq4uU4w,fCDMLD21ypv1XZ_EyafCkQ,4.0,2021-04-01 00:35:32
qT1-N9hjbyjMW4Mvq4uU4w,kCV9CwW28Uz1ln4IXGhGwg,5.0,2020-05-25 15:33:10
qT1-N9hjbyjMW4Mvq4uU4w,kKPJLiHIr9Gd9sYs3GhxDQ,5.0,2021-10-22 19:28:09
qT1-N9hjbyjMW4Mvq4uU4w,kmlX0JG-6gVTjsMUnmY18Q,5.0,2021-10-28 14:35:06
qT1-N9hjbyjMW4Mvq4uU4w,kxOR-Z62MnMUlCZWQmd2iQ,5.0,2020-09-03 01:40:14
qT1-N9hjbyjMW4Mvq4uU4w,lRPOodYgeRScvDDDO8_Qjg,5.0,2020-03-02 21:30:10
qT1-N9hjbyjMW4Mvq4uU4w,nm--zdNL0zWvUNE2uMK5_Q,5.0,2021-04-02 17:26:37
qT1-N9hjbyjMW4Mvq4uU4w,qu2XI51ZjlTR1relPGrK8w,5.0,2021-03-18 13:10:45
qT1-N9hjbyjMW4Mvq4uU4w,uuF9V5QmG6QWa-h_oXRYiQ,5.0,2020-12-18 02:47:48
qT1-N9hjbyjMW4Mvq4uU4w,vXQLdqB-stL2JTP5AsPVaA,3.0,2021-04-05 14:11:38
qT1-N9hjbyjMW4Mvq4uU4w,x1ukXOcMHlzKmTmfNIjyLA,5.0,2020-08-07 19:34:08
qT1-N9hjbyjMW4Mvq4uU4w,yLO54UaaFeX4xn51Dfdh6Q,5.0,2020-04-11 22:42:17
qT1-N9hjbyjMW4Mvq4uU4w,zC_2cSAkMKkSAykOk72LcA,4.0,2020-12-06 20:58:59
qTMK2qr6ngof4fe29qyooA,oUgmm76-UCd5N0z4xwDOYw,1.0,2010-07-26 18:38:49
qUGMYSGV24KD8QFCdGGIlQ,b05wsdAVzpZlf7Tg_Ewpww,2.0,2011-12-18 04:20:45
qVWA653mQL6J1teshUljMQ,TUhRukcZb3tG0cB_X68FCQ,3.0,2010-10-10 18:23:57
qVc8ODYU5SZjKXVBgXdI7w,QjQ-gtUnkne7jch0OLsPIg,4.0,2010-06-30 04:51:19
qVc8ODYU5SZjKXVBgXdI7w,Qw7tz-UkPrpXaVidWuab4Q,5.0,2009-04-26 22:37:40
qVc8ODYU5SZjKXVBgXdI7w,ytynqOUb3hjKeJfRj5Tshw,5.0,2009-04-26 22:28:18
qVrBO1OZjA4vvkXFNfYtwA,tILA8ctsD_OZIcM2IfSyQA,5.0,2017-10-15 16:28:03
qWYEuBZP7av55tewg3PXKg,7evVLlKovx8DV4CfqJgXww,4.0,2021-02-13 03:56:07
qWYEuBZP7av55tewg3PXKg,8jwsNjvVNJiYN7AnxHdMLA,4.0,2018-05-26 15:31:14
qWYEuBZP7av55tewg3PXKg,9ocQBw69M6V3N9LUafw2dg,5.0,2018-12-03 04:56:24
qWYEuBZP7av55tewg3PXKg,9w-LZEkP1hf363G-OYvKDg,3.0,2018-12-04 23:34:33
qWYEuBZP7av55tewg3PXKg,CTZEnTsW2JYN2NH1BCAaZw,5.0,2019-10-16 19:49:28
qWYEuBZP7av55tewg3PXKg,DOoJrrsqGzZN2FqzvllKnQ,5.0,2016-12-01 21:32:56
qWYEuBZP7av55tewg3PXKg,Df60BZXw3Kj9Xt1UlAidqA,2.0,2012-07-23 11:49:09
qWYEuBZP7av55tewg3PXKg,E359ITHKa9CVe9cTOofZUQ,5.0,2012-03-25 06:20:53
qWYEuBZP7av55tewg3PXKg,E7W2rjNXy9UF0trIEtqLDA,4.0,2021-04-12 14:38:22
qWYEuBZP7av55tewg3PXKg,FEXhWNCMkv22qG04E83Qjg,4.0,2020-04-30 16:25:52
qWYEuBZP7av55tewg3PXKg,HPqTJ_yF2ZJw87yHWnSzSg,2.0,2015-09-25 05:08:29
qWYEuBZP7av55tewg3PXKg,I-nrEtjboBLoEvGiSAcmvw,5.0,2021-06-11 03:41:03
qWYEuBZP7av55tewg3PXKg,KzMgip1V94YCTsU-H6vtFQ,5.0,2021-02-13 05:46:50
qWYEuBZP7av55tewg3PXKg,Nvx2MceKWAtikcAxk_TBMg,1.0,2012-08-02 22:13:38
qWYEuBZP7av55tewg3PXKg,Z1YH3dvDwdM6_isWY4jtrQ,5.0,2021-06-19 23:30:46
qWYEuBZP7av55tewg3PXKg,eaJCpC6IhYphj7bwCDHTwQ,3.0,2019-01-21 21:10:00
qWYEuBZP7av55tewg3PXKg,ei7oceWOL-u1hXsraus7ng,4.0,2019-01-24 19:49:45
qWYEuBZP7av55tewg3PXKg,gVU0U7gNBMQxKTzqmRtdLg,5.0,2019-02-06 20:42:45
qWYEuBZP7av55tewg3PXKg,kCV9CwW28Uz1ln4IXGhGwg,4.0,2021-03-21 04:51:17
qWYEuBZP7av55tewg3PXKg,lMqs-c1Cwzm1Nym-dZNAQQ,5.0,2018-09-19 17:52:27
qWYEuBZP7av55tewg3PXKg,ltBBYdNzkeKdCNPDAsxwAA,3.0,2018-08-20 18:30:42
qWYEuBZP7av55tewg3PXKg,tLVnL8CqQYiMU6E_aayYog,5.0,2018-09-20 19:27:27
qWYEuBZP7av55tewg3PXKg,uQnOVqRRLALRNy-kdu1LXQ,4.0,2018-08-29 19:21:18
qWYEuBZP7av55tewg3PXKg,vAoCutZiiFsaZ7i8EQromg,3.0,2018-12-18 04:25:04
qWYEuBZP7av55tewg3PXKg,w9grvGu-5bHNucOeReHzfA,5.0,2020-06-28 14:05:57
qWYEuBZP7av55tewg3PXKg,wMWRpzjKgwIef2yJ41RCGw,4.0,2021-06-14 02:26:49
qWYEuBZP7av55tewg3PXKg,xlMQBBt9wrtahdqiRDcVSg,2.0,2018-06-01 14:50:13
qWYEuBZP7av55tewg3PXKg,yZHiutcbym-xLGkmFhP-9A,3.0,2019-11-03 17:09:51
qWYmMgvtgMK6wDzprFqC9w,_BreSZ3-mTEJYqJ1Ot7Akg,5.0,2018-03-29 16:53:58
qX9rK32qy5hiYo9EPPJftw,QWqKTWQ2OiDgo3dzNkpung,5.0,2013-11-17 00:45:48
qZ3sJPn5NqSVFMLYGAJH_A,A2q7d-CBM2-81tVkmS4JMw,4.0,2017-01-09 20:39:15
qZ3sJPn5NqSVFMLYGAJH_A,EYs_T4NU2BbaUF7vUDI55Q,5.0,2015-03-07 05:57:40
qZ3sJPn5NqSVFMLYGAJH_A,IDjYyBrPW5C2CT9mXsyuBA,5.0,2014-11-17 22:34:00
qZ3sJPn5NqSVFMLYGAJH_A,WBKSV2LxPJvKRPxEfDbVrg,5.0,2017-12-02 08:39:57
qZ3sJPn5NqSVFMLYGAJH_A,a-fUq78iwilqa9Qd3ozfqQ,4.0,2016-01-04 23:33:48
qZo-HjH0OC_x9ZG4Dbp3cg,poruVZH9V5p3u170Pi3iYg,1.0,2013-01-01 04:32:25
q_Iz8OCTbY5zaE0VfqpVBQ,fSx8zLSP_LBtIm_mfQRbTQ,5.0,2011-03-18 02:35:32
q_QQ5kBBwlCcbL1s4NVK3g,1fGaY2WlGv2l4as6UkMFrg,5.0,2012-02-17 04:40:01
q_U2W8GV7YzMoRQMv-Zzww,JQz0_R70G3bjQ5dRqrhxKQ,5.0,2020-09-16 12:56:04
q_xQumE7SI1j90LjZiff2Q,4ADeBcc3O4zmTrp60H4O_A,1.0,2020-02-21 21:02:26
qbbCqdPbdkL2d_E9QeA2fw,0IKbUmLM8pWn9t-Epf19iQ,4.0,2016-11-24 18:13:14
qbgHrKa-Xwo8n24t9vX-rQ,IkY2ticzHEn4QFn8hQLSWg,1.0,2013-05-13 01:54:07
qcf3A5mtPntTmmSfADo6tg,2R3VHZy6yys7iS8SuSMbbQ,2.0,2017-04-18 00:20:46
qcf3A5mtPntTmmSfADo6tg,3X1IHpOzx0IYp5wM7JVF4g,4.0,2017-04-09 23:17:47
qcf3A5mtPntTmmSfADo6tg,3euS__1BAL3ETiIuecS6ZQ,4.0,2017-04-05 01:51:26
qcf3A5mtPntTmmSfADo6tg,5qpBxIg0n6jxkHIQHJSoZw,4.0,2017-02-21 15:52:18
qcf3A5mtPntTmmSfADo6tg,6ixTweh-QM88GDrHTjegGA,4.0,2017-09-11 01:53:39
qcf3A5mtPntTmmSfADo6tg,7JhQXpiMml41sxN34CUcKQ,3.0,2017-11-01 14:21:11
qcf3A5mtPntTmmSfADo6tg,854d-ziK_hQFmbNdvF3ZsA,4.0,2017-07-16 23:56:21
qcf3A5mtPntTmmSfADo6tg,A-8K66Kx7fMXkayG_3zdJQ,4.0,2018-01-02 17:29:41
qcf3A5mtPntTmmSfADo6tg,FlDkxuO6MGrW7x1OJTtJew,4.0,2021-11-26 22:39:20
qcf3A5mtPntTmmSfADo6tg,GM6j5hDNqra0pVfTcpTMMw,5.0,2017-01-02 14:44:40
qcf3A5mtPntTmmSfADo6tg,IGna30iAQJa6RMbsv-9tWg,5.0,2017-04-04 08:25:23
qcf3A5mtPntTmmSfADo6tg,INeL2YsGJRX-QulzFRKKXg,4.0,2018-01-22 22:30:33
qcf3A5mtPntTmmSfADo6tg,IXllQQM7LG9NC7uNQ8un1g,3.0,2017-05-15 12:55:27
qcf3A5mtPntTmmSfADo6tg,OPW8NuOC_9FVFXsaHOO5JA,4.0,2017-01-04 12:52:56
qcf3A5mtPntTmmSfADo6tg,O_wuhNjqLiWvRcYfbHw7Ag,4.0,2017-03-19 05:28:32
qcf3A5mtPntTmmSfADo6tg,Qo14LZITJ4fIhSdqOVsm6w,4.0,2017-02-23 16:07:21
qcf3A5mtPntTmmSfADo6tg,RQpOPNHJReRnrsCD-2qEoA,4.0,2017-03-21 17:35:58
qcf3A5mtPntTmmSfADo6tg,SyKHFYhRzW1hlwDga5EWWw,4.0,2017-06-23 11:53:14
qcf3A5mtPntTmmSfADo6tg,UESw8mPkk0MZQJNDe4ikDQ,4.0,2017-03-24 04:58:16
qcf3A5mtPntTmmSfADo6tg,Uphv4I_AtsQbmD9jv7Slig,4.0,2018-02-15 14:32:57
qcf3A5mtPntTmmSfADo6tg,YuTrJL0BStMGlvJR2QZebg,5.0,2018-06-20 22:25:42
qcf3A5mtPntTmmSfADo6tg,Z4D9fzsrlNX8O9rkJuEo6A,4.0,2021-01-04 23:22:12
qcf3A5mtPntTmmSfADo6tg,f9H3wpzWG_apxoumWB-Dvg,4.0,2017-11-01 11:18:43
qcf3A5mtPntTmmSfADo6tg,i7akkU95QVETwwX8D2qH-Q,4.0,2019-09-15 00:46:15
qcf3A5mtPntTmmSfADo6tg,jLerIZFpe25jOUf722qzBA,4.0,2017-05-18 11:50:21
qcf3A5mtPntTmmSfADo6tg,qi2MFcotB3YgiC0SJr2FmQ,3.0,2017-06-28 17:13:58
qcf3A5mtPntTmmSfADo6tg,s688oKDwUayG5rjHbPwK7w,3.0,2017-03-09 01:04:20
qcf3A5mtPntTmmSfADo6tg,tkehxQ-wmJk7xZ_op1r1nQ,4.0,2017-02-24 16:24:23
qcf3A5mtPntTmmSfADo6tg,zHoIBH6nIh_Hs8YkSJii5Q,5.0,2019-08-01 12:46:57
qewG3X2O4X6JKskxyyqFwQ,3hrEWKJxJUwEBmzw8oUYHw,4.0,2012-11-27 18:46:53
qgCgoRHA7kceAu2EkPMf0A,Fj16uG6BNZOq5K8mS2HHiQ,1.0,2018-03-27 02:03:10
qimxTm_J-nNVwOIIpx_u-A,QV7QOLww8ym3E2zBgdE2Ow,5.0,2021-06-26 16:34:53
qj4eSnrR0aZUK2OPT-qYvA,kb2Zvig0OTEqlA1xS2lakA,4.0,2017-04-05 05:30:52
qjfMBIZpQT9DDtw_BWCopQ,07i5EdI8v2FBhVV-rya8Wg,5.0,2014-02-11 19:45:19
qjfMBIZpQT9DDtw_BWCopQ,0OJ6J4AoqpxjwQPp159lcg,5.0,2018-12-10 04:34:01
qjfMBIZpQT9DDtw_BWCopQ,0ZsqqzHu1HHkDdIKoivi5g,3.0,2016-11-19 12:11:48
qjfMBIZpQT9DDtw_BWCopQ,1Tb7ION52mf2I7wXJY9HAw,3.0,2017-06-19 14:20:12
qjfMBIZpQT9DDtw_BWCopQ,1pi4PuZxgSnRRNLnyMCD4w,5.0,2019-10-16 18:54:14
qjfMBIZpQT9DDtw_BWCopQ,1ymFs_vuos2IsTvWAvQv5Q,3.0,2017-09-29 12:54:51
qjfMBIZpQT9DDtw_BWCopQ,3R-DJGoG2IPzr_SiPMtmeA,5.0,2019-05-05 14:03:24
qjfMBIZpQT9DDtw_BWCopQ,54mkE3xkqtpcgmwZPSyiIA,5.0,2021-01-18 15:08:35
qjfMBIZpQT9DDtw_BWCopQ,56pLT7QeoPsnpKRw_dtaXg,2.0,2015-06-01 23:10:49
qjfMBIZpQT9DDtw_BWCopQ,6K3i3-hBaRgNAJi03mt1fA,5.0,2015-04-27 11:58:02
qjfMBIZpQT9DDtw_BWCopQ,86jzlUUtksjPyhNP1vnfTA,1.0,2016-06-01 02:17:57
qjfMBIZpQT9DDtw_BWCopQ,898K8ftMbdWe2Dc67QMC_Q,5.0,2019-04-12 22:56:35
qjfMBIZpQT9DDtw_BWCopQ,93UD654AB6IzMPFlQgwfOg,2.0,2018-05-18 18:53:52
qjfMBIZpQT9DDtw_BWCopQ,9xCprW96TZFLajnnN-w8Pg,4.0,2015-06-01 00:55:01
qjfMBIZpQT9DDtw_BWCopQ,B7nlRFe3EeQwAWpUpefGHA,5.0,2016-06-23 00:51:09
qjfMBIZpQT9DDtw_BWCopQ,Bk6uzC83wbmCHm2i5Uz8OA,5.0,2020-02-10 03:50:09
qjfMBIZpQT9DDtw_BWCopQ,C8KFRgrMtc_naR6I7yWytg,3.0,2019-11-23 14:43:13
qjfMBIZpQT9DDtw_BWCopQ,CgiwCrXs3Ggu9eKFPIgjtA,3.0,2021-02-28 14:12:48
qjfMBIZpQT9DDtw_BWCopQ,ChMcfx_cnuKZQYT4tE3arQ,3.0,2017-05-05 00:46:04
qjfMBIZpQT9DDtw_BWCopQ,DFymbOEhIpWVE_d6BnHFmw,5.0,2016-09-23 01:49:19
qjfMBIZpQT9DDtw_BWCopQ,EY5cTfLf9BNG3tgoez9fKg,5.0,2021-04-07 00:47:51
qjfMBIZpQT9DDtw_BWCopQ,EqxVp4_9Up1HNgpU2pH3WQ,4.0,2017-06-25 13:17:46
qjfMBIZpQT9DDtw_BWCopQ,FkoX3Ux9STu2FAd926FlbA,5.0,2016-05-23 00:02:43
qjfMBIZpQT9DDtw_BWCopQ,H1lSVZSPz-Mz0P3g7o-SYQ,5.0,2020-11-24 16:05:42
qjfMBIZpQT9DDtw_BWCopQ,HNMN7NhEvA64Z0FDEA2Twg,5.0,2020-01-05 03:17:30
qjfMBIZpQT9DDtw_BWCopQ,HgPTy_OGoaxllb2EXkC1sQ,3.0,2021-02-22 00:41:17
qjfMBIZpQT9DDtw_BWCopQ,IjtKwA7njLjTvZr0nFSLeA,5.0,2018-07-28 13:59:37
qjfMBIZpQT9DDtw_BWCopQ,K2MrnWrEEg9FzHrm9lve8A,5.0,2021-11-28 01:51:04
qjfMBIZpQT9DDtw_BWCopQ,K7vvEwRd6Y8gRftjeuASuQ,5.0,2017-08-29 23:22:58
qjfMBIZpQT9DDtw_BWCopQ,L5LLN0RafiV1Z9cddzvuCw,5.0,2014-11-02 23:01:31
qjfMBIZpQT9DDtw_BWCopQ,O0CyCnSFr7cYK78nH2w25Q,5.0,2017-03-06 15:13:56
qjfMBIZpQT9DDtw_BWCopQ,OR1jehTozILIG4FzoxJcUw,3.0,2018-11-15 14:58:50
qjfMBIZpQT9DDtw_BWCopQ,P0eV29feVT96ru2RYonO9Q,5.0,2016-09-27 14:21:10
qjfMBIZpQT9DDtw_BWCopQ,PGv11T-KjPvB4xoRSoQtCg,5.0,2017-06-04 11:49:19
qjfMBIZpQT9DDtw_BWCopQ,QUyLaPjsoZiRJ-RUBVa5rA,2.0,2021-11-02 03:06:11
qjfMBIZpQT9DDtw_BWCopQ,R4NUjB9RLfaZr2OcFfxB2Q,5.0,2021-04-21 23:07:13
qjfMBIZpQT9DDtw_BWCopQ,RW7yGyblB2pU6VT56LRCiw,3.0,2020-12-07 12:49:05
qjfMBIZpQT9DDtw_BWCopQ,RmJJ979n9a2AZLUSe7_X6Q,5.0,2019-07-16 19:21:21
qjfMBIZpQT9DDtw_BWCopQ,S9qwmdAgz9YYQ6XCvX3aNg,5.0,2017-04-27 23:40:48
qjfMBIZpQT9DDtw_BWCopQ,TUCqijHJjzFJhtYhAzzDzQ,5.0,2018-02-04 01:48:08
qjfMBIZpQT9DDtw_BWCopQ,UGebrYgNZrMzbGbcI01JWA,5.0,2021-02-06 00:43:12
qjfMBIZpQT9DDtw_BWCopQ,USekrAG0-4tJUs9V2gBBOQ,5.0,2020-09-26 01:44:04
qjfMBIZpQT9DDtw_BWCopQ,UUDGbu6-nK97evc2LaevGQ,2.0,2021-06-02 12:54:32
qjfMBIZpQT9DDtw_BWCopQ,UfWjaifeYmyldKxlEYI9cg,5.0,2019-03-30 02:16:18
qjfMBIZpQT9DDtw_BWCopQ,UiN0rLzx39wVq9XpEOo26A,3.0,2021-10-17 14:10:57
qjfMBIZpQT9DDtw_BWCopQ,V378VWx4D8BstWNRFwDULg,3.0,2016-12-05 00:09:58
qjfMBIZpQT9DDtw_BWCopQ,W3gP7qMcwHUpz_hz69L5vQ,5.0,2018-12-01 14:03:20
qjfMBIZpQT9DDtw_BWCopQ,XyBe3WZgtYSV2iJm4Mkn2w,5.0,2020-10-11 13:26:08
qjfMBIZpQT9DDtw_BWCopQ,YKFGSDwaJx1qNYoNf3BarA,2.0,2017-02-25 13:24:45
qjfMBIZpQT9DDtw_BWCopQ,Yj5JUGZsOeUEiSI1T9xj5A,5.0,2019-04-11 01:01:49
qjfMBIZpQT9DDtw_BWCopQ,_P0-D02F_0SgFUuJLtHK1A,4.0,2021-09-21 15:03:24
qjfMBIZpQT9DDtw_BWCopQ,aAjOFpX5SBSoDkAsBSZeZw,2.0,2021-03-20 01:22:16
qjfMBIZpQT9DDtw_BWCopQ,eWGdkt9fdwg7aKboaZIVQQ,5.0,2016-10-29 22:16:30
qjfMBIZpQT9DDtw_BWCopQ,ec0MU8FMDBRM6pLaYbWZBg,5.0,2018-12-15 13:33:20
qjfMBIZpQT9DDtw_BWCopQ,gx5Aodh8ZiMEuyM34pBvzA,3.0,2018-12-04 17:37:46
qjfMBIZpQT9DDtw_BWCopQ,gytqFU8j-b6dpNcLEwMDYQ,4.0,2019-11-19 13:21:17
qjfMBIZpQT9DDtw_BWCopQ,hdpL704bIc8VFJIma5zGuQ,5.0,2017-03-25 16:16:14
qjfMBIZpQT9DDtw_BWCopQ,ixPTo6Hum7nNZ7A4VPhTXg,4.0,2016-08-19 02:32:40
qjfMBIZpQT9DDtw_BWCopQ,jA7MZB1aMgQaiNzIdhkwZg,5.0,2016-07-30 22:43:27
qjfMBIZpQT9DDtw_BWCopQ,mIxVPAdKyICXbllwtzWzow,2.0,2021-10-09 15:21:54
qjfMBIZpQT9DDtw_BWCopQ,nYsNsyIppe_DTueBha1x9A,5.0,2016-02-29 00:26:37
qjfMBIZpQT9DDtw_BWCopQ,oGU1LmdbKyYm_05PN0F77Q,4.0,2016-04-19 12:39:14
qjfMBIZpQT9DDtw_BWCopQ,oO_g1nb30W2or1swQAe3nQ,3.0,2020-01-25 04:45:48
qjfMBIZpQT9DDtw_BWCopQ,oRZzKWdyMQld6N_y4UWkAg,5.0,2015-04-11 01:41:22
qjfMBIZpQT9DDtw_BWCopQ,pc8D9b_rnL_I8ak91tKjsg,2.0,2018-02-24 02:09:42
qjfMBIZpQT9DDtw_BWCopQ,pdh91rffpM9QptHSXjJFVQ,5.0,2021-02-15 01:16:31
qjfMBIZpQT9DDtw_BWCopQ,q3qHHAMG8v748fe2z0EsCg,4.0,2017-01-31 16:54:25
qjfMBIZpQT9DDtw_BWCopQ,qHJbcBFjNM2Pf-cmWw7OqQ,5.0,2021-09-05 01:19:14
qjfMBIZpQT9DDtw_BWCopQ,r6dvcGaTEcvN4nUIeS15nA,3.0,2016-03-20 13:05:09
qjfMBIZpQT9DDtw_BWCopQ,tMUA2eajVUqrU8tdA-DvnA,5.0,2020-08-22 12:10:35
qjfMBIZpQT9DDtw_BWCopQ,vWdBOZdE8KwxAxyE3LcJRw,5.0,2021-11-29 00:38:03
qjfMBIZpQT9DDtw_BWCopQ,w4wYlGd-ADrda22Z7zO0Nw,5.0,2021-07-29 12:30:04
qjfMBIZpQT9DDtw_BWCopQ,x1ukXOcMHlzKmTmfNIjyLA,5.0,2017-03-31 19:44:01
qjfMBIZpQT9DDtw_BWCopQ,x3Ifr1jj2Qu7JDZto6Kbfg,3.0,2017-05-13 12:46:01
qjfMBIZpQT9DDtw_BWCopQ,xoVTtQd6xRrFbQcdfH0dLA,4.0,2016-08-27 22:25:21
qjfMBIZpQT9DDtw_BWCopQ,yNCFucjmzObzUI7X3Ql_lw,2.0,2019-08-23 14:29:00
qjfMBIZpQT9DDtw_BWCopQ,yySSmWlJau9hQkyolVIEQQ,5.0,2017-01-08 01:26:29
qjkOmSEFFEeWVTtsIl0aAw,9GdGe93oLy8MTtmEsfmgEg,4.0,2011-07-19 18:55:57
qjkOmSEFFEeWVTtsIl0aAw,AtQLrRpQan7UtJcIAo9hsA,4.0,2008-08-07 16:49:10
qjkOmSEFFEeWVTtsIl0aAw,El_2Cxuq4hxqrmlg_5nzzA,5.0,2010-09-25 15:38:58
qjkOmSEFFEeWVTtsIl0aAw,dtU_DsHVOCi-2-mWe7gabw,3.0,2009-03-07 21:38:44
qjkOmSEFFEeWVTtsIl0aAw,qlRE9dbbQdDbdeL59Mkn8w,4.0,2008-12-02 02:51:12
qjkOmSEFFEeWVTtsIl0aAw,zVoxVPHEt11_0GzqNuT2ZQ,5.0,2011-08-25 18:36:29
qk8ui0WbO8oqkD_Ik6h6nA,gFApW0S59priCHlZbMPSiA,5.0,2012-10-02 12:57:02
qlgFWhjKQACb-F8YWqwhYA,dCI9y5zlamQovNvvZ8JL5w,1.0,2015-12-08 15:39:22
qm796RfFpk4hWp2W9yEHCg,HP8kVUCXWR7m5S8GXSKh7g,5.0,2016-11-22 20:15:19
qmCy6KNe-wlDEh9_tuNihg,dGUyXgFW1WSYMgRypKaYew,4.0,2014-07-05 19:44:28
qoY16uo9rhK42HvRAuWrCg,znx1v_c2IPKOXlYAbqFYvg,5.0,2010-03-24 05:45:42
qpFCY_wj8_G-HOV8MxIaHw,GBTPC53ZrG1ZBY3DT8Mbcw,4.0,2011-07-20 13:01:00
qpFCY_wj8_G-HOV8MxIaHw,XjjgJb0iyG33CQp4ehnRGQ,5.0,2011-06-21 12:46:22
qpHcaQpmRVbngq1-7n_ViA,CYSPKiVdoPX3erovujnE9Q,4.0,2021-03-06 18:18:28
qpHcaQpmRVbngq1-7n_ViA,o45O8DI0MJXYsHnoIkP0jg,5.0,2018-04-22 03:46:01
qpNnwhh7muvIg2pQMP9Aug,4UDm69SbXGjjlbVVy3GNcQ,1.0,2012-10-08 18:24:32
qq2N-wC98Jn8zIU8N58X1g,IaQEUsz-a4NEZyTg4PiaTA,4.0,2018-08-01 05:30:51
qqcGSHjhajLWrUtpL-ScOQ,x1cyB0m8EIR9OE054dgtPg,5.0,2021-10-15 19:18:38
qs6QRxXFhArixHs6M-65vQ,6RBZfirnzE4NahJTn1UPNA,2.0,2013-07-09 18:00:34
qsIZu2IbPIwETNgh6Ed6tw,WRjrtbqSSi7i7Y96cn98jw,5.0,2015-08-24 14:37:13
qsIZu2IbPIwETNgh6Ed6tw,WxW50gAkatN0OtCPZD664Q,5.0,2016-03-29 14:13:19
qsIZu2IbPIwETNgh6Ed6tw,_Dr6GKqObRAS8xO0iTSCcA,2.0,2011-08-09 17:22:57
qsmYyNUaAhRDjVxT23nRbA,aDgughL1vDootnXe5kUWGQ,1.0,2016-01-04 05:52:10
qu8CAL1egblZ38yPBkfD_A,32It9NN_lVismU9tcuLB0A,5.0,2010-04-03 11:15:12
qu8CAL1egblZ38yPBkfD_A,ebuycCvuqc3kn4wSBBOxVQ,5.0,2011-07-04 01:06:27
qu8CAL1egblZ38yPBkfD_A,jkUjZI9RjmoIuMPpwpdSRw,1.0,2011-01-28 20:12:20
qumjKpb34tsSJ26Y2aaTPg,hAZgCi6lPrO3jk6SAyWgKg,1.0,2011-12-22 17:09:57
qunxFdBDVl0ordRJEPVNtQ,6RBZfirnzE4NahJTn1UPNA,3.0,2010-01-05 18:43:53
qunxFdBDVl0ordRJEPVNtQ,8Vo6LN9gqULhXzoxj5k6kQ,5.0,2014-05-16 19:19:42
qunxFdBDVl0ordRJEPVNtQ,ZmQHzv1pf0fbk-tm8lu0EA,4.0,2009-02-21 17:16:06
qunxFdBDVl0ordRJEPVNtQ,c8BFvdscjkhieg0C_rx6vg,4.0,2010-04-14 02:23:20
qunxFdBDVl0ordRJEPVNtQ,r926yelr_EJAKQCjdD6AWA,5.0,2013-04-11 01:43:08
qunxFdBDVl0ordRJEPVNtQ,vDBfhX1XI4uRWBCQQNRsUg,4.0,2011-02-16 07:38:45
quqkZJJSm79L6ghOFvvY3w,1Tb7ION52mf2I7wXJY9HAw,4.0,2019-05-07 01:05:06
quqkZJJSm79L6ghOFvvY3w,VaO-VW3e1kARkU9bP1E7Fw,3.0,2017-12-09 17:34:15
qvctZ8LB69y15NEsF83_wg,pWuoHHu0LuVrD0HjadDygg,3.0,2019-06-27 18:45:16
qw1q24_zFrCEvMuzZLoK5Q,SUARAtRB_3ZcLLcH8f_F9Q,5.0,2019-11-07 01:14:09
qxt3k9js4ZB1dRCdKeiTog,4R2KR_-FybS7oegGrXjHVg,1.0,2014-01-28 03:15:04
qySkAnnYcFlGO7rwcQHHMQ,GlUp8Ls2x2vToByiAtSnYw,5.0,2016-07-11 18:24:34
qySkAnnYcFlGO7rwcQHHMQ,xP5o6PVU3tWOixLJTIdVVA,4.0,2018-01-26 18:35:24
r0WkElB-Nr5xL5PlQHU3Tg,fDkOfC0t9coGC34o8Nnjow,5.0,2013-10-06 17:30:25
r2nAdxZJV8lOCYWFxmhQGA,LGYzaCmNj3_FiG-r8U1-mw,5.0,2018-06-17 01:06:23
r3lKW-6KSxflQ_aCWFvF8g,p_6THXiGLViyxYnOY8BzZQ,1.0,2011-05-17 03:10:58
r3ov7FgibBx41_W74I1KiA,I_3LMZ_1m2mzR0oLIOePIg,5.0,2013-03-28 02:17:13
r3ov7FgibBx41_W74I1KiA,NHb6QTrJOnyIj-Zd0fYzFg,4.0,2013-04-19 13:50:46
r3ov7FgibBx41_W74I1KiA,eORwNQsgjeJGrUPnQFJ9xA,3.0,2013-04-01 02:34:10
r3ov7FgibBx41_W74I1KiA,iKV83dI9jNc5h6L41aaUdw,1.0,2013-03-29 04:30:53
r3ov7FgibBx41_W74I1KiA,sB45WFgysT617bKWP_WJwA,4.0,2013-04-18 15:39:23
r4NVmZeL9UwaISRQYKMv0Q,-VlBFlHwX-Pt6Xyzs9roGw,4.0,2016-10-21 19:11:56
r6ihS2WVE-3_Q1RU4a8rDg,rWjFmr0hhi2w8IwMu162-Q,5.0,2018-06-12 04:55:22
r7htpZuNr68ff9-_0aCobA,xLiN8ZqDaTEn0AXdhRZ-Xg,1.0,2020-02-16 00:32:38
r86XWaf-9mj2xZT9Ws3S6w,MmN1qpG224QxOeq72DpN2g,2.0,2015-10-17 23:41:01
r8Fg03YuJifOZVn6HG_QuQ,NB5XTBuLVCn7c9Lu5SUqKg,2.0,2014-12-01 20:36:48
r8Fg03YuJifOZVn6HG_QuQ,dYYkzkiAQoOtRjdR0kcspw,5.0,2016-05-14 12:27:30
r8GpBm9dbvBpciwnafPqmw,bffLbfi1IEAff5C2IHJvFA,5.0,2014-03-30 19:14:47
r8GpBm9dbvBpciwnafPqmw,hUX1yAimviBIhb21D_KtcQ,5.0,2014-03-23 17:27:57
r9Rblb4rklH072lBLUdy_w,dYYkzkiAQoOtRjdR0kcspw,5.0,2016-06-26 13:10:24
r9S0VYrdXJrdhfR7OXj8tA,3Cqy4d5KcGVmgiHFi4O4zQ,1.0,2020-02-24 01:30:28
r9S0VYrdXJrdhfR7OXj8tA,BgQOm2TuoF1UmD4e7BOUjA,3.0,2019-12-30 04:15:57
r9S0VYrdXJrdhfR7OXj8tA,BtXXYIQosyO8SbO718tXVQ,4.0,2020-04-06 02:42:54
r9S0VYrdXJrdhfR7OXj8tA,Cs0adaMTxJWTDSzuQ3vheg,3.0,2020-09-20 22:00:45
r9S0VYrdXJrdhfR7OXj8tA,F_p-pLonAAzzOSnTLdJMtw,4.0,2020-02-24 01:55:53
r9S0VYrdXJrdhfR7OXj8tA,IkY2ticzHEn4QFn8hQLSWg,2.0,2020-08-07 01:33:06
r9S0VYrdXJrdhfR7OXj8tA,IzTh_D90T7LZRxy1lgAG-Q,4.0,2018-11-15 04:16:19
r9S0VYrdXJrdhfR7OXj8tA,MuQ-irulfi6V8N9Ka6XBHQ,5.0,2019-10-14 02:45:02
r9S0VYrdXJrdhfR7OXj8tA,avB60OOVc_YOyfbz2AqL_g,1.0,2018-11-25 05:24:43
r9S0VYrdXJrdhfR7OXj8tA,kkgaPaqs3VKdlPUCwCv3kw,3.0,2020-01-01 05:57:28
r9S0VYrdXJrdhfR7OXj8tA,oIr50siZDtDYCE_p5K8nYA,5.0,2019-12-20 03:32:48
r9S0VYrdXJrdhfR7OXj8tA,rLRw73bopdUf4spMxIAhIQ,1.0,2020-03-08 22:14:37
r9S0VYrdXJrdhfR7OXj8tA,sV6up2rehuTegmfo3uYUtA,2.0,2020-01-30 01:33:26
r9S0VYrdXJrdhfR7OXj8tA,trwHwsXOVV-ZmF-MtP98BA,4.0,2020-01-27 17:07:19
r9S0VYrdXJrdhfR7OXj8tA,wTCA2ZJsssbOCjG0h0ZiGg,3.0,2020-03-29 00:28:46
rAIBoxoBz0TF7f8036JGJw,GXFMD0Z4jEVZBCsbPf4CTQ,5.0,2012-10-16 12:59:42
rAuQT_1kQl8IJLH1393dcg,YSRM9nWQn40eg49tSiI-_Q,4.0,2019-03-22 23:55:57
rAuQT_1kQl8IJLH1393dcg,s9ceDy-cVHe0uzvZpWq87Q,4.0,2019-08-10 19:09:43
rBBQbHErcvNH916VHw0gZA,-tDmeO1Q5aqThVY3AFJJ7A,4.0,2016-03-08 21:39:38
rCCr1npPRE1nM_eU_65dlQ,Fj16uG6BNZOq5K8mS2HHiQ,1.0,2020-10-11 01:05:50
rCNnyM0rOabZtmMkfMH5HQ,Fj16uG6BNZOq5K8mS2HHiQ,1.0,2018-01-31 20:47:58
rCsRmePT0JcI0-1ssVbTAQ,EVmCBFlY0Hy_62bDRizmGA,1.0,2016-02-03 01:04:53
rD6xc7qevQ7_dGzk4hkoHA,cGX-1IUwXOjkUqZbkKYcjw,5.0,2010-12-22 09:57:03
rFEruugBZt1T2VP0FdHJ2g,CPFKi2lZJazP6IdtCdDDyg,4.0,2018-11-01 21:53:26
rFEruugBZt1T2VP0FdHJ2g,lau2jbBCG3XohoAvCRIm1Q,4.0,2018-05-24 19:20:29
rHJE1ZVjnApRARbql76aHA,U3grYFIeu6RgAAQgdriHww,4.0,2022-01-08 00:44:45
rHJE1ZVjnApRARbql76aHA,sor6oj-nuslOcSx7di4urA,2.0,2022-01-06 19:59:11
rK2CVzMEDV4UnXbBvl0oQA,znx1v_c2IPKOXlYAbqFYvg,4.0,2010-06-15 17:59:01
rKHIcN4af2mCnGrNadyMyQ,8f5BnHWOn7Igey-TNoY0_Q,1.0,2012-03-25 11:42:24
rKoNlAX-ARVNLH8FXTxBnA,M0NT6MBWg5-76wyQXMzJWg,5.0,2018-09-01 23:26:45
rL2hC27iA1AB9RvdLLbkNA,i7akkU95QVETwwX8D2qH-Q,1.0,2015-01-13 01:16:26
rL2hC27iA1AB9RvdLLbkNA,qvGfM67TXU-akls99x2ibg,4.0,2016-04-27 17:07:43
rL5uMarIYnEMgDr09pafqg,2R3VHZy6yys7iS8SuSMbbQ,4.0,2013-01-31 18:08:54
rL5uMarIYnEMgDr09pafqg,6RDGvdukSq3YHPYvG8sIEQ,4.0,2018-11-29 02:47:12
rL5uMarIYnEMgDr09pafqg,9KHTQiXutn-W51EjAfrodw,3.0,2013-01-06 01:58:32
rL5uMarIYnEMgDr09pafqg,GM6j5hDNqra0pVfTcpTMMw,5.0,2016-09-24 22:42:20
rL5uMarIYnEMgDr09pafqg,Meww6RIE4cFL_kG0aRlbAA,4.0,2017-05-21 13:09:49
rL5uMarIYnEMgDr09pafqg,jIfRcC9Vd_bz66nVsoEMzA,4.0,2020-08-18 11:50:39
rL5uMarIYnEMgDr09pafqg,oBNrLz4EDhiscSlbOl8uAw,4.0,2018-11-29 12:59:48
rL5uMarIYnEMgDr09pafqg,yE6aDcbbK8pmvNroXnQYQA,5.0,2017-05-23 13:56:16
rMsB82tk9uOB6JumPMgczg,VVH6k9-ycttH3TV_lk5WfQ,4.0,2018-11-06 20:45:56
rMsB82tk9uOB6JumPMgczg,ww3YJXu5c18aGZXWmm00qg,4.0,2018-11-04 03:26:04
rN4RItq4xONM-cjgSfbvDQ,G4kmb7lGpbER5Jd2Al2TLw,5.0,2017-04-10 22:44:39
rN4RItq4xONM-cjgSfbvDQ,gjbmwlYUImb2lQBp5LV3KA,5.0,2017-12-12 04:22:11
rN4RItq4xONM-cjgSfbvDQ,vN6v8m4DO45Z4pp8yxxF_w,5.0,2017-02-23 00:56:20
rOWvCXqF6ICwZBzA6H6ZWQ,HoKH4Rk7wHfVT-60aYIYwA,2.0,2017-03-01 02:18:17
rQA7T5DoVCzYrEdT7q4TBA,USekrAG0-4tJUs9V2gBBOQ,1.0,2016-06-26 17:42:26
rR22oLmJRBHqh6ONHIl3Aw,AVBqx8FaXza6x-bb_FLOTQ,5.0,2015-06-21 06:42:48
rR22oLmJRBHqh6ONHIl3Aw,nEaTbGFlU7d9eLU2kl6KBw,5.0,2015-12-22 06:50:02
rRH8mip_16VU4GJ8iTF_HQ,F1xE--Gb4rNFAwHkNkV31A,5.0,2017-08-07 16:27:36
rRpZlyWw7eKKwIs6worKsA,K59I711q4mFXw7ZBxdwBTg,1.0,2010-10-07 18:03:56
rRrFcSEZOTw6iZagsIwTFQ,E359ITHKa9CVe9cTOofZUQ,4.0,2017-11-04 16:46:19
rRrFcSEZOTw6iZagsIwTFQ,eCikDKFbaeYVNdCD2beX0Q,4.0,2017-10-24 17:31:52
rS4OEY7fWDZG_JuJjR9HWg,muxda1cSVtplETqTfYVgZA,2.0,2011-03-14 18:13:31
rSIuKMvWfvdKiJjO5YLC8w,atZ_olNKXOG4rEr6mccN8g,4.0,2014-03-27 06:44:45
rTKK_-3W3gIQEohj0QSFWA,1o9IdLrFGMS2o5Y8uXKC0Q,4.0,2013-12-13 16:30:46
rTKK_-3W3gIQEohj0QSFWA,3qiHeiMr-6D1Yp-DbOeJhA,5.0,2019-03-05 13:28:13
rTKK_-3W3gIQEohj0QSFWA,kaW1wIGEVtLtAEIgHm_PQg,4.0,2015-05-04 16:06:25
rTOLj63bMRn9ragmfMzOeA,B3tLDhsfgQIQ7T9u3K9-uw,5.0,2017-09-16 14:54:00
rTOLj63bMRn9ragmfMzOeA,DFymbOEhIpWVE_d6BnHFmw,3.0,2020-01-30 22:07:28
rTOLj63bMRn9ragmfMzOeA,EUkh0Qyf_Y4-B69w_z8n6Q,5.0,2019-11-22 20:31:50
rTOLj63bMRn9ragmfMzOeA,LWstcv6F48ouIEW8RGUDjw,4.0,2020-02-08 18:50:47
rTOLj63bMRn9ragmfMzOeA,MQRZphoLZVK278Na2YjzgQ,5.0,2019-04-26 16:00:46
rTOLj63bMRn9ragmfMzOeA,T6c7iPO8Y4t_GQiyevZbiQ,4.0,2020-12-06 16:17:05
rTOLj63bMRn9ragmfMzOeA,TQKpK-ClRGtEFu_Qf7U-MQ,1.0,2020-01-13 01:27:06
rTOLj63bMRn9ragmfMzOeA,gytqFU8j-b6dpNcLEwMDYQ,5.0,2019-12-31 21:42:38
rTOLj63bMRn9ragmfMzOeA,kCV9CwW28Uz1ln4IXGhGwg,4.0,2020-03-01 19:15:30
rTOLj63bMRn9ragmfMzOeA,mEudf3Z2rKw-DoEbsImUCQ,5.0,2019-10-18 17:24:10
rTOLj63bMRn9ragmfMzOeA,ovLgaPIMrx7PDZPrEpTMvg,5.0,2016-10-30 16:13:38
rTOLj63bMRn9ragmfMzOeA,q_dCXxrhNDMEpc71CVL4Kw,5.0,2020-07-08 13:48:10
rTOLj63bMRn9ragmfMzOeA,t3fJsOcmghh-MJ-UNXDR3g,5.0,2019-12-31 21:38:57
rTOLj63bMRn9ragmfMzOeA,w4wYlGd-ADrda22Z7zO0Nw,4.0,2020-02-22 20:14:33
rTpX-Rkb2e90itDkCW1ulg,Rb9QIj-NyRn_giOBN991YA,3.0,2020-02-11 06:14:41
rUESL58ZoOwra3TqIpBQ3A,ow7hDGkfVJH65nniXH1a0g,5.0,2013-11-15 15:39:49
rUQ0uTP4lbqbEl7PGhCugA,-ad35BhAZvtgrccfWI2kuQ,3.0,2015-12-31 14:47:56
rUQ0uTP4lbqbEl7PGhCugA,7zVlXkudkfhE9oZjtp_1IA,2.0,2015-09-27 03:04:42
rUQ0uTP4lbqbEl7PGhCugA,A8eWhMmvWbAiuTZ3OtF_xA,4.0,2014-07-25 02:43:58
rUQ0uTP4lbqbEl7PGhCugA,BZk7GCi2OmKTuvdQk-Wmbg,4.0,2016-04-20 03:06:33
rUQ0uTP4lbqbEl7PGhCugA,DE7oNZUBOkAQ4zhA8tZQLg,3.0,2018-02-11 00:15:48
rUQ0uTP4lbqbEl7PGhCugA,FSTLTRc_7BTgv99kWSnhIw,5.0,2018-09-26 21:28:02
rUQ0uTP4lbqbEl7PGhCugA,KiwskluQ7tMqZqvuf872vg,5.0,2014-12-15 03:52:10
rUQ0uTP4lbqbEl7PGhCugA,MxRZHZoDVVnN7EvMAHf1EA,5.0,2018-11-07 18:45:10
rUQ0uTP4lbqbEl7PGhCugA,R4NUjB9RLfaZr2OcFfxB2Q,5.0,2016-06-02 17:57:43
rUQ0uTP4lbqbEl7PGhCugA,STU4v_QuqjpsUJmWU535pg,3.0,2015-08-26 14:40:34
rUQ0uTP4lbqbEl7PGhCugA,_ehSDMpnQ67RR0Yy0yv_3A,4.0,2018-03-23 22:16:22
rUQ0uTP4lbqbEl7PGhCugA,f7eLuUSH3Puh3Z9oo77t5w,2.0,2019-10-24 19:28:31
rUQ0uTP4lbqbEl7PGhCugA,q_dCXxrhNDMEpc71CVL4Kw,5.0,2018-03-06 20:38:33
rUQ0uTP4lbqbEl7PGhCugA,qsLVHCPvRkDX2sQdQM-RDQ,4.0,2019-01-03 19:11:02
rUQ0uTP4lbqbEl7PGhCugA,sitve7-2mPUQQ2bV8jLCRg,5.0,2015-08-08 22:06:57
rUQ0uTP4lbqbEl7PGhCugA,ySn36gFeTJ0fR8CG-Q2DuA,2.0,2016-06-05 22:01:53
rUV1FUhji5xMjNBpcq5SXg,xb5NsCqvQw2uE5HoQyDr0g,2.0,2012-02-12 03:21:35
rUYDeEtzj_cag8LzofKByg,zFcE7bQ2oDfwpPgl_PxOTA,5.0,2013-10-21 14:25:45
rZfbZIyYve4a92-IrXPo5g,dBOVfp8Ub8uO9qUPtw92_w,1.0,2008-05-17 14:36:06
rZg5xWm--gdr6LiHoqe_AA,T8NWs6flR26edfhhwJNhNA,4.0,2015-09-28 14:28:29
rZg5xWm--gdr6LiHoqe_AA,y8gjlpJA89qDRCLC0JQaew,5.0,2019-08-26 00:17:17
rZpcVHRzrHjAGSnYtFp2Cw,CxXYiJBkq9kqsgtdagqVgw,5.0,2011-02-17 01:53:38
r_V4QAVf60cRx6xkv_M_Eg,_E0WPHfJEYmwOUCAj-Jq1A,1.0,2017-07-12 00:42:37
rae3XnBTKX6ANvWZ6i8Y4A,7evVLlKovx8DV4CfqJgXww,5.0,2021-04-22 18:34:37
rc0d5GifHEiOP-GRh7E-8w,617w8MQE3z1szmLvs0WfCw,4.0,2016-12-27 13:16:00
rc4USKiO676ehEqj2vESBA,PlaECqs3oPBRo47p85zkzw,5.0,2021-04-29 00:37:54
rcU7ysY41qGppbw4pQgjqg,iSRTaT9WngzB8JJ2YKJUig,3.0,2017-03-10 02:42:34
rcU7ysY41qGppbw4pQgjqg,q3qHHAMG8v748fe2z0EsCg,3.0,2018-02-23 02:59:37
rdQo1I6tjjR2Wg6UUu5ZnQ,FCfTUUTYXfZchPvx7tkoWA,3.0,2019-03-13 03:01:34
rdx-fJnJOcJ0oVWC2iLYBg,Hh8jUR0mtVXkAnv8XDZjyA,1.0,2019-06-13 18:43:44
reJ7c2yq3f8dODMslzODUQ,frKu7zT5UdfcafYfmRLhmA,4.0,2015-05-24 02:35:17
reOsjVoPYkAQyVVau2crFg,xh7mQ46QUMswpugKJFmppQ,4.0,2021-05-17 23:34:56
rfDqKDpd1_B-VlkPDfHsqQ,JT42WVnP5XuaQqfdSqb5LQ,5.0,2019-03-09 23:57:18
rfFCDTjJMN7ChYcCKkcHag,3DKGhJXrqhVOQGFNiSp9Vg,5.0,2020-06-22 14:36:30
rftxKcgcYIFFSr-M53ZRmw,fcGexL5VH5G2Xw0tRj9uOQ,4.0,2013-01-26 02:48:03
rftxKcgcYIFFSr-M53ZRmw,znx1v_c2IPKOXlYAbqFYvg,4.0,2013-01-26 02:15:18
rgSvA65McRv57TwBuEMA6Q,MFxRPt8-B2xTYmon3s84kg,5.0,2019-01-07 18:25:36
rgSvA65McRv57TwBuEMA6Q,_NozEKb4y0jkC08DWU8ywA,2.0,2017-08-26 17:36:24
rgSvA65McRv57TwBuEMA6Q,bmz4siaejdjs4_yS_mYW4A,5.0,2017-11-12 06:14:00
rgSvA65McRv57TwBuEMA6Q,elEQxid6rZ3tRZF1Kwkr9A,4.0,2018-07-09 16:40:32
rgSvA65McRv57TwBuEMA6Q,nYuwfmjaYdeJgZU_Q_ugaA,5.0,2017-11-08 05:24:58
riWDgbauId8TK7YFVgMNJw,1ddqdY_piKp-abaZ-bGRSA,2.0,2011-09-08 16:03:03
riWDgbauId8TK7YFVgMNJw,7dLQkwWU2fRqTlvplg0iMw,4.0,2015-07-04 13:46:01
riWDgbauId8TK7YFVgMNJw,E48H5Zpw3ndlu7KLHGRyHg,3.0,2016-05-16 20:08:24
riWDgbauId8TK7YFVgMNJw,I0I2mkCOPTYVSLpc8A8VVw,5.0,2017-03-10 17:19:42
riWDgbauId8TK7YFVgMNJw,UGefDZNmnBztS0eoXWtHyQ,3.0,2015-02-02 22:00:53
riWDgbauId8TK7YFVgMNJw,Z4PF4EtM12L7nwOHZHFJNA,3.0,2014-05-07 21:59:57
riWDgbauId8TK7YFVgMNJw,hfbZ97Te3T4jeWN6GgsGrQ,4.0,2015-08-06 13:58:06
riWDgbauId8TK7YFVgMNJw,sCNdu_Anatq1BKuXD86A8A,2.0,2011-01-30 20:46:15
rjD5JDrDndu0vZvUhnnA7g,IkY2ticzHEn4QFn8hQLSWg,1.0,2007-02-15 21:01:50
rjb_Ui2yzFpMK_Kzr1XA7A,dGUyXgFW1WSYMgRypKaYew,4.0,2014-06-14 23:46:03
rkdE06BbheP4gEhb3ooH0w,0MhxvTys2ADYa3sOO91ldQ,5.0,2019-04-02 16:50:44
rkdE06BbheP4gEhb3ooH0w,GST3wg-wej15vHeCvaXE6w,5.0,2018-06-22 18:11:32
rkdE06BbheP4gEhb3ooH0w,LGYIhGqbYakMMdsn_GCzJg,4.0,2019-03-26 20:54:15
rkdE06BbheP4gEhb3ooH0w,sB45WFgysT617bKWP_WJwA,5.0,2019-11-25 22:19:14
rkdE06BbheP4gEhb3ooH0w,wP2ok4O0GsR9td7Iiv1zKA,5.0,2018-03-28 02:34:10
rlEApmZAbUkn2JXkd6Bmvw,KVT4RFTRVjSS3zuZ1bmiAA,5.0,2012-12-17 21:44:58
rlFUes82nBIyEnYp42yEqA,WBKSV2LxPJvKRPxEfDbVrg,5.0,2019-09-10 02:29:57
rnH9fiCEiYrr84zr2joLHA,617w8MQE3z1szmLvs0WfCw,5.0,2021-03-11 18:10:14
rnM1Q71gBUXe4F-BgrVmow,XqSLir6xs3I6ntf-xIQzrQ,1.0,2010-01-26 20:23:36
rn_B8ffTR_3ZlW9FcE1n3g,y8gjlpJA89qDRCLC0JQaew,5.0,2019-08-30 00:17:11
ro-8C4K-3Z23hDYUK_W0UA,sor6oj-nuslOcSx7di4urA,5.0,2018-12-05 10:23:23
ro-VDs2ONzhB2hKInYcPWw,h8h1QvEQruTkBI50NlWsyA,5.0,2014-03-17 20:22:08
rogD0iL3FNrixPwhLg-o9g,eb4QwETR0zK4De-ar8XO6Q,5.0,2015-09-17 02:48:58
rpUOaLv_7QkDeFQSZMZhOg,NYcXibc_RzSI7wgGbidi8w,4.0,2012-06-25 05:00:30
rpUOaLv_7QkDeFQSZMZhOg,VNvJuCTMdGBj4lwC0L1Ghg,4.0,2013-12-04 01:34:44
rpqPEEh6dWg8228Qu63uUQ,5DJ2sDvM_XRndlB24DnxYw,4.0,2016-03-26 11:40:27
rpqPEEh6dWg8228Qu63uUQ,bsUZVF1WNrrwXvkAhoKRaQ,4.0,2019-03-07 19:06:49
rpvrIZhQZCwAfe6amkoIog,8OMerSx6en6MgHYg3E89ZA,5.0,2019-03-26 15:29:05
rqedLfqPDXbUm68vSbhvpw,Y2Pfil51rNvTd_lFHwzb_g,5.0,2019-08-24 19:30:47
rqv9mIc9pj9R_b0MIm_fzg,F1xE--Gb4rNFAwHkNkV31A,2.0,2018-11-28 07:18:09
rqv9mIc9pj9R_b0MIm_fzg,NB5XTBuLVCn7c9Lu5SUqKg,5.0,2018-11-02 06:32:37
rqv9mIc9pj9R_b0MIm_fzg,Rb9QIj-NyRn_giOBN991YA,4.0,2018-11-20 19:07:45
rqv9mIc9pj9R_b0MIm_fzg,cBp1fn2LXpSHe4VbTXLYEw,4.0,2018-12-14 18:08:29
rqv9mIc9pj9R_b0MIm_fzg,mcr1lAEdvGLMJhuPwI3I2A,3.0,2018-12-04 17:23:08
rqzIey6wUEBStozuljQDwA,LmRyuir7orBNN43fyp8buQ,4.0,2012-12-09 16:54:18
rqzIey6wUEBStozuljQDwA,dGUyXgFW1WSYMgRypKaYew,2.0,2013-07-21 02:27:48
rrTl2iqNSY9cB27MMvLI9Q,WrZaL6BxHqVqt3sAcJ-5Rg,5.0,2015-07-14 15:14:42
rsKZL50mvZhJArcymOPgPg,RadvqFuRTZNEfSZ_avPRog,5.0,2015-10-12 02:27:39
rsfkVKYhrolUTxkSlhl8Mg,hwcPLznPbsW8ghC20OluRQ,5.0,2014-02-17 04:40:53
rt3MZtOmwB0hohjILz45DQ,OR7VJQ3Nk1wCcIbPN4TCQQ,5.0,2016-03-13 05:50:26
rtGnlR02bjJXp0cg-RzR6w,mcr1lAEdvGLMJhuPwI3I2A,5.0,2015-10-16 20:12:17
rvYTWj_twMGMkT3k7qjxZQ,FHNIvNgh3fS7VZQq2Y3dsA,5.0,2019-11-17 21:13:29
rvYTWj_twMGMkT3k7qjxZQ,vCHNWdW-ys-nWUx3Cpvk8Q,4.0,2018-10-14 19:45:15
rvkVh-FNvg2fYSgHjG4mkQ,eLi0bpsDoWQkBhJX1d46tg,5.0,2018-02-25 17:44:48
rvkVh-FNvg2fYSgHjG4mkQ,iUZEGx29miZObLd6_lt7Vg,5.0,2018-03-15 04:47:34
ry7rkv7q-ZE7K0rWoTGyhw,xb5NsCqvQw2uE5HoQyDr0g,4.0,2019-12-28 18:16:05
ryfbBDgvpMIRDPkrirSCig,YG1fT80sd9swV0oe1gPh7A,4.0,2012-05-13 22:48:04
ryisT19-tzvMyVVi0iLvwA,1OfhM-ZKvcpxyxptCCzEwA,4.0,2015-05-04 15:22:25
ryisT19-tzvMyVVi0iLvwA,35jNPbB_-8oh-LHb9GEIQg,5.0,2018-11-14 13:22:16
ryisT19-tzvMyVVi0iLvwA,9PZxjhTIU7OgPIzuGi89Ew,4.0,2015-11-03 16:22:24
ryisT19-tzvMyVVi0iLvwA,FHNIvNgh3fS7VZQq2Y3dsA,2.0,2013-10-04 02:05:07
ryisT19-tzvMyVVi0iLvwA,FuDAtkLAHBKyhzdPeM1iVA,5.0,2019-03-14 16:57:44
ryisT19-tzvMyVVi0iLvwA,K7KHmHzxNwzqiijSJeKe_A,5.0,2018-11-29 19:06:11
ryisT19-tzvMyVVi0iLvwA,MIJ1UCPQ0LMh7D9U5PGFrA,4.0,2015-01-26 14:42:58
ryisT19-tzvMyVVi0iLvwA,jySVipAqMqczPzOPLMnJpw,5.0,2016-07-11 01:43:59
ryisT19-tzvMyVVi0iLvwA,zp9OcdUq2CWtQuI9FFBOQQ,5.0,2019-07-24 13:02:39
s1UXYIq2AwGeKK5l0TAL5Q,J8S7cPPlTgsQnXKVfTyN8g,1.0,2012-04-19 18:30:12
s1fUKbqJUi2PUvVgRdNoJg,l6SCfDSkeFdD5ccMK0ZwlQ,1.0,2014-05-11 15:33:03
s1v2YfnoCs0fXD7EdbmN3A,jtgBkAQuchDYgkdsebzLsQ,1.0,2018-11-14 20:10:37
s2Mnlw9nOJ6l3SUckyi7mg,2KIDQyTh-HzLxOUEDqtDBg,5.0,2013-07-17 21:40:56
s3nnI4VLMNI1M7_zk0n6kA,EZc2myE2mYk2h9JK9qu8gw,4.0,2018-09-06 18:16:53
s3nnI4VLMNI1M7_zk0n6kA,a32M9H9nkkPGKTKB5W27NA,4.0,2018-10-18 10:59:52
s4G2UQ5Mv0zMcKzfyFDwhg,FlDkxuO6MGrW7x1OJTtJew,5.0,2018-03-18 20:15:06
s4G4MQF_8OsNxt2RK3RK8Q,Zqd_DHAtrdzRJ8u3zwrvEA,5.0,2021-03-19 21:53:31
s50sCIfV4NzDpmTjebvl2w,J179GmDalU-NgZ7nhRwBYQ,5.0,2011-05-15 01:42:29
s5o6DQgvrnmJlbw2IDM9zQ,_EqGhRXzlUaTpu5eToC8MA,5.0,2009-03-25 18:32:02
s68ZUrrnNX_gZzg5hwgupg,t7pZrv7LaqTQ71Iq6NerCQ,5.0,2016-08-10 18:42:09
s6QghJT6IHNxV5MX8a66tw,NHb6QTrJOnyIj-Zd0fYzFg,5.0,2011-05-11 01:56:33
s6QghJT6IHNxV5MX8a66tw,eORwNQsgjeJGrUPnQFJ9xA,4.0,2012-03-07 01:05:11
s6QghJT6IHNxV5MX8a66tw,xjUtI0-k_d1-ZvBqXU9TYA,4.0,2021-07-19 20:34:32
s6W-o7WF4v7a6XRs0g96fg,Hh8jUR0mtVXkAnv8XDZjyA,2.0,2020-11-06 00:28:58
s6eSGjdgiCiEdm945tkGnw,REiAM73RkOxFqCVlEFiRWA,1.0,2018-12-14 02:36:51
s6lIsLlPcjaHDhXxTV9kKQ,6-5hbU746kMNgim0YOOg6w,5.0,2016-08-19 15:18:52
s7cUp9ma9h9FYN-fa0FtgA,tTNGEXBBOg5fLAfxLKBFPw,4.0,2018-05-21 19:23:35
s8C7D6o_KI199rZYSFWjKw,rK4MQ-vybY5KXI73o-0mlw,2.0,2014-06-03 00:19:59
s8nkbQAlrVPfg1u4anGKtw,GmXC3CBu172Bkb0c6RnO7w,4.0,2014-05-09 04:27:26
s9fb6K62gxO9ZYWn821Sbw,YCKSpB4YwMxSXSauN9WPCA,5.0,2015-10-25 22:49:23
s9p8Hx6ZKOlWv6VEVrQuVA,Fj16uG6BNZOq5K8mS2HHiQ,1.0,2019-08-13 00:17:12
s9pTBEoQWDeZjG8mrTO3JA,UuuBYchJI23ddIoKl8fPfA,1.0,2017-12-11 02:23:03
sBn5m-GManXNZjsiM7lHnA,9dGzGbNKLMP0_wOqI5GffQ,4.0,2022-01-01 16:46:26
sBn5m-GManXNZjsiM7lHnA,CQD7-sfUiADa6KyTYJT2NQ,4.0,2019-10-16 22:31:50
sBn5m-GManXNZjsiM7lHnA,EmHXLffnzvntWzO6Ba3Atw,5.0,2021-06-12 00:33:40
sBn5m-GManXNZjsiM7lHnA,F-c7uFx2dsncXXJrgMXKyw,5.0,2019-09-15 19:42:19
sBn5m-GManXNZjsiM7lHnA,IiSXzsFJaFEMTkiUsPFm_g,5.0,2019-10-05 01:31:57
sBn5m-GManXNZjsiM7lHnA,QboMIy08NLnBbLXEsmnDHg,5.0,2021-10-23 21:31:26
sBn5m-GManXNZjsiM7lHnA,R_Wi9jh57H_OzzAVWO71Bw,5.0,2021-11-20 01:14:45
sBn5m-GManXNZjsiM7lHnA,UTXwFoe-KOo0SqnBqtbyhQ,4.0,2019-12-28 15:18:00
sBn5m-GManXNZjsiM7lHnA,X0vPZIkbUj22afBQz5-neA,4.0,2021-05-30 17:38:58
sBn5m-GManXNZjsiM7lHnA,b3tI8ODMieXSflFHLFA92A,5.0,2021-05-16 18:52:31
sBn5m-GManXNZjsiM7lHnA,ew_Hhp12Silh3qjoPaW9IA,5.0,2019-11-17 15:16:54
sBn5m-GManXNZjsiM7lHnA,jYEPmsqP5-Zg__YcMeAzJQ,5.0,2019-08-03 00:15:42
sBn5m-GManXNZjsiM7lHnA,jpw9W_oiaDOMkvifWFCb7Q,5.0,2019-01-05 13:10:16
sBn5m-GManXNZjsiM7lHnA,q2iS794-52tFAC2ScQFTug,3.0,2021-05-30 16:07:11
sBn5m-GManXNZjsiM7lHnA,q_PFmdGcKx2H7z2ze8H26w,5.0,2021-06-27 19:22:15
sBn5m-GManXNZjsiM7lHnA,xYDO35xImuSEGO5fKk6UtA,4.0,2021-11-29 22:25:19
sBn5m-GManXNZjsiM7lHnA,yNCFucjmzObzUI7X3Ql_lw,3.0,2020-03-16 00:28:23
sC50SiqFmgV5EEWkqySuJg,tY3Y5NzBBD67uwZvBmbncw,5.0,2016-02-09 05:27:59
sCMoMzlOS5q0dfXJVCY2sQ,TI3Rydw47yBMzY1oW2wJUg,5.0,2015-09-15 18:51:11
sCOjoM_buXFVrnAFLVYktA,BOq6aYbFAyCYNv_7O2mIMg,4.0,2018-08-15 13:27:22
sCOjoM_buXFVrnAFLVYktA,Cjwb7VQGP0u2eWYj1wnO3g,1.0,2018-09-03 21:58:11
sCOjoM_buXFVrnAFLVYktA,hT9weRMZuJjl6Ca1EskmNA,5.0,2018-09-07 20:00:23
sCOjoM_buXFVrnAFLVYktA,iUZEGx29miZObLd6_lt7Vg,5.0,2018-10-15 14:40:38
sCOjoM_buXFVrnAFLVYktA,n5Fdf9RzooS7obq0NecOWw,5.0,2018-09-05 23:31:53
sCOjoM_buXFVrnAFLVYktA,sTPueJEwcRDj7ZJmG7okYA,4.0,2018-09-02 04:05:46
sCTh7XEzqt4TlLzbaskmBg,Nvx2MceKWAtikcAxk_TBMg,1.0,2015-10-09 02:49:26
sCpZilDWQslqVKk2xUJKQw,36_FvBjdMXC949XVYDUb6A,3.0,2018-12-19 13:42:41
sDEcTcxTO7A7mZftS-wWJw,Gekeq1c-fuezmx0PSGQvzw,1.0,2019-11-30 20:15:41
sDfQvfsjtxdXfIMDSXF9Ew,GST3wg-wej15vHeCvaXE6w,3.0,2021-03-21 21:37:55
sDjLntGYVuhp4FlKz33P_w,PP3BBaVxZLcJU54uP_wL6Q,3.0,2011-02-02 02:53:40
sDjLntGYVuhp4FlKz33P_w,Rl42JbSMsmNW3LRjsTMYAg,4.0,2010-11-11 05:48:49
sEEGucq7vg0_yT25miGmsA,A5b9nVDi1DPVvPOD24-p6w,5.0,2013-03-13 21:56:43
sGJvx1MTsetDzsnrHfJHLg,1RerTYaZEAfmSARDhsZ-8Q,4.0,2017-02-05 22:00:36
sGJvx1MTsetDzsnrHfJHLg,7pwFfnB6FH4lflXWrQ2Tqw,2.0,2017-01-25 02:38:22
sGJvx1MTsetDzsnrHfJHLg,Aes-0Q_guDeYewMapFs_vg,3.0,2017-06-25 14:26:55
sGJvx1MTsetDzsnrHfJHLg,EZc2myE2mYk2h9JK9qu8gw,4.0,2021-04-21 17:11:11
sGJvx1MTsetDzsnrHfJHLg,JpwG8sDNsHuD0f6NF6YuGw,3.0,2021-03-24 15:35:27
sGJvx1MTsetDzsnrHfJHLg,Lw_8MDDspsumhB37n74nNw,4.0,2017-01-21 17:12:20
sGJvx1MTsetDzsnrHfJHLg,NHb6QTrJOnyIj-Zd0fYzFg,5.0,2014-10-27 13:04:04
sGJvx1MTsetDzsnrHfJHLg,Rl42JbSMsmNW3LRjsTMYAg,3.0,2020-03-11 14:50:29
sGJvx1MTsetDzsnrHfJHLg,S2n_06z4lGLZfdJ53XAXQQ,5.0,2017-01-25 15:44:54
sGJvx1MTsetDzsnrHfJHLg,YxWiv24PHCseiVvGlqKFrQ,3.0,2020-03-06 16:01:38
sGJvx1MTsetDzsnrHfJHLg,khnNWa_my3oQQghGPuILhg,2.0,2017-11-16 15:29:37
sGJvx1MTsetDzsnrHfJHLg,oGDGlUbOjHxmmCh8ZYcDCg,4.0,2017-06-19 14:13:51
sGJvx1MTsetDzsnrHfJHLg,pG3BViWKznBrEPlbV9wxPA,4.0,2017-02-05 16:40:57
sGJvx1MTsetDzsnrHfJHLg,quCIR7UcrMmpaKXYwet8pw,2.0,2017-05-25 14:36:06
sGJvx1MTsetDzsnrHfJHLg,uMR8xEsOvuHj6B4Gi9MAeQ,3.0,2015-11-22 13:55:48
sGMB4rFamgxbFOKAmiJ0mg,_BreSZ3-mTEJYqJ1Ot7Akg,2.0,2018-03-11 19:37:38
sGMB4rFamgxbFOKAmiJ0mg,pPKFIFDY2u1KCupXzHNtnw,5.0,2016-12-31 02:58:01
sGMXMyicKV-1BOaxs85p7A,HDNeRsScQG_YQevwNPOcJQ,1.0,2012-06-07 17:47:25
sGN9Z7RgvPvPGDnkH3nFDw,nlOC7iDnF8me-BT-SpA86w,4.0,2014-11-13 14:16:49
sHUGfdxpoliHiNlGFn29oQ,JCNd5pF0GvSARbppJlrscA,4.0,2014-02-01 16:51:53
sJprizZfXS0-g4sON33EDA,9u4_k8-XC4RFETCeiQdO8w,4.0,2013-10-31 15:58:55
sJprizZfXS0-g4sON33EDA,eUoV6GeeP3GPm9Q3LK3apg,5.0,2012-03-23 21:29:58
sLhx_e9CveYKWQXUzUeCfg,3NNRlx0GS0mzrTYCx8m8FQ,5.0,2019-11-01 16:26:07
sLhx_e9CveYKWQXUzUeCfg,wjZwXKDiFBQXlO8-TjQTXA,1.0,2019-11-01 16:50:43
sLyo6HkcrwxDWOeK3b0VQQ,-mDAFyX5kZHXhxjELeMhiQ,3.0,2013-12-01 13:59:46
sNDP9M-BQl4si5kp1gm-OQ,549RHbvwLZ6l7ht5Le7Sug,1.0,2017-03-19 20:21:02
sNQPihGPv-JpC5yAN8CzXA,YSL06t6e2iKo4ZHZnCZIxw,1.0,2017-11-09 15:38:23
sQ6ulthSmaXkX6WhlZrmmw,Zi-F-YvyVOK0k5QD7lrLOg,2.0,2015-03-31 00:15:08
sQNeLVJQ2FR6DF56V62ASA,4wq9bzoCe3Mh0cPbYH1eDg,5.0,2016-02-03 20:43:50
sShcF1JkWBPAioUyHJqqcQ,xSn2d1RTvK7e4KM0bI2NLg,1.0,2015-05-26 19:22:59
sTcYq6goD1Fa2WS9MSkSvQ,l_slvEnh4v3W8BXF1gYlcQ,1.0,2009-04-01 22:15:08
sTe-Vnzl9Of4NyMNW5UfMw,Nhci37qY0HPCNWc5UQul9w,5.0,2015-06-18 22:02:58
sTe-Vnzl9Of4NyMNW5UfMw,cfFdnSlMmqQoAb0KDk9IPw,5.0,2017-07-06 22:13:38
sTe-Vnzl9Of4NyMNW5UfMw,geuZssQDB8yblCpFYwoqAw,5.0,2017-02-16 19:39:25
sTe-Vnzl9Of4NyMNW5UfMw,pSgZ6x48zgkbWucfzswkzg,5.0,2017-07-29 17:57:40
sTe-Vnzl9Of4NyMNW5UfMw,ww3YJXu5c18aGZXWmm00qg,5.0,2013-08-31 03:55:57
sTyvPtWrEeqNcbmLcHclGw,0g9fGg7Z368fPJiBp7JvdA,1.0,2014-03-06 06:32:37
sUghNLU-R_VnMVLT9ecd2A,U4fBv0KCZQLi6JUuR0V1fw,5.0,2013-11-05 17:52:35
sUghNLU-R_VnMVLT9ecd2A,WrZaL6BxHqVqt3sAcJ-5Rg,5.0,2014-03-28 17:53:20
sVer7l3TKwICjZ6liQD53Q,dS9HVkAU9IwOIjl4UdJvhA,4.0,2017-06-26 10:10:30
sVer7l3TKwICjZ6liQD53Q,rjtdyyjHRJadRcE1sC1gNg,5.0,2014-10-10 11:53:55
sVr6_v-lwixu3VREOO9XpA,5nUFmpRZQQ6kSQ3Qe2TDGA,4.0,2013-09-10 05:35:19
sYr3td2TL98RMpvLE4Zf6A,IkY2ticzHEn4QFn8hQLSWg,1.0,2011-01-15 14:48:59
s_FAHFKUl4YqNofYZC1NYg,W8YDBLJkvjVf0VUgXwE8VQ,2.0,2015-03-23 05:18:17
s_FAHFKUl4YqNofYZC1NYg,wjZwXKDiFBQXlO8-TjQTXA,4.0,2015-03-29 16:18:44
saQQmDQQJ14BVkm_sg53UA,KDzLMPTTLihnpcctZLmg0g,5.0,2015-03-14 16:26:30
saQQmDQQJ14BVkm_sg53UA,SxbqEgEwrGmtgvQAgM6kIg,3.0,2014-12-31 13:34:33
sagr3vcUUXwhaPeaJ-UlFw,QUEWdnmVCv2Ri8xJATTrIQ,1.0,2017-03-13 22:07:26
sahOl3gThWbDPNiRBWJ06A,ywBRJjqtj2xIfsWzs8ungg,4.0,2018-09-09 22:48:59
sc9yJb5aC30gcMjG7CUxPA,e8rmWzn0xD34dslXQ3pj5w,1.0,2019-08-28 22:56:21
scMLUgV1SzTe9TjBBuf3tg,7hsCR9k_GND2QoQyVkITBg,3.0,2019-01-27 11:35:03
sccZIP60zhJgjkmfbK923w,P35nwRGaG1FMn-l8xPEY2Q,2.0,2014-09-12 03:03:57
sd4E5iKUZotDEeiF3cC81Q,A2q7d-CBM2-81tVkmS4JMw,2.0,2015-12-30 19:26:05
sd4E5iKUZotDEeiF3cC81Q,tf6S06LD09IFDHUpOPqPaw,3.0,2016-01-09 07:29:49
sdk3BxZTl31hKXibohqpZQ,KLCb0nSVjH5er1Ui6bZWdA,5.0,2015-02-17 12:21:44
sdpIz4-s15T239CZ4Bd6Ag,LJRcRuErc52keHjQLBBLsg,2.0,2020-12-20 19:36:18
sdpIz4-s15T239CZ4Bd6Ag,dRTzm4V5hcbkYgLIV6kC4w,5.0,2014-03-11 17:45:50
sf5socLRgAC0FQBiKITDXg,IkZgPqgwKSuQFAf4s0Z21g,4.0,2020-05-03 00:09:21
sf5socLRgAC0FQBiKITDXg,Tyub4uN0yku6wyS1JWMejA,5.0,2019-04-19 04:45:15
sfa-8f-ATyQrD21CBf60xw,jtgBkAQuchDYgkdsebzLsQ,1.0,2021-05-19 15:38:07
sfj-X08gJNUVGNJAdxfwHg,6Aa0t9YWJNknGP9tHWmG5Q,5.0,2015-06-29 15:24:26
sfj-X08gJNUVGNJAdxfwHg,FkmUQqJCjgAYSlckQL0umw,5.0,2018-02-19 15:33:06
sfj-X08gJNUVGNJAdxfwHg,oCbJpGl8IkH1WdYa25TDBA,4.0,2018-12-20 02:46:41
sgK8_cpe6FTk2HD0P27K0g,6h7C53qLfwM7v3zKRqG0yA,4.0,2014-01-11 17:08:17
sgtV2_36FV0otK0pjHIHNg,-W0tnXYJ4WuxLjzmbwlVAQ,4.0,2012-04-02 18:37:12
sgtV2_36FV0otK0pjHIHNg,EAPAK_XoJMXtUADVkB3xoA,4.0,2016-01-16 00:33:33
sgtV2_36FV0otK0pjHIHNg,yGFkdrYdndizAPymvyq2WQ,5.0,2013-12-29 07:01:22
sh3V6hnNMLVV9YwFA9QNaw,ReVpjIDupK_VMPn7ZxPvOQ,5.0,2017-02-14 00:29:50
sh3V6hnNMLVV9YwFA9QNaw,YnGlopjmCYM6Pw07qt9bfw,5.0,2020-11-10 18:21:38
shK8QjjDIM2kTgZA4oqwIw,v1Uesklh8DpEufYOhTq4iA,1.0,2015-09-28 03:57:57
shYedm_C7uR35T8-Z9fvag,IDjYyBrPW5C2CT9mXsyuBA,5.0,2019-12-08 17:04:34
shtMJsO82eegjgtjlCZmKg,0cddB9WRKcQhzAEXEav81w,5.0,2013-03-02 20:59:29
shtMJsO82eegjgtjlCZmKg,IdIOZSbnLRcN1dG5PDXDeA,1.0,2013-01-15 04:03:35
shtMJsO82eegjgtjlCZmKg,VpJzlz3bKOJtiI1rb9kTpw,2.0,2016-02-27 18:50:34
shtMJsO82eegjgtjlCZmKg,lB6jIOb1UBATmdfot4KJew,1.0,2012-01-28 23:01:33
silVAwzdMSdZ6IINSzvPhw,J8S7cPPlTgsQnXKVfTyN8g,2.0,2014-09-15 20:57:20
siySF-a6qsxltWWQtIq_nQ,0vWh5ggm0F9tX97xhH5euA,4.0,2013-05-05 04:35:06
siySF-a6qsxltWWQtIq_nQ,EaOpoKLdqNwZ2q5owQ6LDA,5.0,2013-04-10 04:42:07
siySF-a6qsxltWWQtIq_nQ,X4kLBCoQeS-x6zVH7fnOvw,5.0,2015-02-05 02:13:42
skbZO4vHHHA-ejA_BUwKjg,Y2Pfil51rNvTd_lFHwzb_g,4.0,2015-01-12 21:18:11
sl_0uFLO4RKCefQNcPTaEw,LalGsMdQmJeIvCgqHVZZsg,5.0,2020-02-07 11:00:40
sl_0uFLO4RKCefQNcPTaEw,jHP7LKR1LheZy8rcdrOE3Q,5.0,2019-09-21 23:34:57
slpyLHWsvPXwj1XPoyjugQ,0oSSjekU-3GR8gselReWnA,4.0,2013-11-25 18:42:38
slpyLHWsvPXwj1XPoyjugQ,3yW8-dUi1wwCEf0URxUA7A,4.0,2014-05-18 21:32:52
slpyLHWsvPXwj1XPoyjugQ,8kUh6TROemLfbVR_ewVVLg,5.0,2012-11-14 08:26:21
slpyLHWsvPXwj1XPoyjugQ,DRMEopD9Td8OoDk-JWm1Rw,4.0,2014-01-11 19:48:35
slpyLHWsvPXwj1XPoyjugQ,FHNIvNgh3fS7VZQq2Y3dsA,3.0,2013-04-08 01:04:22
slpyLHWsvPXwj1XPoyjugQ,K7KHmHzxNwzqiijSJeKe_A,5.0,2014-06-01 21:51:58
slpyLHWsvPXwj1XPoyjugQ,QWqKTWQ2OiDgo3dzNkpung,5.0,2013-11-06 05:16:18
slpyLHWsvPXwj1XPoyjugQ,RQAF6a0akMiot5lZZnMNNw,5.0,2014-08-18 08:56:30
slpyLHWsvPXwj1XPoyjugQ,U2y7fsqDgxAXskoJNVxbwg,5.0,2013-05-23 00:08:09
slpyLHWsvPXwj1XPoyjugQ,WDLwnD4FUOkKylMkj_FCXA,4.0,2014-01-10 23:38:35
slpyLHWsvPXwj1XPoyjugQ,Zqd_DHAtrdzRJ8u3zwrvEA,5.0,2015-01-04 02:32:36
slpyLHWsvPXwj1XPoyjugQ,atZ_olNKXOG4rEr6mccN8g,5.0,2013-06-21 06:31:35
slpyLHWsvPXwj1XPoyjugQ,b6kCTSH1kHtfcHxUTm2odA,4.0,2014-07-15 04:35:04
slpyLHWsvPXwj1XPoyjugQ,trwHwsXOVV-ZmF-MtP98BA,5.0,2015-01-23 05:17:49
slpyLHWsvPXwj1XPoyjugQ,uP42QDUxC2lxz15BUDbFnA,4.0,2014-01-28 07:27:17
slpyLHWsvPXwj1XPoyjugQ,vpNJJNVgVmf2u1lfdFh81w,5.0,2014-01-06 04:37:34
smyxW63PKyO945shUK6SFA,gBGD0dNvfLlQOAaZzCU1NQ,5.0,2018-10-26 02:52:03
snfg5hrEoUVYwkD4IcKeuw,CxXYiJBkq9kqsgtdagqVgw,5.0,2009-08-14 03:48:31
sp3eSs0xOjXJR-XGPLPyJg,Oh3Q3QfhMl2DArFiLUrT9Q,1.0,2017-09-30 20:29:29
sploW5yOQz6c52imfYnvqA,dEMsUFNB4ckBFdB90jKLEA,1.0,2016-02-05 15:40:49
sqF4ovq3uOKHkNwrPc070A,VwZ5NDbIu3elGQI6MzcXBA,5.0,2018-08-09 03:21:19
sqF4ovq3uOKHkNwrPc070A,WDm-Z705Wp93k-46PN_g9Q,5.0,2018-05-25 01:30:17
sr9NZuHtv928RK_UIGNlWQ,EpFFiPHKx9yP-WqOCuxRCw,5.0,2011-11-06 01:45:05
srAxAReEe8OP8T7eClHzGA,gXiWHYBuPLWWXZJPOP1uKw,2.0,2018-06-11 16:09:24
srOyLIbKTrm5zL8Ad9_cew,oGU1LmdbKyYm_05PN0F77Q,1.0,2018-07-12 13:07:08
sraTrYU-7q_bQ0TxQrLJvQ,05GLPgaqx5y4H9dBU6CP2w,5.0,2017-06-05 21:57:26
sraTrYU-7q_bQ0TxQrLJvQ,1pi4PuZxgSnRRNLnyMCD4w,4.0,2020-02-11 14:41:03
sraTrYU-7q_bQ0TxQrLJvQ,3R-DJGoG2IPzr_SiPMtmeA,4.0,2019-10-01 22:10:15
sraTrYU-7q_bQ0TxQrLJvQ,41b1cZSlkIBA_87-jCcXlw,4.0,2019-01-05 20:09:11
sraTrYU-7q_bQ0TxQrLJvQ,575inWPYxLk4YzwWqRhexw,5.0,2018-07-30 22:22:58
sraTrYU-7q_bQ0TxQrLJvQ,9EoNx6yHsmiCe43XscJzDA,4.0,2019-03-05 23:55:37
sraTrYU-7q_bQ0TxQrLJvQ,9uRj85PviKNiMCYPwiJyIw,4.0,2019-05-24 00:30:06
sraTrYU-7q_bQ0TxQrLJvQ,Bii6sQO2QNinBq9vdakNBg,5.0,2019-05-08 19:15:31
sraTrYU-7q_bQ0TxQrLJvQ,CQD7-sfUiADa6KyTYJT2NQ,4.0,2020-01-28 00:00:59
sraTrYU-7q_bQ0TxQrLJvQ,Cmw00BFD1l-_DJHPuKi2Rw,4.0,2016-01-07 04:44:22
sraTrYU-7q_bQ0TxQrLJvQ,DsPomqfQZ44v5wD-My6dIQ,5.0,2018-10-03 23:20:19
sraTrYU-7q_bQ0TxQrLJvQ,EDRhPfxELquxtMOGuNKFTw,3.0,2020-12-10 18:36:20
sraTrYU-7q_bQ0TxQrLJvQ,EVmCBFlY0Hy_62bDRizmGA,5.0,2019-05-02 18:20:16
sraTrYU-7q_bQ0TxQrLJvQ,EjFp57Nd4bVgb5GNn-XnuA,3.0,2019-04-25 00:55:28
sraTrYU-7q_bQ0TxQrLJvQ,FkHqCM6HWZTb1D5surTHYg,3.0,2019-01-02 19:53:35
sraTrYU-7q_bQ0TxQrLJvQ,H_EmJ9Id0pnFw2poOH2OOw,3.0,2019-05-30 17:43:32
sraTrYU-7q_bQ0TxQrLJvQ,I5jxUHS1Dp2rg40eDzyiCA,5.0,2018-05-13 12:04:27
sraTrYU-7q_bQ0TxQrLJvQ,IiSXzsFJaFEMTkiUsPFm_g,4.0,2019-05-14 18:20:23
sraTrYU-7q_bQ0TxQrLJvQ,KDzLMPTTLihnpcctZLmg0g,5.0,2017-04-27 01:48:08
sraTrYU-7q_bQ0TxQrLJvQ,KNEJ8jcsUI7pRLllxZsr2g,4.0,2017-07-03 01:27:01
sraTrYU-7q_bQ0TxQrLJvQ,Kx2c2KN04EV0CVtjd8YVbw,3.0,2018-01-11 17:34:56
sraTrYU-7q_bQ0TxQrLJvQ,L5LLN0RafiV1Z9cddzvuCw,5.0,2016-03-13 16:36:20
sraTrYU-7q_bQ0TxQrLJvQ,NrKVh-Y8Sfu9-He9988DBQ,4.0,2017-03-06 01:22:08
sraTrYU-7q_bQ0TxQrLJvQ,OVbuOxR3zXExZCKLXewaVg,4.0,2016-04-29 23:05:29
sraTrYU-7q_bQ0TxQrLJvQ,Om9eoEcwPK1lp1-HEjBzeQ,5.0,2016-07-20 03:24:01
sraTrYU-7q_bQ0TxQrLJvQ,PbfNIx3gxaQXWHHJAbmh7w,3.0,2018-12-27 23:30:42
sraTrYU-7q_bQ0TxQrLJvQ,PhhCTXGAyW-0PGmcQZjOoQ,5.0,2019-07-30 19:16:06
sraTrYU-7q_bQ0TxQrLJvQ,QboMIy08NLnBbLXEsmnDHg,4.0,2020-09-06 20:12:00
sraTrYU-7q_bQ0TxQrLJvQ,R_Wi9jh57H_OzzAVWO71Bw,4.0,2020-01-30 00:36:56
sraTrYU-7q_bQ0TxQrLJvQ,RboUn4PX9dXlpMY-w9MNtw,5.0,2018-04-10 17:27:19
sraTrYU-7q_bQ0TxQrLJvQ,ReVpjIDupK_VMPn7ZxPvOQ,5.0,2019-03-20 18:17:58
sraTrYU-7q_bQ0TxQrLJvQ,Sf9E4E8yo8actSXHFvrZbQ,4.0,2017-02-08 23:21:30
sraTrYU-7q_bQ0TxQrLJvQ,SzSLKafTPOQzp3pfzPjEVg,4.0,2020-02-19 23:23:35
sraTrYU-7q_bQ0TxQrLJvQ,TQKpK-ClRGtEFu_Qf7U-MQ,4.0,2017-05-10 16:40:57
sraTrYU-7q_bQ0TxQrLJvQ,UWB_Oi9dkPwXfhYgFMnjsw,4.0,2017-10-15 14:36:47
sraTrYU-7q_bQ0TxQrLJvQ,V55PSC6ffUzXTsv7JFVOqQ,5.0,2021-11-03 23:17:47
sraTrYU-7q_bQ0TxQrLJvQ,W57360g1e7xMGerm7wPW0Q,4.0,2018-12-18 00:11:54
sraTrYU-7q_bQ0TxQrLJvQ,_kZXJOn9clP4QqAZVNS8oQ,3.0,2020-11-22 02:32:03
sraTrYU-7q_bQ0TxQrLJvQ,_oRpJmQchbbEGEn3Xo8OPg,3.0,2019-12-28 04:34:19
sraTrYU-7q_bQ0TxQrLJvQ,aQFQIlyHasaTz5DtjV57nQ,4.0,2019-11-02 22:25:36
sraTrYU-7q_bQ0TxQrLJvQ,agVSLLsBwALvrLOr4ZzCFA,4.0,2021-05-21 01:18:32
sraTrYU-7q_bQ0TxQrLJvQ,b3tI8ODMieXSflFHLFA92A,5.0,2019-06-29 16:02:06
sraTrYU-7q_bQ0TxQrLJvQ,bdJXwEREaJTeZrDHIo276Q,3.0,2018-01-20 19:39:22
sraTrYU-7q_bQ0TxQrLJvQ,dsKwDe5Mw_SiDBl3d4t1yQ,4.0,2016-10-11 02:57:56
sraTrYU-7q_bQ0TxQrLJvQ,ezB8e2rijjViprrcTdIiQQ,4.0,2015-10-06 06:15:18
sraTrYU-7q_bQ0TxQrLJvQ,fa6InRseC0Uxnt5d90E3LQ,4.0,2018-06-02 02:55:26
sraTrYU-7q_bQ0TxQrLJvQ,gcLHVHLDOozjllD-yiAnlQ,3.0,2019-01-30 20:08:01
sraTrYU-7q_bQ0TxQrLJvQ,hV0rmTB2S2fYzjQKlHtKuw,5.0,2016-03-25 03:09:27
sraTrYU-7q_bQ0TxQrLJvQ,kQ-JMOQ_OJL7TZvA0u-WrQ,2.0,2017-12-05 18:19:21
sraTrYU-7q_bQ0TxQrLJvQ,mLsBTZoCV_Rae4pUfR7Ijg,4.0,2017-02-10 00:29:44
sraTrYU-7q_bQ0TxQrLJvQ,n5i09tgSuzv9ZeIN9Qe5oQ,3.0,2019-01-07 19:52:03
sraTrYU-7q_bQ0TxQrLJvQ,nU-zF9XbQehltHoi_LwWRw,4.0,2017-11-18 01:35:23
sraTrYU-7q_bQ0TxQrLJvQ,nYsNsyIppe_DTueBha1x9A,5.0,2018-01-21 03:00:35
sraTrYU-7q_bQ0TxQrLJvQ,p3GEHaXJaofrTWyWW1KXLw,4.0,2018-01-12 23:50:26
sraTrYU-7q_bQ0TxQrLJvQ,pDR3n7cjtbTrkgDxfUUDtw,4.0,2020-11-08 19:30:12
sraTrYU-7q_bQ0TxQrLJvQ,pc8D9b_rnL_I8ak91tKjsg,3.0,2018-10-24 00:50:20
sraTrYU-7q_bQ0TxQrLJvQ,q3qHHAMG8v748fe2z0EsCg,4.0,2017-11-18 16:10:57
sraTrYU-7q_bQ0TxQrLJvQ,qHJbcBFjNM2Pf-cmWw7OqQ,4.0,2018-09-11 13:10:22
sraTrYU-7q_bQ0TxQrLJvQ,qOrd_jWT3e16_wwRSpvYwQ,5.0,2017-08-31 00:45:22
sraTrYU-7q_bQ0TxQrLJvQ,rKx-J2H54p2eZIdn8JvJuA,5.0,2019-04-07 20:43:05
sraTrYU-7q_bQ0TxQrLJvQ,ruE_DRE6fTIE6who59hdfQ,4.0,2017-07-09 17:01:13
sraTrYU-7q_bQ0TxQrLJvQ,sPy8XUOJ0ax5Zh2yEsl4cA,4.0,2017-09-13 01:00:11
sraTrYU-7q_bQ0TxQrLJvQ,sTfVZ9xo36tU8R5DnaCGkg,3.0,2018-07-27 00:13:39
sraTrYU-7q_bQ0TxQrLJvQ,tmYa9OC8NE4ov2BoLyL2WQ,3.0,2018-11-13 18:45:56
sraTrYU-7q_bQ0TxQrLJvQ,vXQLdqB-stL2JTP5AsPVaA,3.0,2017-12-19 01:48:26
sraTrYU-7q_bQ0TxQrLJvQ,w2-bb8yWX2e7nlvHzArCtQ,4.0,2018-10-23 17:21:55
sraTrYU-7q_bQ0TxQrLJvQ,wFHz88EklQKK3qah4rSLJw,3.0,2016-02-13 04:49:40
sraTrYU-7q_bQ0TxQrLJvQ,x1ukXOcMHlzKmTmfNIjyLA,5.0,2018-04-13 17:10:32
srhTOSgTBtvHeISgwd_mgw,rLMRRaLhgxH2cU2XuJf_BQ,3.0,2015-08-15 21:16:34
stUwmVSvwF0sb-NE7IRM-w,IkY2ticzHEn4QFn8hQLSWg,3.0,2015-09-08 00:43:12
su9u5tDVLyFs-Ljg81H7vw,VpeqnfECjFNcYLyDxuc-_w,1.0,2015-05-18 20:02:58
suRoi6fJjOSdzBMWzaZ5sQ,C9UylQTOh7uwZo4a7QhLyg,5.0,2017-04-08 08:39:15
suRoi6fJjOSdzBMWzaZ5sQ,HS5CfzQ_gOJHgqwtv9rvNQ,1.0,2010-04-22 03:25:31
suRoi6fJjOSdzBMWzaZ5sQ,p-MSh95si_sDdih94gyKuw,4.0,2020-02-10 02:20:15
suRoi6fJjOSdzBMWzaZ5sQ,tH7Nv-Pnu4DnZbQR1EyFZw,5.0,2017-09-24 00:03:22
svFLKTgoPjO7nQu5bFxsdQ,FaY_9x8ZtsuHe5wS2iJM1Q,4.0,2019-03-21 03:12:36
svFLKTgoPjO7nQu5bFxsdQ,vUrTGX_7HxqeoQ_6QCVz6g,5.0,2020-01-09 22:56:08
swF_o9MtCT1MPZvWFgRzYg,RadvqFuRTZNEfSZ_avPRog,4.0,2017-07-10 14:30:08
swgXXZKjHbgu_TInKmrMXQ,zymvTQ12tRy3bzmP4tPgOg,5.0,2019-06-25 18:56:14
sxTXCF8rkFFxFzK-d01LHA,znx1v_c2IPKOXlYAbqFYvg,5.0,2010-03-24 18:01:53
sxxQpCaaVxlEv-Len4Ga_Q,4iu7fFErsz7LS298z4bk8g,5.0,2013-05-09 02:22:17
syA7uYoDjohc7gWBWaEZmw,Iyopb5uFIBT_HOgp8ipSfw,4.0,2016-06-17 17:09:11
syA7uYoDjohc7gWBWaEZmw,Jzb2IQSwPfULWzdl9Bq5fg,5.0,2016-05-03 19:12:16
syPwPNxUwyXupbqX4SZPCg,VYZUkQCYycb07krnGiVPSw,1.0,2012-07-25 15:23:22
syWmN1xAX9tRIflEfwabWw,FCfTUUTYXfZchPvx7tkoWA,2.0,2019-01-27 02:00:51
szEZ5VZT60akci8FibDqSQ,KHe6HAqmyioITwTvg9Bbcg,5.0,2016-10-08 15:05:06
szahV7bVMY9anwt6hyrPjA,-cEFKAznWmI0cledNOIQ7w,5.0,2020-10-20 02:32:52
szahV7bVMY9anwt6hyrPjA,K7KHmHzxNwzqiijSJeKe_A,5.0,2020-10-21 00:22:28
szahV7bVMY9anwt6hyrPjA,j-qtdD55OLfSqfsWuQTDJg,4.0,2020-10-20 02:39:38
t-3nVGIKX7FmS_spfvzgzw,15BlJKQfD-SLJTebWa14EQ,4.0,2021-02-15 19:42:36
t-MbBRkNIR0eM_Ha2dAF0w,G1nix5cIWx3Jla8xZG-xAA,5.0,2021-08-17 20:57:26
t-MbBRkNIR0eM_Ha2dAF0w,LQGZ-QunCyqtQieljjxFNA,5.0,2021-05-14 13:14:57
t-MbBRkNIR0eM_Ha2dAF0w,RMYjaB5krFGCtlOLf5TBwQ,5.0,2020-10-19 15:06:40
t-MbBRkNIR0eM_Ha2dAF0w,inpHHalmEPkTMBg9yOWfLg,5.0,2021-08-15 00:44:39
t-MbBRkNIR0eM_Ha2dAF0w,xB3MxRBF6l8rd9xxJVnLhw,4.0,2021-08-11 03:50:37
t-R7OsnlnKt3Y64N8D_dPw,32It9NN_lVismU9tcuLB0A,2.0,2018-02-05 20:06:11
t-nB38eHbeFuabXBdJMwvg,1Hd-0f0gWvI7y9CI_3kFVg,3.0,2018-03-10 21:18:51
t-nB38eHbeFuabXBdJMwvg,E7SlvdbroVK7Nr6UO2ZDbQ,5.0,2017-02-18 05:13:10
t-nB38eHbeFuabXBdJMwvg,LrkrvFHlnD1BHj2b2w0JpA,4.0,2014-02-16 20:15:44
t-nB38eHbeFuabXBdJMwvg,YGeAhy-hhi6Z_NquLmNLcA,5.0,2018-12-10 16:34:04
t-nB38eHbeFuabXBdJMwvg,Z42GbJnnbVMTSBCERfoPtw,1.0,2018-11-05 17:36:30
t-nB38eHbeFuabXBdJMwvg,_BreSZ3-mTEJYqJ1Ot7Akg,3.0,2018-03-22 03:04:25
t-nB38eHbeFuabXBdJMwvg,lau2jbBCG3XohoAvCRIm1Q,4.0,2017-04-30 04:36:51
t-nB38eHbeFuabXBdJMwvg,rncZirFO0DmWEz4mUg2NrQ,5.0,2015-07-19 22:14:20
t-nB38eHbeFuabXBdJMwvg,wl7rFbvRUstwyB2vRDW6IQ,4.0,2014-06-24 04:15:06
t1NNDZV1kMoyZeE5mr3U3w,fDkOfC0t9coGC34o8Nnjow,2.0,2013-10-02 15:16:21
t1NNDZV1kMoyZeE5mr3U3w,rBdG_23USc7DletfZ11xGA,4.0,2013-10-02 15:23:19
t1XPkiy5FbGohrczoAVHVQ,_NozEKb4y0jkC08DWU8ywA,1.0,2013-01-04 05:07:26
t1sAhQz9bWWdtXTV2oNcJg,znx1v_c2IPKOXlYAbqFYvg,4.0,2010-01-09 22:11:21
t2XuJjp_h9aRn-8ANoyc_Q,XQBEtE8CCYbv_2vzagd0HA,1.0,2017-11-21 13:23:09
t2qsghLp3K5NBphC9N0rqg,Eqfks4GEn5dsI4ZGiPrCVQ,1.0,2015-10-10 22:44:05
t3E3nhh3bL7H_QOku5o9fg,z9-8KvMAlVK46De-G3sNJQ,4.0,2015-08-20 11:07:57
t3cu9DxXtGyaPIWNvPOXxA,VAIOtbsxdNmuhUKkQZFRlA,5.0,2017-01-27 07:00:36
t3yOpTibhuvd-Lt7FMvqKg,BMKJ3JyD_r_SQ1JXAzo1Hw,4.0,2014-11-11 05:24:17
t3yOpTibhuvd-Lt7FMvqKg,KiwskluQ7tMqZqvuf872vg,5.0,2014-12-29 21:11:23
t3yOpTibhuvd-Lt7FMvqKg,PGv11T-KjPvB4xoRSoQtCg,5.0,2015-01-14 12:26:42
t3yOpTibhuvd-Lt7FMvqKg,XRhKQxw8bQFF9iq-j721_Q,5.0,2014-10-24 03:00:00
t4RLfHlTiaC8zy15fnXG3w,Ci1PRoUcsNGbwTib3_vV7A,4.0,2019-03-10 22:14:46
t4RLfHlTiaC8zy15fnXG3w,QJzp26mYQuLtLhF5heEHrQ,3.0,2019-03-15 04:24:19
t4RLfHlTiaC8zy15fnXG3w,Vn6fOha6UZ2HGyZoAcxPkw,4.0,2019-03-10 23:30:06
t4RLfHlTiaC8zy15fnXG3w,v_AbyvMdKUi_ac4A8nkG-A,4.0,2019-03-13 03:39:29
t4RLfHlTiaC8zy15fnXG3w,ytynqOUb3hjKeJfRj5Tshw,5.0,2018-12-26 20:12:48
t4k3EWfRrcEGpknAwJ59Vw,DMERsCH4JKV-F7jtuBMrqg,5.0,2019-04-21 01:33:57
t4k3EWfRrcEGpknAwJ59Vw,l6SCfDSkeFdD5ccMK0ZwlQ,5.0,2019-11-29 17:24:45
t52GIHHshX_NSLqLm4-CAg,KHe6HAqmyioITwTvg9Bbcg,4.0,2016-01-18 22:01:26
t5O6wyePxMzjVoDC6T-FOQ,SwBhaxfQPbyhsi0QHUAN0A,5.0,2021-06-10 13:25:43
t5ymbaVj4r-_t9QRB8QrTg,6Ty-KKWq6hLZYW8DWEHYvg,5.0,2019-03-21 02:45:12
t6UhGYIw-pQH3La-xy-E-g,2kuhZOrWcLYe_XePccr4lA,2.0,2009-12-26 16:02:46
t9Qrz3zLtOnlmEeKfDCtFA,-Y0d5ckFTrjvzxZCQoxhhQ,5.0,2012-07-01 14:49:44
t9n-rdtM8JzZLWtoeqU09g,EZc2myE2mYk2h9JK9qu8gw,4.0,2021-12-02 20:57:39
t9n-rdtM8JzZLWtoeqU09g,sxuv5uZU15UHGT_HB1xYxQ,4.0,2021-12-08 18:06:08
tAxwPlemajVpV3OHy0wzEQ,pWuoHHu0LuVrD0HjadDygg,1.0,2011-04-09 04:56:37
tBI1rbIioJ7o1_00OMXaCw,F4HNi4Cq6YCrk-YGva-jCA,1.0,2017-07-04 04:01:30
tBI1rbIioJ7o1_00OMXaCw,ObkVEcYUuf3efg-0V_WYfQ,5.0,2016-07-31 01:23:20
tBI1rbIioJ7o1_00OMXaCw,Sc6V7hXU7Ar2_mmRoRYsKw,4.0,2020-03-01 14:28:20
tBI1rbIioJ7o1_00OMXaCw,U1Gao2oKgFaggpksDIctiQ,4.0,2017-04-01 01:47:14
tBI1rbIioJ7o1_00OMXaCw,W72rYffSVg0pIaOpRgNniw,5.0,2017-11-07 22:42:27
tBI1rbIioJ7o1_00OMXaCw,W9y4JkMqy2dFNwYc3Y5cKQ,4.0,2017-01-13 04:29:54
tBI1rbIioJ7o1_00OMXaCw,XxUz6nWTdb2Vqite9How9Q,4.0,2017-12-11 19:49:03
tBI1rbIioJ7o1_00OMXaCw,ZQ1xusCuRoHneUw_PfZM3w,5.0,2017-03-23 23:35:26
tBI1rbIioJ7o1_00OMXaCw,ZYoKsoyfRuxqJPwsKtzqFQ,4.0,2020-04-30 22:43:52
tBI1rbIioJ7o1_00OMXaCw,eIKjxqdMduIeIqzPg7yc-Q,4.0,2017-01-29 05:15:40
tBI1rbIioJ7o1_00OMXaCw,gltppHhVxJN9ETmQM6BFxg,4.0,2020-02-16 03:41:41
tBI1rbIioJ7o1_00OMXaCw,ksFVaF5TatgsVGXk7Yyw9A,4.0,2016-01-24 01:19:30
tBI1rbIioJ7o1_00OMXaCw,rncZirFO0DmWEz4mUg2NrQ,5.0,2018-04-30 20:37:34
tBI1rbIioJ7o1_00OMXaCw,vKbCtJEwGnew-BpGIIzxJw,4.0,2017-03-04 04:23:11
tEHkVMTIkLyJVUf_P9dGeQ,Mgr1oKqGdPobbc-p6jG94A,5.0,2017-12-17 18:18:32
tEKS_Ag5PKTYEeZfKZnGnA,fSx8zLSP_LBtIm_mfQRbTQ,4.0,2012-02-28 17:04:59
tEo4-IDLiQ_r05RcmpyhQg,dGUyXgFW1WSYMgRypKaYew,4.0,2014-07-06 23:32:00
tFSyyQ9kj0YQB11QLRx-Ww,33zxFqIOe6Yg8qPXKkhUjg,5.0,2018-06-14 13:20:53
tFSyyQ9kj0YQB11QLRx-Ww,6PmGl1cgMRm0oe5Idu8CZw,4.0,2020-02-04 11:28:45
tFSyyQ9kj0YQB11QLRx-Ww,9uRj85PviKNiMCYPwiJyIw,3.0,2018-08-04 03:28:19
tFSyyQ9kj0YQB11QLRx-Ww,Ks4r6DEqSbV8D2qc04RhTA,5.0,2019-10-27 21:02:27
tFSyyQ9kj0YQB11QLRx-Ww,SwBhaxfQPbyhsi0QHUAN0A,3.0,2020-02-11 20:47:21
tFSyyQ9kj0YQB11QLRx-Ww,TNTBObKmICMn13T0pyAGyg,4.0,2020-01-11 20:44:19
tFSyyQ9kj0YQB11QLRx-Ww,VSpseb6oijtKffRRL_xfgQ,4.0,2021-06-23 20:58:32
tFSyyQ9kj0YQB11QLRx-Ww,YLZ6XqKo-cixzMtNMHKEvw,5.0,2019-10-02 10:45:25
tFSyyQ9kj0YQB11QLRx-Ww,oMTXtSJzEiHudUY3T68sPg,3.0,2020-06-20 21:47:47
tFSyyQ9kj0YQB11QLRx-Ww,x1ukXOcMHlzKmTmfNIjyLA,2.0,2019-03-04 17:58:42
tFeGSYSSSo3UdWIRSi40SA,pUeuBWxgll2in2KqKeAR_A,4.0,2018-11-24 15:42:28
tI-Lrx31bM1v7-s7fV5qrA,Rb9QIj-NyRn_giOBN991YA,4.0,2019-09-10 16:06:34
tI-Lrx31bM1v7-s7fV5qrA,evxhNYa77dxWZabIpGQCkg,5.0,2020-01-03 19:12:25
tJw6yC3WcqwN-LIIJ4V0Sg,Bl6QNjzmtG779fI5Hm4gfA,2.0,2011-02-12 23:17:51
tKjieBdhtWWI-YtjQSscxQ,oUgmm76-UCd5N0z4xwDOYw,5.0,2016-12-28 03:11:37
tLOiTDp9GttYK_lsKJ1z1g,yoS-4wkVn6StLiK3RL1bSw,5.0,2017-08-03 23:55:30
tN9bJ8D0dmLJfMo4AMctNQ,RadvqFuRTZNEfSZ_avPRog,1.0,2018-06-27 18:28:59
tO5mfYM3HObe3m4OtaU8Qw,jtgBkAQuchDYgkdsebzLsQ,1.0,2021-05-19 21:07:11
tOuxeGYA6x6XxgV82rVRUA,wCluBbW9nzS7MEMFltMwJw,1.0,2020-04-21 22:13:32
tPL1527smZZ3MRXkR6TNWA,pSgZ6x48zgkbWucfzswkzg,5.0,2017-09-10 04:05:53
tQco9XTdKcErXPIfVPsNSQ,BjeHLwKOlHyV6DJgmZxAjA,3.0,2019-05-09 02:46:22
tQco9XTdKcErXPIfVPsNSQ,ZMkZj5YsBW3XHH5fOBh6fw,2.0,2018-11-13 19:23:24
tR2IiRfhmcrKJaD228EsIQ,bFln2Z17KfFIcEz4TRaHjw,3.0,2016-08-21 05:26:40
tRDYb8Vd6VM5BpbVI89Yhw,9gObo5ltOMo6UgsaXaHPWA,3.0,2015-01-07 15:59:29
tTqg9LjjMcJRwT_drOOq-A,3dQaEBDWOyqDYhP3-ac7NQ,4.0,2016-01-18 23:39:50
tUVprgEsy_yIdq7nt2JtlQ,mf0OyZ6DX2iKUFIV9TqFRQ,1.0,2013-02-27 23:59:05
tUW0AXg4C3H9TP5lyhoQuA,WDm-Z705Wp93k-46PN_g9Q,5.0,2018-02-13 20:35:32
tVTMeplDBOFAa5ayvEcwGw,YSRM9nWQn40eg49tSiI-_Q,2.0,2013-03-17 19:16:39
tWES6_T7MRybOtqNS9NcVw,KHe6HAqmyioITwTvg9Bbcg,4.0,2007-11-01 18:51:40
tZA9Uztmj69tgvlHiiMKsg,SwBhaxfQPbyhsi0QHUAN0A,3.0,2013-01-04 23:14:22
tZRcqmIUMnwpjazsZZNixQ,kmtxMwDD_DT_JwP4-uyqXQ,1.0,2013-08-25 21:16:01
t_Sz0VkbnoQYDWOdxH9rEA,wCluBbW9nzS7MEMFltMwJw,1.0,2019-09-27 19:03:02
ta-wYPW54SMrNtmD3LTndw,jLsAwortT8sdnqFLo0moqA,5.0,2018-10-03 19:13:27
taqZAz48zB6P0OyzHl9owQ,k-tHn9uxgWdq1ROHqwc-lw,4.0,2019-09-16 15:52:23
taqZAz48zB6P0OyzHl9owQ,x3Ifr1jj2Qu7JDZto6Kbfg,5.0,2019-09-09 12:08:21
tbI8YO0O51Mrm_yIiD9Ptw,0ac5lGA_0wdKDnib3y59Xg,4.0,2021-09-01 22:54:33
tbI8YO0O51Mrm_yIiD9Ptw,13UbOVDFdxloxaient5XWA,5.0,2016-04-28 00:26:28
tbI8YO0O51Mrm_yIiD9Ptw,D1OT9vuepvXJrn5VDgm4YA,4.0,2019-06-24 03:11:07
tbI8YO0O51Mrm_yIiD9Ptw,Qkg16mN-8QR66gjzg6gMyw,4.0,2019-10-13 12:33:20
tbI8YO0O51Mrm_yIiD9Ptw,S4ujTsHtCOsHKrKkcjY30Q,4.0,2021-11-17 01:31:36
tbI8YO0O51Mrm_yIiD9Ptw,Slg6Ec2D7vEBRmgVUfwkzQ,5.0,2018-05-14 21:10:46
tbI8YO0O51Mrm_yIiD9Ptw,Y0izXh4Dv1_YU68tn43Xiw,4.0,2019-06-16 01:57:03
tbI8YO0O51Mrm_yIiD9Ptw,eikRexw04kC6siBDkFnayQ,5.0,2019-06-24 04:13:04
tbI8YO0O51Mrm_yIiD9Ptw,f3eve2cxUIzyanWnHdMtFQ,5.0,2017-05-17 23:24:05
tbI8YO0O51Mrm_yIiD9Ptw,gYrHa4CckDjgOQc5B-yTKA,5.0,2015-12-20 21:38:49
tbI8YO0O51Mrm_yIiD9Ptw,m4kvY0viCwxqRtgOycnKVQ,5.0,2016-04-27 23:19:06
tbI8YO0O51Mrm_yIiD9Ptw,omnCKxL0f_akh0eYeJxjDg,4.0,2018-05-14 18:19:40
tbI8YO0O51Mrm_yIiD9Ptw,r8tU21scBflMxWiBESPtRQ,4.0,2021-08-30 21:56:56
tbI8YO0O51Mrm_yIiD9Ptw,scH9yupjqMr-XP3bzJGY0A,5.0,2017-05-13 23:26:54
tc30FB3bqXGz7oC_Cj_ltQ,KVT4RFTRVjSS3zuZ1bmiAA,5.0,2014-04-20 02:30:20
td7Pv4TWo21wIDLo5LmSfw,Yax5aVDXTboGKvy8J6Vqpg,5.0,2016-04-02 00:01:43
td7hvqPst3_N2ynYgGoctw,T3tiN6g7G2XUoDjRv3d8Cw,5.0,2019-10-25 23:19:48
td7hvqPst3_N2ynYgGoctw,ytynqOUb3hjKeJfRj5Tshw,5.0,2019-10-20 20:52:41
tdEtv1_1SShU9RHz6J-DZw,JIf1gHuAp_abYX7i1b2Y-w,1.0,2015-06-10 04:11:24
tdEtv1_1SShU9RHz6J-DZw,fchpEk-UJf_AUz-51LEidg,4.0,2014-08-25 01:09:56
tdOhlyTAq5lRy7s5wg5dwA,4rG4tJF2EC2CfYvBu_uqpQ,1.0,2021-06-20 23:35:28
tdfKdI3XJVbR9aawyYVlFQ,wl7rFbvRUstwyB2vRDW6IQ,5.0,2014-08-19 19:30:00
tfZNGpy7wizyz-CNulrrSA,gQ5_wcFqhplc9xrnSCt6-Q,5.0,2014-02-27 23:52:30
tg08cqlDIZGpVVr0jWFAfQ,zjqh_qoBS1BWVSbC51BNjw,1.0,2019-01-31 23:51:38
tgeFUChlh7v8bZFVl2-hjQ,1Hd-0f0gWvI7y9CI_3kFVg,5.0,2021-07-05 22:36:22
tgeFUChlh7v8bZFVl2-hjQ,8gY3LGFUMIQubovGbSd7Nw,5.0,2021-07-06 00:19:26
tgeFUChlh7v8bZFVl2-hjQ,DZYSb9amfB3EAh1IdwtbEA,4.0,2021-07-05 22:56:10
tgeFUChlh7v8bZFVl2-hjQ,H-Qs8I6_eJCCbKl-LIVWTA,4.0,2021-07-15 23:00:17
tgeFUChlh7v8bZFVl2-hjQ,Rl1NN7QH08h5h0XO00lPFA,4.0,2021-08-12 18:18:32
tgeFUChlh7v8bZFVl2-hjQ,TDKBPcViJQDMrdUm6a9XZA,4.0,2021-07-16 03:19:28
tgeFUChlh7v8bZFVl2-hjQ,YcY48yvPw6-FE-5DJCY14g,4.0,2021-08-12 17:55:51
tgeFUChlh7v8bZFVl2-hjQ,_BreSZ3-mTEJYqJ1Ot7Akg,4.0,2021-07-12 19:52:57
tgeFUChlh7v8bZFVl2-hjQ,eUxD-l-Ddr1iMmzV6prNFw,4.0,2021-08-12 18:02:10
tgeFUChlh7v8bZFVl2-hjQ,elEQxid6rZ3tRZF1Kwkr9A,3.0,2021-08-15 19:50:47
tgeFUChlh7v8bZFVl2-hjQ,gndi4-wzu66Mtp4E0zHt7g,3.0,2021-07-06 00:46:54
tgeFUChlh7v8bZFVl2-hjQ,pP1V9AvK716BMxoHkNVWdw,5.0,2021-08-12 17:46:41
tgeFUChlh7v8bZFVl2-hjQ,qynne35dp40BzXb5hroudA,5.0,2021-07-16 00:21:54
tgeFUChlh7v8bZFVl2-hjQ,rZ6i69fbbLdgiIgmU5sFUg,4.0,2021-07-05 19:51:15
tgeFUChlh7v8bZFVl2-hjQ,uihNp1cyWmHkma4U0MJHow,5.0,2021-08-16 00:11:48
tgkjSWCcWXAAk2DScYmQrg,KTGEa8V9ec0QBYM_uk1YLQ,5.0,2014-05-19 14:38:58
tgxOMt72pALx3_r2uZ92tQ,8xTHtLoNIwdpf0FEvIpQIw,5.0,2017-07-20 13:01:53
tgxOMt72pALx3_r2uZ92tQ,ytynqOUb3hjKeJfRj5Tshw,5.0,2017-07-19 18:17:29
tht27qPO80IfXAM6UG_FIg,KHe6HAqmyioITwTvg9Bbcg,5.0,2011-11-03 23:52:48
thwoElvTBlXQHe8iTJHv_Q,wqGkMLZVXc0pYVjr3zDrpA,1.0,2014-01-31 16:11:43
tjm2lrgGi5dCwkr1NOGu8w,pPKFIFDY2u1KCupXzHNtnw,5.0,2018-04-05 21:11:46
tkOcAjpaOpcwBUXfRoZJRA,fDkOfC0t9coGC34o8Nnjow,1.0,2013-01-08 18:07:39
tkd5rFOzrDadgveW2WaxYQ,gciMEyy9sIcwSMREEvNiXA,5.0,2011-02-17 20:41:33
tl2MpbMsFZ2ySR7SDa1Xjg,fSx8zLSP_LBtIm_mfQRbTQ,5.0,2012-07-13 21:07:06
tlbPmw0TtzODN7CfaZeC9g,Oh3Q3QfhMl2DArFiLUrT9Q,1.0,2012-02-19 20:10:06
tlp4nIVPgMurIqFspAr2mQ,wj8XtPyuREj8_0GQz3LZ6w,1.0,2015-04-25 03:01:05
tmk9UysAEwAj0PA1icTJsw,5lvHhLX7-8Mg7Jg3efhwjw,5.0,2020-11-28 01:29:21
tmk9UysAEwAj0PA1icTJsw,6bfas5osLwyvyWcwwDg6XA,5.0,2018-08-21 05:46:31
tmk9UysAEwAj0PA1icTJsw,77a4oJTyPrvFKD4gJv7tVA,5.0,2018-08-18 17:40:25
tmk9UysAEwAj0PA1icTJsw,Bc3C4rM1TVZTJzKEN6REtQ,3.0,2018-09-15 02:44:39
tmk9UysAEwAj0PA1icTJsw,Hh8jUR0mtVXkAnv8XDZjyA,5.0,2018-10-25 14:51:42
tmk9UysAEwAj0PA1icTJsw,HqIDCsKbkVLSQPzXp6eSew,5.0,2018-08-26 19:26:08
tmk9UysAEwAj0PA1icTJsw,S8TWiMbbBaCNUHbQXOCBNg,5.0,2018-10-11 23:58:36
tmk9UysAEwAj0PA1icTJsw,VBGfYfuHi3hY6phK_G3plA,4.0,2018-08-11 11:50:34
tmk9UysAEwAj0PA1icTJsw,WIY7S0HgG-pnHPARn8gFkg,5.0,2019-02-07 07:15:10
tmk9UysAEwAj0PA1icTJsw,mcr1lAEdvGLMJhuPwI3I2A,5.0,2018-07-31 06:46:09
tmk9UysAEwAj0PA1icTJsw,vKbCtJEwGnew-BpGIIzxJw,4.0,2018-08-28 01:24:21
tmk9UysAEwAj0PA1icTJsw,vXhrovlPWEnPKCbZMcsZDA,5.0,2018-10-16 23:27:06
toQe9adQWV7iC7KM_eugsA,6h7C53qLfwM7v3zKRqG0yA,4.0,2013-03-29 01:57:34
toQe9adQWV7iC7KM_eugsA,Ldch7Nc5gaZrhcIRd7mcjw,5.0,2013-09-14 03:39:49
towY93o3D3-RI3AkDFtGSA,lFRAW6mFM_yMYn3ljsQ__g,2.0,2019-03-02 22:47:06
tp77HGAm4JVX3BL50v7Ajg,MIKYzWkBnbo3YUhqZUWlEw,1.0,2021-11-02 22:12:15
tp8wzuxL1RrSwniJkRUJ8A,WSx9-iYYyST_umny9sJBFg,4.0,2014-03-13 00:50:12
tp8wzuxL1RrSwniJkRUJ8A,YG1fT80sd9swV0oe1gPh7A,1.0,2014-05-21 01:26:28
tp8wzuxL1RrSwniJkRUJ8A,f2KFAhVWZmFm63liyG8rVw,5.0,2014-03-07 15:34:34
tpeSrIFB-Ce0CjtTsRE0OA,KHe6HAqmyioITwTvg9Bbcg,5.0,2019-01-06 22:06:58
tq9aaGT9SWCHtuyhn7LMhQ,Fj16uG6BNZOq5K8mS2HHiQ,1.0,2018-07-22 00:09:40
tqCGsK9HfX59DhkXzW-tTw,egDsfkn6ZYrYRnlGe4I94g,1.0,2017-08-28 02:48:28
tqrbOaM7iq-4w3_XvzZ5cQ,9kv9JpLhzkN3UeWZDrsmEA,5.0,2010-08-28 20:27:59
tqrbOaM7iq-4w3_XvzZ5cQ,Jy1ivHnSRtNNA6snZSAKBw,4.0,2010-12-10 17:54:31
trAgaopRYs3-yNpSdnAvTg,ytynqOUb3hjKeJfRj5Tshw,5.0,2016-02-01 05:18:15
trUFnQXasV8l2iJSzZKXrg,eCikDKFbaeYVNdCD2beX0Q,4.0,2017-03-09 15:29:28
tsMF0FcFcHZ8i28WzWtQXw,-Y0d5ckFTrjvzxZCQoxhhQ,4.0,2018-12-18 16:20:36
tsMF0FcFcHZ8i28WzWtQXw,04WpqoyyuqX5IrgI-gAAeA,2.0,2019-11-04 00:41:40
tsMF0FcFcHZ8i28WzWtQXw,1IjHo5kaSdFxJkJotU4O7A,4.0,2019-03-23 14:51:24
tsMF0FcFcHZ8i28WzWtQXw,2vLwBpIqpG5Cci8K-xD8uQ,4.0,2019-12-30 10:19:51
tsMF0FcFcHZ8i28WzWtQXw,33zxFqIOe6Yg8qPXKkhUjg,3.0,2018-03-12 13:20:52
tsMF0FcFcHZ8i28WzWtQXw,3R-DJGoG2IPzr_SiPMtmeA,5.0,2019-09-07 19:40:44
tsMF0FcFcHZ8i28WzWtQXw,EyX2DuuTgqQUeqrpREOLAA,3.0,2019-06-29 10:10:59
tsMF0FcFcHZ8i28WzWtQXw,H_EmJ9Id0pnFw2poOH2OOw,3.0,2019-08-25 18:49:31
tsMF0FcFcHZ8i28WzWtQXw,KP5OncF2jhT7_J1phHPPww,4.0,2018-04-24 15:36:57
tsMF0FcFcHZ8i28WzWtQXw,L5LLN0RafiV1Z9cddzvuCw,5.0,2017-08-20 18:50:21
tsMF0FcFcHZ8i28WzWtQXw,MQRZphoLZVK278Na2YjzgQ,3.0,2019-05-24 21:47:31
tsMF0FcFcHZ8i28WzWtQXw,RboUn4PX9dXlpMY-w9MNtw,4.0,2018-03-14 15:50:53
tsMF0FcFcHZ8i28WzWtQXw,SUARAtRB_3ZcLLcH8f_F9Q,3.0,2018-01-11 05:27:02
tsMF0FcFcHZ8i28WzWtQXw,Sw7qcWQ5_iOUjBZMhSxyOQ,4.0,2018-07-02 19:43:49
tsMF0FcFcHZ8i28WzWtQXw,WB-eQAgw88fbr15eY761CA,5.0,2018-06-10 20:03:53
tsMF0FcFcHZ8i28WzWtQXw,a8_zOZgxg3lNsEyanuwluw,3.0,2019-10-06 17:26:11
tsMF0FcFcHZ8i28WzWtQXw,b1CIiyzS1uA54JiWzlVJ9Q,4.0,2018-02-15 05:16:22
tsMF0FcFcHZ8i28WzWtQXw,hV0rmTB2S2fYzjQKlHtKuw,5.0,2019-05-20 16:22:34
tsMF0FcFcHZ8i28WzWtQXw,hXvf5a798WvQtFn0Zbh2yw,4.0,2019-03-19 15:05:57
tsMF0FcFcHZ8i28WzWtQXw,k79ygmdDxEDXtLlR_rPrmQ,1.0,2019-11-13 22:38:22
tsMF0FcFcHZ8i28WzWtQXw,mLNSOU8Ki0Fm09xd6ZKkcA,5.0,2018-04-16 15:22:03
tsMF0FcFcHZ8i28WzWtQXw,nU-zF9XbQehltHoi_LwWRw,4.0,2021-10-12 17:55:15
tsMF0FcFcHZ8i28WzWtQXw,oo37sVFYkBTxyPqDpu6WPw,3.0,2018-01-29 19:33:36
tsMF0FcFcHZ8i28WzWtQXw,pPpaOXOwcuO7z0sDghmOgw,4.0,2018-04-02 18:31:01
tsMF0FcFcHZ8i28WzWtQXw,pdh91rffpM9QptHSXjJFVQ,5.0,2020-11-18 18:48:09
tsMF0FcFcHZ8i28WzWtQXw,q_PFmdGcKx2H7z2ze8H26w,4.0,2018-01-31 17:46:10
tsMF0FcFcHZ8i28WzWtQXw,t3fJsOcmghh-MJ-UNXDR3g,3.0,2019-05-22 17:04:18
tsMF0FcFcHZ8i28WzWtQXw,tkY5BJVXxUmP4jsKavkf2g,4.0,2018-02-16 14:44:29
tsMF0FcFcHZ8i28WzWtQXw,vXQLdqB-stL2JTP5AsPVaA,4.0,2019-05-29 20:32:50
tsMF0FcFcHZ8i28WzWtQXw,wbwDE3g8j4w-TGy_E6dMSw,3.0,2018-04-22 20:21:13
tsMF0FcFcHZ8i28WzWtQXw,z5nU7jIyr-_Hv5ZDH0nY1A,3.0,2018-04-10 21:05:34
tsMF0FcFcHZ8i28WzWtQXw,zFcE7bQ2oDfwpPgl_PxOTA,5.0,2018-02-04 23:04:15
tsMF0FcFcHZ8i28WzWtQXw,zjqh_qoBS1BWVSbC51BNjw,5.0,2018-01-11 20:23:54
tsq4tKTX6gIHbffX4Cc4-Q,s4k1P9FHfPUzw3dqXRp7eA,1.0,2020-02-20 18:20:47
tuoDDqTDCB-lDgelvMrp5Q,2TK1p6uIO7dHDWOQeit0Fg,5.0,2021-12-28 22:16:52
tuoDDqTDCB-lDgelvMrp5Q,2pYUBcNkUxD1Bg8FA5lCzg,4.0,2021-11-25 14:49:47
tuoDDqTDCB-lDgelvMrp5Q,4ifNI4ZdFQqBpWpJyLRULA,5.0,2021-12-07 12:25:39
tuoDDqTDCB-lDgelvMrp5Q,7R7eE6yIQ3kRtOF0HrzJeQ,5.0,2022-01-01 05:05:34
tuoDDqTDCB-lDgelvMrp5Q,8Wcq23GYmeFNnYotBtck7g,5.0,2019-06-24 09:55:28
tuoDDqTDCB-lDgelvMrp5Q,C8KFRgrMtc_naR6I7yWytg,5.0,2021-12-28 11:50:07
tuoDDqTDCB-lDgelvMrp5Q,L5LLN0RafiV1Z9cddzvuCw,5.0,2019-11-19 11:29:55
tuoDDqTDCB-lDgelvMrp5Q,LQGZ-QunCyqtQieljjxFNA,5.0,2021-05-10 10:56:53
tuoDDqTDCB-lDgelvMrp5Q,LWstcv6F48ouIEW8RGUDjw,4.0,2021-05-10 10:34:13
tuoDDqTDCB-lDgelvMrp5Q,Pe-Umwef-sX1Hesq3t1mCw,4.0,2022-01-07 12:28:59
tuoDDqTDCB-lDgelvMrp5Q,PhhCTXGAyW-0PGmcQZjOoQ,4.0,2019-11-20 10:45:06
tuoDDqTDCB-lDgelvMrp5Q,UUDGbu6-nK97evc2LaevGQ,4.0,2021-07-11 13:56:44
tuoDDqTDCB-lDgelvMrp5Q,W-fBHvwfkPuyojEbOQTHOQ,5.0,2020-01-05 13:33:25
tuoDDqTDCB-lDgelvMrp5Q,aQFQIlyHasaTz5DtjV57nQ,5.0,2019-05-26 02:51:58
tuoDDqTDCB-lDgelvMrp5Q,aZF7h8tFBnRCJc1f6gUm9w,5.0,2021-06-03 11:23:04
tuoDDqTDCB-lDgelvMrp5Q,cXm3EXarmMkvcoEwQgqilg,4.0,2021-02-12 21:47:28
tuoDDqTDCB-lDgelvMrp5Q,dJ4jKcCq6tWTFIfIOjBtzw,5.0,2021-12-28 11:56:07
tuoDDqTDCB-lDgelvMrp5Q,dopFCBreChCeVVPTpVup4w,4.0,2021-07-11 14:02:57
tuoDDqTDCB-lDgelvMrp5Q,eNTVSEO6dQVXQg7D8XMsbA,5.0,2019-06-25 10:00:00
tuoDDqTDCB-lDgelvMrp5Q,fa6InRseC0Uxnt5d90E3LQ,3.0,2019-12-11 21:06:15
tuoDDqTDCB-lDgelvMrp5Q,foa_Lkesm4B2adDwbjUX9Q,5.0,2019-07-17 20:46:21
tuoDDqTDCB-lDgelvMrp5Q,fxV5Iv7goPEUz-AReRLxkw,4.0,2020-02-18 15:52:02
tuoDDqTDCB-lDgelvMrp5Q,g0cUlBQ2pGRxWtL6qwyeIg,5.0,2021-04-05 10:43:44
tuoDDqTDCB-lDgelvMrp5Q,n5i09tgSuzv9ZeIN9Qe5oQ,5.0,2021-07-14 10:51:39
tuoDDqTDCB-lDgelvMrp5Q,oMTXtSJzEiHudUY3T68sPg,4.0,2019-08-10 19:59:26
tuoDDqTDCB-lDgelvMrp5Q,oO_g1nb30W2or1swQAe3nQ,4.0,2020-03-23 10:21:37
tuoDDqTDCB-lDgelvMrp5Q,pvu1FS0_h5vrjfPV_vrBAQ,5.0,2021-12-07 12:06:13
tuoDDqTDCB-lDgelvMrp5Q,sf2Wl0jXs_Vq01U0wVB5gQ,5.0,2021-12-23 22:50:22
tuoDDqTDCB-lDgelvMrp5Q,tRrwvG_26qqzMlNIYyz-TQ,4.0,2021-05-21 10:37:45
tuoDDqTDCB-lDgelvMrp5Q,vXQLdqB-stL2JTP5AsPVaA,5.0,2019-09-01 14:22:34
tuoDDqTDCB-lDgelvMrp5Q,va0tlKELSwfwuPpmsYhqSw,5.0,2021-01-31 13:12:12
tuoDDqTDCB-lDgelvMrp5Q,w4wYlGd-ADrda22Z7zO0Nw,5.0,2021-04-13 10:13:33
tvQJmMBKcI3K0W2MEHavgA,26jYcdFR5oLqKDKpTH0JIQ,2.0,2017-07-23 00:52:32
tvQJmMBKcI3K0W2MEHavgA,82bYVTfEpApVNMcmz4pMeA,5.0,2019-04-17 23:57:36
tvQJmMBKcI3K0W2MEHavgA,GM6j5hDNqra0pVfTcpTMMw,5.0,2017-12-17 13:56:04
tvQJmMBKcI3K0W2MEHavgA,SyKHFYhRzW1hlwDga5EWWw,4.0,2019-01-07 03:50:39
tvQJmMBKcI3K0W2MEHavgA,_zU8uJthn3o5swP0LmfuqQ,5.0,2018-01-09 18:58:18
tw7hr8sdk-N6teJVlAx8lQ,cuYMRqzehT24XJk-YSrExw,4.0,2013-10-11 04:03:14
twqsJ2ANW3jPN5cr47FzKg,KHe6HAqmyioITwTvg9Bbcg,5.0,2020-03-06 22:05:29
txBtOQ8uw0XGAFqLpPcWfA,0yOfDyqoJTp6-9qbyroyEw,5.0,2015-09-07 21:34:09
txFmZvBc0mlu7-TmOVyiNQ,1FURjeGJi_LBXcJQg8eskw,5.0,2020-01-17 16:13:34
txfAvviwWYqarxQv65Er1w,SwBhaxfQPbyhsi0QHUAN0A,1.0,2014-12-22 16:32:47
tyT5SuNWUQOW_zcjPOfayQ,CSRJYftc_THPHSJQAqghCg,5.0,2017-12-05 00:43:26
tyUcYlc4gnH5aNi9HdCjaA,znx1v_c2IPKOXlYAbqFYvg,4.0,2010-02-01 21:55:27
u-OeRiwGfvZFNmDyIep5BQ,ReVpjIDupK_VMPn7ZxPvOQ,5.0,2015-09-03 17:36:06
u-u8vyXgSSQSA_K6rvrZjA,Vnob_w_Aohf7ZDqxcJ9z2A,4.0,2015-10-08 19:20:37
u-u8vyXgSSQSA_K6rvrZjA,iJiNZw2TEwB579dr6LyVZQ,5.0,2015-03-30 15:49:45
u-yx9X8hvo13y0OVpHT_Cg,VVH6k9-ycttH3TV_lk5WfQ,5.0,2016-08-08 16:21:06
u-zdrYMMqujnvrIbtQR4DA,GXFMD0Z4jEVZBCsbPf4CTQ,4.0,2019-04-23 13:56:31
u0mM9ssiRyvP5TmxjxZM9g,KHe6HAqmyioITwTvg9Bbcg,5.0,2020-08-17 17:15:53
u0rbDMWTpxLgksbP24-6OA,pWuoHHu0LuVrD0HjadDygg,1.0,2017-01-16 23:32:09
u1QEpXGOcshduSZiSmfVMA,awOKeCwbzutECzI4R6JGFg,1.0,2019-07-18 16:37:04
u1Y4Kb-broKL_C0pL9CD6A,GXFMD0Z4jEVZBCsbPf4CTQ,5.0,2014-04-10 16:59:33
u1Y4Kb-broKL_C0pL9CD6A,dgyKoIYEYrmRK_hktWBZdA,2.0,2014-03-23 22:39:37
u1Y4Kb-broKL_C0pL9CD6A,hmmiyt6KljD5G3a861qsKw,5.0,2011-09-14 03:32:44
u1coHew6_4Asf_5rY7zm4A,kVrugngpixLsf4pNu4uzrw,4.0,2021-09-05 17:51:03
u3ZPMVVEzneq8x856WksJQ,vVfy055EfLMdd0yJYHxiMQ,5.0,2021-12-16 06:31:19
u4yX6mVdM_r06vrqX-UnsA,-pyobEWdpZ6jUp42f3I2xw,4.0,2021-03-02 23:42:37
u6yxXjPhPBge0AkDOrAegA,9ggiKdqsyuY2pqVcbIQ-tA,1.0,2018-04-08 21:06:26
u79JLmKzua7wxGxs1Q3Qkg,-cEFKAznWmI0cledNOIQ7w,4.0,2021-10-26 23:32:54
u79JLmKzua7wxGxs1Q3Qkg,Dv6RfXLYe1atjgz3Xf4GGw,4.0,2018-08-01 00:17:24
u79JLmKzua7wxGxs1Q3Qkg,eJaeTZlIdM3HWCq__Ve4Wg,3.0,2021-10-24 11:29:15
u79JLmKzua7wxGxs1Q3Qkg,lRznUOtLYY2GP_dvc7kmYQ,4.0,2016-09-21 21:44:36
u7kcW3CWjzqbW1q0GCjnmA,_Wwn6QqlZoKrcVXJ8seBtQ,1.0,2013-10-22 00:20:26
u82kdW3-cLurUW52slCBmg,Eqfks4GEn5dsI4ZGiPrCVQ,2.0,2014-07-23 05:23:50
u84ju-y5NIou17YpFUbuIQ,pWuoHHu0LuVrD0HjadDygg,1.0,2020-07-04 03:44:33
u8FTX0uDbDewm1RctRBrdg,SwBhaxfQPbyhsi0QHUAN0A,1.0,2019-05-26 04:41:31
u8FV5F9Bvw48uFsuatqLRw,EZLor0K7Ei6nwK5lQ2YtMg,2.0,2019-03-15 18:19:25
u8FV5F9Bvw48uFsuatqLRw,Jy1ivHnSRtNNA6snZSAKBw,5.0,2013-07-09 01:43:44
u8WIVYVQxiAFJWLdjJNkIQ,WCdSajl5Q0qywpv7K5jHdQ,5.0,2020-03-01 00:59:13
u8yPsppWCJoTt9uFS90aXw,TjAsf2vHEYh_mCHpQqGgDA,5.0,2021-08-13 03:10:04
u9CqY4YPbUwrGlE7K2L0WA,PeczUJRFYkZBvAyMxzXPSQ,5.0,2019-02-02 15:45:29
uBk_j5i1N7FC6H_uGhaUHQ,ytynqOUb3hjKeJfRj5Tshw,5.0,2008-08-20 04:05:20
uCNgCZCuo07ew0sWPB1z7g,8x7oJzbcOndkG7Mlo96eXA,2.0,2020-01-07 23:24:54
uCNgCZCuo07ew0sWPB1z7g,Rl42JbSMsmNW3LRjsTMYAg,5.0,2021-03-04 18:08:30
uCNgCZCuo07ew0sWPB1z7g,WfEc--AG2O1f78q3RuERlw,4.0,2019-12-16 00:39:29
uCNgCZCuo07ew0sWPB1z7g,gVU0U7gNBMQxKTzqmRtdLg,4.0,2019-12-16 22:13:37
uCNgCZCuo07ew0sWPB1z7g,nMn4CTJQPXqpgLltYQrxMA,4.0,2019-11-27 23:12:18
uCNgCZCuo07ew0sWPB1z7g,uGo0TCVNOcDQxMArUU0Jrw,5.0,2021-03-18 20:12:37
uCNgCZCuo07ew0sWPB1z7g,xlMQBBt9wrtahdqiRDcVSg,3.0,2020-01-14 22:58:16
uCO8lRN9eD2RRI7SgsR1PQ,XwElaqpvIW70qJVCqpVubw,1.0,2012-10-27 18:24:52
uDFNUZcsK4HZbV4tOjjU1w,-6jVwUuXC1-dyr2YRCEU6Q,5.0,2017-01-13 19:16:07
uDFNUZcsK4HZbV4tOjjU1w,-Dg2pJigtydnPUUW5XBamQ,5.0,2014-03-31 18:07:45
uDFNUZcsK4HZbV4tOjjU1w,VNvJuCTMdGBj4lwC0L1Ghg,5.0,2014-06-20 20:01:57
uDFNUZcsK4HZbV4tOjjU1w,ZRSVqYaoo3VMvthb2QEJmw,5.0,2011-01-29 17:58:53
uDFNUZcsK4HZbV4tOjjU1w,cFk2SMsJ-2cmXKLFFkP9JA,5.0,2010-04-03 20:41:47
uDFNUZcsK4HZbV4tOjjU1w,q2rR-v9ZStix89t7ihyuqg,4.0,2016-03-21 19:06:18
uDFNUZcsK4HZbV4tOjjU1w,tWJ3DwufXIKdlLTEw7K96g,4.0,2010-02-06 21:45:51
uDMVdKN96iTB9RlMHx2Isw,TUTQeLjq1UbkR5r8mOvMqw,5.0,2018-12-07 16:56:53
uDMVdKN96iTB9RlMHx2Isw,rsMbMeW7IbXxPFh4WwbddQ,5.0,2017-08-20 21:30:14
uH0KmWhfylEUpcvZKG64fw,KHe6HAqmyioITwTvg9Bbcg,4.0,2019-04-08 23:46:42
uHN53aOjk_br7t8Jkgt4vQ,OR7VJQ3Nk1wCcIbPN4TCQQ,5.0,2019-04-12 01:47:52
uI4R_R-ynWGABSZmB3Vt-w,KHe6HAqmyioITwTvg9Bbcg,5.0,2018-03-01 20:11:44
uIKD7cJF4ZWkicin2ulWPg,J8S7cPPlTgsQnXKVfTyN8g,1.0,2014-02-10 05:37:40
uIjj7EIVBU4kGNgmKPO02A,-FM4CxOg4XXmX_Ebky_SiQ,4.0,2019-07-24 18:24:54
uIjj7EIVBU4kGNgmKPO02A,1FURjeGJi_LBXcJQg8eskw,5.0,2017-07-02 21:10:32
uIjj7EIVBU4kGNgmKPO02A,Y0izXh4Dv1_YU68tn43Xiw,5.0,2019-12-14 10:00:14
uJ6Zjp_shZJX9cbAqgR0gQ,dGUyXgFW1WSYMgRypKaYew,5.0,2014-06-29 21:34:55
uJGFh03cbZ7kjovLLO-XMA,fgTOJRkc703E4XRdcr5zRA,5.0,2014-08-28 18:39:13
uLHTQMhW1gJGTSeoC07Rew,8lkst0bYgdXr8CRQv6NloA,5.0,2015-08-21 16:45:53
uLHTQMhW1gJGTSeoC07Rew,QOPcqO5zvGVZL54917JUdw,5.0,2016-10-06 22:19:59
uLw-RVm66wYb2Ft3GujbAw,6f8dXcqMrNPMHm1fXFQQbg,1.0,2021-04-09 18:20:18
uMVzlSm_s3L8rKYGPXILfg,NQ6v9hMwtfS5mn2a0vQr1Q,1.0,2014-08-01 02:17:30
uNGpUVl1T5NaJBf5P4Il4w,BUPtFEuzN1KeB4erBi-ivA,5.0,2013-12-22 00:12:52
uNGpUVl1T5NaJBf5P4Il4w,sr-5EY6bmp4jINhea06MjA,3.0,2015-08-16 17:54:45
uNZ1xa_-bc6zEugkEI5f8Q,zC_2cSAkMKkSAykOk72LcA,5.0,2011-10-27 16:30:45
uO-6UxxRVbz85cOUnh5OBQ,9FiiDY8Nrmdn81jHHvJSlA,5.0,2014-07-06 11:10:14
uO1G6Ab4fBPZdxTRodOTNA,iBTc6XKgW5HESEZIii-G4g,5.0,2022-01-13 22:38:54
uO1G6Ab4fBPZdxTRodOTNA,tthy48ZIX_wfY8Dy0Dvg6w,5.0,2022-01-18 04:59:29
uOEvhwBdid_-nfAoHhHwzw,u9vhzYtXpfyvAOAMnyy-Cw,5.0,2010-07-10 18:54:55
uPoDB6rk11jqU9Kv6GBmsQ,IkY2ticzHEn4QFn8hQLSWg,1.0,2014-02-05 15:45:06
uPr3t2M-OykA8M_oro7j1A,-cEFKAznWmI0cledNOIQ7w,5.0,2016-01-16 16:16:47
uPr3t2M-OykA8M_oro7j1A,Ou-_OQUNvBcaAoRU0XPtaQ,5.0,2014-02-15 12:15:39
uQY03sjjoHSBGb0bIUR9Vw,t9lFIoKltOdbRWpJLFpCOA,5.0,2017-02-25 20:52:15
uS6rTQk1fyQO4EmxKK806g,7AQ-UCLkyamF2Wg41wsw_g,3.0,2012-08-22 13:02:03
uS6rTQk1fyQO4EmxKK806g,HjLYCBxJti8V-hsP_yVZ3w,1.0,2012-03-27 05:20:35
uTC9U8JAXIZwafdy5piEjw,rugDoz-A6vL-FG-8PbvOag,1.0,2019-10-24 14:52:36
uTvcneiZqQMxmE9jRr2Hbg,Fj16uG6BNZOq5K8mS2HHiQ,1.0,2019-10-17 22:53:21
uVUJpFaw0jXQ0i-d2XIc5w,-ad35BhAZvtgrccfWI2kuQ,4.0,2022-01-02 17:30:04
uVUJpFaw0jXQ0i-d2XIc5w,9xCprW96TZFLajnnN-w8Pg,5.0,2021-07-21 23:41:25
uVkOwBbW6G0FFd_KsM2qnA,Zi-F-YvyVOK0k5QD7lrLOg,1.0,2014-07-27 01:44:00
uVtkixXCP7LXRpC1EedGpA,wj8XtPyuREj8_0GQz3LZ6w,4.0,2014-03-05 03:15:02
uXHXWvY8661zHWHNh5AyyA,DkePId_VZgMx7skQ7aqMGw,4.0,2019-12-18 03:14:10
uXY3lu8b8gQBDjrQ0V9dZQ,H1lSVZSPz-Mz0P3g7o-SYQ,1.0,2020-11-03 04:01:42
uY3XlJHgF3aZlbgBSCt6PQ,NWwVZnCb8-Oh9QWWAb2T2Q,2.0,2017-03-12 07:12:51
uY3XlJHgF3aZlbgBSCt6PQ,scH9yupjqMr-XP3bzJGY0A,1.0,2016-03-13 06:36:48
uYV4fdoQeJ99vgY6_SU-zg,OLSFUxfRCjLNPi49yOOrsQ,3.0,2021-11-27 17:59:59
uZbIzVlYLu8Etg8wUXyRlQ,5aFmUkHN1OH03P8Xrc8mjQ,3.0,2021-09-14 13:27:16
uZbIzVlYLu8Etg8wUXyRlQ,W72rYffSVg0pIaOpRgNniw,2.0,2018-10-10 20:34:13
uZbIzVlYLu8Etg8wUXyRlQ,xWfm4AwLZr-B97fYVsIgCA,4.0,2019-05-28 22:28:39
u_2FxpNdIBWyX9fJ3yQx2Q,a7__VvDjHpgpncosFsYArA,4.0,2018-09-22 02:17:35
u_M2AUC19JwQ-Mzz5xKWSg,TvbJq1a1Xto5w6t4zMUYHQ,5.0,2016-08-01 03:37:07
u_fUOpvFRKz15rSjj_hpaQ,GXFMD0Z4jEVZBCsbPf4CTQ,4.0,2016-12-18 14:48:01
ua5Ze_AHxvHO4namvGspTA,Gekeq1c-fuezmx0PSGQvzw,1.0,2015-01-22 20:39:57
uaNGTdo_zusfFEBqCiOeBA,KHe6HAqmyioITwTvg9Bbcg,5.0,2019-04-12 19:34:38
uaURMprG-udxpAoZefixEg,AtQLrRpQan7UtJcIAo9hsA,5.0,2020-11-25 17:52:59
uaURMprG-udxpAoZefixEg,q2rR-v9ZStix89t7ihyuqg,5.0,2020-11-25 15:01:00
ubMCA9FYryl-ZlL1grArdQ,BJXK4B2N8CLoc__SoDNPjg,4.0,2011-04-05 23:10:07
ubMCA9FYryl-ZlL1grArdQ,K6XWaJkcMhayiZxlTVX-Ag,1.0,2012-10-22 09:01:00
ubMCA9FYryl-ZlL1grArdQ,UCr5X7irQJ7O-Ouc_zPs2g,5.0,2011-02-02 07:50:53
ubMCA9FYryl-ZlL1grArdQ,oeGv2lfbSMfwZ0x7jvOQdQ,4.0,2010-12-16 20:46:09
ubTQ2pYBFFfFUxSP4QQvqg,GoGss2SqsUPwP0xcI9IUuw,5.0,2015-07-27 15:57:43
ubTQ2pYBFFfFUxSP4QQvqg,I0I2mkCOPTYVSLpc8A8VVw,5.0,2016-11-06 19:20:00
ud-fWq-05TVr2KwONoMTtQ,W9y4JkMqy2dFNwYc3Y5cKQ,5.0,2017-05-05 23:33:25
ue7Af68IPDj2u-rUC5v7tg,KHe6HAqmyioITwTvg9Bbcg,4.0,2011-09-10 22:41:11
ufICbdVlGBGKTKkyy6uBmQ,9PXJkRLVWd6IMPfBzdJp2Q,1.0,2021-08-11 22:39:25
ufp1DPcF-aO_3Y189JTqtQ,vWjME92WddneF98IqzaNfQ,5.0,2013-04-28 02:48:40
ugcniOuK5kbA7aGhJ6kRqg,fgTOJRkc703E4XRdcr5zRA,5.0,2014-11-26 05:50:41
ugsZ8N0_GwS2GEWrohqDOA,mLdqrqgEXuUrCdgHLr30QQ,4.0,2018-08-16 02:28:10
ugsZ8N0_GwS2GEWrohqDOA,qY-BUQY-SFBaSrFHowF3nA,5.0,2018-08-16 01:28:10
uieynwVGIcsdgzvC6_lmCA,TzkVUJab9Sh0CqDk2sCF-w,1.0,2021-03-01 17:35:38
uih53bykBGPNn3Lv09ofkA,8A5LSwsKK5vXDH1M3_Tf1w,5.0,2019-09-03 16:01:15
uih53bykBGPNn3Lv09ofkA,Slg6Ec2D7vEBRmgVUfwkzQ,5.0,2019-08-09 17:23:40
ujjp2kbOMManSzLFvGrhGQ,Fj16uG6BNZOq5K8mS2HHiQ,1.0,2018-08-04 01:56:41
ujzUWpLuTXsxiqg0gq_p3A,3qiHeiMr-6D1Yp-DbOeJhA,3.0,2019-03-21 05:09:13
ujzUWpLuTXsxiqg0gq_p3A,8Zfo-9ZQWwC85wyBcRDb_Q,5.0,2018-10-05 01:17:50
ujzUWpLuTXsxiqg0gq_p3A,U4DpkzcADkXFZzYaX9smjQ,4.0,2019-03-20 04:10:18
uo52kgQUJJdYq8aNSMS0sQ,szad9yEwckNw0P3L5FGyNQ,2.0,2012-08-02 22:41:08
uoMtzTOHLHUBlQXWMwK-Qg,dgyKoIYEYrmRK_hktWBZdA,1.0,2020-03-02 16:38:33
uolGRr0eZzLiQ1_i0hCuKQ,oCbJpGl8IkH1WdYa25TDBA,1.0,2018-07-11 10:53:47
ureoYrPnd8XPasrcvoVMEQ,Xv5rxZGfOQvhJHhsBLjW-Q,5.0,2018-09-09 00:54:06
urlX1GPogp0V3o3PmWuGwg,tlmxMUrk9xRvYzH0xo1Olg,5.0,2020-11-17 02:31:22
uswU6iDxsvyNpL1_OnhZ2w,TF3qNGUBUgIYp6u0j79JHQ,4.0,2018-05-27 19:17:43
ut0OnRS5-Peu2dUd96Fh1g,8uF-bhJFgT4Tn6DTb27viA,5.0,2014-01-08 11:17:53
ut5tH2ITDRUH5NQ9I9gdQg,HzHgn4BrQLnqDyFQseZ6Dg,4.0,2015-12-28 14:16:14
uucpXfy2b-WRUEo4DQftJg,RA5E6BDiAzgSmsxdc1A4tw,1.0,2012-02-15 02:28:14
uvbcTz43OmCYHlM8FDR0JA,xLiN8ZqDaTEn0AXdhRZ-Xg,1.0,2020-06-20 23:09:00
uvqhDdqRyl1aqTlxu_UZtg,dGUyXgFW1WSYMgRypKaYew,5.0,2017-09-30 21:42:48
uvqhDdqRyl1aqTlxu_UZtg,poviu-6n3iaRE4gdQz6OYw,4.0,2018-09-10 23:51:31
uw9cwb4qvH0EKvUh-X_W-w,4J4NcFRh3o-pW_51OSRfDQ,4.0,2016-11-15 21:20:01
uw9cwb4qvH0EKvUh-X_W-w,4iu7fFErsz7LS298z4bk8g,4.0,2014-02-06 18:10:53
uw9cwb4qvH0EKvUh-X_W-w,L1sWL793cmy_AFcMRzB4GQ,5.0,2017-05-26 16:47:14
uw9cwb4qvH0EKvUh-X_W-w,RQAF6a0akMiot5lZZnMNNw,5.0,2019-01-02 17:44:19
uw9cwb4qvH0EKvUh-X_W-w,fOTDwlJdgwuGTbYrjt_88Q,5.0,2014-10-20 17:13:35
uw9cwb4qvH0EKvUh-X_W-w,nk2a2nI1jfln9zLpxEvTnw,5.0,2018-03-26 20:12:04
uw9cwb4qvH0EKvUh-X_W-w,qlO8LCXgSAQ_Kz2hMM3Zyg,5.0,2017-04-04 14:12:59
uw9cwb4qvH0EKvUh-X_W-w,tBO9ttcLUjsQzpCApeWu-g,4.0,2017-07-24 16:45:20
uw9cwb4qvH0EKvUh-X_W-w,zE2IC_ocw2dxM6Hzd4iL0g,2.0,2014-11-20 22:43:47
ux8wzgc8xEcnwExZWUY9Sg,Sw53KWMB8cYjF7EZX7O9PA,5.0,2021-09-11 18:59:30
ux8wzgc8xEcnwExZWUY9Sg,fCDMLD21ypv1XZ_EyafCkQ,3.0,2021-09-06 21:03:13
ux8wzgc8xEcnwExZWUY9Sg,zFcE7bQ2oDfwpPgl_PxOTA,4.0,2021-09-11 14:26:21
uxOjXmWuuEuHmF6rXFZfSw,Qf4e6amvsjdKgz-b02gvUg,1.0,2008-08-04 21:19:40
uxOjXmWuuEuHmF6rXFZfSw,vF_QwGltBpVesMMGclzB9Q,3.0,2010-01-12 03:15:39
uxi9rjtKsNXYKaQHsl33wA,3NNRlx0GS0mzrTYCx8m8FQ,4.0,2019-04-28 02:47:52
uzb2jxTuLTYCk-EH2U-OBg,SJIQFKTW6uUsOo29w9IHxw,5.0,2021-04-12 21:30:15
v0KmYNybWmLXDZdL5BcKug,2nRFTI41Cm5GldHexAczbA,4.0,2015-09-25 13:28:40
v0KmYNybWmLXDZdL5BcKug,9cybDNxJ7cyNVkmwm-ktcg,4.0,2015-10-05 14:41:55
v0KmYNybWmLXDZdL5BcKug,AW81jJyQA8264WcUT-4JzA,4.0,2015-09-16 14:49:13
v0KmYNybWmLXDZdL5BcKug,FaY_9x8ZtsuHe5wS2iJM1Q,3.0,2015-09-16 19:04:17
v0KmYNybWmLXDZdL5BcKug,riDBd3fB1ZB9Nm5ybaxswA,4.0,2015-09-18 18:22:57
v0tcLGknvRRIDVwH4LG1jg,9tajhM5W0OPgPUppo_zhmw,5.0,2017-12-20 20:11:48
v1Su0L0_BMEO8_EwOer_5w,-78Va3llKcPbL6SW4is8lw,1.0,2018-02-03 04:37:08
v2pb9frfgnYC1s_kTcXHBA,AQ7oWwL04UKpG_aG8UaXFg,3.0,2019-07-20 18:59:56
v2pb9frfgnYC1s_kTcXHBA,XPApXC5Da2GAEIAX6hMZ6g,3.0,2019-08-02 01:35:59
v2pb9frfgnYC1s_kTcXHBA,Xd8wTHTsd5uXdDJDXlxY5w,4.0,2020-07-14 20:47:09
v2pb9frfgnYC1s_kTcXHBA,uNM_Zbvct5iIJYfFqalPAw,4.0,2018-08-09 23:22:59
v2rA4SRMExUUXny6MFLb6A,dbn2SoD5uPG15Yd4UcmEzA,5.0,2017-06-23 19:36:10
v2rA4SRMExUUXny6MFLb6A,xJyp6RLqNRv3tSu6njPKxQ,1.0,2016-05-22 03:51:41
v3Aeeo4vjAIPrjqFpYKTpw,VEsI9_aDFzIrk8wh0QCOAw,1.0,2007-12-28 20:49:05
v4IZNWNryJCZqI3QOO07Xw,-9lL4yFBX_7XVqUr8cwytg,3.0,2021-01-24 14:44:39
v4IZNWNryJCZqI3QOO07Xw,sf-KdXHB5nxfNjl2uUpI6Q,4.0,2018-05-14 01:21:44
v4KYRLFGmeqwlntnDbJ4Uw,LGYzaCmNj3_FiG-r8U1-mw,2.0,2016-02-16 15:27:12
v4uQQem0Kyd7Exgbvf7QwA,gy0NuW7nzIuZNq3lLLlgzA,1.0,2012-09-07 01:00:44
v8v20odlEnoGEhnbAtJ0qw,PXDLSN8Fg-YQmwGprVrRyA,5.0,2013-08-09 19:53:22
v98WXw1EToiuPIxtE0aekQ,8Vu3Iagcby29cZIijIk4Ng,5.0,2015-03-25 13:20:44
v9VCObZVWhOPdm1rKt8Dvg,I0I2mkCOPTYVSLpc8A8VVw,5.0,2015-09-13 14:52:55
v9VCObZVWhOPdm1rKt8Dvg,O0r7Ocj9XmXvwm8p4I4Nqw,5.0,2016-03-29 21:42:03
v9VCObZVWhOPdm1rKt8Dvg,wwmlA6z3OhuykghM7f9RkA,5.0,2016-03-09 02:23:48
v9VCObZVWhOPdm1rKt8Dvg,yY3kq6_2m1FyY9MgaiHgoQ,5.0,2014-08-13 18:43:57
vALpp2IgoeeyiRoH1qRMuQ,1Tb7ION52mf2I7wXJY9HAw,5.0,2016-06-20 21:33:30
vALpp2IgoeeyiRoH1qRMuQ,2KIDQyTh-HzLxOUEDqtDBg,5.0,2016-08-28 05:31:38
vALpp2IgoeeyiRoH1qRMuQ,6K3i3-hBaRgNAJi03mt1fA,5.0,2017-08-27 14:37:47
vALpp2IgoeeyiRoH1qRMuQ,6Md7LjLUqf0scKfl78CQDg,3.0,2018-11-29 02:46:57
vALpp2IgoeeyiRoH1qRMuQ,8m3-Xrqr2dkF-lLz5H1ZrA,2.0,2016-05-25 05:42:31
vALpp2IgoeeyiRoH1qRMuQ,93UD654AB6IzMPFlQgwfOg,4.0,2019-12-20 11:35:03
vALpp2IgoeeyiRoH1qRMuQ,9b-LZWsj75mmfMYuChXDkg,5.0,2019-11-15 13:10:14
vALpp2IgoeeyiRoH1qRMuQ,AwmsqV6rXxBf8ycphKzQnA,3.0,2017-12-04 04:07:02
vALpp2IgoeeyiRoH1qRMuQ,DE7oNZUBOkAQ4zhA8tZQLg,3.0,2018-02-17 13:57:14
vALpp2IgoeeyiRoH1qRMuQ,DFymbOEhIpWVE_d6BnHFmw,4.0,2017-02-16 20:20:46
vALpp2IgoeeyiRoH1qRMuQ,EUkh0Qyf_Y4-B69w_z8n6Q,3.0,2016-05-11 16:10:25
vALpp2IgoeeyiRoH1qRMuQ,EqxVp4_9Up1HNgpU2pH3WQ,3.0,2018-01-28 13:28:59
vALpp2IgoeeyiRoH1qRMuQ,FSTLTRc_7BTgv99kWSnhIw,5.0,2018-10-16 01:29:12
vALpp2IgoeeyiRoH1qRMuQ,GfRhcofYZGPP4iRXe-Vw8w,4.0,2021-12-03 19:39:15
vALpp2IgoeeyiRoH1qRMuQ,H5Rk-aunuEzGANXCBu-NPQ,5.0,2021-08-27 15:41:03
vALpp2IgoeeyiRoH1qRMuQ,IjtKwA7njLjTvZr0nFSLeA,5.0,2020-10-29 23:02:12
vALpp2IgoeeyiRoH1qRMuQ,Jw3mUNF9_ZiawPDZryUdcw,3.0,2018-05-09 02:24:25
vALpp2IgoeeyiRoH1qRMuQ,KP5OncF2jhT7_J1phHPPww,5.0,2016-02-16 05:51:41
vALpp2IgoeeyiRoH1qRMuQ,Ks4r6DEqSbV8D2qc04RhTA,3.0,2017-01-15 23:35:49
vALpp2IgoeeyiRoH1qRMuQ,Mha77MN_BYGB-w7DONZ5YA,4.0,2017-01-15 23:53:26
vALpp2IgoeeyiRoH1qRMuQ,MxRZHZoDVVnN7EvMAHf1EA,5.0,2019-01-10 22:32:30
vALpp2IgoeeyiRoH1qRMuQ,O0CyCnSFr7cYK78nH2w25Q,4.0,2019-02-24 23:23:51
vALpp2IgoeeyiRoH1qRMuQ,PigxRedNhAogtfXW2h0t5A,5.0,2019-08-25 20:13:59
vALpp2IgoeeyiRoH1qRMuQ,QN38TkkGzF5vB1urbvi5nQ,5.0,2017-10-08 19:31:43
vALpp2IgoeeyiRoH1qRMuQ,R4NUjB9RLfaZr2OcFfxB2Q,5.0,2016-05-30 15:45:07
vALpp2IgoeeyiRoH1qRMuQ,T6c7iPO8Y4t_GQiyevZbiQ,4.0,2019-02-10 14:57:07
vALpp2IgoeeyiRoH1qRMuQ,W57360g1e7xMGerm7wPW0Q,3.0,2019-01-13 02:51:38
vALpp2IgoeeyiRoH1qRMuQ,_oRpJmQchbbEGEn3Xo8OPg,5.0,2020-01-21 10:13:31
vALpp2IgoeeyiRoH1qRMuQ,gVU0U7gNBMQxKTzqmRtdLg,5.0,2017-12-04 04:15:07
vALpp2IgoeeyiRoH1qRMuQ,lzuHckPzwYCnf8Pk3hIr-w,3.0,2017-01-13 03:19:56
vALpp2IgoeeyiRoH1qRMuQ,mEudf3Z2rKw-DoEbsImUCQ,5.0,2019-12-20 12:28:28
vALpp2IgoeeyiRoH1qRMuQ,qHJbcBFjNM2Pf-cmWw7OqQ,4.0,2018-09-09 15:55:33
vALpp2IgoeeyiRoH1qRMuQ,qsLVHCPvRkDX2sQdQM-RDQ,3.0,2019-02-07 21:03:33
vALpp2IgoeeyiRoH1qRMuQ,sitve7-2mPUQQ2bV8jLCRg,5.0,2018-06-23 22:26:18
vALpp2IgoeeyiRoH1qRMuQ,vXQLdqB-stL2JTP5AsPVaA,5.0,2017-01-08 03:28:25
vALpp2IgoeeyiRoH1qRMuQ,vl40Oa75v42jvJsHwpCGKA,4.0,2020-05-06 15:58:18
vARpt4o6zdgcm9WGJeWeTg,8A5LSwsKK5vXDH1M3_Tf1w,1.0,2014-09-03 14:19:46
vCUeFAY774VtmpszX9hyGA,-cEFKAznWmI0cledNOIQ7w,5.0,2015-01-03 22:59:30
vCUeFAY774VtmpszX9hyGA,CYSPKiVdoPX3erovujnE9Q,4.0,2016-10-14 04:07:49
vCUeFAY774VtmpszX9hyGA,Q9poenJ9SS3agpPo4Pgyyg,2.0,2016-09-10 23:55:23
vCUeFAY774VtmpszX9hyGA,_qgqa4X1OiMLqub1hHaMjg,3.0,2016-12-11 17:27:24
vCUeFAY774VtmpszX9hyGA,vCHNWdW-ys-nWUx3Cpvk8Q,2.0,2015-01-11 23:18:34
vCUeFAY774VtmpszX9hyGA,vuE1iseFrgNPumUEfHIZZQ,5.0,2017-01-10 23:48:49
vDACtEdgJP3mS-U0_NA0Pw,0MhxvTys2ADYa3sOO91ldQ,4.0,2020-09-26 17:02:49
vDACtEdgJP3mS-U0_NA0Pw,5UyyV-cdNsXWz1V-xyIW6w,5.0,2017-02-22 02:56:52
vDACtEdgJP3mS-U0_NA0Pw,yGFkdrYdndizAPymvyq2WQ,5.0,2012-03-06 01:31:32
vDNzJfoJKJcmGXda-XRAvQ,EZc2myE2mYk2h9JK9qu8gw,3.0,2021-08-30 21:11:15
vDdD697xH2iwoeNq12ED-A,oGDGlUbOjHxmmCh8ZYcDCg,3.0,2013-08-17 14:10:41
vFSlcnjkOdSbJIIbN7VAZw,fxV5Iv7goPEUz-AReRLxkw,1.0,2015-09-19 02:55:29
vFURyX8yxN-40hzspjO4zQ,HSv0Pe45yPAs6PgwlcTPcg,5.0,2014-07-01 03:28:31
vFURyX8yxN-40hzspjO4zQ,v63vLjagqV609L5NweBJ6w,5.0,2021-08-03 20:54:08
vFd8aBLg1kFcd0kCkoi-xw,_Q3XmBesceFqn9Dk-w6tlA,5.0,2020-03-14 17:20:07
vHc-UrI9yfL_pnnc6nJtyQ,-JkiE867GwCUuXFETjba2w,4.0,2017-04-11 04:56:00
vHc-UrI9yfL_pnnc6nJtyQ,-KyQ_Bu21JNphNtxz-Jj-g,5.0,2018-01-09 23:47:40
vHc-UrI9yfL_pnnc6nJtyQ,-kGUmgyeYcNDcuEr4FoVeA,5.0,2013-10-21 18:21:18
vHc-UrI9yfL_pnnc6nJtyQ,-tDmeO1Q5aqThVY3AFJJ7A,5.0,2020-03-10 05:25:05
vHc-UrI9yfL_pnnc6nJtyQ,0ZcYZNGb85gscHglo04qSA,3.0,2019-03-21 04:01:54
vHc-UrI9yfL_pnnc6nJtyQ,15OmkswaBLhN0X6UETqvaQ,5.0,2016-11-30 23:42:36
vHc-UrI9yfL_pnnc6nJtyQ,1Hd-0f0gWvI7y9CI_3kFVg,5.0,2020-01-25 07:27:39
vHc-UrI9yfL_pnnc6nJtyQ,2E5fh57OvOQMWwxxEOkN8A,5.0,2017-09-27 22:02:02
vHc-UrI9yfL_pnnc6nJtyQ,4_OXOjAUA9Q8L6VdZz692w,4.0,2014-08-14 00:58:56
vHc-UrI9yfL_pnnc6nJtyQ,5j9TfW8RrdkpaHlaBwt6bQ,4.0,2020-03-03 05:51:04
vHc-UrI9yfL_pnnc6nJtyQ,6SYG6M05gIwaj3doas6X9Q,4.0,2018-09-18 20:03:28
vHc-UrI9yfL_pnnc6nJtyQ,6bfas5osLwyvyWcwwDg6XA,5.0,2018-04-04 23:32:15
vHc-UrI9yfL_pnnc6nJtyQ,6dDC5PSmPEoJYuM8r8dN_A,4.0,2020-08-31 23:55:10
vHc-UrI9yfL_pnnc6nJtyQ,6iqDIQCE8sq7Xq1xvhG1Tg,5.0,2019-04-01 22:34:30
vHc-UrI9yfL_pnnc6nJtyQ,77a4oJTyPrvFKD4gJv7tVA,5.0,2021-05-22 06:45:28
vHc-UrI9yfL_pnnc6nJtyQ,8OMerSx6en6MgHYg3E89ZA,5.0,2015-08-18 04:51:15
vHc-UrI9yfL_pnnc6nJtyQ,8cc3Pmdz7SblEBVDt1eEAA,5.0,2020-10-23 06:50:41
vHc-UrI9yfL_pnnc6nJtyQ,8gY3LGFUMIQubovGbSd7Nw,4.0,2013-10-25 21:36:52
vHc-UrI9yfL_pnnc6nJtyQ,8q25GCkL0PngPIlCu2j4Vw,5.0,2021-04-03 00:47:42
vHc-UrI9yfL_pnnc6nJtyQ,9wPX6OoUifn9qfKGwrX0xw,4.0,2016-05-20 05:27:03
vHc-UrI9yfL_pnnc6nJtyQ,CPFKi2lZJazP6IdtCdDDyg,5.0,2020-01-31 06:35:19
vHc-UrI9yfL_pnnc6nJtyQ,CPPOKMjjE3-au0BWdbC95Q,5.0,2020-04-10 04:47:03
vHc-UrI9yfL_pnnc6nJtyQ,CfQ2Ahz7La6Bx5u0x96eBQ,4.0,2017-05-16 00:24:46
vHc-UrI9yfL_pnnc6nJtyQ,DC4BAXGiXkTBjBXI_5edeg,3.0,2020-02-15 07:23:39
vHc-UrI9yfL_pnnc6nJtyQ,DZYSb9amfB3EAh1IdwtbEA,5.0,2017-05-16 23:53:08
vHc-UrI9yfL_pnnc6nJtyQ,DgCVURTtxxLD9U-Y0NtySQ,4.0,2019-01-11 01:01:10
vHc-UrI9yfL_pnnc6nJtyQ,DypjfwplxJ4i8BxoHwLLmg,4.0,2015-01-16 21:15:25
vHc-UrI9yfL_pnnc6nJtyQ,EDm3KWvGdERKcr3e2CPe1w,4.0,2014-07-07 19:13:02
vHc-UrI9yfL_pnnc6nJtyQ,EO5ne2jClfd16Sus5D6i6A,3.0,2016-02-09 03:26:15
vHc-UrI9yfL_pnnc6nJtyQ,EYs_T4NU2BbaUF7vUDI55Q,4.0,2014-05-19 23:19:49
vHc-UrI9yfL_pnnc6nJtyQ,EZpbFQJEgo00XNlKJe-4ew,5.0,2015-12-01 06:09:21
vHc-UrI9yfL_pnnc6nJtyQ,F1xE--Gb4rNFAwHkNkV31A,4.0,2014-10-23 21:14:35
vHc-UrI9yfL_pnnc6nJtyQ,F88yRsOo9Eqo-0oxs8U1OQ,5.0,2014-02-04 22:24:47
vHc-UrI9yfL_pnnc6nJtyQ,GYgJtmk1v06FJesYYjrDww,4.0,2017-10-12 15:49:27
vHc-UrI9yfL_pnnc6nJtyQ,HMyTZREKcwD6iFYzsqHWWw,5.0,2020-04-28 05:32:38
vHc-UrI9yfL_pnnc6nJtyQ,HqIDCsKbkVLSQPzXp6eSew,3.0,2019-04-26 00:40:18
vHc-UrI9yfL_pnnc6nJtyQ,I0ueofqd_oBxaHWKSjCpMQ,3.0,2019-10-08 18:02:44
vHc-UrI9yfL_pnnc6nJtyQ,IkZgPqgwKSuQFAf4s0Z21g,3.0,2015-06-10 04:41:57
vHc-UrI9yfL_pnnc6nJtyQ,IxlIgLbIbynzJdzeqO860Q,5.0,2021-12-07 05:59:36
vHc-UrI9yfL_pnnc6nJtyQ,JLumGKzGu9kqGTdwYF41CA,5.0,2014-10-01 19:11:43
vHc-UrI9yfL_pnnc6nJtyQ,JxC9SCQF4aS2lHhRNkKjsQ,3.0,2013-12-20 15:31:32
vHc-UrI9yfL_pnnc6nJtyQ,KgDBWabaF6J7R6TH0l4I5Q,5.0,2021-10-02 05:21:50
vHc-UrI9yfL_pnnc6nJtyQ,LrkrvFHlnD1BHj2b2w0JpA,4.0,2014-07-28 18:58:25
vHc-UrI9yfL_pnnc6nJtyQ,M0NT6MBWg5-76wyQXMzJWg,5.0,2018-01-13 02:17:03
vHc-UrI9yfL_pnnc6nJtyQ,MiPN-oUTmplbe9LTxDmkag,5.0,2019-06-11 03:53:51
vHc-UrI9yfL_pnnc6nJtyQ,N2n_nuiXb64ak0BNvIYEcQ,5.0,2021-03-10 05:56:36
vHc-UrI9yfL_pnnc6nJtyQ,OJpwmYvsZnXt62sxco3F0Q,4.0,2017-02-25 01:35:00
vHc-UrI9yfL_pnnc6nJtyQ,OR7VJQ3Nk1wCcIbPN4TCQQ,5.0,2021-07-22 04:38:59
vHc-UrI9yfL_pnnc6nJtyQ,Pr-OrQ0-hNPFdp8bVZN6Lg,5.0,2018-01-17 02:28:26
vHc-UrI9yfL_pnnc6nJtyQ,QCaidu0NAS_sseca_xe4hQ,5.0,2018-10-01 22:47:25
vHc-UrI9yfL_pnnc6nJtyQ,Rb9QIj-NyRn_giOBN991YA,5.0,2018-12-14 06:33:37
vHc-UrI9yfL_pnnc6nJtyQ,Rl1NN7QH08h5h0XO00lPFA,4.0,2021-03-03 01:41:45
vHc-UrI9yfL_pnnc6nJtyQ,S8TWiMbbBaCNUHbQXOCBNg,5.0,2015-06-09 06:49:28
vHc-UrI9yfL_pnnc6nJtyQ,SG7g4cJFjgWtODi28W4eaw,5.0,2021-06-05 05:48:17
vHc-UrI9yfL_pnnc6nJtyQ,SKLMTASxfCDGovlQEaYSnw,5.0,2019-05-04 02:05:15
vHc-UrI9yfL_pnnc6nJtyQ,Sc6V7hXU7Ar2_mmRoRYsKw,4.0,2019-03-26 04:15:50
vHc-UrI9yfL_pnnc6nJtyQ,TDKBPcViJQDMrdUm6a9XZA,5.0,2016-04-15 05:27:06
vHc-UrI9yfL_pnnc6nJtyQ,TF3qNGUBUgIYp6u0j79JHQ,5.0,2021-07-03 06:52:30
vHc-UrI9yfL_pnnc6nJtyQ,Tyub4uN0yku6wyS1JWMejA,5.0,2020-10-08 04:43:38
vHc-UrI9yfL_pnnc6nJtyQ,U1Gao2oKgFaggpksDIctiQ,5.0,2019-04-06 01:10:51
vHc-UrI9yfL_pnnc6nJtyQ,UBIG1I0th2sSLekfXo-7jA,3.0,2014-11-17 19:30:44
vHc-UrI9yfL_pnnc6nJtyQ,W72rYffSVg0pIaOpRgNniw,3.0,2016-01-15 06:01:31
vHc-UrI9yfL_pnnc6nJtyQ,W8Z4rXYkmZlEVSaxIVjyvg,3.0,2017-12-13 00:39:29
vHc-UrI9yfL_pnnc6nJtyQ,W9y4JkMqy2dFNwYc3Y5cKQ,5.0,2019-03-22 23:28:30
vHc-UrI9yfL_pnnc6nJtyQ,WIY7S0HgG-pnHPARn8gFkg,5.0,2021-08-18 05:06:58
vHc-UrI9yfL_pnnc6nJtyQ,WM89sIfap8g0JXmwXoEOcw,4.0,2019-01-09 04:00:59
vHc-UrI9yfL_pnnc6nJtyQ,Z42GbJnnbVMTSBCERfoPtw,3.0,2019-01-29 04:40:07
vHc-UrI9yfL_pnnc6nJtyQ,ZQ1xusCuRoHneUw_PfZM3w,5.0,2020-12-23 04:39:31
vHc-UrI9yfL_pnnc6nJtyQ,ZYoKsoyfRuxqJPwsKtzqFQ,5.0,2020-07-30 05:43:26
vHc-UrI9yfL_pnnc6nJtyQ,_BreSZ3-mTEJYqJ1Ot7Akg,4.0,2018-04-10 20:38:59
vHc-UrI9yfL_pnnc6nJtyQ,_NozEKb4y0jkC08DWU8ywA,4.0,2014-06-20 15:53:07
vHc-UrI9yfL_pnnc6nJtyQ,_qdWW_AhhkW8jPs6HEtEfA,4.0,2014-06-18 19:38:03
vHc-UrI9yfL_pnnc6nJtyQ,aKOo9Kacq-4Wnsy6ilfdQw,3.0,2019-05-29 02:39:15
vHc-UrI9yfL_pnnc6nJtyQ,aRcqxBPtEiyXqyJmgcU9dw,5.0,2018-12-06 06:13:01
vHc-UrI9yfL_pnnc6nJtyQ,b36EeutJRvowZMr9TpQm0w,5.0,2017-06-05 23:22:17
vHc-UrI9yfL_pnnc6nJtyQ,cBp1fn2LXpSHe4VbTXLYEw,5.0,2021-05-26 05:43:43
vHc-UrI9yfL_pnnc6nJtyQ,cJ_sT_0cHrAP5SgKJDpSnQ,5.0,2013-11-06 18:14:56
vHc-UrI9yfL_pnnc6nJtyQ,cWcKC9ytDyW3dbqxjb250w,4.0,2019-09-24 18:21:23
vHc-UrI9yfL_pnnc6nJtyQ,dEHHpeN5XDXLhMBGNzrl8g,5.0,2021-10-14 06:36:57
vHc-UrI9yfL_pnnc6nJtyQ,djeYYE2MIT36obh5mcZn8A,5.0,2017-05-18 01:34:44
vHc-UrI9yfL_pnnc6nJtyQ,dpwkz52tHB2MCPv53I2aRA,3.0,2021-03-20 02:25:40
vHc-UrI9yfL_pnnc6nJtyQ,e1l1IlKpL7FJlM4ivnoO2g,5.0,2018-04-25 01:11:49
vHc-UrI9yfL_pnnc6nJtyQ,eIKjxqdMduIeIqzPg7yc-Q,4.0,2015-07-07 06:37:43
vHc-UrI9yfL_pnnc6nJtyQ,eUxD-l-Ddr1iMmzV6prNFw,5.0,2014-10-31 18:29:47
vHc-UrI9yfL_pnnc6nJtyQ,elEQxid6rZ3tRZF1Kwkr9A,5.0,2013-12-31 16:19:11
vHc-UrI9yfL_pnnc6nJtyQ,evxhNYa77dxWZabIpGQCkg,4.0,2020-12-22 06:35:59
vHc-UrI9yfL_pnnc6nJtyQ,gFZCKS41Tb9pXxsmfVDj1Q,5.0,2017-12-15 00:19:49
vHc-UrI9yfL_pnnc6nJtyQ,gItWMfgXm568VI85W4cBSw,5.0,2015-04-02 05:24:13
vHc-UrI9yfL_pnnc6nJtyQ,gltppHhVxJN9ETmQM6BFxg,4.0,2017-11-16 00:48:24
vHc-UrI9yfL_pnnc6nJtyQ,hjRxa6xpKOwnbUgGvVCE5Q,4.0,2017-11-27 17:08:34
vHc-UrI9yfL_pnnc6nJtyQ,ij0k8CB6jbvtJCPQOLY1vA,5.0,2020-05-15 06:43:09
vHc-UrI9yfL_pnnc6nJtyQ,jmtDnQIeTgkjbGgazIJxFw,4.0,2020-04-02 03:56:27
vHc-UrI9yfL_pnnc6nJtyQ,k5WBbvefZdisYbgcswiKNA,5.0,2014-02-11 15:14:44
vHc-UrI9yfL_pnnc6nJtyQ,kb2Zvig0OTEqlA1xS2lakA,3.0,2020-09-29 05:33:28
vHc-UrI9yfL_pnnc6nJtyQ,kf8HXRAZxtC7xVR0Tg-rhA,5.0,2021-07-31 03:41:22
vHc-UrI9yfL_pnnc6nJtyQ,ksFVaF5TatgsVGXk7Yyw9A,5.0,2013-10-16 17:33:30
vHc-UrI9yfL_pnnc6nJtyQ,lGbI4ub1FaTRh51GqmbXeA,4.0,2014-06-04 16:10:56
vHc-UrI9yfL_pnnc6nJtyQ,lM20OuidM_XjYIvoxSsGew,5.0,2021-06-17 05:55:46
vHc-UrI9yfL_pnnc6nJtyQ,lau2jbBCG3XohoAvCRIm1Q,5.0,2020-01-28 04:16:18
vHc-UrI9yfL_pnnc6nJtyQ,mcr1lAEdvGLMJhuPwI3I2A,5.0,2021-04-27 05:03:53
vHc-UrI9yfL_pnnc6nJtyQ,oMhac-1d24apoRDQNxvKew,4.0,2014-07-14 23:41:21
vHc-UrI9yfL_pnnc6nJtyQ,pAFtOcz710oLQ-e_J6AIzw,4.0,2016-01-12 07:22:05
vHc-UrI9yfL_pnnc6nJtyQ,pP1V9AvK716BMxoHkNVWdw,5.0,2021-04-13 04:37:39
vHc-UrI9yfL_pnnc6nJtyQ,pPKFIFDY2u1KCupXzHNtnw,5.0,2015-10-28 05:09:23
vHc-UrI9yfL_pnnc6nJtyQ,pUZtLtnoNmXsfdji4ms0Pg,3.0,2020-08-03 23:51:53
vHc-UrI9yfL_pnnc6nJtyQ,pWuoHHu0LuVrD0HjadDygg,4.0,2013-12-13 17:48:10
vHc-UrI9yfL_pnnc6nJtyQ,q7mKAD93-EeSpeOa9Hu4BQ,2.0,2014-03-25 14:13:24
vHc-UrI9yfL_pnnc6nJtyQ,qQpgF5fGMTulUUtjzlsnwg,5.0,2021-03-19 04:11:25
vHc-UrI9yfL_pnnc6nJtyQ,qynne35dp40BzXb5hroudA,5.0,2020-07-14 05:07:31
vHc-UrI9yfL_pnnc6nJtyQ,rAytSQU5RQHvXe1Wl_j37w,5.0,2019-04-25 06:22:02
vHc-UrI9yfL_pnnc6nJtyQ,rncZirFO0DmWEz4mUg2NrQ,5.0,2021-05-04 05:09:27
vHc-UrI9yfL_pnnc6nJtyQ,tY3Y5NzBBD67uwZvBmbncw,4.0,2014-05-23 17:36:41
vHc-UrI9yfL_pnnc6nJtyQ,tc_nZBQ46584iOXQgdlBtg,3.0,2015-06-13 05:53:07
vHc-UrI9yfL_pnnc6nJtyQ,uLg0FaTWN2mr3_rrcnoqTw,4.0,2014-07-29 15:28:57
vHc-UrI9yfL_pnnc6nJtyQ,uihNp1cyWmHkma4U0MJHow,4.0,2021-04-02 01:12:02
vHc-UrI9yfL_pnnc6nJtyQ,vHr8qhM4CXYB3Ol_9yS6QQ,4.0,2017-12-13 21:27:20
vHc-UrI9yfL_pnnc6nJtyQ,vSuBdRP57QxIvURlZV-6FA,5.0,2021-10-15 06:11:47
vHc-UrI9yfL_pnnc6nJtyQ,vXhrovlPWEnPKCbZMcsZDA,5.0,2021-04-28 04:39:22
vHc-UrI9yfL_pnnc6nJtyQ,winkCYdiTroKdbPbV0DfRA,5.0,2016-11-14 20:21:52
vHc-UrI9yfL_pnnc6nJtyQ,y7pKM3eFDZ9eRchC6SNMsA,5.0,2021-05-12 04:04:45
vHc-UrI9yfL_pnnc6nJtyQ,yatKUn6nlBp3HA0KBFV_PQ,4.0,2015-05-15 19:18:28
vHc-UrI9yfL_pnnc6nJtyQ,z8RRZNpjuP2rcHP1VdqUNw,4.0,2014-12-16 22:42:25
vKwoXHvV58QtXyI0KcVKKQ,I0I2mkCOPTYVSLpc8A8VVw,4.0,2015-06-15 17:51:20
vKwoXHvV58QtXyI0KcVKKQ,TzkVUJab9Sh0CqDk2sCF-w,3.0,2015-03-03 19:45:47
vKwoXHvV58QtXyI0KcVKKQ,_gjlYp7xd4NiEosu6GHusg,4.0,2016-03-16 02:38:12
vLKBtiLn30HOgI4QpFrXZA,znx1v_c2IPKOXlYAbqFYvg,5.0,2010-02-26 20:30:47
vLxpEHKZFzv8LYY5eeGjTg,W9vWGD3b2qYbC6lHUK5IUg,4.0,2015-01-03 00:40:25
vLxpEHKZFzv8LYY5eeGjTg,XJ1KN2kQGBIo8h1nWvZNzw,2.0,2013-08-17 19:48:05
vLxpEHKZFzv8LYY5eeGjTg,XwElaqpvIW70qJVCqpVubw,2.0,2012-10-14 22:19:40
vLxpEHKZFzv8LYY5eeGjTg,ZQ-Sg1tJXCKD6Dw9DF4X9g,2.0,2015-02-12 03:43:33
vN2wUfNTsb6VGrd8lQVuvw,w2XdjBApTWZowED4vwilpA,5.0,2021-05-04 01:17:38
vOK9CY7_DuSntn9pxO-lAw,6OC8ErU_m06KABnfSXTJEA,5.0,2015-08-31 14:28:54
vOVR7p0L41MpXblkb34nuQ,0M1l6p96IffjQi9EZsdVhw,4.0,2011-06-10 01:57:17
vPDmznurSjHIu1YZyUDUbg,zD1-R_baSc5_LhFUUlDG2w,2.0,2015-04-12 21:17:53
vRHUVyLn6uzShnF8uG4Qcg,dGUyXgFW1WSYMgRypKaYew,2.0,2013-06-29 02:53:29
vScaSrM91Z43ypSR9VfKGg,3NNRlx0GS0mzrTYCx8m8FQ,2.0,2019-04-30 17:21:00
vScaSrM91Z43ypSR9VfKGg,EmJF-xSIOaEEOWcK8UOBqg,5.0,2018-02-20 22:05:09
vScaSrM91Z43ypSR9VfKGg,FCfTUUTYXfZchPvx7tkoWA,5.0,2019-01-23 16:15:45
vScaSrM91Z43ypSR9VfKGg,Nhci37qY0HPCNWc5UQul9w,5.0,2019-11-28 07:05:42
vScaSrM91Z43ypSR9VfKGg,Vnob_w_Aohf7ZDqxcJ9z2A,5.0,2017-03-22 19:48:08
vSzO0rw4EU_lQD4L-v7HKg,j8JOZvfeHEfUWq3gEz6ABQ,5.0,2018-03-11 04:09:31
vTTd3ZT34-7pkxpW1zmVIw,FryXEasH74MQDnj5Bvz3QA,5.0,2021-05-12 13:32:07
vTTd3ZT34-7pkxpW1zmVIw,MG_wIwRBwyNnCAEMXe9Jqw,5.0,2019-02-15 14:29:15
vTTd3ZT34-7pkxpW1zmVIw,eCikDKFbaeYVNdCD2beX0Q,5.0,2019-03-19 13:34:30
vTTd3ZT34-7pkxpW1zmVIw,gVw224_IlTrx3KHEgFBtMg,4.0,2019-02-19 14:44:17
vTdXNj6vo0Pk6f3QfRDX8Q,1Fs3_bjPQwvSXZHGGlFE-A,2.0,2015-11-20 02:26:30
vTprcHGBn9asRfI349M1Fg,OR7VJQ3Nk1wCcIbPN4TCQQ,5.0,2016-05-30 00:17:49
vTprcHGBn9asRfI349M1Fg,egDsfkn6ZYrYRnlGe4I94g,5.0,2017-09-03 23:41:47
vTznGwin6ardOULhpzWAtQ,YSL06t6e2iKo4ZHZnCZIxw,1.0,2010-04-24 14:45:16
vU9_lZqJQIR8btUYw7fqxA,55gCXlWDDCdttR3yRss1xw,5.0,2018-07-03 13:07:02
vU9_lZqJQIR8btUYw7fqxA,5e6Kf-t6_6CxhZrtTDy-7A,4.0,2018-07-16 16:29:37
vU9_lZqJQIR8btUYw7fqxA,AlyKaJRNi_2lj5y96QtjCw,4.0,2017-09-22 17:41:50
vU9_lZqJQIR8btUYw7fqxA,QhYkr3FO7fz65ULwDPCeEA,4.0,2017-08-27 02:12:59
vU9_lZqJQIR8btUYw7fqxA,_jM0lxArSLUdq6ogkRhzbA,4.0,2018-01-07 15:46:38
vU9_lZqJQIR8btUYw7fqxA,erCGkXWcik3Kij95vShPVg,3.0,2017-08-22 15:46:15
vU9_lZqJQIR8btUYw7fqxA,j-qtdD55OLfSqfsWuQTDJg,4.0,2017-09-04 01:48:50
vU9_lZqJQIR8btUYw7fqxA,jLsAwortT8sdnqFLo0moqA,2.0,2017-11-26 03:00:06
vU9_lZqJQIR8btUYw7fqxA,n4GDJsQAyBrcWduMjcJ-4g,3.0,2018-08-18 23:11:45
vU9_lZqJQIR8btUYw7fqxA,nfa_qLZeaDKI80h3TS0wcg,5.0,2017-07-20 21:35:28
vU9_lZqJQIR8btUYw7fqxA,p7skNVy_2fV6RCAJK0yO5g,4.0,2017-11-12 15:04:16
vU9_lZqJQIR8btUYw7fqxA,wbDRmtxaKRpBOjutvV6TEA,5.0,2018-08-13 16:56:49
vU9_lZqJQIR8btUYw7fqxA,ziMvN9iVXWQJrBtzcEONMg,5.0,2017-08-11 20:13:33
vUiMSePeP9Bf3DvOKqjlbw,oGDGlUbOjHxmmCh8ZYcDCg,5.0,2015-01-19 20:23:44
vVYhAa0P2RfpWPQBrlztJg,E7dj-y6Mt5ESDH8PYlu5WA,2.0,2010-08-31 04:18:01
vVYhAa0P2RfpWPQBrlztJg,Gekeq1c-fuezmx0PSGQvzw,2.0,2011-03-22 04:34:49
vVYhAa0P2RfpWPQBrlztJg,UjQnH-pElJZ9jD51vOt5Rw,2.0,2010-02-24 20:29:38
vVYhAa0P2RfpWPQBrlztJg,dhj16roKb6Z-TyJ0w6iqjQ,1.0,2011-04-14 04:38:21
vVYhAa0P2RfpWPQBrlztJg,tV46IhCfHbsx_af-pMupiw,3.0,2011-06-19 04:27:11
vVxiqE5yxdemqsQoi3xN4w,NQ6v9hMwtfS5mn2a0vQr1Q,5.0,2015-04-26 17:59:07
vWf633qkTZN7yVaMOlHqJA,7v51SIyxTPyfee_Wt0efbg,1.0,2015-08-11 18:34:57
vXYcOtA-rogHpBFZEPKbYg,VwZ5NDbIu3elGQI6MzcXBA,5.0,2014-07-28 20:26:54
vYCcwCcliEXoD1smFlGGfQ,6c8eIawbCBu3FLp2kDraBA,1.0,2020-10-10 14:04:10
vYMvOTL31e0KbTo9Hd0tjg,3dQaEBDWOyqDYhP3-ac7NQ,2.0,2015-08-08 03:10:09
vYMvOTL31e0KbTo9Hd0tjg,M-oi_kkI0AhbR-xqR5yrNA,3.0,2020-04-05 17:16:03
vYMvOTL31e0KbTo9Hd0tjg,T6c7iPO8Y4t_GQiyevZbiQ,5.0,2019-01-26 01:37:05
vYMvOTL31e0KbTo9Hd0tjg,a8_zOZgxg3lNsEyanuwluw,4.0,2019-10-15 10:15:37
vYMvOTL31e0KbTo9Hd0tjg,kQ-JMOQ_OJL7TZvA0u-WrQ,3.0,2018-03-16 14:29:17
vYMvOTL31e0KbTo9Hd0tjg,oGU1LmdbKyYm_05PN0F77Q,3.0,2015-09-01 00:04:17
vYMvOTL31e0KbTo9Hd0tjg,tkY5BJVXxUmP4jsKavkf2g,5.0,2015-09-14 02:45:11
vZ0Lfdf4RAWhMx7viX3UPw,N1Kv9Uxx4ZHeooGcpNe_RQ,5.0,2021-03-24 01:33:38
vZ0Lfdf4RAWhMx7viX3UPw,aIVk0IEUj7rPaAMeAmBSGg,5.0,2021-03-24 01:06:42
vZ0Lfdf4RAWhMx7viX3UPw,iSRTaT9WngzB8JJ2YKJUig,5.0,2021-03-22 23:21:17
vZ0Lfdf4RAWhMx7viX3UPw,oBNrLz4EDhiscSlbOl8uAw,4.0,2021-03-24 00:15:15
vZ0Lfdf4RAWhMx7viX3UPw,qt_E6txwQ1h62wyv8701UQ,4.0,2021-03-21 20:27:19
vZWNh7DMwYVgz3sz-JudwQ,YCPhdj_9t7o_NdN76WKJVg,5.0,2017-01-20 19:25:53
vZWNh7DMwYVgz3sz-JudwQ,t9lFIoKltOdbRWpJLFpCOA,5.0,2016-05-16 20:44:18
vZjhmhcO9TUYMIqcaKHucw,CxXYiJBkq9kqsgtdagqVgw,5.0,2011-08-16 02:08:25
v_7lmS6pGGkq6n0X9EljIQ,UjQnH-pElJZ9jD51vOt5Rw,4.0,2021-06-08 04:59:57
v_bE00eJcYoTM9ucqQmDYw,PJjkH_VZeQwxEJvlQ-v7wA,5.0,2013-05-23 17:27:11
v_x3mvMjRNImhlXthrCx0w,DMERsCH4JKV-F7jtuBMrqg,5.0,2019-03-29 01:49:43
v_x3mvMjRNImhlXthrCx0w,sankqYOVWpYX_T5kGZRRKQ,5.0,2018-10-16 14:15:18
vaJXMQdf2CG4UKZkwOylrg,fgTOJRkc703E4XRdcr5zRA,5.0,2014-09-29 17:36:51
vajJa1QY2lP-4XWSCVljwQ,1RerTYaZEAfmSARDhsZ-8Q,1.0,2017-09-10 15:47:39
vb4vJ1AfSca0qpY9ybzvUw,I79keuDOkqf1CFjYDMRMNg,1.0,2014-08-23 23:17:30
vbEf26yXYP0WBsveEXWIlw,pmuErkYawbYttiGdmuzxTQ,3.0,2012-02-16 13:30:27
vbTVyyBl88xVRlTQcBXTUA,4fUrcm8sFSprCbHqa8pdog,1.0,2017-01-17 04:02:11
vbTVyyBl88xVRlTQcBXTUA,HLyfHwyEioeD-C3j8z-5bA,3.0,2017-03-18 15:58:25
vcApLzyIESjaK_r8TTVebA,Wr2k0Vz8RbcumYulp-jIrA,5.0,2012-11-20 15:19:06
veVe7sb-qrhnzRFN1UdvoQ,E7W2rjNXy9UF0trIEtqLDA,1.0,2020-10-23 14:01:00
vekN_2mSIhn9y9lICWmvlQ,Xm3fazqrD-Fi4tVPlc4i6Q,4.0,2014-02-02 03:28:20
vekN_2mSIhn9y9lICWmvlQ,fSx8zLSP_LBtIm_mfQRbTQ,3.0,2012-10-18 23:10:37
vffKQc_WQMYFGY4JS5VAOw,GTS97x6mFLjGXn3ITKaQuw,4.0,2016-10-06 19:42:30
vffKQc_WQMYFGY4JS5VAOw,V378VWx4D8BstWNRFwDULg,4.0,2017-01-04 18:32:54
vffKQc_WQMYFGY4JS5VAOw,f_E5dlBz-78uL8tTQYNPew,3.0,2013-03-31 04:11:16
vgB4SxbepNvUc-otkzkkZg,15BlJKQfD-SLJTebWa14EQ,4.0,2019-12-31 14:15:51
vgB4SxbepNvUc-otkzkkZg,W9y4JkMqy2dFNwYc3Y5cKQ,1.0,2019-11-15 01:00:06
vhK4JCEOf9xZRh9liv9QyA,TDKBPcViJQDMrdUm6a9XZA,1.0,2018-06-03 06:10:14
vhMMA4vymXwtoTbIrD1g6A,SwBhaxfQPbyhsi0QHUAN0A,2.0,2015-09-08 20:21:20
vimEpZnvi38O0Vz5uaNj4g,5s7I0Khg7ReVzfO7niJtKg,4.0,2014-01-24 18:02:21
vimEpZnvi38O0Vz5uaNj4g,bN7-A2GlVz2Job3frIPy9w,5.0,2014-08-18 16:25:14
vkxKfc-S4X7AvlMSL64ngw,8uF-bhJFgT4Tn6DTb27viA,4.0,2016-12-28 23:58:40
vkxKfc-S4X7AvlMSL64ngw,RQAF6a0akMiot5lZZnMNNw,4.0,2017-06-16 03:30:09
vkxKfc-S4X7AvlMSL64ngw,atZ_olNKXOG4rEr6mccN8g,4.0,2017-06-15 03:33:39
vkxKfc-S4X7AvlMSL64ngw,c-iKAO2GBzSKjm7y1Oljcw,4.0,2016-12-29 00:20:24
vkxKfc-S4X7AvlMSL64ngw,ytynqOUb3hjKeJfRj5Tshw,4.0,2017-06-15 03:30:56
vldVxBaVkujEO-sXv6iRpw,RQAF6a0akMiot5lZZnMNNw,3.0,2018-11-05 14:54:22
vlx1Vn0txmphKLtpK3L52w,6RDGvdukSq3YHPYvG8sIEQ,5.0,2015-09-03 19:45:48
vlx1Vn0txmphKLtpK3L52w,FaY_9x8ZtsuHe5wS2iJM1Q,5.0,2020-04-29 18:08:43
vmUqcqMjlWoBM6qfmUXgyQ,KHe6HAqmyioITwTvg9Bbcg,5.0,2020-01-09 02:02:35
vnoP1vCDIybjWuD7Z0m3Hg,8Zfo-9ZQWwC85wyBcRDb_Q,5.0,2021-09-21 23:16:01
vo3USAhZa6k-QemWPXm4dA,OMHZ1htcmFQLuTp06hLe2Q,1.0,2012-10-01 21:19:22
voQSl9kGgbgUGDJhuBJd5Q,tILA8ctsD_OZIcM2IfSyQA,5.0,2017-12-06 22:10:40
vpHo2fv9PrCh0cQueJg9Yg,XyBe3WZgtYSV2iJm4Mkn2w,5.0,2021-01-22 05:20:49
vpHo2fv9PrCh0cQueJg9Yg,n5i09tgSuzv9ZeIN9Qe5oQ,5.0,2016-03-02 04:46:18
vpHo2fv9PrCh0cQueJg9Yg,pKONQc8eYlnF0L54YpJdQQ,5.0,2019-12-29 03:03:10
vpHo2fv9PrCh0cQueJg9Yg,vEJ9dWt5If-u8BmTHocuEQ,5.0,2016-06-03 02:07:46
vqvz7NZFudMM9Vzoq6hILQ,GST3wg-wej15vHeCvaXE6w,3.0,2019-10-04 18:18:15
vqvz7NZFudMM9Vzoq6hILQ,GXFMD0Z4jEVZBCsbPf4CTQ,4.0,2019-10-09 17:10:07
vqvz7NZFudMM9Vzoq6hILQ,QJzp26mYQuLtLhF5heEHrQ,3.0,2019-10-04 18:10:07
vqvz7NZFudMM9Vzoq6hILQ,ZMkZj5YsBW3XHH5fOBh6fw,4.0,2012-06-02 21:53:27
vqvz7NZFudMM9Vzoq6hILQ,pIvX_Kw4f82baMUhRO6WxQ,4.0,2019-10-04 18:22:25
vqvz7NZFudMM9Vzoq6hILQ,v_AbyvMdKUi_ac4A8nkG-A,4.0,2019-10-04 18:07:16
vqvz7NZFudMM9Vzoq6hILQ,yGlPsqK8ck33EgvUINIfvQ,4.0,2019-10-09 17:41:23
vr-Rw3nMKIgGrVNT6A7p9g,DRMEopD9Td8OoDk-JWm1Rw,5.0,2013-08-28 15:25:56
vsfPTfNV_K_s02tH6ZCHxA,7_1GqlDlbkShY0az7J0XNg,2.0,2014-03-10 06:50:15
vuftRC6YOMy-fQHSjktNUA,Gekeq1c-fuezmx0PSGQvzw,1.0,2015-09-14 03:20:15
vuoTTzJH0lQixt3gcTROUA,lPx8jUBfK1K6u3UgowU5mg,1.0,2021-06-06 02:29:56
vxQpIUEDKF8khmdbhSl5VA,KHe6HAqmyioITwTvg9Bbcg,5.0,2019-10-21 12:30:19
vxzfa06f-7s0ZHYP6muytg,kxOR-Z62MnMUlCZWQmd2iQ,5.0,2015-07-01 01:47:44
vytu1j3VfoeQs2zhxbN3WA,6f8dXcqMrNPMHm1fXFQQbg,1.0,2021-04-09 17:08:00
w-7pJLtNGmfn5J1jSShaNA,sCNdu_Anatq1BKuXD86A8A,1.0,2015-07-16 21:06:26
w-hg9fO4EYJTffKbWBrGRA,NT5S6JV5wPwKOd3s3Yh1zQ,1.0,2011-02-11 21:08:08
w-hg9fO4EYJTffKbWBrGRA,e_MDOxwYA6b8XThonDDI_g,1.0,2012-01-27 18:07:22
w-w-k-QXosIKQ8HQVwU6IQ,Gi4ex2Tq7ggRlpN0S7k5Xg,5.0,2014-02-02 07:08:26
w-w-k-QXosIKQ8HQVwU6IQ,I_3LMZ_1m2mzR0oLIOePIg,5.0,2012-11-28 03:49:44
w-w-k-QXosIKQ8HQVwU6IQ,U3grYFIeu6RgAAQgdriHww,2.0,2010-08-07 06:56:52
w-w-k-QXosIKQ8HQVwU6IQ,ZVFGfG-BuiCT0RBRFSdx3Q,5.0,2013-10-03 02:23:00
w-w-k-QXosIKQ8HQVwU6IQ,_nqrmx5xKLQyrbmjhwiiuA,5.0,2014-02-28 21:44:28
w-w-k-QXosIKQ8HQVwU6IQ,cQIh4YJlVtZI9TLF5_smOg,3.0,2012-12-01 02:33:07
w-w-k-QXosIKQ8HQVwU6IQ,oziGQYLaEWOpNmPKrZP86g,3.0,2013-07-30 03:12:32
w-w-k-QXosIKQ8HQVwU6IQ,sTPueJEwcRDj7ZJmG7okYA,4.0,2013-12-23 11:38:37
w0Eb3PnZFiyQdWqXYKnx3A,6h7C53qLfwM7v3zKRqG0yA,5.0,2012-06-14 17:43:11
w0Eb3PnZFiyQdWqXYKnx3A,N1ZXhAVzOzbyCBPEXTaUUw,5.0,2010-03-16 03:28:18
w0Eb3PnZFiyQdWqXYKnx3A,mf1udZPfiikBAND9upDdoQ,5.0,2020-02-13 22:47:31
w0Gp4qYFLhB6PbKrPhn6Tw,IkY2ticzHEn4QFn8hQLSWg,5.0,2020-10-29 15:34:42
w0Gp4qYFLhB6PbKrPhn6Tw,PP3BBaVxZLcJU54uP_wL6Q,5.0,2020-10-29 16:21:28
w0Gp4qYFLhB6PbKrPhn6Tw,gEX_kEhYgvLKGJtlY45BmQ,5.0,2021-12-02 15:25:33
w0Gp4qYFLhB6PbKrPhn6Tw,ytynqOUb3hjKeJfRj5Tshw,5.0,2018-12-02 23:14:17
w0W_hs1EX6x7XuZsEkHDDQ,iSRTaT9WngzB8JJ2YKJUig,1.0,2017-06-06 01:56:49
w0Yyvns5BCIL5s_7JuFrug,I_3LMZ_1m2mzR0oLIOePIg,3.0,2015-06-04 21:42:31
w10HC3UFdVyxEyFBEXQ3eA,HLyfHwyEioeD-C3j8z-5bA,1.0,2014-05-24 02:55:49
w2qWeQMLROqvGMPZ9zWw2A,Lw_8MDDspsumhB37n74nNw,1.0,2014-05-31 14:28:33
w3kBEVUMf4C6GkcBT4vPuQ,-ymffdKa-pkGZa8sDDjSig,5.0,2018-12-05 19:47:53
w4BiBncdzxNed_PLV-b1VQ,9qXZSFq9vPdX4F6kGjXC-g,5.0,2016-04-24 04:20:48
w4fAucj8C9uqsxF6pbFVzA,65_MIvrauhGs_jssN4-uUQ,5.0,2016-08-31 01:53:05
w6OPX0bAyxIFKWkGDJrtGA,Dh65GRW4FmOEjDv_UuPP4A,5.0,2016-03-15 23:04:36
w6OPX0bAyxIFKWkGDJrtGA,EYan1paMumyAUZDhvVyzbg,5.0,2016-02-02 23:54:24
w6OPX0bAyxIFKWkGDJrtGA,TjWKL-0U5AHZ7AQOsrP0Ew,5.0,2016-05-22 22:02:49
w6OPX0bAyxIFKWkGDJrtGA,hfZYC7ACdd0T103mwHULbA,4.0,2016-06-14 03:36:35
w6RFOQf3tL2v6q93NYmSdQ,Oun4NN-u5yiHIxDqtJnxgA,1.0,2011-11-05 21:29:53
w6RFOQf3tL2v6q93NYmSdQ,mVV95BIwhFOa7TNH9pVMGA,3.0,2010-11-09 16:03:23
w6lA-N-PqwIVc8Il2nJogA,YbEVMCXzbcibj2a11Yzg1g,4.0,2015-06-23 00:52:33
w6lA-N-PqwIVc8Il2nJogA,yGH9V9WTNGSZ6AHOW3kH-w,5.0,2015-07-14 21:35:04
w7RP1MZad3YO7Vjgp3s3Dg,0ac5lGA_0wdKDnib3y59Xg,4.0,2020-09-09 21:15:48
w7RP1MZad3YO7Vjgp3s3Dg,8Vo6LN9gqULhXzoxj5k6kQ,4.0,2020-09-09 19:34:28
w7RP1MZad3YO7Vjgp3s3Dg,KSYONgGtrK0nKXfroB-bwg,4.0,2020-09-09 19:38:26
w7RP1MZad3YO7Vjgp3s3Dg,y4x_wAQvUxvTR8iV-JP4Jg,4.0,2020-09-14 03:05:48
w7Wz0J20TH56fVqTu-0bFQ,PgtqA056auCp5EbcZMbXPQ,1.0,2015-01-04 20:51:37
w7dWeK2SKc4AJH00pgm8qw,82bYVTfEpApVNMcmz4pMeA,4.0,2021-11-08 23:11:59
w7dWeK2SKc4AJH00pgm8qw,9xdXS7jtWjCVzL4_oPGv9A,4.0,2019-08-16 19:06:23
w7dWeK2SKc4AJH00pgm8qw,EME5hqQLjBD7e2cLryupbA,4.0,2019-08-22 22:08:26
w7dWeK2SKc4AJH00pgm8qw,EagkHaaC-kUozD3MPzbRIw,4.0,2021-08-07 13:45:16
w7dWeK2SKc4AJH00pgm8qw,H41S-qS3NOUJSbIqWTuyIA,4.0,2021-08-07 12:40:09
w7dWeK2SKc4AJH00pgm8qw,MDtu8_LFbbkCgzCzIoEWng,4.0,2021-08-07 13:42:41
w7dWeK2SKc4AJH00pgm8qw,MG_wIwRBwyNnCAEMXe9Jqw,5.0,2019-08-17 15:18:46
w7dWeK2SKc4AJH00pgm8qw,SbuLL-8eSaUs-huaYR5_IQ,4.0,2021-08-10 00:05:31
w7dWeK2SKc4AJH00pgm8qw,Z4PF4EtM12L7nwOHZHFJNA,5.0,2020-02-02 14:58:48
w7dWeK2SKc4AJH00pgm8qw,Zi-F-YvyVOK0k5QD7lrLOg,5.0,2020-02-02 15:23:56
w7dWeK2SKc4AJH00pgm8qw,yoQBK3OUDqWEFoUDE5lM4w,2.0,2021-08-08 18:08:59
w8nb2zbYMbh4DL8vl_d0-Q,DZYSb9amfB3EAh1IdwtbEA,4.0,2017-03-26 17:45:28
w8nb2zbYMbh4DL8vl_d0-Q,TDKBPcViJQDMrdUm6a9XZA,4.0,2017-04-02 18:34:56
w8xU5z_-yCXspCfB5bWTJw,E7RtIisUoRMcADSebBgNAA,5.0,2018-04-16 19:04:37
w9OZUPIoweoUYVbl1RwCMQ,mcr1lAEdvGLMJhuPwI3I2A,4.0,2020-12-15 07:29:46
w9UN4BVilzIPEdroPGh6KA,tV46IhCfHbsx_af-pMupiw,2.0,2012-05-06 17:39:18
w9_hH_2AJAPQF4JrpuLiTw,Y2Pfil51rNvTd_lFHwzb_g,3.0,2016-03-13 05:52:01
wABHp4fGUC-0acRKhmQO2A,AvzL0RmCg5YrLKlBit664A,5.0,2016-11-02 02:41:17
wB56ABOU-XWlD4IKZTPHJg,l4YoHcvnsK7ICDrTqL7EEg,5.0,2019-09-07 17:56:35
wBKALvzEZM1ZxpkWeDjmsA,5DJ2sDvM_XRndlB24DnxYw,5.0,2014-06-16 23:53:14
wBKALvzEZM1ZxpkWeDjmsA,foFpx3znhLJvnplex8aqww,4.0,2013-06-30 20:29:26
wBKALvzEZM1ZxpkWeDjmsA,jzXJDMGB81tZK-EISK38IA,5.0,2015-01-02 13:49:17
wDmVI9I07DniwYAz8_cBPA,lPx8jUBfK1K6u3UgowU5mg,1.0,2020-11-15 23:51:53
wEE-YMx5pmSuagLtNxMPKA,6RBZfirnzE4NahJTn1UPNA,2.0,2013-08-13 14:47:56
wEE-YMx5pmSuagLtNxMPKA,8NyDM-FDoWEEeEG9XUwnbg,4.0,2014-04-09 13:42:32
wEE-YMx5pmSuagLtNxMPKA,Fv3iSsxOxI2shzjBGFk_jg,4.0,2019-06-16 02:37:14
wEE-YMx5pmSuagLtNxMPKA,T68Akn9hKT4thebIeBuUJg,4.0,2015-09-23 13:42:14
wEE-YMx5pmSuagLtNxMPKA,U1Gao2oKgFaggpksDIctiQ,4.0,2019-06-12 16:33:05
wEE-YMx5pmSuagLtNxMPKA,elEQxid6rZ3tRZF1Kwkr9A,4.0,2019-09-29 10:39:43
wEE-YMx5pmSuagLtNxMPKA,iSRTaT9WngzB8JJ2YKJUig,3.0,2014-04-02 18:43:18
wEE-YMx5pmSuagLtNxMPKA,nYsNsyIppe_DTueBha1x9A,4.0,2015-01-14 13:58:44
wEE-YMx5pmSuagLtNxMPKA,ww3YJXu5c18aGZXWmm00qg,5.0,2010-11-23 16:07:32
wEjmxj1p9cftZcFKv7F33A,L6LiIjKsMcxguEGnr5ilqQ,4.0,2021-02-03 17:25:19
wEldYiMRs04ykBXBmDXdBw,lFs4LIQn_kbsLozQzk-4Qg,5.0,2010-03-19 02:54:39
wIbUhO9Gk8VMHU-j00kprw,8x5RiYBEuThT3KIqiBniUw,1.0,2015-01-31 21:48:25
wIemXhoDs4MraPvrsetKOQ,ww3YJXu5c18aGZXWmm00qg,2.0,2016-03-01 20:26:40
wJF6JT62HfMMZgTbSIaRFw,6Aa0t9YWJNknGP9tHWmG5Q,5.0,2015-06-17 20:58:51
wJve5WfG5ZmLxr2EVDtxaw,GNo1zeiPKErB7Ww_j3IlOg,3.0,2018-02-14 03:35:12
wMzfNGbZGlPSF2X-kWeb6w,Gekeq1c-fuezmx0PSGQvzw,1.0,2016-01-14 03:58:34
wNkocr_IYQu1luLxqYWYHQ,Bda92vtAuK-FcXAw_D0Pxw,1.0,2018-03-21 03:31:03
wPNWTa8TAEq-u2GLmkFwOw,dNC6G1FhDVQA5D58Oyg06g,5.0,2017-10-27 03:23:34
wPfO0bhqtn-20K79nUICTA,VBGfYfuHi3hY6phK_G3plA,1.0,2015-01-03 12:22:21
wPfO0bhqtn-20K79nUICTA,vHr8qhM4CXYB3Ol_9yS6QQ,4.0,2015-01-03 12:39:23
wRlDKnAKnF2qm8srnqLf8w,6iqDIQCE8sq7Xq1xvhG1Tg,5.0,2018-01-15 14:51:59
wRlDKnAKnF2qm8srnqLf8w,8OMerSx6en6MgHYg3E89ZA,4.0,2018-11-21 14:03:52
wRlDKnAKnF2qm8srnqLf8w,b36EeutJRvowZMr9TpQm0w,5.0,2016-03-23 14:14:17
wRlDKnAKnF2qm8srnqLf8w,dYsSSplrU88w4i86K5uQSQ,4.0,2021-04-22 13:16:01
wRtztGnIp3yL1sfOEP1OIA,tUkv0ZxUAdpyv8qhgRU5TA,1.0,2015-12-17 01:23:13
wSByVbwME4MzgkJaFyfvNg,P1Oxdcr6lZtzg2onGYXAww,5.0,2014-05-11 21:48:48
wT0gXCw0I5fveTMSzPfrEQ,HoKH4Rk7wHfVT-60aYIYwA,2.0,2016-06-24 02:13:30
wTdEJv1VYUdlZ0_fS_vT5A,-psZLTe6IJTQUB-bZF7Zyg,4.0,2012-07-21 21:56:48
wTfb2nfzPIyFcYQArdPtuQ,AbWafS5ER63t71BrzfsEmw,3.0,2016-03-09 18:40:13
wUZ7x7TVhLb9KNy4zzhLJw,KHe6HAqmyioITwTvg9Bbcg,5.0,2019-03-08 01:39:43
wVhd99Kl7mIxVMQ_8L210g,2RtyOlU9mwyVisvgOECaDA,4.0,2021-05-01 00:18:08
wVhd99Kl7mIxVMQ_8L210g,3fpAmsSuEFNF29UUPpgwlw,4.0,2021-08-27 03:16:17
wVhd99Kl7mIxVMQ_8L210g,4h4Uskb7B8OTI7oDR7wImQ,3.0,2021-07-06 05:33:20
wVhd99Kl7mIxVMQ_8L210g,8r_n8JdKQ0gePm2neSkL7A,3.0,2021-09-05 22:28:18
wVhd99Kl7mIxVMQ_8L210g,E3WUDYEvCVMplIFMgeN1xw,4.0,2021-08-09 01:05:16
wVhd99Kl7mIxVMQ_8L210g,QLHgjBHBoeIUoEvIPvjHnw,4.0,2021-01-05 07:13:31
wVhd99Kl7mIxVMQ_8L210g,VAIOtbsxdNmuhUKkQZFRlA,4.0,2021-11-28 18:30:25
wVhd99Kl7mIxVMQ_8L210g,XwnkfMUiyH-OsJXbmbOK5g,4.0,2021-02-18 03:33:02
wVhd99Kl7mIxVMQ_8L210g,eikRexw04kC6siBDkFnayQ,5.0,2021-11-04 00:23:38
wVhd99Kl7mIxVMQ_8L210g,jtgBkAQuchDYgkdsebzLsQ,4.0,2021-04-10 18:59:57
wVhd99Kl7mIxVMQ_8L210g,mPKqBWLSD8wxJLJ_4juY2w,5.0,2021-01-15 06:35:04
wVhd99Kl7mIxVMQ_8L210g,tf6S06LD09IFDHUpOPqPaw,4.0,2021-01-24 07:05:45
wVhd99Kl7mIxVMQ_8L210g,vj6AetpADpHOYtMRZsXX3g,4.0,2021-06-20 01:13:45
wVhd99Kl7mIxVMQ_8L210g,xkYNvZlraS1JGleICGhE1w,4.0,2021-05-28 19:10:09
wVhd99Kl7mIxVMQ_8L210g,y4x_wAQvUxvTR8iV-JP4Jg,4.0,2021-09-26 03:06:48
wXBHTOwLyRmwSAV0Ui6gmg,QkyEr9j7il9lJqseTbPe5w,1.0,2012-12-28 18:03:20
wXUjU3Pj6lGUI6yGWK_Kzw,HoKH4Rk7wHfVT-60aYIYwA,2.0,2016-02-24 05:30:24
wXdbkFZsfDR7utJvbWElyA,2BGuDmJrn9NLrmhFwYMaPQ,4.0,2019-07-26 17:37:35
wXdbkFZsfDR7utJvbWElyA,5IvBJJl3bemFixZ9uh_wXg,4.0,2019-10-16 23:08:48
wXdbkFZsfDR7utJvbWElyA,DBtvUjFaT1v-p6vCxY2nTw,5.0,2018-12-01 21:48:46
wXdbkFZsfDR7utJvbWElyA,KY5ndIM2KL0ViL5s6pnNYg,4.0,2019-09-16 15:23:18
wXdbkFZsfDR7utJvbWElyA,LalGsMdQmJeIvCgqHVZZsg,3.0,2020-02-02 13:21:35
wXdbkFZsfDR7utJvbWElyA,LqF5QiIm89Ea9wtc0cdPCA,4.0,2019-08-14 21:32:50
wXdbkFZsfDR7utJvbWElyA,SYffIaST3GI1FNXk9A_uwg,5.0,2019-08-02 12:12:19
wXdbkFZsfDR7utJvbWElyA,ZKKaP4Lx-dexf4T1aCsBKw,4.0,2021-04-16 11:00:30
wXdbkFZsfDR7utJvbWElyA,aBRWomTQ6VdjP4kcFY161A,5.0,2020-09-01 19:21:51
wXdbkFZsfDR7utJvbWElyA,cwHoYlBw7QRZLSbu9hLcbg,4.0,2021-09-26 12:00:59
wXdbkFZsfDR7utJvbWElyA,en9sRChY9wYY9DoRioodNg,5.0,2019-09-20 00:15:08
wXdbkFZsfDR7utJvbWElyA,gMbsb4mAs8gkVVOcq0MmCg,4.0,2020-02-20 12:20:50
wXdbkFZsfDR7utJvbWElyA,hFfrCMOMVvhDwCTGCcs1aQ,5.0,2019-06-17 21:05:21
wXdbkFZsfDR7utJvbWElyA,hh-YYOIcr0sEym2cbM0GEA,5.0,2017-01-28 03:28:17
wXdbkFZsfDR7utJvbWElyA,oyJ3gXNkV0DO0YxcaTgtTg,3.0,2021-04-23 10:54:19
wXdbkFZsfDR7utJvbWElyA,rR30b1XWbxZFFgLyGbfNAw,5.0,2021-04-20 12:27:43
wXdbkFZsfDR7utJvbWElyA,rUVk4xJsaWjWwqslu4OclQ,4.0,2021-08-18 11:38:20
wXdbkFZsfDR7utJvbWElyA,rhe60AwSzlSbYQuTFZ7RkQ,5.0,2018-04-03 19:07:29
wYQphJ9H6pUCyp2IxGPbDw,56M2bwaaSzcmzr2dyEfYQw,5.0,2015-09-02 02:50:52
wYlael7ejt4I3vjaXmpGnA,4ZNCc1GzJZkS7XI1c9rCMA,5.0,2019-10-04 02:36:27
wYlael7ejt4I3vjaXmpGnA,6FvC6w810uf6O7Ocd6Wpog,5.0,2020-10-21 21:40:40
wYlael7ejt4I3vjaXmpGnA,95r3jAJRn10e9aB5I_NlPg,5.0,2019-11-18 00:16:40
wYlael7ejt4I3vjaXmpGnA,9gOiHodcZ9OcXUueEd4F2Q,4.0,2019-11-15 07:03:28
wYlael7ejt4I3vjaXmpGnA,Ah2gjiO-HArE2VPGiMKeiA,3.0,2020-10-21 04:09:29
wYlael7ejt4I3vjaXmpGnA,EPXnaI6YQlmK5VUDAI0o7A,5.0,2019-08-30 06:26:56
wYlael7ejt4I3vjaXmpGnA,KdAWjL9MKjpJzEeI902qBA,5.0,2019-09-20 06:31:44
wYlael7ejt4I3vjaXmpGnA,QV7QOLww8ym3E2zBgdE2Ow,5.0,2020-12-09 00:23:36
wYlael7ejt4I3vjaXmpGnA,QqvMMaeNJqaEJihkhdYiAQ,4.0,2019-12-10 05:55:05
wYlael7ejt4I3vjaXmpGnA,RBujFM-QxuMU_YorRW8_0Q,4.0,2020-10-14 05:07:37
wYlael7ejt4I3vjaXmpGnA,SSZDGl2J-CEyIzuIbEiYNQ,5.0,2020-12-09 21:33:25
wYlael7ejt4I3vjaXmpGnA,ToHu5wSC8LSMYigsSlkFfQ,4.0,2019-11-05 04:43:00
wYlael7ejt4I3vjaXmpGnA,WCdSajl5Q0qywpv7K5jHdQ,5.0,2020-10-27 06:23:49
wYlael7ejt4I3vjaXmpGnA,WYFbNrYDgw7gNDvMxa0rKA,5.0,2019-06-21 05:22:06
wYlael7ejt4I3vjaXmpGnA,_H30_Y_YcQQ7kbix9a1KfQ,5.0,2019-06-24 06:14:52
wYlael7ejt4I3vjaXmpGnA,dNC6G1FhDVQA5D58Oyg06g,5.0,2021-06-18 06:29:17
wYlael7ejt4I3vjaXmpGnA,faReoVCPuY0XUE3CSIVsAg,5.0,2019-08-24 04:40:23
wYlael7ejt4I3vjaXmpGnA,hbs43HZRB1nwMzMtiT9lsQ,5.0,2019-06-13 05:25:13
wYlael7ejt4I3vjaXmpGnA,iay91CweEOzRIW6wjcOjuA,4.0,2019-11-23 04:24:33
wYlael7ejt4I3vjaXmpGnA,jJKmOo4aeo_NanXQn1gjiw,5.0,2019-12-10 05:48:58
wYlael7ejt4I3vjaXmpGnA,kWFgllI8AfMCIvRJ2KwuRA,5.0,2019-12-22 05:17:52
wYlael7ejt4I3vjaXmpGnA,o62Bm9NyZ20u8EHuhRPB4g,5.0,2019-11-04 23:07:29
wYlael7ejt4I3vjaXmpGnA,oC91lprbbfzw7DOYiYln7Q,4.0,2020-12-29 23:15:32
wYlael7ejt4I3vjaXmpGnA,oeGv2lfbSMfwZ0x7jvOQdQ,4.0,2019-10-03 05:00:29
wYlael7ejt4I3vjaXmpGnA,rQyJXOiZ39eRJ2l9OMpw-g,5.0,2020-11-24 07:03:47
wYlael7ejt4I3vjaXmpGnA,s5IM5Ra60RfRGdL643w74Q,4.0,2021-11-23 20:35:48
wYlael7ejt4I3vjaXmpGnA,sj6_YDuE-s5T0otq1KEfMg,3.0,2020-11-13 02:10:49
wYlael7ejt4I3vjaXmpGnA,tixiynQF8-KztXQLpyctJA,4.0,2020-09-05 04:22:02
wYlael7ejt4I3vjaXmpGnA,u4M4SxqehnyMI5vs9HaW7Q,5.0,2021-06-11 06:57:48
wYlael7ejt4I3vjaXmpGnA,v4S374WpOOhojqpto-AaAA,5.0,2019-11-05 04:16:56
wYlael7ejt4I3vjaXmpGnA,vIg_WNUAZHXcqe-9JdWJ7w,5.0,2020-11-06 05:33:49
wYlael7ejt4I3vjaXmpGnA,wpmuB2jeDkczlmT0SNIFPA,5.0,2019-06-20 05:39:36
wYlael7ejt4I3vjaXmpGnA,z7em5co2qckbAXoDGXynsA,5.0,2019-11-28 18:21:09
wZKrJhdfKBss8VlbO2kDlw,PADyvVwZoY8waIraBOrN7g,4.0,2018-08-15 21:20:59
w_rQ5XGjRkRs4KXUY0BjIg,KHe6HAqmyioITwTvg9Bbcg,4.0,2019-10-13 03:55:00
w_zyLyhl58RJOtC5OSKAxQ,g04aAvgol7IW8buqSbT4xA,5.0,2020-04-22 20:37:37
w_zyLyhl58RJOtC5OSKAxQ,vyOVT4bcW227LRwJGHTeSw,5.0,2020-11-04 01:33:41
waN6iwcphiVEoCews4f4CA,K0Mb7ebSa4DRUpEmfDZVuw,5.0,2018-11-30 13:27:42
wd-8dX8iFJYGoCKDESgbzA,-JkiE867GwCUuXFETjba2w,4.0,2017-10-09 08:04:18
wd-8dX8iFJYGoCKDESgbzA,8cc3Pmdz7SblEBVDt1eEAA,4.0,2016-05-16 23:07:41
wd-8dX8iFJYGoCKDESgbzA,KgDBWabaF6J7R6TH0l4I5Q,5.0,2019-02-05 06:34:12
wd-8dX8iFJYGoCKDESgbzA,egDsfkn6ZYrYRnlGe4I94g,1.0,2018-02-02 05:40:12
wdgKiGCmfDbwy43kLhXMyg,IujwicxDML3FMfHURhkojA,1.0,2016-09-24 01:22:38
wdtc6jrgw0WP3xu1w7FSDQ,Hh8jUR0mtVXkAnv8XDZjyA,1.0,2020-02-03 04:05:34
weI3gUj0DiKXkp8seBYKfw,1jeaxiZOisgDMxHR2K088g,4.0,2015-07-26 23:13:41
wexfh2o_bExwnlwubzwAIA,VTXE1OIWWE-IVFnMEsm39g,1.0,2014-09-12 13:43:37
wexfh2o_bExwnlwubzwAIA,sDi3UPW6imj4wGHUg7CgXg,1.0,2013-12-09 16:55:30
wghO_f-Z9RB0MColv3ojCg,qHXv-os4wfrfSPxGPgj2vg,1.0,2019-03-13 00:43:14
wgykYTghSMc-ogU_uk-Onw,fgnHM4VT-n1VjFL3YeBJsg,5.0,2016-08-12 20:30:04
wgykYTghSMc-ogU_uk-Onw,lPx8jUBfK1K6u3UgowU5mg,5.0,2016-06-11 20:24:50
wh5ZE9__ZR9XBbL1EgfF0w,_pzBF2sn806Zm-tRLCPXEg,1.0,2021-06-16 02:47:46
whINg-cC-FiAv_ATDGMDTg,HTqXI5S2XcSlh_ylx9sE6g,5.0,2019-07-15 06:37:08
whLn2WLjAad7sBkcog-wsA,vZlPeIEzNK2YkZhGcLxHOw,4.0,2018-01-19 06:08:52
whLn2WLjAad7sBkcog-wsA,yjcIKn2T2QY_DjXWACsAFw,4.0,2014-12-04 03:57:54
whs2bL6uOx35epjNN2Bd3A,vDU_pwTCyHBPs-JoklOMWQ,4.0,2015-09-15 04:32:35
wiIrT3H8hVxH1QdJD6jbqQ,a6J0Jq1GJ6Shk-L10Bp6Cw,2.0,2016-08-11 22:26:06
wifiu6mD-T0f8aX7ksaIvA,CX41cIFRNSYtcv8ZbpiMkw,5.0,2015-03-09 03:30:15
wifiu6mD-T0f8aX7ksaIvA,ObkVEcYUuf3efg-0V_WYfQ,5.0,2015-08-25 20:15:24
wk3kjOoWoD7A0xvP-2gVCA,gKPWC7F219oEbu5NXPzH4g,2.0,2016-02-05 01:45:52
wlWNPP84F70It_l6OP2_mA,iH3LWJ6yisLnGEnd6Ch29Q,3.0,2018-10-07 11:46:18
wlWNPP84F70It_l6OP2_mA,nU-zF9XbQehltHoi_LwWRw,5.0,2018-10-06 21:39:23
wlkFYIGQveFMi43VHmXeTQ,GST3wg-wej15vHeCvaXE6w,1.0,2015-01-18 23:40:47
wmdDs2XtJGp1NDWocZDPaw,quCIR7UcrMmpaKXYwet8pw,5.0,2021-02-11 19:03:22
wn2vXu5fdyej3YO67-XBkQ,KHe6HAqmyioITwTvg9Bbcg,4.0,2015-12-22 00:10:00
wnrHhjDpQk5uLUK7Iku75A,zS_iBFOBbZSNC1edaijD3A,5.0,2016-10-01 16:20:11
wq17JQzHw4gkLpU7vB_qKQ,cx2fwY66_xTNFo0p2EEC4g,5.0,2021-07-18 22:15:42
wqghLqYOmlJHa_EEV45z3g,rsMbMeW7IbXxPFh4WwbddQ,2.0,2010-12-18 03:38:42
wqrbPeGf-bimRXU5t1x5Aw,V8we7-uCa-SouadZmZ9Ieg,1.0,2017-12-22 03:21:07
ws0qQrcIZKa8F4siAT5Lxg,pqujXRfvvMSjcVLfzzKghQ,1.0,2013-01-07 06:05:24
wtB-MzCS7weZOlF28okQiA,vl4uDnmI6lM9zBcAR--84w,1.0,2013-07-24 12:56:56
wtMYSKrt3yE2r-TNp_6spA,_357-ycTGX1t0Pla4ShVAA,1.0,2018-03-10 14:43:37
wvqJuQD0V6ShBAeZEq8W7Q,-3AooxIkg38UyUdlz5oXdw,3.0,2020-08-29 21:51:22
wwVn5IZN93dr9p7Qj2h4gw,YSL06t6e2iKo4ZHZnCZIxw,2.0,2014-04-30 18:24:56
wwYz9QxMfrpMXnbnzoOt7A,UxNB5QSIiLepKdMHeU0qig,2.0,2013-07-29 10:59:00
wxqxIOP9SoqKY3ZxvKchqg,RMYjaB5krFGCtlOLf5TBwQ,5.0,2020-05-10 16:27:23
wxqxIOP9SoqKY3ZxvKchqg,jyZQWgKCXtGLf2j81OzQLw,5.0,2020-07-09 16:40:01
wzA2spUhc2G1yQNNJsS8EA,YCPhdj_9t7o_NdN76WKJVg,5.0,2017-09-14 17:39:57
wzUFZ3DaU7k9R2S54IMPfg,0TwZfZHis6e4o6sBogUJVQ,5.0,2018-07-15 12:42:36
wzUFZ3DaU7k9R2S54IMPfg,2KIDQyTh-HzLxOUEDqtDBg,5.0,2020-04-25 05:16:16
wzUFZ3DaU7k9R2S54IMPfg,5RAj-6dwjudECuuj14GdnA,5.0,2018-03-19 01:59:27
wzUFZ3DaU7k9R2S54IMPfg,5SbXk54zWe22jg95R-8Fjw,4.0,2018-01-16 01:58:21
wzUFZ3DaU7k9R2S54IMPfg,5ln4ESCi6mnfTBx4bYr4dw,3.0,2018-05-15 04:58:45
wzUFZ3DaU7k9R2S54IMPfg,8pAGj4Sc7YhloW2H6sV30A,4.0,2019-03-26 15:54:27
wzUFZ3DaU7k9R2S54IMPfg,9ggiKdqsyuY2pqVcbIQ-tA,4.0,2018-04-22 23:48:04
wzUFZ3DaU7k9R2S54IMPfg,AlnAoqsqChTn1Eg3dzLmMw,4.0,2019-06-15 16:41:59
wzUFZ3DaU7k9R2S54IMPfg,DNkz1z53dS2CUUWI1Skg2g,2.0,2018-08-11 01:50:35
wzUFZ3DaU7k9R2S54IMPfg,Djdg_JBVHKgGNckbEV27UA,5.0,2019-07-27 21:17:34
wzUFZ3DaU7k9R2S54IMPfg,E3Qk7xTznkT0SABL2ltpHA,4.0,2019-03-13 15:27:33
wzUFZ3DaU7k9R2S54IMPfg,EDRhPfxELquxtMOGuNKFTw,5.0,2018-06-18 15:04:14
wzUFZ3DaU7k9R2S54IMPfg,HDkjdWPwMX9d2G-5QYUq0Q,4.0,2018-11-09 20:42:02
wzUFZ3DaU7k9R2S54IMPfg,IQVNuWMkBBS0Oeuiy1xiig,5.0,2019-06-15 16:52:19
wzUFZ3DaU7k9R2S54IMPfg,K2MrnWrEEg9FzHrm9lve8A,5.0,2020-09-09 05:11:12
wzUFZ3DaU7k9R2S54IMPfg,MOM0zyq3GMOy6W4xD2Rk5Q,4.0,2019-10-20 19:43:39
wzUFZ3DaU7k9R2S54IMPfg,NVrDBWqUVw-59RpriLG6yA,4.0,2019-10-20 19:36:34
wzUFZ3DaU7k9R2S54IMPfg,O0CyCnSFr7cYK78nH2w25Q,5.0,2019-07-21 05:23:45
wzUFZ3DaU7k9R2S54IMPfg,PvWUpIHqV13Qe9crQ6MOsA,5.0,2020-01-22 04:13:05
wzUFZ3DaU7k9R2S54IMPfg,QN38TkkGzF5vB1urbvi5nQ,4.0,2018-02-09 23:54:15
wzUFZ3DaU7k9R2S54IMPfg,ReVpjIDupK_VMPn7ZxPvOQ,4.0,2018-02-25 14:50:19
wzUFZ3DaU7k9R2S54IMPfg,TjBvLFDUj2Hz6bkELIJbng,4.0,2018-06-15 19:15:30
wzUFZ3DaU7k9R2S54IMPfg,W57360g1e7xMGerm7wPW0Q,3.0,2019-01-04 20:26:12
wzUFZ3DaU7k9R2S54IMPfg,WkcmS4_R6iCUdxuNEEcM-Q,4.0,2020-01-22 03:39:46
wzUFZ3DaU7k9R2S54IMPfg,ZPs0cr-VWdKvh6wCOpuYZg,5.0,2019-02-09 14:50:13
wzUFZ3DaU7k9R2S54IMPfg,_oRpJmQchbbEGEn3Xo8OPg,5.0,2020-02-01 19:06:58
wzUFZ3DaU7k9R2S54IMPfg,aQFQIlyHasaTz5DtjV57nQ,5.0,2020-01-09 01:57:09
wzUFZ3DaU7k9R2S54IMPfg,bdXSkYTovwYSv2hpOp5iZQ,5.0,2019-12-01 13:43:24
wzUFZ3DaU7k9R2S54IMPfg,cezbcRLRWCKz1wztpQGgjA,4.0,2018-11-14 22:48:22
wzUFZ3DaU7k9R2S54IMPfg,d9vapPUlJCSSrltRRKO9ig,5.0,2019-07-21 05:16:33
wzUFZ3DaU7k9R2S54IMPfg,dsKwDe5Mw_SiDBl3d4t1yQ,5.0,2019-09-30 22:28:20
wzUFZ3DaU7k9R2S54IMPfg,eR2cpqWj58kFeHBJ1ob0MQ,5.0,2018-11-04 21:17:57
wzUFZ3DaU7k9R2S54IMPfg,fCDMLD21ypv1XZ_EyafCkQ,4.0,2018-06-10 22:49:31
wzUFZ3DaU7k9R2S54IMPfg,f_E5dlBz-78uL8tTQYNPew,5.0,2019-12-08 19:22:37
wzUFZ3DaU7k9R2S54IMPfg,ggNLqZxILZgGabRT_NPS_A,4.0,2019-09-22 02:32:11
wzUFZ3DaU7k9R2S54IMPfg,hV0rmTB2S2fYzjQKlHtKuw,5.0,2019-02-14 04:01:30
wzUFZ3DaU7k9R2S54IMPfg,j5fBwNTJZuodEXU5Jc09Cw,5.0,2020-05-21 01:17:07
wzUFZ3DaU7k9R2S54IMPfg,k79ygmdDxEDXtLlR_rPrmQ,5.0,2018-01-08 02:47:44
wzUFZ3DaU7k9R2S54IMPfg,kCV9CwW28Uz1ln4IXGhGwg,4.0,2019-12-17 21:40:29
wzUFZ3DaU7k9R2S54IMPfg,kKPJLiHIr9Gd9sYs3GhxDQ,5.0,2019-06-15 16:45:55
wzUFZ3DaU7k9R2S54IMPfg,kmlX0JG-6gVTjsMUnmY18Q,4.0,2018-08-25 13:21:13
wzUFZ3DaU7k9R2S54IMPfg,lDWmc7FpLjYoSFxrtbnMbg,2.0,2017-12-17 17:17:51
wzUFZ3DaU7k9R2S54IMPfg,laIi1mYcEBif7cU8A_kLew,5.0,2018-12-13 17:23:17
wzUFZ3DaU7k9R2S54IMPfg,mH1wlQ6l9K1zct3eVfHIAA,5.0,2020-05-21 01:24:06
wzUFZ3DaU7k9R2S54IMPfg,nYsNsyIppe_DTueBha1x9A,4.0,2019-12-10 15:55:28
wzUFZ3DaU7k9R2S54IMPfg,o_HXVVuM2iUZk-6F3-sHXw,4.0,2018-04-01 20:38:58
wzUFZ3DaU7k9R2S54IMPfg,pc8D9b_rnL_I8ak91tKjsg,4.0,2018-02-18 02:32:38
wzUFZ3DaU7k9R2S54IMPfg,ptJnKvMCb8AjPhKsUWATLQ,4.0,2019-07-21 05:19:43
wzUFZ3DaU7k9R2S54IMPfg,q_PFmdGcKx2H7z2ze8H26w,5.0,2020-05-11 00:12:00
wzUFZ3DaU7k9R2S54IMPfg,qu2XI51ZjlTR1relPGrK8w,4.0,2021-04-19 18:20:57
wzUFZ3DaU7k9R2S54IMPfg,rKx-J2H54p2eZIdn8JvJuA,5.0,2019-12-05 20:04:06
wzUFZ3DaU7k9R2S54IMPfg,ruE_DRE6fTIE6who59hdfQ,4.0,2018-04-16 00:09:04
wzUFZ3DaU7k9R2S54IMPfg,sBquL4QKMhTKPL2moFF2GA,5.0,2019-06-26 23:12:33
wzUFZ3DaU7k9R2S54IMPfg,w1drxBdIeFllmEsvH_3a6A,5.0,2020-04-22 22:43:09
wzUFZ3DaU7k9R2S54IMPfg,wlUOgJ63PmhkX5ms-QGoDw,5.0,2019-01-04 20:11:01
wzUFZ3DaU7k9R2S54IMPfg,yRI3Sp1vn5X3g8auuClWlw,4.0,2018-01-12 03:51:55
wzUFZ3DaU7k9R2S54IMPfg,zOtbdSGCVYRLiaSCokZDbA,3.0,2018-06-19 23:01:23
wzyGNvArcpUjZauRWFrKHA,8Wcq23GYmeFNnYotBtck7g,5.0,2016-08-01 16:50:49
wzyGNvArcpUjZauRWFrKHA,GXFMD0Z4jEVZBCsbPf4CTQ,4.0,2020-01-03 14:29:44
wzyGNvArcpUjZauRWFrKHA,L5LLN0RafiV1Z9cddzvuCw,4.0,2018-11-09 15:26:20
x-8wXSPNAijdThmLvrocSQ,dGUyXgFW1WSYMgRypKaYew,2.0,2013-08-03 12:33:02
x-LrGPXN7WFX15Qk9B6_YQ,-lVEVi3vtQ8_L9kKT0bBwQ,5.0,2014-04-19 14:06:12
x-aHM9y-vc5l2-XK4G6z1A,KP5OncF2jhT7_J1phHPPww,5.0,2017-11-19 18:29:12
x0bN79TGlpZ6WUsG0aiStw,OuaqRGlscxMIqUoN4Vw41A,5.0,2018-08-23 03:43:24
x15nXGkbW58Lf8urQHewpg,muxda1cSVtplETqTfYVgZA,1.0,2015-07-06 18:54:08
x1UcIz99WSPy5FI6cqfWAw,Hh8jUR0mtVXkAnv8XDZjyA,1.0,2020-09-28 18:55:50
x1ZeQbGxfTPZ2BM0VcWs9w,c12V0ARL6jmrmge1ZPf9WA,2.0,2020-01-27 17:59:16
x1_sp_rHxZtI8VLX_IF5cw,kZ1q0K13tFYG_ZJrVvsJHA,4.0,2011-07-11 18:42:54
x2o1ofZkPms5MYmu02ygwA,pFnoqSPstZKsnyeNBIeuZg,5.0,2019-12-03 15:46:53
x3133lbPRsll8t2lrZeApw,otJAPyE7thHcLuFCM8Wtvw,5.0,2016-12-16 19:23:37
x3NsAlkSGb2hvd8XcvzFQw,9b-LZWsj75mmfMYuChXDkg,2.0,2013-12-30 19:45:03
x3i1zNsZh9XmcG8WHYCTvA,IkY2ticzHEn4QFn8hQLSWg,3.0,2017-07-03 22:14:29
x3i1zNsZh9XmcG8WHYCTvA,ZuwJdk2g6XGRWV94TE50Cg,5.0,2018-02-15 14:55:27
x49sPiZ0UxwtsdJnR3T6bQ,4gszBjoouIzfi1ltSQZ2BQ,4.0,2019-03-21 21:02:02
x49sPiZ0UxwtsdJnR3T6bQ,Wf9Ir1pvAmQL5GXgBEvCcA,5.0,2020-07-11 18:59:03
x5_wSiB2y5lXCFp8WlGf1A,LCpHFLUQhVMhfpNngtf_Ew,2.0,2016-04-13 20:34:46
x5xjErjg88EJg3EZQ1FxAg,vT1zrTTIji2JDhUHjFKopg,1.0,2016-11-16 21:27:49
x7f4mm0aW1UnXx9rfef1uw,1N-Sd-4UQTwM-nCD0sfs7Q,5.0,2019-01-06 14:30:11
x7f4mm0aW1UnXx9rfef1uw,P_TAcTKHmzQI4OPBDi7UFQ,5.0,2018-03-28 23:22:28
x9eMLPCzldJIgte-HnBCVQ,SL4N_Z92lSnA04hFa9mj7g,5.0,2019-05-30 01:56:05
xB-Xtn5Yrpy9jKCHF5glGA,VpJzlz3bKOJtiI1rb9kTpw,1.0,2016-02-27 16:29:28
xBSFz5aZMQ8TUv3KgGwthw,evxhNYa77dxWZabIpGQCkg,5.0,2019-08-09 03:10:55
xC-q_yh0XwcjRLimkS3RNg,jZSTJr11c4mo9NrKyJodnQ,5.0,2015-07-20 15:11:23
xC0EwX1RMsM99vVVisKLfQ,Yu401DtSmkXpJhgXnQcFrg,1.0,2015-03-22 23:34:51
xCIqt-n7HCJY_2Il8negeA,Pr-OrQ0-hNPFdp8bVZN6Lg,5.0,2016-02-28 08:40:31
xCyrTXHiUJaJiMdadI13Xg,6vWKezveJpsWgjl5Cd3l-g,3.0,2021-07-06 18:34:34
xCyrTXHiUJaJiMdadI13Xg,Q0pFg3ri7kt9xIxxXh7-RQ,4.0,2021-09-07 02:50:58
xFeyKub-ppks20tF8QIgLg,WB-eQAgw88fbr15eY761CA,5.0,2020-07-13 02:33:03
xGC3uBB0gvXDRUMo_xX-Zw,G4kmb7lGpbER5Jd2Al2TLw,5.0,2016-11-04 21:44:38
xGS_mlHcCUipSKXrHk6CGw,ZUPnWlLgqnU1PVtF6Q9-HQ,5.0,2012-11-11 03:35:55
xHT1X5VZOHlstShlW1TxYg,p6c70_FsgpmSPGTWdOOuxg,1.0,2012-10-09 22:54:08
xHzU9LKwxGHq7BNPA16gog,IkY2ticzHEn4QFn8hQLSWg,1.0,2010-11-17 18:24:41
xIfifPltgEm6DCZw12YEHw,2KIDQyTh-HzLxOUEDqtDBg,5.0,2010-05-11 18:03:15
xJFPLKIpb4c3CgQA7K7aJA,C6KP0hSutumHzLDCFyjvJQ,5.0,2016-05-01 17:01:17
xJPIRufNB7QHbWOaOkwmKw,4ADeBcc3O4zmTrp60H4O_A,2.0,2021-03-13 02:07:56
xJxtHt9Rvdy75EMvVtcN9g,16tjKOvMw_nOgNViq2LwOQ,4.0,2017-04-20 01:34:32
xJxtHt9Rvdy75EMvVtcN9g,3VvZpyRMg5p3nH2-iK3-Vg,3.0,2018-05-21 20:14:55
xJxtHt9Rvdy75EMvVtcN9g,CTZEnTsW2JYN2NH1BCAaZw,3.0,2018-02-19 19:33:40
xJxtHt9Rvdy75EMvVtcN9g,My9NAWShKtNqBYw7200qOw,4.0,2018-08-24 16:53:56
xJxtHt9Rvdy75EMvVtcN9g,snTpO07JxjGhwJbE4RDFIA,5.0,2017-10-26 01:11:45
xMYdgaWjAvVFej72f4qHxw,LbhraX3qY94g3Xn2Havbpg,3.0,2012-01-15 18:03:48
xNLcVfaTJo7hMh1YflZc_Q,m4kvY0viCwxqRtgOycnKVQ,5.0,2017-10-06 20:18:30
xOr3cP1xO2qC4lx2E9jnBg,m5ne44a3Vu7-zILKGxc4SQ,2.0,2014-12-26 18:55:41
xQ72nFYFH88I3S4_usobcA,05GLPgaqx5y4H9dBU6CP2w,4.0,2020-10-03 18:44:07
xRrcJCFuO1mo2QnHoBBxDA,Fj16uG6BNZOq5K8mS2HHiQ,3.0,2020-12-18 00:57:25
xSe759brFUJ5w1VIxZXWzQ,wCluBbW9nzS7MEMFltMwJw,3.0,2013-10-07 20:06:01
xSkuRqq2anVNFpVGnhH_sQ,pIvX_Kw4f82baMUhRO6WxQ,1.0,2018-11-13 20:12:33
xTGpw0x5EUj11YFhwr6m2A,2pBNVsJo3a3CPbInUu9lvQ,1.0,2010-01-02 22:17:49
xT_iguHXgDDUFwkHlOGZjA,dCI9y5zlamQovNvvZ8JL5w,5.0,2020-10-11 03:30:20
xU4GbT4VKMpyOxNJAuP3hQ,UGefDZNmnBztS0eoXWtHyQ,5.0,2015-02-26 23:45:34
xWEKLTw0NWgHS67oCyVp8g,zFcE7bQ2oDfwpPgl_PxOTA,5.0,2018-01-31 23:55:17
xXhFmz4W31YXrRsKkV3Gfg,sankqYOVWpYX_T5kGZRRKQ,5.0,2020-11-19 13:39:14
xYgdYioZpHUxApiddFhCxg,6N44KZ0qDcY1n1Rz0Nw3bg,4.0,2015-07-24 03:44:27
xYgdYioZpHUxApiddFhCxg,DzVYXX8mc5x31BbaP8c0_Q,5.0,2018-04-03 20:56:22
xZ8o-lOcU9M06dfpPKMdsw,FSTLTRc_7BTgv99kWSnhIw,5.0,2021-01-05 20:52:36
x_FhrxfP4gbu7fI4Zypylg,0bLvKEwQaFYovyfpZ0HdJA,5.0,2010-09-13 06:47:42
x_FhrxfP4gbu7fI4Zypylg,HpmsY3JJ4gIuS8EiVHwMJw,5.0,2014-05-19 21:21:58
x_axtCj_KMcWdf1WQ6BbdQ,hRHhP3fhMy3LktPyQa3s_A,1.0,2015-04-17 02:09:57
xa2QB6ln4bxHaQDnJQe3Bw,V7PzZzhM8HAFX6sNmadNuA,2.0,2016-06-05 06:24:36
xaHanU7RJwes5F88MFldEA,9FiiDY8Nrmdn81jHHvJSlA,4.0,2012-08-22 13:24:55
xa_LEQ_y0WsFixOxBAnzYQ,DytKODMqcvQ7MWA0NN2uNw,4.0,2016-05-04 14:43:57
xboRb8Fi7xpgm3FY6GA0aQ,lOipP8dh4Daqid9uro4xNA,5.0,2017-07-16 06:12:07
xc1opNkFCnAjsPXs7jqtfg,FHNIvNgh3fS7VZQq2Y3dsA,5.0,2013-04-01 17:47:15
xc1opNkFCnAjsPXs7jqtfg,trwHwsXOVV-ZmF-MtP98BA,5.0,2014-02-13 22:38:18
xdQzGzNu3nIUEvOGPW1tYw,FpwmIq3Gpo6hGIrOOv8lTw,5.0,2014-09-15 15:25:19
xdQzGzNu3nIUEvOGPW1tYw,oFxKFiDkP_lGaFAzvnzZfA,4.0,2016-07-13 17:34:22
xew1y9flaSKgdn4oxmcgGQ,6Ty-KKWq6hLZYW8DWEHYvg,2.0,2018-06-06 16:12:05
xew1y9flaSKgdn4oxmcgGQ,GmXC3CBu172Bkb0c6RnO7w,5.0,2018-12-01 21:09:36
xew1y9flaSKgdn4oxmcgGQ,eCikDKFbaeYVNdCD2beX0Q,4.0,2018-12-02 15:14:50
xgjhHk82pMGIEp4Q9WTHqg,CnhmThuteYExAEvBSzL0qg,5.0,2020-01-23 00:22:05
xi7xNA_MwFLIm3SD80lCCg,wbDjLbShJ-ZJfm6jJZp-Aw,1.0,2012-03-21 11:36:59
xiqE66D4G-yrj-o8wpYrdw,dgyKoIYEYrmRK_hktWBZdA,2.0,2020-02-21 19:53:18
xirjSwnrFjF87rYT97EG4g,JKR09pJneafnwpUg0FNEzw,3.0,2021-10-24 16:49:01
xkNKx0QrJfArnpowF3yHpg,H4Zf42Q3I8JyQ-V5l4dJrg,3.0,2016-05-03 03:35:39
xlbW7Fm0e7_e9KfJ6TG44g,NHb6QTrJOnyIj-Zd0fYzFg,5.0,2011-04-11 15:04:43
xmfrNqU3P1SAsB4gRhaFXw,g5ogvPhw3PSobtaZFkdEXg,5.0,2014-03-13 20:20:59
xnTTAsGKPPjIL4D0cqtAhA,KHe6HAqmyioITwTvg9Bbcg,4.0,2016-01-15 18:55:50
xndFXZ7YDsszg9osLjZvIA,yjcIKn2T2QY_DjXWACsAFw,1.0,2017-12-28 01:46:53
xoZiMrmxPLbOklDQfSvhhw,8Vo6LN9gqULhXzoxj5k6kQ,2.0,2015-07-22 05:32:49
xqvAeGXOtCKd5z3b7kUauA,Sz3sBE4sb4gambo5LDgjPA,2.0,2017-05-09 01:56:58
xqvAeGXOtCKd5z3b7kUauA,bdth7r1brx9yRU7sYwF9jQ,4.0,2019-04-04 22:14:20
xqybfWaTzzst2ZlpWCjUNA,ZwCvURKz4l5OBp5trIR02A,4.0,2021-02-23 22:52:04
xqybfWaTzzst2ZlpWCjUNA,uIlFxzyoJy7ud9j12aK7MA,4.0,2019-09-14 01:41:37
xsMnFc7Wp469ggO_jfUE-g,0yOfDyqoJTp6-9qbyroyEw,3.0,2014-05-01 02:17:09
xsQyTGdGwM8k3Ns3miYgGQ,fJ6AA9S7SEq3sim_3Sim3g,2.0,2014-07-28 01:09:21
xt8JZ2n_aAN06tM_XxafZQ,Gekeq1c-fuezmx0PSGQvzw,2.0,2016-04-11 11:48:36
xvr3-SyZpb-4DGIl10s63w,-lVEVi3vtQ8_L9kKT0bBwQ,4.0,2018-03-05 23:02:45
xvr3-SyZpb-4DGIl10s63w,0oSSjekU-3GR8gselReWnA,3.0,2018-02-18 22:18:46
xvr3-SyZpb-4DGIl10s63w,wbDRmtxaKRpBOjutvV6TEA,1.0,2018-02-18 22:14:46
xx-6o9MW5B92VaWmRJwEMA,HiGSwE3dV_u5OnLok3jfKw,4.0,2011-10-17 03:07:13
xx-6o9MW5B92VaWmRJwEMA,YT1oM3AlNSCjzKvbH8MPWA,4.0,2018-09-30 18:05:31
xx-6o9MW5B92VaWmRJwEMA,bqR_3sT_rNp0hZglPtX6rw,5.0,2016-03-06 21:24:46
xx-6o9MW5B92VaWmRJwEMA,cQIh4YJlVtZI9TLF5_smOg,5.0,2014-10-06 01:19:59
xxL-DwwdT5VGvss9mCzOGg,2HxkdqHmbYGj_BH1bLaiSw,5.0,2016-10-09 14:58:11
xyad5PXaHTdKrdNClXbMqQ,6h7C53qLfwM7v3zKRqG0yA,4.0,2013-08-26 05:24:34
xywXoLnG7qWIayFu8oZQgQ,3CFVBCfjdCvESS1ogBv21A,5.0,2016-06-13 18:01:42
xywXoLnG7qWIayFu8oZQgQ,7pwFfnB6FH4lflXWrQ2Tqw,5.0,2016-03-07 22:27:51
xywXoLnG7qWIayFu8oZQgQ,Vn6fOha6UZ2HGyZoAcxPkw,5.0,2016-03-10 20:19:48
xywXoLnG7qWIayFu8oZQgQ,c6aGzGCRM2Ok-iOVBAFwqQ,1.0,2016-06-25 15:50:20
xzWwfb0iVk4w8u1laXmuSg,M-oi_kkI0AhbR-xqR5yrNA,3.0,2014-05-13 01:44:48
y-BsC8sneXrdq83aelQ1ew,1Hd-0f0gWvI7y9CI_3kFVg,5.0,2017-02-14 03:00:11
y-hJOJl0JAwjKuIkHDm5qw,Nvy1jETQItFjG0oyjpGk7w,5.0,2018-05-25 03:10:53
y34Nf8CdoFzJ-pYsm92k8w,cv-SmPhbpwQCtlI2Q7KJIQ,1.0,2014-10-01 01:26:46
y3Wtx1pOvTiqsJRkjceXiw,6JFMbFYVbl8ufz74NSDgOA,5.0,2009-05-29 18:55:02
y3Wtx1pOvTiqsJRkjceXiw,BgQOm2TuoF1UmD4e7BOUjA,5.0,2013-07-23 13:41:40
y3Wtx1pOvTiqsJRkjceXiw,HS5CfzQ_gOJHgqwtv9rvNQ,1.0,2009-05-11 18:19:11
y3Wtx1pOvTiqsJRkjceXiw,cGX-1IUwXOjkUqZbkKYcjw,1.0,2010-06-29 16:21:03
y3Wtx1pOvTiqsJRkjceXiw,ebuycCvuqc3kn4wSBBOxVQ,2.0,2011-07-12 00:08:10
y3Wtx1pOvTiqsJRkjceXiw,gy0NuW7nzIuZNq3lLLlgzA,2.0,2011-08-16 18:46:33
y3soJbS_F2rH3a8CHnPlMQ,jtgBkAQuchDYgkdsebzLsQ,2.0,2018-12-09 06:18:16
y4_FEeZpdZm__dmnMzFmow,I0I2mkCOPTYVSLpc8A8VVw,5.0,2021-02-14 14:47:10
y4_FEeZpdZm__dmnMzFmow,IXllQQM7LG9NC7uNQ8un1g,5.0,2021-06-21 18:48:57
y4rh0xORNCibAuB_XctBzA,cfvPUAc2SM0xpHmmPzYaQg,1.0,2016-05-01 22:08:56
y5f8V54D5BVMfHJpeuqQjw,dYYkzkiAQoOtRjdR0kcspw,5.0,2018-12-20 18:05:53
y5qEpAfJQaOjjG8ZJWrp6w,v1msvs2bf_LwGUnIcCgSEg,4.0,2009-04-25 01:17:56
y6SzYr7xpMmpobNmWaTZTQ,isuOwjnrPrr1bRELgQM0aA,4.0,2013-04-16 00:30:24
y77GGCw8wEyLK9gHrjOjTA,a5TaDLChZDSgZ-en1sxNpw,1.0,2021-06-05 15:19:12
y7H-4bWuX3eqC7C11DvQcA,0oSSjekU-3GR8gselReWnA,5.0,2017-09-11 02:43:45
y7H-4bWuX3eqC7C11DvQcA,8pAGj4Sc7YhloW2H6sV30A,5.0,2020-01-15 05:36:42
y7H-4bWuX3eqC7C11DvQcA,AcGOk0jbFkvI1QzDpkqA8w,3.0,2019-08-13 03:08:27
y7H-4bWuX3eqC7C11DvQcA,Dh65GRW4FmOEjDv_UuPP4A,4.0,2018-01-16 23:04:05
y7H-4bWuX3eqC7C11DvQcA,FEXhWNCMkv22qG04E83Qjg,5.0,2021-08-09 02:16:49
y7H-4bWuX3eqC7C11DvQcA,GWv1-6HFvZf4cOy1J6_CKQ,5.0,2018-12-02 06:02:18
y7H-4bWuX3eqC7C11DvQcA,QtUn-vphzwt_cOQVkDlyow,5.0,2018-04-13 00:35:31
y7H-4bWuX3eqC7C11DvQcA,T_GeXNYY_zO0WpJzBxQj4w,5.0,2018-09-10 00:36:47
y7H-4bWuX3eqC7C11DvQcA,WxB8498ejPtHE7wFa89_fA,5.0,2017-09-08 00:34:05
y7H-4bWuX3eqC7C11DvQcA,a8BZP-mAA6FWKp_C7eHjeA,5.0,2018-05-14 02:25:26
y7H-4bWuX3eqC7C11DvQcA,g0cUlBQ2pGRxWtL6qwyeIg,5.0,2019-11-22 01:50:19
y7H-4bWuX3eqC7C11DvQcA,lSZEa0IsVPWCT6Ym9NF6jw,4.0,2016-11-25 21:57:49
y7H-4bWuX3eqC7C11DvQcA,ol5npt2HXo9r3yKa3wBlYQ,5.0,2016-09-28 04:42:53
y7oO9gGtQeSho67Aprqvpw,S9qwmdAgz9YYQ6XCvX3aNg,1.0,2020-01-28 01:11:12
y7pQs16TZ9pZe-ILxuyL3w,g0cUlBQ2pGRxWtL6qwyeIg,5.0,2020-06-01 15:17:32
y8aWXOimQ9ZgUgZ6q--nCQ,02qFLwwFi8T804rHcYh7Zw,5.0,2008-07-29 14:53:13
y8aWXOimQ9ZgUgZ6q--nCQ,0R2yKDNMUztQwgo8pG4z-Q,4.0,2008-08-31 01:45:49
y8aWXOimQ9ZgUgZ6q--nCQ,0clSkDomWd7MDqqgCCg8-Q,2.0,2008-08-25 01:30:00
y8aWXOimQ9ZgUgZ6q--nCQ,0oSSjekU-3GR8gselReWnA,5.0,2008-11-20 21:46:59
y8aWXOimQ9ZgUgZ6q--nCQ,17MK8qagV374AuUA4sXuIA,5.0,2008-11-23 22:05:10
y8aWXOimQ9ZgUgZ6q--nCQ,2pLIQ0RHSmUbF0eIRT0LYg,4.0,2008-02-12 20:58:26
y8aWXOimQ9ZgUgZ6q--nCQ,3gVSrS4kffGGZT8oXHsIcw,3.0,2008-07-16 15:15:05
y8aWXOimQ9ZgUgZ6q--nCQ,4hQxm6xckt0EGqfAGzQDyg,1.0,2008-08-31 00:30:05
y8aWXOimQ9ZgUgZ6q--nCQ,6F-6mFFNw2YXN7lD_Gukcg,5.0,2008-02-10 20:14:38
y8aWXOimQ9ZgUgZ6q--nCQ,99e7bysta1myyrQogFEWUQ,5.0,2008-03-30 00:55:05
y8aWXOimQ9ZgUgZ6q--nCQ,9PZxjhTIU7OgPIzuGi89Ew,3.0,2008-04-18 21:52:38
y8aWXOimQ9ZgUgZ6q--nCQ,Cjwb7VQGP0u2eWYj1wnO3g,1.0,2007-12-16 20:40:13
y8aWXOimQ9ZgUgZ6q--nCQ,FGu7K0mI91Q0yW3orPY99Q,5.0,2007-11-09 21:53:39
y8aWXOimQ9ZgUgZ6q--nCQ,HW5LkI9qeqVDwHqhd00_8A,3.0,2008-11-08 17:27:29
y8aWXOimQ9ZgUgZ6q--nCQ,MM_v-KIUJiXLCxnkIqPKWA,5.0,2009-03-19 00:34:38
y8aWXOimQ9ZgUgZ6q--nCQ,NYj8uB9-u0SmRMNDNktb1g,5.0,2008-07-05 16:00:10
y8aWXOimQ9ZgUgZ6q--nCQ,Q-prSTdggNlxAEFV88BZOw,5.0,2008-04-14 22:37:32
y8aWXOimQ9ZgUgZ6q--nCQ,R17gwW6zn9ilslbdvKdgsg,5.0,2008-01-23 19:00:40
y8aWXOimQ9ZgUgZ6q--nCQ,XVBhNSpKCMz1yJcFtgL2ng,5.0,2008-11-03 21:48:45
y8aWXOimQ9ZgUgZ6q--nCQ,ZPFdJgzPjEUM6BoFfoV-ZA,5.0,2008-08-08 17:13:52
y8aWXOimQ9ZgUgZ6q--nCQ,atZ_olNKXOG4rEr6mccN8g,5.0,2008-01-12 20:44:57
y8aWXOimQ9ZgUgZ6q--nCQ,d_tRshM-w6S4QxE4VVi8tQ,4.0,2008-09-01 23:46:26
y8aWXOimQ9ZgUgZ6q--nCQ,fOhnSqmO4XY5vSI8whVKSA,5.0,2008-03-12 00:05:03
y8aWXOimQ9ZgUgZ6q--nCQ,i6jA8vSHrP9LiUPHlqPVwA,4.0,2009-04-04 17:55:29
y8aWXOimQ9ZgUgZ6q--nCQ,oziGQYLaEWOpNmPKrZP86g,4.0,2009-04-23 21:25:38
y8aWXOimQ9ZgUgZ6q--nCQ,sTPueJEwcRDj7ZJmG7okYA,3.0,2008-08-31 01:47:20
y8aWXOimQ9ZgUgZ6q--nCQ,wB1Tin0OW1JRpaKM-E3ZYA,5.0,2008-08-18 00:18:26
y8aWXOimQ9ZgUgZ6q--nCQ,yB2OawAQ_U8qwv7gu1huMg,3.0,2009-02-01 01:47:45
y8aWXOimQ9ZgUgZ6q--nCQ,ytynqOUb3hjKeJfRj5Tshw,5.0,2009-03-20 00:02:35
y9WhhW724xLQ4p_lGQCQkA,Fx_yFwHlHboVTTj-4NJQyg,5.0,2010-05-29 03:56:17
y9WhhW724xLQ4p_lGQCQkA,Ld3qgGua7MqrFnZY8AIo0A,1.0,2011-10-12 17:04:39
y9WhhW724xLQ4p_lGQCQkA,NHb6QTrJOnyIj-Zd0fYzFg,5.0,2011-04-02 22:45:36
y9WhhW724xLQ4p_lGQCQkA,oUgmm76-UCd5N0z4xwDOYw,5.0,2011-10-23 19:55:58
yA230n0MbamXygr11NxDjg,6bfas5osLwyvyWcwwDg6XA,5.0,2021-01-05 23:55:40
yAB89vOBgaR8S8L4E3dvgA,13RE3PJCdPhWy3ij1RW3Tg,3.0,2020-02-08 21:03:51
yAB89vOBgaR8S8L4E3dvgA,2I0GtFcDwEQv6-fruMxNng,5.0,2019-07-17 03:21:09
yAB89vOBgaR8S8L4E3dvgA,4U8tToDb49xGDzWfn5TPaA,5.0,2021-02-14 23:57:26
yAB89vOBgaR8S8L4E3dvgA,5SbXk54zWe22jg95R-8Fjw,3.0,2020-06-13 17:22:02
yAB89vOBgaR8S8L4E3dvgA,78e90HO_R40SyzBr4fnHSA,2.0,2019-07-15 15:05:38
yAB89vOBgaR8S8L4E3dvgA,DE7oNZUBOkAQ4zhA8tZQLg,5.0,2019-11-02 20:09:16
yAB89vOBgaR8S8L4E3dvgA,EkGrpiN5gN6TaSfVQ0ggvA,5.0,2019-09-05 11:09:04
yAB89vOBgaR8S8L4E3dvgA,ICi5Kv1jbgypI-XdrY_87A,3.0,2019-11-24 00:07:52
yAB89vOBgaR8S8L4E3dvgA,IvaYjcuPXzgutKanTeHSRw,5.0,2020-04-26 00:59:57
yAB89vOBgaR8S8L4E3dvgA,SwBhaxfQPbyhsi0QHUAN0A,2.0,2019-01-20 21:47:17
yAB89vOBgaR8S8L4E3dvgA,T3Bbtht3jO2izyO6f6W8bg,3.0,2020-09-24 20:46:16
yAB89vOBgaR8S8L4E3dvgA,V8H6z5ulGJEkaFUyRfmLKw,5.0,2020-07-04 14:38:57
yAB89vOBgaR8S8L4E3dvgA,VHUNHJtGiPmLffwXO9tnPw,5.0,2020-09-30 02:12:12
yAB89vOBgaR8S8L4E3dvgA,Vf0inZOaad8sv1uG8mGIGw,5.0,2021-09-04 14:09:07
yAB89vOBgaR8S8L4E3dvgA,chHeUcGN6mSDzRvoSwtFxA,4.0,2021-04-24 19:12:08
yAB89vOBgaR8S8L4E3dvgA,h6v5Tgs6Wa97_XoureEkGw,5.0,2019-09-20 15:10:01
yAB89vOBgaR8S8L4E3dvgA,mEudf3Z2rKw-DoEbsImUCQ,1.0,2019-11-02 19:58:57
yAB89vOBgaR8S8L4E3dvgA,nVfkNZLElDdhqWcnaDPtPQ,3.0,2019-11-02 16:28:13
yAB89vOBgaR8S8L4E3dvgA,rzLJskZrSPj6hJHOPmJ0TA,3.0,2019-07-01 03:40:45
yAB89vOBgaR8S8L4E3dvgA,tEHgpkQT50Z-M0XafS8YoQ,5.0,2021-11-20 17:40:24
yAB89vOBgaR8S8L4E3dvgA,xlqqHO-iL5VEqPGZUOyIyA,5.0,2020-11-03 02:23:43
yAB89vOBgaR8S8L4E3dvgA,yNCFucjmzObzUI7X3Ql_lw,3.0,2019-12-25 06:00:56
yAcHMFVR1ETtC0PaZ6d8ZQ,Rl42JbSMsmNW3LRjsTMYAg,4.0,2017-06-08 22:43:03
yAcHMFVR1ETtC0PaZ6d8ZQ,U3grYFIeu6RgAAQgdriHww,4.0,2019-01-02 23:06:58
yCEFoyKQOMD6TRJaG0BEUQ,GUzVgl-dYDyvCULv2CrZEA,3.0,2009-08-18 16:30:07
yCEFoyKQOMD6TRJaG0BEUQ,atZ_olNKXOG4rEr6mccN8g,5.0,2009-08-19 03:30:38
yCEFoyKQOMD6TRJaG0BEUQ,d_tRshM-w6S4QxE4VVi8tQ,4.0,2009-06-28 20:58:16
yCEFoyKQOMD6TRJaG0BEUQ,sTPueJEwcRDj7ZJmG7okYA,4.0,2010-03-19 19:46:06
yCEFoyKQOMD6TRJaG0BEUQ,sy7ADvpBA7SfHwbY-Y_5gw,4.0,2009-08-09 20:36:00
yDq5BXqDbrnAqO9tCZT4Rg,bdXSkYTovwYSv2hpOp5iZQ,1.0,2017-09-30 15:15:03
yFOhA0a7toBwUffjC68FrA,ZUPnWlLgqnU1PVtF6Q9-HQ,5.0,2011-07-09 01:57:43
yFOhA0a7toBwUffjC68FrA,k9nDoJ0MaMYymI-iceql-A,5.0,2014-11-24 02:40:24
yFSZkVlJsvhR5KqtKEauNQ,-cEFKAznWmI0cledNOIQ7w,5.0,2019-01-23 04:00:25
yFY8wveTclT1mRQxWAEewA,XyBe3WZgtYSV2iJm4Mkn2w,5.0,2021-11-08 21:27:25
yFY8wveTclT1mRQxWAEewA,bPGzgqDIbFAhSLo4GAT-Kw,5.0,2021-08-24 16:22:45
yHoodEcmuao7QYkP2deoUA,WIY7S0HgG-pnHPARn8gFkg,5.0,2021-03-01 22:42:38
yHoodEcmuao7QYkP2deoUA,cWcKC9ytDyW3dbqxjb250w,5.0,2019-08-06 03:01:16
yIsQ4qFCyY-clmlRwQlw_w,6h7C53qLfwM7v3zKRqG0yA,5.0,2013-03-27 17:50:31
yIsQ4qFCyY-clmlRwQlw_w,lFs4LIQn_kbsLozQzk-4Qg,5.0,2012-06-05 17:39:56
yK-2oGtDxm8XLg7hVVdQ-Q,lPx8jUBfK1K6u3UgowU5mg,5.0,2018-01-05 18:50:24
yKjSyMKBIDtovONtNs7QpQ,MFxRPt8-B2xTYmon3s84kg,5.0,2020-07-05 21:09:34
yMEsTtgZMnofpWkt7dC4pQ,1qw5dIsQPNGLOwnuP7Wj1g,1.0,2016-09-11 03:49:51
yMh4OF_Li2gJzE5rJ8oCbA,WAInJdS3M-4JgUyzf_LoQg,5.0,2021-07-12 05:02:19
yNFX21SM2piMuCWXFa0Slw,YSL06t6e2iKo4ZHZnCZIxw,2.0,2019-07-03 02:04:26
yO9pyOUXbF2s7Lwww-b18Q,3hlI68hS0pKFY6_rK5UU_g,5.0,2017-11-18 20:38:03
yOJVzZu4uk-SmMaMghBwBQ,d5jha0HH4SpUFnWpOMSoog,5.0,2016-03-26 01:00:10
yPXTeDUgD0PcT_A8A_UReQ,lFRAW6mFM_yMYn3ljsQ__g,4.0,2018-01-06 23:03:01
yPa_4u6hcWEHkziHAeRapw,xb5NsCqvQw2uE5HoQyDr0g,5.0,2011-06-16 02:14:52
yQRxY8c-rLEGxM-EyjFYkg,8Ck78FmeRO7W9iy1-5eCeg,1.0,2015-07-26 23:06:28
yQbsOEPRQrobIPNU3T9j6Q,Nhci37qY0HPCNWc5UQul9w,1.0,2020-01-09 19:16:50
yQvDF3pgF3ahWIj6RJPSrw,tV46IhCfHbsx_af-pMupiw,1.0,2017-11-19 04:31:53
yRAtycPAWAG0xySC9zNC6w,tttwCEpskb7HdSQS8szUFA,1.0,2016-06-17 11:26:39
yRWyJ9AaVm_M0RGJ_IoX8Q,LQZdcwfqneUIrZTy1VvWfg,4.0,2015-06-03 04:17:58
yS4Oh86UHcHOJa4cnrlRNQ,d28lZlSps97FHhXZazJ8zA,2.0,2013-11-07 15:14:46
ySGiyDhwu0DbPmTJTj1LIA,rR30b1XWbxZFFgLyGbfNAw,5.0,2021-04-03 20:00:14
ySuCyQKeCe9Jt-2Wh7daiA,KHe6HAqmyioITwTvg9Bbcg,4.0,2018-02-11 06:36:04
yTqbC9M-IMaDFMlELHzDHA,IIrLSevZ85oGWw31AaAOBQ,5.0,2017-03-23 21:29:30
yU4MW48QQ1eAdOkztAVf3g,3qsHL1xuMPlPqQciHNYkeg,5.0,2017-10-16 16:17:34
yU4MW48QQ1eAdOkztAVf3g,COZbEsySsjS1d3mJ6cXeTA,2.0,2018-08-20 16:42:20
yU4MW48QQ1eAdOkztAVf3g,T4E23iml3us2oH_OVGBr4Q,1.0,2015-01-11 02:35:47
yU9VHS_AuXUKbdrzcoDTNg,HV7AHORTkLqIfhR-tpRmzg,5.0,2015-02-23 20:03:14
yU9VHS_AuXUKbdrzcoDTNg,Z4PF4EtM12L7nwOHZHFJNA,1.0,2014-07-08 01:07:36
yVuvJCUGfdRnRgAdz9ql7A,GBTPC53ZrG1ZBY3DT8Mbcw,1.0,2015-05-07 03:00:13
yVuvJCUGfdRnRgAdz9ql7A,zrUAjvPlH22dnvNtxRuiBg,1.0,2015-01-02 15:15:56
yVwTKNsyh-QXbN9WVHEhww,-FM4CxOg4XXmX_Ebky_SiQ,3.0,2019-02-19 17:01:29
yVwTKNsyh-QXbN9WVHEhww,KSYONgGtrK0nKXfroB-bwg,4.0,2019-02-19 16:51:27
yVwTKNsyh-QXbN9WVHEhww,Zi-F-YvyVOK0k5QD7lrLOg,5.0,2019-09-03 23:56:51
yVwTKNsyh-QXbN9WVHEhww,oGDGlUbOjHxmmCh8ZYcDCg,5.0,2015-10-19 17:39:47
yWWd4KTDNuiNsP1ecA5sVQ,COZbEsySsjS1d3mJ6cXeTA,1.0,2020-01-01 05:25:14
yWtJ-26y4N4E3NWknzLKOA,XgehM3pBZWuXi45J2dqRJQ,5.0,2015-04-28 19:47:46
yWyGiP9ut49-l7zxAumHTg,tthy48ZIX_wfY8Dy0Dvg6w,5.0,2010-01-06 06:16:40
yXBnJ-JS5xobfDnTv5cUrg,J8S7cPPlTgsQnXKVfTyN8g,5.0,2014-09-11 21:40:26
yXCc1g92gCL6h4xHnt0HuA,-Uzw3Hvy1KBNxak9vWsYyQ,1.0,2011-12-29 22:00:14
yXIFCpTAJkKzyoWXm4opqg,AQ7oWwL04UKpG_aG8UaXFg,2.0,2012-02-14 19:10:19
yXIFCpTAJkKzyoWXm4opqg,IkY2ticzHEn4QFn8hQLSWg,1.0,2011-12-31 22:39:20
yXIFCpTAJkKzyoWXm4opqg,PP3BBaVxZLcJU54uP_wL6Q,2.0,2011-12-31 22:47:48
yXIFCpTAJkKzyoWXm4opqg,RQAF6a0akMiot5lZZnMNNw,2.0,2012-01-01 02:33:16
yYPXd6iMJjhuk15mFSXGYg,_E0WPHfJEYmwOUCAj-Jq1A,3.0,2020-03-02 05:02:22
yZ-vbhFPnhInlnxxEQyVdw,3wogQmKw729tKKWaVbZvbg,3.0,2020-01-20 04:37:15
yZ8Di1PLxf0zqslwGsu2bA,4ADeBcc3O4zmTrp60H4O_A,2.0,2020-11-10 20:29:04
y_4Us9aQzEjeLkyvzULcrQ,8MzF1Tlgz0pOkxmhP5dYzA,2.0,2015-07-14 08:39:57
y_4Us9aQzEjeLkyvzULcrQ,aIoUwpy5ZFQXUDxWMnMZ4Q,2.0,2015-12-23 09:51:37
y_P696ItONtTXS3MtqWv4Q,FEXhWNCMkv22qG04E83Qjg,5.0,2018-02-19 06:06:39
y_P696ItONtTXS3MtqWv4Q,RA5E6BDiAzgSmsxdc1A4tw,5.0,2018-02-19 10:21:17
y_cbqNYnIysGLnXJ9UyW_g,-VlBFlHwX-Pt6Xyzs9roGw,4.0,2018-03-16 07:46:36
y_v2Z7w0cF-8Idtb5BnakQ,Hi4AgS-uR-lEOF4oZl546g,4.0,2019-03-23 19:17:06
y_v2Z7w0cF-8Idtb5BnakQ,fgTOJRkc703E4XRdcr5zRA,5.0,2016-12-02 05:50:32
yb5coZxxqLeq3Aweu3ORdA,4wep1OfeJbpz0DvBsoDdVg,1.0,2013-02-27 22:12:48
ybN5igJTmnkFHXU4qseiDA,W9y4JkMqy2dFNwYc3Y5cKQ,5.0,2019-06-05 03:47:51
ybrpTFzyL7_n0j8huvXlVQ,Fok0BLJP0OMxbbl3l6QmZA,5.0,2018-04-17 14:11:52
ycC214sCUlDhftusuh5Z_A,Fj16uG6BNZOq5K8mS2HHiQ,2.0,2018-10-12 17:40:22
ydIdyGQyO8eZe0yqgs0DfA,ww3YJXu5c18aGZXWmm00qg,2.0,2016-11-23 03:27:55
ye7UhG1Ip1Bg8No-S-HHlA,v2Z_d9d2GWCVUTtPg5ucRw,5.0,2008-11-24 20:19:02
yf2D-3A8hgM76BdTBggDiA,CxXYiJBkq9kqsgtdagqVgw,5.0,2011-05-16 02:17:59
yfn0_Hwre2fFgXimJzWbSg,e_MDOxwYA6b8XThonDDI_g,1.0,2011-11-28 05:31:12
yg_jZsZwfbNOGyHjIbksrQ,sTPueJEwcRDj7ZJmG7okYA,2.0,2018-04-02 21:12:31
yggVtSTbiA_9DU5DuxO7DQ,Oh3Q3QfhMl2DArFiLUrT9Q,2.0,2014-07-21 15:04:34
ygxy62YXV_SI0Tn8YL4-Mg,pWuoHHu0LuVrD0HjadDygg,1.0,2014-10-05 22:57:05
yh8_9Ix1wp9dekvyOZbilQ,6RBZfirnzE4NahJTn1UPNA,4.0,2016-11-29 14:57:01
yh8_9Ix1wp9dekvyOZbilQ,OrU9wTeHJSLMwyGqYg4FAA,3.0,2014-05-28 18:30:33
yh8_9Ix1wp9dekvyOZbilQ,kyrqWqmgn65uVa2oTowAGA,4.0,2014-07-22 18:32:15
yhovpO3qCb4QaKT7Xm_rqw,KHe6HAqmyioITwTvg9Bbcg,5.0,2020-01-08 12:17:02
yi9eAPNgnqBGaRQ_Eyz2Aw,CBo-YlPMKs3vdYJQRtuznQ,3.0,2018-11-19 16:12:48
yi9eAPNgnqBGaRQ_Eyz2Aw,OWOOc0YjU_kioLeEgo5VCA,5.0,2018-10-31 15:37:48
yipQxrf1X4gGqC3UKbfPhQ,Oh3Q3QfhMl2DArFiLUrT9Q,1.0,2015-10-15 01:52:00
ylE_w4QR7JCz9cr9ub9l3A,waWvlZPOgPkfSTsnCju4aA,4.0,2019-12-11 01:13:08
ynO2E2xuey8iT_q8y-Dy8Q,-cE9GrThz6HHn2zdpoqY_w,5.0,2017-12-09 00:16:01
ynO2E2xuey8iT_q8y-Dy8Q,4R2KR_-FybS7oegGrXjHVg,5.0,2017-09-19 00:04:06
ynO2E2xuey8iT_q8y-Dy8Q,DIG_4Jkj7YxgK7vha3XO6A,1.0,2017-09-17 02:39:13
ynO2E2xuey8iT_q8y-Dy8Q,fBnki9kkjTfepj0HPiUMGQ,2.0,2017-09-19 00:08:03
ynO2E2xuey8iT_q8y-Dy8Q,vOpVF1Ry7H4AlJ35qAtACQ,4.0,2017-09-18 23:53:23
yolcmtGJMByxHonzKXDnyw,0ZcYZNGb85gscHglo04qSA,4.0,2020-03-08 09:30:21
yon21mgAit4FGUZVWs_yfw,QUEWdnmVCv2Ri8xJATTrIQ,4.0,2013-04-24 16:48:08
yqa2qWN6acpmDuDL3U61UA,n2PM7rljiYFN8HROzdneeQ,5.0,2015-05-29 22:38:25
yrBxqMkCx19SNdd71DpcRA,5VR7HFaGtdTPYZd7nJPd8w,2.0,2021-05-08 02:48:26
yrBxqMkCx19SNdd71DpcRA,eTTssCbD8nmU4sc4M5gqPw,2.0,2019-11-13 03:36:44
yrBxqMkCx19SNdd71DpcRA,o3zL4kvolP3CCAMf9lGE6g,3.0,2019-03-02 21:18:06
yrelbGebYh20L8WsE6KA2A,9wPX6OoUifn9qfKGwrX0xw,5.0,2017-01-28 00:56:42
ysCBsXWPB-LAiewVS3jZfQ,IGna30iAQJa6RMbsv-9tWg,3.0,2012-10-31 06:55:20
ysCBsXWPB-LAiewVS3jZfQ,LkCFcD-5QyNIUnEfO78npw,3.0,2020-10-25 06:59:21
ysCBsXWPB-LAiewVS3jZfQ,Rx5lfHMWkezmQjCfr2ziAw,5.0,2021-05-18 06:59:49
ysCBsXWPB-LAiewVS3jZfQ,f4vbnGoGo3eWorVekctVGQ,5.0,2021-07-13 06:58:17
ysakeAQj9mknDNeO69-FzQ,V5_GSFYasyVDDoRFEmvP2g,5.0,2018-07-20 20:03:42
yseMybSuJeZdmhqROoUVYw,UxNB5QSIiLepKdMHeU0qig,1.0,2014-01-10 01:20:31
ytVf6Ar_QwqFiL08plIfOQ,g-IXI3v3fOudMsyLPKb-eQ,2.0,2018-12-01 20:28:48
ytxZpn61assJBlEjbITo0Q,v2Z_d9d2GWCVUTtPg5ucRw,2.0,2014-08-18 17:49:26
yueKtlxQbGrNBc8utgR8sw,gk3hzKydevLKZ2FVmJdt-A,1.0,2011-07-29 00:23:01
yujZWE_uZn41f5-677Gvjg,LHSTtnW3YHCeUkRDGyJOyw,4.0,2015-03-22 01:18:51
yuoaisepxm6QaBKiBxz6AA,CgiwCrXs3Ggu9eKFPIgjtA,2.0,2014-03-14 19:43:11
yvVqyDOSRPRDnJz6QbkeHQ,Gekeq1c-fuezmx0PSGQvzw,2.0,2016-05-26 00:49:55
ywkQWfrowVHG5vyMNmcHEw,16tjKOvMw_nOgNViq2LwOQ,3.0,2018-10-25 01:58:37
yxrDIW0b823PhQTZ0Q1KcA,L1sWL793cmy_AFcMRzB4GQ,5.0,2015-07-01 01:05:12
yxwkSzB1CNeJHlDvDPpNFA,poruVZH9V5p3u170Pi3iYg,1.0,2014-10-27 07:35:03
yxzs7nfwOYWHyzlLeryjsw,P1rfYX62C_HD4t3TjO41BQ,4.0,2014-09-13 18:31:54
yxzs7nfwOYWHyzlLeryjsw,fi264Jd5ThtqP-QIgzzong,4.0,2014-11-23 18:00:34
yxzs7nfwOYWHyzlLeryjsw,rQyJXOiZ39eRJ2l9OMpw-g,2.0,2014-11-02 02:35:02
yzWz3gHekKx_SLcrvR_VfA,16tjKOvMw_nOgNViq2LwOQ,5.0,2018-02-06 15:54:39
z-6Da_I-wHK5AnXq4Cz_7w,jmtDnQIeTgkjbGgazIJxFw,2.0,2020-03-14 07:59:45
z-yHwiVOV_MRG6gtIeZN9w,qd-36RpoJTypGyvlRpRp2g,5.0,2016-06-15 17:46:47
z02XKjGqJMONH59_lUHlTQ,SGPYov8J5Yl-UTo8Yogl1w,5.0,2017-09-21 13:54:12
z02XKjGqJMONH59_lUHlTQ,sy7ADvpBA7SfHwbY-Y_5gw,5.0,2014-03-02 04:07:24
z03iTOSGVPox3JxAs41yLA,ob5gqlNhg10c7y9aTyvEAQ,2.0,2016-09-08 00:14:51
z03iTOSGVPox3JxAs41yLA,tngXF4K4cojGHn-4PUpBLQ,2.0,2016-09-14 20:15:21
z1xGplZ-5I45wlJqHQ8ilQ,v1Uesklh8DpEufYOhTq4iA,4.0,2020-11-10 10:04:02
z33x0fHD8gutPy5Gv6Hwpw,Reuk1p7ZUrLikUjzv70jYA,5.0,2013-12-30 23:05:28
z393W1wNCBtcM-fNYIv_mw,99e7bysta1myyrQogFEWUQ,5.0,2018-03-30 02:52:14
z4PGsEBwWeeJyDv2zUhjfA,znx1v_c2IPKOXlYAbqFYvg,2.0,2011-05-27 21:36:40
z4RpPl09kAzkSD6y2ZQnDA,LCpHFLUQhVMhfpNngtf_Ew,2.0,2018-02-16 04:08:38
z67oNAZR_uHG84k3Dntckg,cGX-1IUwXOjkUqZbkKYcjw,4.0,2011-03-09 00:43:04
z72G0C2kq0vP1vVX_EU2UQ,_nqrmx5xKLQyrbmjhwiiuA,5.0,2012-03-30 02:22:12
z7kkfKrPNKjK3H6gdFaDUg,wjZwXKDiFBQXlO8-TjQTXA,5.0,2010-03-01 16:55:42
z82TAPsFp5vB1mDp_AKwug,tkY5BJVXxUmP4jsKavkf2g,5.0,2016-02-12 00:23:15
z8ITpOm9mCT9YF1GmRrprQ,ytynqOUb3hjKeJfRj5Tshw,5.0,2018-06-03 23:29:42
z9m5bnhWUlRQZ4dfCQAh9A,pWuoHHu0LuVrD0HjadDygg,2.0,2018-02-23 01:56:06
z9sL9d4kfAiQeGJ1dGmBng,ILvJAuSP0sYWJKAQ-Goh4Q,5.0,2016-03-11 16:16:52
z9sL9d4kfAiQeGJ1dGmBng,r3X75SK37buS94mDls3q_Q,5.0,2016-09-29 16:57:22
z9sL9d4kfAiQeGJ1dGmBng,rgSHLh2Le0Un82FDxbq0mg,4.0,2016-04-01 14:34:46
z9sL9d4kfAiQeGJ1dGmBng,s-Ff-8M5-AR-5jl59lCj1w,2.0,2012-08-02 19:30:39
z9sL9d4kfAiQeGJ1dGmBng,u7_3L1NBWgxhBM_B-cmmnA,3.0,2013-10-10 14:00:37
z9sL9d4kfAiQeGJ1dGmBng,vhDWGF-8BfsxvS7Zo5Wv2w,5.0,2015-02-23 21:24:14
z9sL9d4kfAiQeGJ1dGmBng,vuE1iseFrgNPumUEfHIZZQ,5.0,2016-04-01 14:33:54
z9uH-4RVczgbl5PCripCgw,w2O0CQ_cIeje-5VM77SR0g,5.0,2019-03-01 15:19:19
z9uf9-0uX5Jh8-4Y5l2PQg,TUtOrI_GnVwSuHHTTEN8MA,4.0,2012-04-02 21:49:27
zA6Yo2gM3-3rUtU0tYStFg,pAFtOcz710oLQ-e_J6AIzw,4.0,2018-02-19 08:36:15
zBWSORvlWDmwtcx6627qWQ,36rz3AMPh8ETMJq7cTG2Rw,2.0,2015-10-01 23:07:01
zBWSORvlWDmwtcx6627qWQ,5U6M5mdJ4CMUefBpsIrcSw,4.0,2014-01-12 02:38:08
zBWSORvlWDmwtcx6627qWQ,AUBQPQ8wftMBbP2Q3Lbn0w,1.0,2013-11-10 17:01:05
zBWSORvlWDmwtcx6627qWQ,J-Go00lYW4f4a3lLLtoh_A,4.0,2015-02-27 17:44:25
zBWSORvlWDmwtcx6627qWQ,X4kLBCoQeS-x6zVH7fnOvw,1.0,2015-04-06 20:28:56
zBWSORvlWDmwtcx6627qWQ,gQ5_wcFqhplc9xrnSCt6-Q,5.0,2014-04-22 05:03:47
zBWSORvlWDmwtcx6627qWQ,sGy67CpJctjeCWClWqonjA,2.0,2017-09-11 23:43:25
zBWSORvlWDmwtcx6627qWQ,yjcIKn2T2QY_DjXWACsAFw,5.0,2015-02-03 23:37:06
zCg2mUmicb4Cssv3ScouSw,H-Qs8I6_eJCCbKl-LIVWTA,5.0,2020-05-17 20:25:16
zCg2mUmicb4Cssv3ScouSw,aKOo9Kacq-4Wnsy6ilfdQw,5.0,2020-07-23 05:44:37
zD8v3KrrG_V0IeFU4HOo0A,32It9NN_lVismU9tcuLB0A,1.0,2016-10-14 01:43:17
zDUHJqMoMxHN8SWhDvU1_A,-1XSzguS6XLN-V6MVZMg2A,5.0,2017-02-04 04:04:06
zDmZ3--DU1s-uvbBdgJ-hQ,ymoEdJB5NE56sWw74uyX7A,5.0,2014-01-19 21:47:56
zEBjQm_S26TI1Etpvie9sw,c3QxX3toWdqJnKQmmIliRQ,5.0,2021-08-10 01:47:23
zEBjQm_S26TI1Etpvie9sw,v_AbyvMdKUi_ac4A8nkG-A,3.0,2021-06-02 23:16:18
zElrxzMygGHQr2M6ZlW77w,CPFKi2lZJazP6IdtCdDDyg,5.0,2020-11-20 04:16:38
zElrxzMygGHQr2M6ZlW77w,gndi4-wzu66Mtp4E0zHt7g,1.0,2020-07-23 00:16:01
zF10BKjK4Lz9U_8Yqw28ww,dGUyXgFW1WSYMgRypKaYew,4.0,2014-01-08 21:05:11
zH3dt6CdiHIvmfsDHcqTpA,_nqrmx5xKLQyrbmjhwiiuA,5.0,2014-05-31 15:02:23
zH48y7z57MHwq5yNHUiVxQ,tARGnkAmgliIesQLh8tpBw,1.0,2012-02-25 03:19:20
zHF5lNjKdSJZPJlntsLxAQ,b8a3qRSdA_QMtLIICWoctw,4.0,2019-03-10 09:55:55
zHTRRd150JyLzmyWBzxe9w,eUxD-l-Ddr1iMmzV6prNFw,4.0,2013-10-06 03:07:27
zHWQe2LR1EgRSqvgO-A1ow,W57360g1e7xMGerm7wPW0Q,4.0,2021-10-19 23:05:19
zHWQe2LR1EgRSqvgO-A1ow,_kZXJOn9clP4QqAZVNS8oQ,3.0,2021-10-20 22:56:30
zHWQe2LR1EgRSqvgO-A1ow,_o9-JRHHg4pdXXl-LD3k1w,4.0,2020-05-19 18:20:42
zI4hbgy-8zXGRWAWz1t3mw,Q6BQcgabriKd5wPxvzOIWg,5.0,2016-02-25 02:34:35
zI8ROxJ4IoFMO5FOMK6_1A,KHe6HAqmyioITwTvg9Bbcg,5.0,2015-10-31 06:21:36
zJmk6o7QtpghNzNmCdDfDg,4_W5pstoN1166TGjjPOrMg,4.0,2015-05-04 14:11:55
zKY6NM9CxxWxcY5JJXUB7g,GST3wg-wej15vHeCvaXE6w,4.0,2017-02-22 00:20:54
zM8KwtT47BHfdRPCJWtv7Q,cQIh4YJlVtZI9TLF5_smOg,5.0,2010-04-15 05:15:20
zOpOinxz2oLLQnsCpf535Q,_nqrmx5xKLQyrbmjhwiiuA,5.0,2012-04-04 13:52:41
zOwR2zw-cEUvZ5Y-J2s15A,dBNfyR0RRX-w1SMuYYF3-A,4.0,2011-09-01 02:17:23
zPA3S-3jLnvod7A7tBsT3g,KHe6HAqmyioITwTvg9Bbcg,5.0,2016-10-18 23:21:52
zPNGLvj4kW40pdFRFRXebQ,FryXEasH74MQDnj5Bvz3QA,5.0,2017-02-03 16:57:16
zPPNyikI-w9w9v66aXIikw,6HTGlttrzCMsuGBHO1ZGiw,5.0,2019-12-08 01:53:10
zQ1OJLGeBLGEcnIPzxlCPA,3pamD1Qj7MXrF6dglK_guQ,1.0,2013-09-09 16:05:57
zQT7oLYJcT94GSHcEC_ELQ,3gVSrS4kffGGZT8oXHsIcw,4.0,2010-08-22 11:22:25
zQT7oLYJcT94GSHcEC_ELQ,8kUh6TROemLfbVR_ewVVLg,4.0,2010-09-12 09:40:24
zQT7oLYJcT94GSHcEC_ELQ,wbDRmtxaKRpBOjutvV6TEA,5.0,2010-09-12 10:23:03
zQTEbn5nWGPypxOf2uRPmg,Mr0Ph0NoO7l-r8uXReUOwQ,3.0,2017-01-30 16:24:53
zQTEbn5nWGPypxOf2uRPmg,R_J3B7usj-NDHm_wNFSa0w,5.0,2015-12-20 05:56:10
zQTEbn5nWGPypxOf2uRPmg,VeqkfRUzZAKlQer3npXPdQ,4.0,2015-10-08 02:03:23
zQTEbn5nWGPypxOf2uRPmg,qhsJbgxVNDb0973r3Gjrow,4.0,2017-01-23 12:45:54
zTwwciNRMedBvUS3-_8h6g,kL98j83h3QFUoSBBevCHOw,4.0,2014-06-10 11:55:39
zU3WWmG4KbfiP0ThZM1W5g,znx1v_c2IPKOXlYAbqFYvg,4.0,2010-06-27 13:53:24
zUKeZNu4tCG56xjwWH54Vw,01ikDdFTvc2-YXeyv-YXjg,5.0,2021-08-17 14:13:25
zUKeZNu4tCG56xjwWH54Vw,5L918sNOVHcCJKZ7RWATBw,3.0,2021-08-19 14:38:28
zUKeZNu4tCG56xjwWH54Vw,7D5-a53BLau19RpMu-L3zg,5.0,2021-10-26 17:22:53
zUKeZNu4tCG56xjwWH54Vw,FEXhWNCMkv22qG04E83Qjg,5.0,2021-10-14 13:18:41
zUKeZNu4tCG56xjwWH54Vw,GGFmwJLQrwbI9Ytr7IrLvg,5.0,2018-09-09 23:04:05
zUKeZNu4tCG56xjwWH54Vw,GST3wg-wej15vHeCvaXE6w,5.0,2019-08-28 19:53:46
zUKeZNu4tCG56xjwWH54Vw,GXFMD0Z4jEVZBCsbPf4CTQ,4.0,2018-08-22 16:42:26
zUKeZNu4tCG56xjwWH54Vw,Nvy1jETQItFjG0oyjpGk7w,5.0,2021-08-22 18:02:49
zUKeZNu4tCG56xjwWH54Vw,RQAF6a0akMiot5lZZnMNNw,5.0,2020-09-03 09:18:00
zUKeZNu4tCG56xjwWH54Vw,tIvfmgT1qMeAEQf8CI5fPQ,4.0,2018-08-30 00:59:14
zUKeZNu4tCG56xjwWH54Vw,u7_3L1NBWgxhBM_B-cmmnA,5.0,2018-06-22 01:24:18
zUk_Ww2q1At1QSyRbUjIGQ,8Vu3Iagcby29cZIijIk4Ng,5.0,2015-11-04 01:02:15
zUk_Ww2q1At1QSyRbUjIGQ,qwmlqH4blnTNTFDhUaCBXw,5.0,2015-11-29 20:31:20
zVDvRNhEsgzlt7NLdfbT9Q,inpHHalmEPkTMBg9yOWfLg,1.0,2018-09-17 08:11:35
zWC1npRbmWO2bZRt2fYgfw,cuYMRqzehT24XJk-YSrExw,4.0,2012-06-21 01:44:00
zWC1npRbmWO2bZRt2fYgfw,fgTOJRkc703E4XRdcr5zRA,5.0,2015-12-03 13:49:39
zYFGMy1_thjMnvQLX6JNBw,-5UQGwUZWUhPi5pJlcwEYA,4.0,2015-12-01 17:41:12
zYFGMy1_thjMnvQLX6JNBw,14Mth2EHCYDRDfJ0ngsWfg,5.0,2019-10-16 18:37:24
zYFGMy1_thjMnvQLX6JNBw,8zJYnVNKD7XUHaKFMMREBg,5.0,2019-05-16 22:57:41
zYFGMy1_thjMnvQLX6JNBw,9C27gYO2tbthNOier8bHzw,4.0,2018-12-19 08:21:18
zYFGMy1_thjMnvQLX6JNBw,BUPtFEuzN1KeB4erBi-ivA,4.0,2015-10-05 20:28:09
zYFGMy1_thjMnvQLX6JNBw,CBrD7r4PTCAKc7sP_WsXmw,4.0,2019-08-30 19:54:01
zYFGMy1_thjMnvQLX6JNBw,E97-OARDmnrwzdM0BR8eMA,4.0,2021-01-04 23:57:42
zYFGMy1_thjMnvQLX6JNBw,HKWPTSCQh44dntbib9kLSw,4.0,2019-10-13 01:58:30
zYFGMy1_thjMnvQLX6JNBw,KOkkX1YK0kRuxysrwsUD7w,5.0,2019-10-31 18:09:35
zYFGMy1_thjMnvQLX6JNBw,LqF5QiIm89Ea9wtc0cdPCA,4.0,2019-11-04 21:56:57
zYFGMy1_thjMnvQLX6JNBw,My9NAWShKtNqBYw7200qOw,4.0,2019-03-26 18:17:30
zYFGMy1_thjMnvQLX6JNBw,PP650SbpMnbHB75tJ45yqQ,4.0,2019-11-19 23:00:04
zYFGMy1_thjMnvQLX6JNBw,Pb2NJY44_R90Eum-qMBDGA,4.0,2019-03-18 17:11:21
zYFGMy1_thjMnvQLX6JNBw,RQ65XYhp_FEZq0xaCkbFUw,4.0,2019-02-24 00:49:04
zYFGMy1_thjMnvQLX6JNBw,VfpjD7k3RXz7wvULxORQjg,4.0,2019-06-07 13:29:51
zYFGMy1_thjMnvQLX6JNBw,aREOVt958pzJsuNmX1-LUQ,4.0,2021-02-02 00:10:15
zYFGMy1_thjMnvQLX6JNBw,dP5k-Plsiw9dn9h9Y1oWNA,4.0,2019-03-09 23:50:36
zYFGMy1_thjMnvQLX6JNBw,en9sRChY9wYY9DoRioodNg,4.0,2019-10-11 00:50:07
zYFGMy1_thjMnvQLX6JNBw,hOVphvLElFBXKDArFRgUvQ,4.0,2019-08-08 16:17:34
zYFGMy1_thjMnvQLX6JNBw,kfqgGm2hJUj4NXEkkk1qIA,5.0,2019-09-06 20:31:58
zYFGMy1_thjMnvQLX6JNBw,mSQ6nIPfqviBF8xIuhsJ7A,5.0,2019-10-27 02:48:38
zYFGMy1_thjMnvQLX6JNBw,tTAb4vrTgcmm0eLC8qy3qw,4.0,2019-01-09 21:12:52
zYFGMy1_thjMnvQLX6JNBw,wtnxz8f51VY81Ng8rr_8Dg,4.0,2021-02-25 00:44:19
zYFGMy1_thjMnvQLX6JNBw,zobY3ws9R2pgbcP0gOImcg,4.0,2019-01-19 17:24:53
zYlTuY9teqQOrrZq1pXcxw,EagkHaaC-kUozD3MPzbRIw,4.0,2014-02-24 16:33:15
zYlTuY9teqQOrrZq1pXcxw,VVH6k9-ycttH3TV_lk5WfQ,4.0,2013-05-30 15:37:18
zYtlZo1al5gHMRQviGFDgA,Mr7Aov2n7wPCpwaUxk8lCw,5.0,2015-09-10 13:29:27
zYtlZo1al5gHMRQviGFDgA,PP3BBaVxZLcJU54uP_wL6Q,3.0,2018-01-30 01:33:49
zZ3pU5MvoaEffde-W9ox8Q,HoKH4Rk7wHfVT-60aYIYwA,2.0,2015-07-02 20:49:29
zZNYjra9tmQgs6HKEaNEqg,9ruUYAz35q6mgUpxb5zZhg,1.0,2014-07-20 19:29:47
z_F6O5y8WNZJ8Q1cQDCaYQ,Oh3Q3QfhMl2DArFiLUrT9Q,1.0,2012-02-19 04:19:22
z_ctrYjBPcJ1vNOwwb2IJA,lPx8jUBfK1K6u3UgowU5mg,1.0,2020-08-16 20:53:13
zbu4Qi4_VeQ953xdU0xJ7w,uJZgom8HpK74xz8IojpT0A,1.0,2015-06-25 01:49:18
zcnyWBLtiRqRjjHDe0-rNw,-UJ7ZTb3zfmqZogmy3fnGg,1.0,2011-01-03 22:57:03
zdXDHs2QYYIWxAWLcYJriA,035gK3ASKDns-ojUSnV4IA,5.0,2019-03-07 18:30:37
zeYgNwd_zKe9vKe44uUzVw,XwElaqpvIW70qJVCqpVubw,2.0,2012-12-10 16:33:35
zeYks9Pe8szlwiWWeyZ29A,JvawJ9bSr22xn4R9oLvl_w,2.0,2018-04-13 18:08:00
zeYks9Pe8szlwiWWeyZ29A,LlGHv3iqPsLc2clOwE8qug,5.0,2017-08-01 13:51:54
zeYks9Pe8szlwiWWeyZ29A,g04aAvgol7IW8buqSbT4xA,5.0,2018-04-13 17:52:56
zeqUuJ8duQmrdodYy9pz7g,J8S7cPPlTgsQnXKVfTyN8g,1.0,2012-06-12 13:02:21
zf44yYwB3_RGsplScQPiIg,bsUZVF1WNrrwXvkAhoKRaQ,3.0,2019-03-16 02:57:48
zg868OaUB7y8eowPiyKkZQ,MgJ_P-xlnTorvkW7l7fXKg,5.0,2018-04-29 15:25:43
zgFpxIm2_I86lhtHOdmjsQ,EYs_T4NU2BbaUF7vUDI55Q,2.0,2018-05-21 22:49:43
zgOp2LnpN1d1ETzssrypww,7gtWQMLOEwCxh1I5j6uB4g,5.0,2016-08-07 03:02:25
zjtQJ8eYWVedJpWB2sFB2g,zTIOa5RufkL3NNKXwrBKLQ,4.0,2014-01-12 03:13:48
zkBYYlKVXQcCwyQKiEuouw,64Rl3pT4Md4-8ckeaNVZCQ,5.0,2015-06-23 19:31:21
zkQi7B9b-yFbF8k2XSnDHQ,93UD654AB6IzMPFlQgwfOg,5.0,2020-06-26 15:34:30
zkQi7B9b-yFbF8k2XSnDHQ,FEXhWNCMkv22qG04E83Qjg,5.0,2020-01-14 17:56:18
zkQi7B9b-yFbF8k2XSnDHQ,SZDWdgb6tgskSlFolkzEdw,5.0,2019-07-19 22:50:55
zkQi7B9b-yFbF8k2XSnDHQ,VVH6k9-ycttH3TV_lk5WfQ,5.0,2019-01-27 13:24:47
zkQi7B9b-yFbF8k2XSnDHQ,VaO-VW3e1kARkU9bP1E7Fw,3.0,2020-01-24 16:50:59
zkQi7B9b-yFbF8k2XSnDHQ,YLZ6XqKo-cixzMtNMHKEvw,5.0,2018-04-08 16:40:37
zkQi7B9b-yFbF8k2XSnDHQ,dJ4jKcCq6tWTFIfIOjBtzw,5.0,2018-01-02 23:40:28
zkQi7B9b-yFbF8k2XSnDHQ,g04aAvgol7IW8buqSbT4xA,4.0,2019-02-19 22:05:35
zkQi7B9b-yFbF8k2XSnDHQ,kBgiy6ulQRiATWFPZjTPKA,5.0,2019-04-07 23:58:21
zl75qAtJr_RheU3d4D8GgQ,2KIDQyTh-HzLxOUEDqtDBg,5.0,2019-10-16 18:00:36
zmFxHhhdYdtciny8ueB2Zw,Icu-z8o386uHuj0bB345Cg,1.0,2017-01-29 16:45:15
znJdrKZVvLEUnpur9hQLVw,KHe6HAqmyioITwTvg9Bbcg,4.0,2020-01-13 00:41:11
zo5yKFeETsG2wGUAAMcA_w,sCkBUXw-GrMvRRxcun-Alg,5.0,2021-01-05 13:06:58
zoGE1LBC3NZlGkNNFPEDxA,yGH9V9WTNGSZ6AHOW3kH-w,5.0,2015-10-26 16:45:43
zoS5f0JWThXQnpkxzzUUhQ,zujdPV3HT-Y-CKE1GgkMHQ,5.0,2020-12-04 18:54:23
zotktGNVftpcEr3XoSIh7Q,PM_WuWyoqrKf20vYcD6ihQ,5.0,2013-01-24 22:32:50
zpwZhX3irtEXofOrb5Wwaw,aoBQW6IKzgE-Hst2r_oAEg,2.0,2010-08-25 03:05:58
zqBVpjYsqiALZZJQsm_PiQ,4KscCdMdkfSZZOn1qQOxzA,4.0,2020-10-17 01:34:34
zqBVpjYsqiALZZJQsm_PiQ,7Cecref3HqLLpVLhMB1oTQ,3.0,2020-07-05 02:05:03
zqBVpjYsqiALZZJQsm_PiQ,EVmCBFlY0Hy_62bDRizmGA,3.0,2020-06-14 02:28:48
zqBVpjYsqiALZZJQsm_PiQ,EurtMI6FITq7KHmmO94pnA,2.0,2021-01-31 03:30:26
zqBVpjYsqiALZZJQsm_PiQ,Pud2rnFwby48KD1qSaAAXg,5.0,2019-08-16 23:26:11
zqBVpjYsqiALZZJQsm_PiQ,UGebrYgNZrMzbGbcI01JWA,4.0,2021-01-30 22:19:19
zqBVpjYsqiALZZJQsm_PiQ,dKLfvJaR-dCk84TCdTMWnA,4.0,2021-01-03 21:29:51
zqBVpjYsqiALZZJQsm_PiQ,tMUA2eajVUqrU8tdA-DvnA,5.0,2019-02-17 00:41:42
zr9iRYJCXhAStphyiEdHww,WOdqMURCc0CHXUllPZwpqQ,1.0,2016-03-13 01:06:40
zu-e06_BM_TdkAZEKMrIww,CYSPKiVdoPX3erovujnE9Q,5.0,2017-11-16 01:25:21
zu-e06_BM_TdkAZEKMrIww,Y0I8efE0ryP1--p4NK_rbA,2.0,2014-09-04 03:53:34
zu-e06_BM_TdkAZEKMrIww,eAzeb04i354i6VZFI4bJRQ,5.0,2017-11-11 04:37:26
zu-e06_BM_TdkAZEKMrIww,jS3affmkXWrBnidXA-DIfQ,5.0,2017-04-04 16:19:44
zu-e06_BM_TdkAZEKMrIww,trwHwsXOVV-ZmF-MtP98BA,5.0,2015-01-13 04:34:13
zvErr7jFcjp4Gi-gYeMoXw,0jpFptAehZhLl3nkhHDanA,2.0,2013-11-25 22:20:22
zvQ7B3KZuFOX7pYLsOxhpA,6Ty-KKWq6hLZYW8DWEHYvg,5.0,2017-10-23 04:06:46
zvQ7B3KZuFOX7pYLsOxhpA,A2q7d-CBM2-81tVkmS4JMw,5.0,2017-03-08 04:14:25
zvQ7B3KZuFOX7pYLsOxhpA,FEXhWNCMkv22qG04E83Qjg,5.0,2020-08-17 04:04:04
zvQ7B3KZuFOX7pYLsOxhpA,RRGLss4hhvZZuR0N6GQlSw,4.0,2019-07-31 18:35:37
zvQ7B3KZuFOX7pYLsOxhpA,uEv1I-0r82Krj4eEysjC4A,5.0,2019-07-31 18:49:55
zvQ7B3KZuFOX7pYLsOxhpA,ww3YJXu5c18aGZXWmm00qg,5.0,2017-10-19 05:55:00
zvQ7B3KZuFOX7pYLsOxhpA,zTIOa5RufkL3NNKXwrBKLQ,3.0,2017-03-08 04:29:18
zwJ0JCd6onxHPyywDrTLtg,Fok0BLJP0OMxbbl3l6QmZA,5.0,2015-10-16 19:00:15
zx4c7K-1eBSvEmUg7zqiZQ,HDnaNdHEZpQMYXo-ZHHG9g,5.0,2009-10-13 01:59:57
zxNtaKTMzZzum8ek2v4UXg,-jkc-0YYvwkBaNnNyiUHNg,5.0,2017-03-13 06:32:48
zy4NqQpPWNRftutQEhVb1g,Ci1PRoUcsNGbwTib3_vV7A,3.0,2011-02-07 22:50:06
zyvxtbh5eJ86bVgk52Yflg,FryXEasH74MQDnj5Bvz3QA,5.0,2013-12-24 20:26:10
zyvxtbh5eJ86bVgk52Yflg,UiRc8q_KiEeFuWNjuovqxA,4.0,2015-06-19 01:46:22
zzZTbKRe1B3VwIajVhIOaw,dgyKoIYEYrmRK_hktWBZdA,1.0,2020-01-16 15:10:28
