用户ID,用户名,用户评论数,注册时间,用户平均评分
qVc8ODYU5SZjKXVBgXdI7w,Walker,585,2007-01-25 16:47:26,3.91
j14WgRoU_-2ZE1aw1dXrJg,Daniel,4333,2009-01-25 04:35:42,3.74
q_QQ5kBBwlCcbL1s4NVK3g,Jane,1221,2005-03-14 20:26:35,3.85
MGPQVLsODMm9ZtYQW-g_OA,Jelena,1807,2008-01-19 22:50:00,4.06
RgDVC3ZUBqpEe6Y1kPhIpw,Monica,1282,2009-02-23 14:08:31,4.17
VHdY6oG2JPVNjihWhOooAQ,Jessica,2101,2005-07-21 01:16:04,4.22
K7thO1n-vZ9PFYiC7nTR2w,Yelper,1554,2007-12-26 23:05:41,3.68
uVtkixXCP7LXRpC1EedGpA,Paulina,77,2011-03-08 03:00:03,3.91
3zxy3LVBV3ttxoYbY4rQ8A,Farrah,2073,2008-05-12 09:13:06,3.95
FlhZYUEhfpfm0Ynxacftwg,Kate,94,2010-07-18 11:33:39,4.1
gRL9s6ENxV1qermRYDWjPQ,Moira,182,2010-08-18 05:34:05,3.8
0G-QF457q_0Z_jKqh6xWiA,Joi,2009,2008-03-12 19:13:45,4.1
ITa3vh5ERI90G_WP4SmGUQ,Peter,3193,2008-05-06 01:30:13,4.01
bCsS9EJOBTIxRGiqixB5rw,Tiffany,46,2010-10-14 22:55:15,3.08
8Akq8sh1LSmJbqa6Jjxxqg,Todd,376,2009-01-15 16:40:06,3.5
xHzU9LKwxGHq7BNPA16gog,Bill,48,2010-11-16 20:23:59,3.17
0kSXMbNFo7mdwTPj4iQv9A,Archie,1022,2008-11-25 08:46:24,2.98
jhuCv6dzRQ6a_kEaDvcrTA,Anna,388,2007-06-09 18:24:56,3.98
Z2pXm4f-2O5ZpMUmXuYK0Q,Michelle,183,2008-10-27 15:16:11,3.65
8ZryN_S-n48g6rsa3W3QtQ,Dani,2934,2008-10-27 21:47:03,3.39
UJEjJgi1xpmLR4b3J8fn2Q,Ken,341,2010-03-13 15:10:08,3.65
4PE0tDvV9Lo8VW8kDW1SFQ,Chris,113,2006-08-10 03:37:38,4.54
v9VCObZVWhOPdm1rKt8Dvg,Jonathan,258,2010-06-05 16:44:22,3.87
JITevzyEgskIJc6sgOyEgw,Kristin Marie,645,2008-02-11 19:45:49,3.89
drui1iMt-TPzJiSkQp5CtA,Felicia,212,2007-08-02 21:41:41,4.15
YWFbTcVnun8i03XnEU7kVg,Craig,762,2008-10-30 23:49:18,4.43
Ve0LUwcrzxL7w0RYgY4Aaw,Katy,1987,2008-08-22 16:38:41,4.2
m07sy7eLtOjVdZ8oN9JKag,Ed,5800,2006-07-22 01:22:26,3.71
s5o6DQgvrnmJlbw2IDM9zQ,Jenn,29,2008-07-29 22:48:12,4.09
ci7Q6NvXQ8UZrBHusVX18g,Gary,1289,2009-11-18 00:02:02,3.27
Js4nQlGRjS1Bd5vsAQQfgA,Tom,396,2008-03-31 01:11:13,4.43
HYQoxBC1y1DGPq6pGP09Tw,Matt,1999,2006-06-20 04:28:15,3.74
eTvp_hYnsrI5-ow_sQ31_g,Patt,1028,2010-07-13 15:42:03,4.05
1sGYXSkJHPhJ6wQtc-RbZw,Kimberly,820,2009-07-12 01:03:14,3.85
Qa2NoSc6DphQArihBgY9Gg,Brooke,1030,2007-05-28 19:12:41,2.94
in672plSIGcbOj2q5moYwg,Cricket,212,2010-09-19 07:20:27,3.88
OgYi5x02MBukfxPNFe1ePg,Colleen,1516,2009-09-17 13:53:53,3.84
J-urqhA-tYOqvwtxjkJfIA,Emily,35,2009-05-18 13:25:55,3.94
2XKlUjHGk9z-2ckFMcBEHw,Sheena,731,2012-05-06 16:17:55,3.95
2YKkLFeOx-0zRcWp0KUv_Q,Mark,564,2010-06-07 21:08:02,3.69
y5qEpAfJQaOjjG8ZJWrp6w,Jill,333,2007-03-24 15:47:23,4.23
M9puGD3VU5FuhE60HklCvg,Ruth,2400,2006-11-12 23:50:50,3.22
lf1m4CbheuUR7fFZoLGRvA,Rick,1126,2007-11-18 20:40:12,3.86
GG0mFsEXb-02_dzFPqRV1Q,Mandy,754,2011-08-30 13:46:26,3.46
y9WhhW724xLQ4p_lGQCQkA,Timothy,341,2009-05-22 01:32:07,3.36
H4Q_w39G5uBIkHUseMKhpg,Patrick,46,2010-03-18 15:06:41,3.96
YUFqbfAePA8tgT2zE2y4xQ,Annie,191,2008-04-10 02:46:54,3.78
5BpJEC8YVi80ecWT5CtlfQ,Jenny,2739,2008-09-11 01:51:00,3.62
3WSgEXBS9SQkLg37rF9G3g,S,460,2010-02-05 04:50:43,3.7
WWnhqRnWWjutMqh-2SzEuQ,Steph,3960,2008-07-09 06:30:28,4.23
2OLohmwFrl8ru4w1mUXtyw,Connie,371,2006-08-31 19:22:24,3.85
xyad5PXaHTdKrdNClXbMqQ,Christina,138,2009-01-28 02:15:26,3.08
HFECrzYDpgbS5EmTBtj2zQ,Eric,5887,2007-03-28 19:08:35,3.94
NNyr4wknApjc5nF9QOO2Mg,Melissa,186,2009-08-27 17:14:44,4.32
RmXIjppHNtVveguN10iO1g,Kevin,1356,2006-12-29 17:34:37,3.79
UKSw9kfoBfdatSMUl-jGnA,E,495,2006-03-12 17:04:39,3.56
FlXBpK_YZxLo27jcMdII1w,Mallory,1158,2011-02-21 20:33:35,4.02
lT0jFHCIloX3bnF5eu0ERg,Mikey,262,2009-09-28 15:42:26,3.96
3hANLGwpP5tXgHOes2XheA,Kimmi,282,2011-05-16 12:22:50,3.95
GmQR50bIII7gDNRYEgfXfA,Tiffany,1770,2009-04-23 03:02:03,4.17
rcU7ysY41qGppbw4pQgjqg,Damien,2057,2007-06-30 12:28:20,3.87
yU9VHS_AuXUKbdrzcoDTNg,Jillian,150,2009-07-22 07:26:29,3.94
o4tYl3Hz0oDfpNn4k02DCw,Sandy,1708,2010-01-20 16:22:09,4.01
JiUmz7l4rNz4-YmOj13i9g,Vicky,808,2007-12-27 18:26:42,3.79
ZIOCmdFaMIF56FR-nWr_2A,Randy,3315,2011-01-07 15:20:32,3.77
afPIUwUh0C_lgHvt77cneg,Adrienne,1000,2008-08-11 19:08:23,4.23
IDVFG1pNSHIHoVuoLuZpcQ,Andy,1593,2008-01-02 01:21:36,3.93
NVndhVfffw7ScRKviRdRYw,Sam,757,2009-01-25 10:05:04,3.93
sVr6_v-lwixu3VREOO9XpA,Aditya,404,2007-06-08 12:12:35,3.76
nBdv5Br4G8pDWXXqSXhUug,Holly,230,2009-01-24 19:48:04,3.98
g0_x4kVvJAYuk96oCcbOmw,Michael,455,2009-04-15 12:46:06,3.38
6Mv-qMJyxSokCu8YFM1o0A,Jason,202,2009-10-04 17:59:02,3.57
xTGpw0x5EUj11YFhwr6m2A,Jim,1303,2008-11-03 16:38:03,3.38
PLCijWEcAk74aiYxHb_tYA,Roland,658,2010-04-08 20:42:38,3.74
vScaSrM91Z43ypSR9VfKGg,Sophia,205,2010-11-04 03:23:05,3.67
g5qD10shooDJEPjt6miMrw,Lyn,1141,2007-06-30 21:55:42,3.6
_BcWyKQL16ndpBdggh2kNA,Karen,4274,2008-05-29 12:29:54,3.69
-NbeVN5tnwdyYAvdNkKMjw,Dominic,1101,2012-04-25 19:31:00,3.75
cbkk25sZbZZm_YFNZA-x2w,Smart,65,2008-06-06 04:38:13,2.46
w-w-k-QXosIKQ8HQVwU6IQ,Anthony,2741,2009-03-13 21:18:34,3.24
HZRfI9weev2Vr_w0jPF8-Q,Martha,208,2008-03-17 04:28:39,3.47
C7d80zl-Dp0juu3mwBoiPA,Jim,6,2011-02-14 00:24:42,4.67
kaHmTcEoVS3oQvfJfDe8kg,Collin,198,2011-04-07 03:02:03,4.13
73kIryVqqekf3-mlBd4ocQ,Hilary,160,2010-12-23 00:01:27,3.8
ET3TgSSQ3shm2mj5vZ8IVQ,Sara,297,2007-12-26 21:22:36,4.06
_WSEZA4e9KyxF1UBkf7HOw,Ryan,472,2009-03-05 22:29:43,3.96
h0Jn9rkacf3tGw5BeZMHWA,Ramona,185,2009-03-24 22:44:15,3.49
iZpzJ9k4dDgBjuC27MbjvQ,Lindsay,344,2011-01-05 20:46:28,4.13
EIt66bYmFr_2kbs5qsL-0Q,Bee,588,2008-06-30 17:59:48,3.6
F_5_UNX-wrAFCXuAkBZRDw,Rodney,1237,2008-11-17 06:15:22,4.09
gGuAM6Cw1VXJGLssm24ehA,Tiff,824,2009-03-04 14:41:44,3.27
gW-UD-NJ03CKXfqJ_E3wRQ,Erica,63,2010-04-10 03:28:36,3.99
JnGtgOPpkjyWOvWM0SYEXg,Hen,3614,2006-03-29 18:19:32,3.37
xxL-DwwdT5VGvss9mCzOGg,Adam,1888,2012-06-03 11:17:06,3.82
y3Wtx1pOvTiqsJRkjceXiw,Catherine,371,2008-12-15 23:29:58,3.39
o5STsEtfvD1Ig0J7Z-1uxA,Alex,2469,2009-06-15 22:35:02,4.17
Z0yHptbS93271s_h6LJOMw,Alice,1435,2008-05-23 03:38:19,3.32
HuoP7ejN-LSwkO1UIgmtaw,Andy,342,2008-04-20 16:55:31,3.86
ahnaBpvC29I66u_6JRzQFw,Staci,54,2009-02-10 19:03:42,3.41
p4UcEYTLJyh96o1R8wrJaQ,Claudia,1466,2010-07-06 18:51:49,3.86
Xw7ZjaGfr0WNVt6s_5KZfA,Marielle,2272,2010-12-22 09:41:56,4.1
pou3BbKsIozfH50rxmnMew,Brett,2812,2012-01-11 17:19:55,4.28
Er_1k4cl0VwKz9tfIn-FBw,Lynn,508,2010-05-26 17:09:41,4.37
TES0PPhg-9jaFj9v28M0cw,Lisa,212,2007-07-28 22:22:09,3.78
OXlfFHsM15JYh_lvat2w2w,Lor,439,2010-11-27 18:24:30,3.89
rMsB82tk9uOB6JumPMgczg,Brett,603,2007-08-03 01:52:10,3.83
wEE-YMx5pmSuagLtNxMPKA,Stephanie,2000,2007-08-16 13:41:49,3.85
-8PU0Z4Q2Nc-sY0eBj4DiQ,David,126,2011-07-20 14:26:49,4.5
BPZEAoU0sB6CFGusTErUuA,Vince,1995,2010-08-22 07:08:32,3.78
LF7Be6qpZvTZ9FY4D5GoEw,Jason,450,2011-06-24 17:40:35,3.34
4P8qDuDy3C8s6Rkm5wEI4Q,David,149,2008-02-27 01:18:23,3.71
2bHSZhM0huV8LRh3YHaOSQ,Jennifer,1827,2006-03-08 17:56:29,3.6
AXIg6GNmjRGrYrg2FP5dwA,Phil,40,2008-07-12 18:08:28,4.4
SDytcPY5fiuuDbTkPE8GyA,Pinky And The,1465,2008-01-26 21:49:15,3.54
VfcceTxKiBq4xaeZFywRQg,Michelle,11,2008-07-08 19:17:02,3.27
Rb1yFgZWNnoTmf9nPAgalw,Honey,231,2007-09-25 01:24:38,3.65
tZA9Uztmj69tgvlHiiMKsg,Chelsea,1124,2009-12-31 21:59:20,3.99
4kKngcDGjuzo18pxx5jHog,Amanda,409,2007-06-20 20:27:48,3.85
0Igx-a1wAstiBDerGxXk2A,Jen,2733,2009-01-14 18:31:29,4.06
Kj-u8Yq1d3mLKitWsDAxpg,DJ,793,2008-04-22 21:44:02,3.58
ZZPaQmmnEiL1fyN-4qtvJg,Joseph,206,2008-07-13 16:33:50,3.9
7Z3QZnc9CFRH_bPRGN-Oiw,Suzanne,323,2009-07-23 16:00:08,3.42
p5eKzfGUZ7duXbDM0AM5bA,J,843,2006-11-03 05:49:39,3.91
6WG2IGTVr-xKn0pYQZJGjw,Felicia,323,2008-02-02 03:37:15,4.19
nj3syiLs3lABLtPVyL0ivA,Javier,1986,2008-03-05 08:15:58,3.77
sEEGucq7vg0_yT25miGmsA,Charles,50,2010-05-04 04:15:12,4.06
DDcg8gaCLBU7uvh_iGJwAg,Katie,66,2009-04-09 13:49:45,3.88
37HswRimgBEf7_US-c3CDA,Adrienne,2619,2007-02-21 02:31:17,4.0
V29HZxa2FS06KqsAfrSIHQ,Craig,129,2007-06-15 17:13:55,3.63
XwbnUSJeDscLDGfe4A1x3Q,mike,436,2006-08-13 03:32:13,3.12
UlWDGR0QrBbdFsVY6ugocw,Aimee,885,2010-04-29 14:32:53,4.24
lMl3gDOuKT7hmlkwJ8it5A,Paige,321,2010-08-03 19:12:40,4.09
EP8o8JnQSI0WEkeodwA8lA,Bobby,613,2010-04-09 22:16:16,2.77
eLHsnsI2YDuGwIdFqYFhnA,Dan,649,2008-07-23 19:00:30,3.89
mKBl4fAqTfNts7B78aOPVg,Dave,752,2009-10-11 04:00:50,3.68
005GchcM1HWBH3SFKrIxBA,Naomi,420,2011-10-15 21:42:17,4.04
2--3--v8yHU3a3FljCcBRg,William,189,2007-07-16 01:05:35,3.89
knyL5Q53vbgGmEBQLPLxVQ,Joshua,227,2010-12-27 21:32:43,3.53
rt3MZtOmwB0hohjILz45DQ,Ashley,388,2008-11-23 02:55:07,4.06
qUGMYSGV24KD8QFCdGGIlQ,Alysia,647,2008-06-11 16:55:38,3.81
IEvHRP2gZcRSlWsKFdj3nA,Erin,71,2010-04-24 21:07:39,3.67
AiIISHAAp5I1PF5fClkmMw,Ted,24,2008-11-24 22:18:05,4.17
qTMK2qr6ngof4fe29qyooA,Allison,254,2010-02-28 19:04:59,3.53
VVNj3hSE8drWCu8xUXH05Q,Lyrad,192,2011-08-14 20:59:33,4.16
q76sFjjZr3QhUzsA8N1jmg,Ryan,94,2008-03-25 22:51:02,4.15
FVndKRU3IidTvAhOtIKlvw,Samantha,105,2008-08-31 16:03:04,3.79
cHZhssS9U7FXOsxUDISNVQ,Jason,315,2008-09-07 07:50:52,3.32
snfg5hrEoUVYwkD4IcKeuw,Christina,75,2008-12-30 17:20:18,4.17
g35P2UgyRK1ercs6rVkN1Q,Seve',244,2007-08-15 15:49:52,3.59
m-n_AHwndmHAgZIsu52kYA,Tracy,689,2007-12-30 08:55:20,4.04
YttDgOC9AlM4HcAlDsbB2A,Phil,4478,2009-09-02 15:30:08,3.57
KXYRjdlgg-Gw7mwF22ZAJg,Dennis,450,2008-04-24 19:14:19,3.83
27wY36k_bVHmEbKoLkh1wg,Anne,397,2009-10-07 15:20:57,3.82
Pf7FI0OukC_CEcCz0ZxoUw,Don,2403,2007-07-10 21:19:17,3.93
LcBZt_bpU5CqwtDJwB3OCg,Lily,509,2009-01-01 07:28:52,3.36
xqvAeGXOtCKd5z3b7kUauA,Kathi,269,2009-05-16 22:48:53,3.45
v_7lmS6pGGkq6n0X9EljIQ,Belly,1118,2009-10-15 15:57:38,3.61
aGI_wfhcJ86DJ-67Lkty8g,Di,435,2009-12-22 21:48:20,3.72
s8nkbQAlrVPfg1u4anGKtw,Kelly,1556,2009-03-09 23:51:27,3.95
84HvpQDxcHWmbMDfs8IEYw,Chrissy,534,2007-05-16 18:41:55,3.56
zQT7oLYJcT94GSHcEC_ELQ,David,38,2009-09-17 21:02:58,3.64
hDRGivuKGsWEMSLvAMxyOw,Richard,510,2010-11-29 18:21:04,3.99
MGqAAAAv1bCLybzsAZo6cA,F,372,2008-04-11 12:56:12,3.4
Lu8y2ayxVlAzuJEVfVcH4w,Rebekah,2482,2007-07-31 18:56:16,4.23
CFyvX-AZh6cunAMu_zoF_w,Rosalie,173,2009-03-30 04:58:32,3.6
E2RmKWGpVIk1u-cO-ajUGA,Akshay,127,2009-07-17 19:57:11,4.5
TUR21jv1-_GCwmeO3ouOBg,Sam,362,2009-07-11 06:06:23,4.02
OrnQ04JCGie8Q2ymFF97FA,Michael,1081,2010-01-11 20:36:35,3.93
w0Eb3PnZFiyQdWqXYKnx3A,Schuyler,510,2009-11-22 04:25:04,3.98
nnImk681KaRqUVHlSfZjGQ,Carlos,1107,2006-07-18 20:46:04,3.96
QuZbJquRtbY9O9JrB9NpxQ,Jim,1732,2007-07-07 11:46:47,3.63
_OOCtlUhIp94w3wZf8-6cA,Joseph,54,2008-08-14 18:09:16,3.63
KxGeqg5ccByhaZfQRI4Nnw,Ken,966,2010-05-02 19:28:22,4.04
7Swyec_XWQUSuPWDdfMiug,Brian,73,2008-12-31 16:42:13,3.91
_JzvB98ppovharKXQ0B0TQ,Jen,41,2009-08-24 21:13:55,4.44
AbMjnKOwg736fcIu8apuyQ,Michael,3133,2010-05-16 19:27:37,3.69
3CwMwbY9UgP-qvTDxNs_0g,Michele,1374,2009-07-29 19:31:49,3.82
0du93EkEwKuxRG_x6hqVUg,Lyndi,208,2011-03-21 19:41:42,4.1
JTqQ9C9S2Qc8_aHtO1965g,Ann,488,2007-11-14 14:28:12,3.59
ALWSjow1qxW4SFFZ0ZNB6Q,Jeremy,94,2008-08-19 15:55:01,3.72
DwIetk5y9m6AypCjPux6RQ,Maria,233,2011-11-28 15:50:41,4.24
D4un9kv2gb3jaPDS7NMELg,Amanda,398,2009-08-20 04:20:24,3.77
ic5a0ViLmWRHBQ0RpyicEg,Amanda,90,2011-02-18 07:14:45,3.71
Qaye2ONLtDqIdFpuLqq77A,Taj,289,2008-06-22 20:19:33,3.96
4hj-rUKdY20Un_h37RptjQ,Jeff,532,2007-08-22 20:19:36,3.28
Oi1qbcz2m2SnwUeztGYcnQ,Steven,1371,2010-03-19 16:40:37,3.62
x1_sp_rHxZtI8VLX_IF5cw,Lulu,72,2010-08-25 03:02:32,3.42
mjOKUSdIqxFPSYMB-MmS9g,Greshka,1176,2007-09-13 17:02:42,4.21
z33x0fHD8gutPy5Gv6Hwpw,Angela,484,2007-03-01 19:06:28,3.97
jt49xjEjQisu6wTTGn6B3A,Annette,1951,2010-07-01 22:09:09,4.29
Tvegk5s428x5XwFZcTQypg,Ally,125,2009-02-25 14:55:22,3.36
qFYTvzTuZLL7bwrPCZaiAg,Matthew,15,2011-07-24 01:29:07,3.47
XbyKDPoPD5TWOa8_5Gijxg,T. Viv,33,2010-05-13 00:37:33,4.42
JD7L3z31GmOuVsRRPyqdFQ,Brian,1900,2006-08-30 13:56:11,3.71
oXHd9HUOGd9Lk_3nUNDYVA,Tom,188,2008-10-04 19:38:00,3.64
lvfHxioG1mJZ8CNc-RYKOw,Jason,74,2007-05-17 14:54:59,3.51
toQe9adQWV7iC7KM_eugsA,Sarah,210,2010-04-22 06:45:06,3.7
ZgYe5NVwIK78LAU_if3KfA,Adryenn,215,2008-06-27 19:05:05,4.16
H8evlZitNdbCar4jqG_lZw,Angela,143,2010-12-21 21:09:19,3.82
oSeE_p_gYxI82APPWJhJjg,Jim,324,2008-01-08 01:55:03,2.7
NvUeb5G_mSSxgKhEE_Hueg,Jocy,1503,2008-03-10 19:58:50,4.21
nzsv-p1O8gCfP3XijfQrIw,Anita,4157,2005-04-12 03:08:20,3.46
oAhoFRRKomodbIx8jtKmKA,Kerry,277,2011-03-08 21:40:56,4.09
qI3uzegMdq3q3WxAajECGw,Tara,961,2009-08-11 15:58:37,3.89
6bVqgocLbgPxTFEpGl0j7Q,Ben,40,2010-07-29 15:07:54,3.5
cPcStFGBlk-6lWWsttIfVQ,Ee Vonn,2280,2009-11-08 17:32:55,3.63
u-u8vyXgSSQSA_K6rvrZjA,Alyssa,395,2010-07-20 14:02:53,3.76
h3KpLypa9SZEw2ydFNC19Q,Alvin,783,2010-06-07 19:55:05,3.59
T9AtZPYC4W81rylyvOOmQQ,David,345,2009-02-28 23:26:19,3.34
U0vzuP_b7vwX8OnLkXaQFQ,Derrick,220,2010-09-06 14:55:16,3.61
YSfAlm6XNaym-JOrRjv3Tg,Kathleen,1627,2006-12-27 21:19:25,3.7
xsQyTGdGwM8k3Ns3miYgGQ,Erin,133,2011-03-23 14:52:31,3.8
Amc7J0F3KeAKzOOQrlpqog,Lesley,1229,2009-09-26 20:53:18,4.08
rvkVh-FNvg2fYSgHjG4mkQ,Joe,547,2009-07-17 05:06:37,4.18
7tIaG0p7viFi0QNIgkqCyg,Lotsh,190,2010-03-17 01:46:48,3.23
mJCK1qpsCkKePozYIrIT-g,Mac,1049,2009-01-05 14:42:17,3.72
SIpBqzGhRM7T5cDFiuIryg,Jason,673,2009-02-02 00:37:54,4.38
1pzP58PeWictHQzctMU0nQ,Misty,1393,2009-04-04 21:48:40,4.14
XFjHkHBtjGRV_EvJbuA8Kw,Jason,80,2009-10-19 18:00:50,3.41
cJduyV83k6YV2_skUsjJWQ,Allie,127,2011-01-09 16:04:25,3.85
UvSOYVwqwyzNr40AU1t6Yw,Gloria,1096,2009-06-28 18:34:22,3.43
2jHXlagPsLtmRi4Nsr49LA,Karen,430,2009-07-18 12:49:27,3.59
MqDgSw9wZFsaFFPRKh-k8A,Tommy,631,2010-06-28 23:46:49,3.73
t6UhGYIw-pQH3La-xy-E-g,Benjamin,199,2009-12-26 06:15:09,3.9
4YUabV9xHtvtxw2BLfl1AQ,Erika,190,2009-02-22 18:59:19,3.35
ABy_uGiyQ7zlndwnodvFaw,Maria,420,2009-09-30 20:27:26,3.73
90anotHbC638MaU1C15dTA,Rose Leah,130,2011-09-30 02:20:03,4.15
ei8X5pyCur3d0CGb5EbnFA,Meg,289,2006-12-11 01:33:48,3.53
mGiCgX3nS5i6rFDPg2bIdQ,Jason,246,2010-05-23 03:03:39,3.6
PLOYtrCMUFPHQe2IbYAd5g,Joanna,2956,2011-01-09 22:07:45,3.69
wqghLqYOmlJHa_EEV45z3g,Dorothy,187,2008-11-23 16:52:11,3.49
JKIkdVqAJLEXTq92gF98bA,Mike,1381,2009-01-25 02:01:40,3.57
GevrFd8ojonAr4fEQB9WfA,Callan,365,2008-03-06 03:30:59,3.72
axWj8EDMZVGWuSALogXmyQ,Devina,185,2011-05-17 02:07:26,3.79
p4dved0OUoh-lKaXSTdCXA,Minh-An,1078,2011-07-24 22:22:48,3.8
vVYhAa0P2RfpWPQBrlztJg,Janice,113,2009-08-05 14:25:32,3.25
8VNmuYmFboXleIFf-stnFg,Todd,487,2010-12-26 21:52:04,3.92
siySF-a6qsxltWWQtIq_nQ,Andrea,171,2011-03-23 23:50:39,4.32
hdLToS_AFNyqUzzcZI7UXw,D,187,2008-06-10 04:02:18,3.9
emkgr9xghy66fU58fwnRgQ,Amy,330,2010-12-10 15:29:44,3.88
-8EnCioUmDygAbsYZmTeRQ,Mimi,1568,2011-03-30 01:22:12,4.14
DejbySADs66NO3RMAuzBIw,huong,133,2009-09-04 07:16:57,3.7
dYCmh8rJl_ZkC_mt70ZDhQ,Johnny,558,2009-01-20 09:32:25,3.78
Tm3SdDX5fa8O6NN-tciSkA,Sahar,607,2007-03-12 19:52:37,3.98
AF2wygvqImI9gbFijr13rw,Jessica,231,2009-05-21 16:19:42,4.05
Pk-dihlvXRaVfE65ghVOLA,LJ,318,2009-12-30 18:45:47,4.32
bslOvFExlhVCaIIxh1PCTQ,liza,153,2009-08-13 13:21:28,3.75
pTvR_xN-sWY5-jakTKw1ag,Lisa,92,2009-09-10 18:03:03,4.24
VEj1OuO6QrQMXFhuMZJ8cQ,Ettya,705,2011-03-16 14:44:46,4.25
TR7ezcRznfr1Jif7euZZJg,Marlyn,794,2008-11-21 23:55:46,3.87
lgUKLRsqvhu4DbM9syzq_Q,Rebecca,388,2010-03-22 18:25:01,3.88
iT1AA74QFn_a0Xq9-ggSGA,John L.,2017,2010-07-16 20:51:51,3.72
-x1516ZG5GllZiBjDQlRkA,Rachel,1526,2006-12-19 21:49:11,3.85
H2DNqyt2CR5a8Gv3Jisqhg,Sharee,665,2009-05-11 16:01:18,3.91
Y-4RCXXrQ8hS5bR5uTp48Q,Emmett,165,2010-03-03 18:42:56,3.87
aHJ8Jqbadtw-ASIEYmYe6A,Soyoung,133,2008-02-11 22:35:21,4.25
FBWkscr1BVNANlgODRLAyg,Alana,85,2008-05-14 22:13:06,3.78
_DM-V9mNI3_R5KFSm5ELwQ,Robert,88,2008-03-20 20:21:09,3.47
Hxx8FmhpxiugIrGRh8RDOg,Tom,754,2010-02-15 20:54:20,3.83
Vwslifegl59fQVOe5BH1gw,Brittany,550,2010-11-12 02:57:46,3.96
sh3V6hnNMLVV9YwFA9QNaw,Virginia,895,2009-04-14 19:35:37,3.5
-SigNCNItQDtSq27j0t_tw,Chris,199,2008-08-04 16:44:10,3.83
6ObFF8-uKnOAlXuSH4TlyQ,Isabella,1245,2011-02-06 18:09:09,4.33
iPkdNziqnhNukjnmsrSzmg,Kelly,974,2008-06-13 20:02:50,3.9
8drMKNHWavs2g6uf0pLtvg,Charlene,1823,2010-10-15 18:01:16,3.79
X1nvKXUJ5Lp3W9Oe-_JrMQ,Marissa,451,2009-04-23 16:18:47,4.01
KDz7BjsuBjAxBw2gF3KFQA,Salma,236,2011-12-27 05:37:03,4.16
yfn0_Hwre2fFgXimJzWbSg,Eliza,257,2011-07-28 16:16:45,3.85
BmThnFPDalpbC1x98aXKaw,Heather L,233,2008-01-08 20:21:16,3.58
EVlNHC3J1Y46LN4fkTwfvA,Lexy,197,2008-09-18 19:27:46,4.04
IkRib6Xs91PPW7pon7VVig,Jenny,128,2008-08-18 12:35:48,3.96
5diFcJgs6UvIAV39W8BnDw,Todd,274,2007-02-02 01:08:50,3.46
yFOhA0a7toBwUffjC68FrA,Karlie,412,2010-06-22 01:49:42,3.6
-rBPL3ntdbLnTw3uwZLfQw,Heather,342,2011-03-11 16:54:31,4.35
yxwkSzB1CNeJHlDvDPpNFA,Morgan,48,2011-04-24 11:05:51,3.67
XhXkdGzInaBCz8q54o_1eg,Frank,11,2010-02-13 22:08:26,4.33
4ZfcCa4m5RWvO4EFzfYm1A,Eli,1290,2007-11-05 06:02:41,3.4
wzyGNvArcpUjZauRWFrKHA,Bill,2512,2011-05-15 22:26:08,3.57
W-JDo8XXO14z7xTde7ggAw,Sarah,326,2007-08-09 16:26:13,3.56
W83aZrDrYKwycCHB_eOYYg,Victoria,1024,2012-08-20 15:56:43,4.08
_cUtxCvCccwgNJzD5I0cDA,Kyle,1837,2006-12-22 17:51:07,3.93
B5RcWUztezeNkW-_ujqViQ,Janene,1434,2008-06-11 22:18:04,3.52
YvzCq_EdYWPndsi11ayAJA,Allen,26,2008-07-23 04:54:45,4.15
Fht_w918uBp3vNNlgVh0YA,Mike,26,2007-04-19 21:55:06,3.96
58yXn5Y4409kc9q88YwU6w,Kimi,1761,2007-05-15 20:28:33,4.17
7ktyPHE-NGnWxarOqjIQiQ,Chris,416,2009-03-02 00:58:09,3.92
U-blmCm_qUbibUUgqDSB_g,Juan,2814,2010-09-20 06:51:30,3.71
V7wu2LMjiLDBY8vuGpELoQ,Andrew,66,2011-01-12 01:01:15,3.81
ZdODEy4O0-nPdPKwkdQkdw,Dana,377,2009-10-22 21:33:35,3.89
_ntA5HPDzqBgwg7S3s7w7Q,Sabrina,848,2008-03-15 11:18:32,3.93
Slc16vviuuTWgZ9OsaJzKQ,Kamilah,213,2010-01-15 13:22:17,3.61
NRRPUnrCEIjDSt4uGV-rSw,Christine,292,2007-08-17 00:36:11,3.97
y8aWXOimQ9ZgUgZ6q--nCQ,Carrie,472,2007-11-07 15:25:43,3.93
ncvgNeEsAIAuMWYFN2blhg,Tony,647,2011-02-21 22:21:48,3.71
tUVprgEsy_yIdq7nt2JtlQ,Danielle,72,2011-08-30 14:00:11,4.21
L-5NjRMaE5KClXYJk8HVcA,david,122,2006-10-18 09:53:31,4.09
DvP8pq7QzV11_0968ahxMQ,Enid,144,2011-02-25 14:35:47,3.82
gFVLJRSTeHIQs97vIVGI-g,Glenn,671,2011-10-22 03:34:01,3.88
SGPscai169s5QLriYf0_jQ,Allie,109,2010-01-26 17:51:52,3.56
KVN1eio-4QU3zlkPmZHRFQ,Jemmie,625,2010-07-24 01:14:54,4.04
CV8aQ9nTu4_1yKtd2D38hA,Jake,225,2006-12-20 09:03:41,3.28
CllLV_3SQcG6m-oE9JoDFQ,Leena,60,2010-06-30 18:08:22,3.91
lZJstvXz-zYxIIHg6KgzCQ,Michael,183,2013-07-30 17:49:45,3.15
zvQ7B3KZuFOX7pYLsOxhpA,Ramona,2482,2011-07-27 00:58:22,3.75
ZOmHHLEYTXxxs3nWJhKoaA,Stacey,302,2009-12-27 22:10:46,3.73
dDsI6CMFIrBHJ68b8KZNCA,Richard,527,2009-01-29 18:45:14,3.7
VDwOwhrNZE5Ard-91TH-wA,Susan,56,2010-07-20 21:34:27,4.04
x-LrGPXN7WFX15Qk9B6_YQ,Lindsay,220,2011-06-26 20:31:01,4.11
3mNz5nQFTIBQm0oU5mBR0w,Michelangelo,3004,2010-07-07 00:38:05,4.43
bu-m8xC4EUNdTLspx37D3w,Christina,123,2011-05-23 00:29:50,4.13
7Oe6ikklTjVBbEFw9emLcA,Terri,1186,2010-07-30 02:45:36,4.39
nmdkHL2JKFx55T3nq5VziA,Nijole,8363,2011-11-29 15:50:53,3.75
Wq7cs2PhKsLBwoGgg1FnCA,Katherine,166,2007-08-23 04:35:35,3.63
NNgQ8fV5ARQgHw-Ob7l50A,Brad,1114,2008-10-11 00:56:56,4.04
HDbBsdnvPXDCDdWFYWEMkA,Danielle,58,2009-10-29 13:35:34,4.22
Jd17L6-fmSZzzF-0Fhjhxg,Carolen,1616,2006-11-30 06:27:03,3.24
ibO3x7W0znfQ-Jmq5IP0Bw,Jeff,117,2010-01-31 16:59:06,3.44
fpiirm8MU_hSJBjHpbtIUA,Ernie,465,2007-12-24 20:45:17,3.73
Up01JEJT09-gYC2QixklZQ,Sarah,138,2011-01-02 23:04:13,4.41
J4HSWXSi657cWvGTIejlNA,jenny,37,2008-07-21 03:41:58,3.71
P_BFaQP0rlHpEq9-CZbyCQ,Meredith,119,2009-02-22 21:55:12,3.76
cSKLV3CudAbHGW5GOHoRJQ,Greg,476,2011-01-30 03:55:17,3.51
pI44KNBxtO_BeYM8KVx9BQ,Liz,478,2007-04-26 21:29:37,3.41
o8h4yOIbvHRF1k5IRhz2kw,Jen,265,2008-12-26 05:19:46,4.22
2BZSt66JP1QzbxFc51_f2w,Rahel,194,2008-04-01 19:11:33,3.99
eSlOI3GhroEtcbaD_nFXJQ,Jason,3186,2011-05-28 21:42:38,3.62
t-nB38eHbeFuabXBdJMwvg,Katharine,482,2008-06-13 14:48:51,4.07
vr-Rw3nMKIgGrVNT6A7p9g,Jamie,554,2008-03-06 15:18:14,4.07
OSbuXWZqW4iouNTKibaw6w,Cara,185,2008-01-29 16:36:53,3.51
aKY4eFOJeCaXnw1jGPozTw,Sandra,1553,2011-05-03 04:17:16,4.05
2LfozZiejXfQHcS52-Fv5w,Nicey,361,2009-12-03 15:17:15,3.61
WlgB9SAzYAyHEAlawc27xg,Anjali,188,2008-04-14 21:29:01,3.67
iJQtNnEcrxdpaD132v26nQ,Danah,422,2007-04-09 22:38:24,4.18
vimEpZnvi38O0Vz5uaNj4g,Christy,565,2011-07-25 15:05:55,3.98
T46BA9GqSKY2BkkKbqamVg,Lisa,234,2009-03-12 03:10:10,3.31
8wQIoFapkegkC5fcVYg_Iw,Jamie,1148,2009-05-31 17:22:28,3.68
avXvMybPionb-Kt_MX5Grg,Lo,208,2009-02-10 18:23:21,3.71
rZfbZIyYve4a92-IrXPo5g,Christine,77,2008-01-04 22:32:31,4.01
5ihnq137aoYrZ-nYyElmKg,Brian,24,2011-04-16 17:43:47,3.96
Phta7D0IREvoW-XQTp9PLQ,Marc,169,2009-01-30 20:25:17,3.96
wTdEJv1VYUdlZ0_fS_vT5A,Paulina,90,2010-04-10 20:06:23,4.06
qpFCY_wj8_G-HOV8MxIaHw,Paul,91,2010-02-17 21:20:24,3.53
kgKl_TSwiCJ3iX-g2VP0MQ,Gerald,1504,2010-06-19 17:22:02,3.92
nPXVprOV3ioobtAc_s7-CA,Brian,511,2009-06-29 01:58:54,4.11
JapsODq2leyIn5JTgjOvkQ,Srini,503,2006-03-25 16:10:58,3.62
4UPqs_cq5ov3mf6xqRAdqA,Thom,58,2010-08-28 14:12:33,3.79
1T6HR7ezF-pMod0LWNL8tg,Kimmy,71,2009-01-20 23:47:10,3.98
plaAwbdAV_kua1K2ztZHVw,Lauren,111,2007-08-13 10:54:31,3.78
JUT0U3HTSB3kz9Wh7N0GqA,Corey,865,2010-06-14 19:06:47,4.07
lDKbTlZqjIn2gn490gU2HQ,Eva,1326,2012-08-14 23:48:40,3.99
fLDGqfH_QJE5TN2ajHzNjA,Bridgette,176,2011-04-03 17:53:31,4.48
1sMZdqmCa_X2Lf_x6XOCFw,Patrick,858,2010-02-23 23:00:14,3.87
qVWA653mQL6J1teshUljMQ,Eileen,202,2008-11-07 23:40:34,3.46
bYENop4BuQepBjM1-BI3fA,Steven,1562,2010-08-08 15:05:23,3.92
xOr3cP1xO2qC4lx2E9jnBg,Robert,281,2009-02-12 00:49:04,3.66
1_RvWzeD5Pd3Sc9_DmsCtA,Jeremy,19,2009-11-20 01:31:46,3.45
z9sL9d4kfAiQeGJ1dGmBng,Allison,381,2010-11-06 21:46:59,3.87
XQk-XZKwNim2fsc8_LHksA,Blake,176,2009-02-15 23:22:31,4.18
anNnpsq6qO34hYHqFS6Onw,Crystal,139,2009-05-28 19:45:41,3.87
1p8Pu1pvAsuNtuZDtn2OkQ,Paul,718,2010-09-26 03:29:21,3.44
_PogIvICTS-uaZLXLX-OnQ,Nicole,572,2010-12-13 03:42:19,4.38
2P4crOrfs2ZbAoizhWt9eA,Kelley,77,2010-06-16 00:40:43,4.23
TLpnu9BZNLTuB1ngxjnIpA,Michael,734,2008-02-22 02:04:44,3.46
gfWTee4CnQF-shBgAsvI9g,Pooh,148,2007-03-28 19:00:35,3.3
1bjo-xG3tKF5rQjRx5zW4Q,Von,367,2011-02-26 23:39:44,3.98
6KxHt1BnwkhMDGJZkEUW-Q,Jennifer,101,2008-08-04 16:58:35,3.05
hWDybu_KvYLSdEFzGrniTw,Bruce,16567,2009-03-08 21:47:44,3.67
AvC5XQAElcGAAn_Wr5auEg,Benjamin,1128,2009-12-30 15:20:09,4.13
U4INQZOPSUaj8hMjLlZ3KA,Michael,5061,2008-01-31 02:55:30,3.94
rSIuKMvWfvdKiJjO5YLC8w,Ava,139,2009-05-27 04:06:54,3.66
3mfsaxkuiLRdGNnoPAnKLQ,Perrey,150,2010-08-05 18:36:21,3.69
ZCVEZmTB_StK-UXA3WPVlQ,Zanna,523,2008-01-10 14:09:37,3.56
2iS1vg5TYpV_iEiNC8osTg,Peter,1672,2009-04-13 15:21:41,3.47
ItvyYPGXWNhhbYJqyADp7A,Danielle,292,2008-05-06 00:33:44,3.58
YbCkQ5z_hD2OdsIPllaJTA,Jennifer,108,2008-03-26 03:31:52,3.5
U9R5bmRb_RcgZHVOX7vvMw,Elena,214,2011-06-22 02:12:20,3.88
_BHTC7nyCBoZcfiiD5cOXg,Gourmet,2098,2005-06-19 13:08:03,3.96
8JaJl5ZRMT4o2q10DVIZGg,Kim-Thao,199,2011-07-12 07:36:02,4.11
-B-QEUESGWHPE_889WJaeg,Mark,1014,2009-05-31 06:02:42,3.41
7uHfPgiMyD7FDDES8_HLlQ,Holly,112,2008-08-27 12:49:38,3.62
60RKNAZwY5EUooJf624aKw,Sarah,929,2010-02-01 18:42:17,4.02
_8Q_TBpMw8BPGRJKxAal8Q,Tom,47,2008-06-13 20:18:43,4.16
tkd5rFOzrDadgveW2WaxYQ,Jack,61,2009-10-09 04:07:11,3.73
tLOiTDp9GttYK_lsKJ1z1g,Bill,341,2011-04-27 23:10:03,4.26
0FMte0z-repSVWSJ_BaQTg,Roger,851,2011-08-09 19:10:35,3.63
5R3m-2idPFpYq0oRwCK0TQ,Krystle,286,2010-05-09 23:21:16,4.07
xzWwfb0iVk4w8u1laXmuSg,Amy,1869,2010-07-04 03:48:17,3.8
UXbCcmkYGl3DH_Py5UOtbQ,Toni,2704,2007-10-04 05:06:32,4.17
UXTsDU3DJLW380wgcExy-Q,Melissa,176,2008-11-05 20:32:54,3.12
Am_G2m0pwVrEg9AoUp5tow,Gia,630,2012-06-05 16:49:09,3.87
z67oNAZR_uHG84k3Dntckg,Laura,347,2010-11-23 03:14:25,3.96
qumjKpb34tsSJ26Y2aaTPg,Cheryl,489,2011-02-28 18:05:01,4.03
lAW03ccfMEuRZiDqvVgc0w,Kristin,1578,2011-06-03 03:06:54,4.03
NPoMCxJOTIkH71nuR5flRQ,Wellington,760,2008-11-07 23:33:53,3.77
AE8nHSRPFlB4nh7CP8PlGQ,Tiffany,1226,2008-02-15 06:35:50,3.89
hc3nM3DuYULcfXmZ2cG04g,Joshua,99,2009-05-23 04:15:55,4.19
IvZuFboAtE4nOmE8Ds-MAA,Ben,102,2009-08-03 17:08:01,3.62
g7pK3HSnO8VRueIn5zUt9w,Thu,231,2010-09-16 04:18:28,3.72
Mh5HtmJeW7LglS7q8C8YYA,Margaret,222,2009-05-23 17:44:56,4.07
_vN1zUgCxvfVFabQJw5JvA,Michael,71,2006-03-01 01:09:31,3.81
9v83UksZrkThOiE584GRBQ,Oulie,1176,2010-11-15 00:40:46,4.14
dQ9-MQF4oQhAOrbIhWpz8Q,Teresa,259,2009-06-10 14:58:57,3.2
I8N37VokHEmZhYxrT5SfYg,Todd,43,2008-06-07 00:40:43,4.0
FuTJWFYm4UKqewaosss1KA,Roger,269,2012-03-16 02:20:55,4.08
wnrHhjDpQk5uLUK7Iku75A,Lauren,321,2009-10-29 05:07:04,3.98
GJv1yf_IhUZqpDjFr86DmA,Jessica,326,2010-07-11 14:24:17,4.01
VB2FbK8dq9Poz-ZPGXgmeg,ED,917,2008-12-28 22:10:36,3.44
0C65lVj_ujVYDs7b2yYBAA,David,1076,2009-02-24 00:04:46,4.11
b6WRBVDieqwei4wC1rOsnA,Ricky,222,2008-11-27 05:47:58,3.83
6I042PLRiYub7RvufcqjZQ,Wing,378,2009-11-28 23:32:05,3.89
8qtsJtmefjJZIFM6_Ksd7A,Shanna,1159,2006-04-08 18:59:53,3.65
H5d_nFqzwrREE-YduK2ABg,Julie,1221,2007-02-28 01:37:16,4.2
37cpUoM8hlkSQfReIEBd-Q,Mike,1882,2009-04-25 14:54:26,4.39
DqUPwUqc83KWYe8BKXnP0A,Erin,75,2012-03-21 18:42:43,3.49
NqBYt9pw7kNoytFQ9ATS-w,Jessie,1160,2012-02-13 17:58:30,4.08
6FasnS3e53f3fW_zwVv-sw,Ako,589,2009-02-19 20:05:09,3.96
eWu1xPt52B-yMZmIyBIUsw,Jeremy,285,2011-04-11 02:46:16,3.9
L27OShvycGmVOkAxD1h86A,Nickie,1189,2008-01-11 23:22:21,3.86
QjslceHUb2_JitdU-eFKZA,Alex,47,2010-07-19 21:25:51,4.19
qs6QRxXFhArixHs6M-65vQ,Mariah,135,2012-04-04 19:28:16,3.82
S9vtNMvKK3B8V6dWaiS0Mg,Sarah,456,2011-07-20 14:14:06,3.66
mwRBFkkoJwJ6EyPSXL8LtQ,Jen,232,2008-04-13 18:27:04,3.43
I0ezkVvCcBnavJf2soWHjA,Kathleen,383,2011-03-03 10:04:41,3.97
_cdKam8UxhoPni6YwP1LQw,Sandy,151,2011-06-04 15:13:26,4.21
iEQHAu1sJIkjAgaB0eh1JQ,Megan,366,2008-05-27 20:25:32,3.85
JuCgoHYJww70wX9M8ndKnQ,Sara,357,2009-12-22 18:09:36,4.04
riWDgbauId8TK7YFVgMNJw,Rene,810,2006-06-01 14:56:22,3.4
1DPqAfdderptd1l60drkQA,Jean-Paul,306,2008-08-25 13:01:43,3.66
2mehWDiaP-8CcZRtLGlYIA,Mandie,815,2011-01-07 03:37:57,4.31
M0AnYyp5EBMryhTNHR8oqQ,Sara,492,2008-07-02 18:59:37,4.02
AcGBRI0xZCuQ1Z85zFVLWw,Mia,319,2007-07-13 15:06:54,3.21
s7cUp9ma9h9FYN-fa0FtgA,Mary,483,2010-05-05 20:29:13,4.31
rjD5JDrDndu0vZvUhnnA7g,Jon,237,2007-01-06 23:29:34,3.66
Y8I9X-VwHKb6ZjzJAiUTEg,Carie,103,2011-07-22 15:19:48,3.79
3x7Zrwu8ugUjCpU6AbJDEw,TootTootTootsie,288,2005-11-05 12:44:25,3.98
EbzIOck2feoZrGxRjyPDyw,Vichet,308,2009-08-28 19:49:29,3.75
nLw0QGZIs-nJYoXOEx6P9A,Victoria,79,2008-11-14 18:44:17,3.4
B-s-8VUnuBjGTP3d01jsyw,Allie,2505,2008-02-20 23:52:48,3.74
LkXNQQaIc5yrKu9Ap87RrA,Robert,1042,2009-02-18 00:03:44,4.12
aLaa6eLX7cWg25MDAIms8Q,April,55,2009-08-18 22:06:39,3.47
s1v2YfnoCs0fXD7EdbmN3A,Margaret,15,2012-03-01 21:12:57,3.26
AQxmbuDiToMv2WYtq4Mfdw,Les,785,2008-03-12 16:50:35,3.74
Hn8O2RQijYIVLFNF5VPWTA,Ali,499,2008-12-02 19:15:46,3.56
5Y5KbsI5buMcNh2hTFaRpA,Marcia,798,2010-01-10 08:11:28,3.93
SlH3DCXVxltSCo8gt9p2iQ,C,267,2010-06-05 03:26:39,4.05
if-6FnW2g8Y47PWQCismFQ,Marcello,123,2010-08-26 01:16:12,4.27
S1bcv4QpwW7Ysy0T9edlOQ,Kaitlin,267,2010-01-15 20:44:09,3.78
2CCJdupLxjqxthneSuuScQ,Lord,182,2010-10-15 19:18:25,4.4
cP86_UM0ZL3s5yTmC0R0zQ,James,121,2008-01-22 16:48:15,3.65
_YBX0Fy9pI0ktOQ9RtFhAg,Cristy,371,2011-03-01 14:49:35,3.81
2dyfZNhtyuHdestczTgWjQ,Lou,297,2009-06-12 20:57:11,3.35
Dzuc8jWCQit4MoBMOrEpYQ,Danny,326,2009-01-03 08:34:23,4.02
u-yx9X8hvo13y0OVpHT_Cg,Tamika,211,2011-07-17 00:18:28,4.01
Hz2pySgap66sbNQutKpojQ,Rebecca,36,2011-01-28 21:40:54,3.97
rRpZlyWw7eKKwIs6worKsA,Alice,39,2010-10-07 16:30:17,3.23
uxOjXmWuuEuHmF6rXFZfSw,Erin,197,2008-07-01 16:33:47,3.36
DsSTEHDUdXQsk7tknLtQSw,J,122,2007-12-31 21:24:55,3.28
qu8CAL1egblZ38yPBkfD_A,Jamaica,336,2007-02-16 18:07:37,3.84
U13tLFucJNz1fNv_Xgdj0g,Mel,2225,2005-07-18 05:39:57,4.23
rS4OEY7fWDZG_JuJjR9HWg,Michelle,174,2009-12-14 05:58:26,3.62
lsa1N-zVD6M_ycRvqXWm-A,Emily,26,2007-12-08 23:05:12,3.92
SNuH-Of0BcEEuI_4KMJlWw,Jill,87,2011-01-08 22:32:21,4.34
Y_2jMUKz6pvJ0JSWG3u10A,Tina,724,2009-11-08 22:02:35,3.91
hihhX5yqyDRgKdZW9OTZdA,Stephanie,83,2010-09-16 20:13:06,4.07
QKhJkTpDuwnR6TozGT1eqg,Chris,763,2008-10-01 19:41:00,3.6
gOAvWocRyGbKvUaitVy8fQ,Xando,375,2009-11-18 02:41:22,4.5
vbEf26yXYP0WBsveEXWIlw,Matt,490,2010-08-27 14:01:55,3.71
GFyA9ULGAeD-xZEPto2y7A,Helina,1645,2011-01-17 22:05:39,4.02
vcApLzyIESjaK_r8TTVebA,Elisabeth,134,2010-07-18 23:01:15,3.44
pCkb46E5BULDmd2u2_jU1g,Meghan,128,2010-01-13 19:07:13,4.34
byZ9gMy-Qrr5WID_ezjqcQ,Taylor,66,2011-01-09 02:14:57,3.54
Y4EjztIbIWmzHoYJdr4L6A,Chris,47,2007-07-06 13:57:53,3.98
enjoFRO-o_uEGx8KetVu4g,Jay,100,2006-07-09 21:56:38,4.05
D1cD5X3un9R6rfTwjXGL5g,Sam,690,2008-04-29 05:59:29,3.67
VFRIv3-_Og34wZyy-LigQQ,Jess,479,2010-03-11 21:49:31,3.37
ivW0Vad81qJ8SIgqJ8p1Mw,Melissa,1970,2011-10-15 23:23:13,4.03
Vd5ZQKvhdXS3WgECV78_hQ,Jay,739,2009-05-05 08:43:30,3.88
p7OZx3RIeJPxSM4hP6wqEA,Tyler,773,2011-01-20 19:13:07,3.84
RdJ7Ykelg8w4y5FTmxjT8g,Kelly,304,2007-06-11 19:46:58,3.93
gV8M56h3EmiKz-wClg_P-w,Jason,68,2012-05-20 07:55:42,3.52
I30Q5xP79wRuEWJyfiiarw,K.,255,2010-02-01 18:50:52,3.62
k9Mvnw4aglONCaS5cBKQnw,Annette,49,2011-01-14 18:39:38,4.6
wEldYiMRs04ykBXBmDXdBw,Kara,21,2008-06-27 18:20:18,4.52
rR22oLmJRBHqh6ONHIl3Aw,Wen-fai,176,2010-01-03 06:20:24,3.87
QQtoHnP0cP7nzNnUob_1CQ,Doug,753,2009-11-16 14:01:45,3.31
TzUbr6BiQwR1bNfVOuE4GQ,Sarah,137,2011-01-23 23:26:10,4.05
pSUp9rQHnNHzzYHMMd_mVQ,Glo,223,2010-06-10 20:55:53,4.11
rUYDeEtzj_cag8LzofKByg,Megan,105,2010-08-19 17:39:20,4.48
ZTkuKoOt2vp584A-8hDvBA,Kelly,395,2011-11-24 23:33:07,4.28
ZCJ3Hk1tGRUrf4Z1fo9cFg,Gabrielle,104,2009-06-18 23:59:29,4.02
GKZkLZkbFK7UmhLyx-7Qqg,Gale,159,2009-07-06 03:05:32,4.38
zWC1npRbmWO2bZRt2fYgfw,Amanda,227,2011-01-06 19:00:55,4.51
47oIw-CN1guUKx2_vUdsgw,Stephanie,706,2008-02-12 04:04:05,3.82
s6QghJT6IHNxV5MX8a66tw,John,937,2010-01-14 18:08:26,3.57
tWES6_T7MRybOtqNS9NcVw,Candice,281,2007-07-28 01:20:26,3.96
1hQjdoDUQwHB3kFdffMA6Q,Jill,339,2010-05-11 15:37:04,3.75
fNrHrQa2kS-SxuLiQWGxtg,Jason,133,2009-02-07 02:48:56,3.0
lWW_f3wlkab4dN0PcQxZew,Briana,152,2011-12-22 04:21:53,4.29
SgxD74-CkftmYxm2-KNKgg,Libbie,180,2010-06-06 10:07:41,4.29
HqMWEEsYIXoFhdDIX1NtrA,Stephanie,1244,2009-12-27 04:03:20,3.66
o2Or6xqxeWaE46tdzK0UGg,Lisa,2707,2010-03-13 18:28:48,3.83
S7zVbmIA1MHaTBqoZ6x8-Q,Shannon,26,2008-08-30 14:39:10,4.07
2BbbCoN0EPKbv18n_tMJeA,Catie,154,2010-01-19 02:43:21,4.27
yf2D-3A8hgM76BdTBggDiA,Jeffrey,184,2009-05-13 17:34:50,3.87
o84KZeqgy0YGLmz5I9P-pg,Krsna,514,2007-05-06 14:43:52,3.95
z02XKjGqJMONH59_lUHlTQ,Reem,393,2010-08-31 16:18:16,3.61
XiLxIJThWsE0x4d0IeSPsg,Julie,1586,2011-11-22 21:47:16,4.42
gZcxXnogU1O-gPTbqqtMYw,Chad,315,2006-08-06 00:40:00,3.73
Wshkpj8aHWuzIeca1QxWTA,Alexandra,175,2009-07-27 23:16:42,3.66
ie9VaHvAaQgjMJP3Gn-AQQ,John,188,2011-01-13 01:44:46,4.0
ou6T6K7vDEveO7BXMl1N0w,Jen,234,2008-08-18 16:46:07,3.53
CYtKqfxO78q8MN6HX2JnDg,Jamie,491,2011-01-26 11:29:11,3.88
lRvVaSIPosTTbOYFC3HPAg,Meg,212,2008-03-27 00:07:04,3.69
TINJU5ib4OMlCL07JqYGhA,Dennis,437,2010-12-28 02:21:09,3.56
KDewJBJknfWvQyHHFNbfdg,Jon,892,2007-11-07 21:12:57,4.14
shtMJsO82eegjgtjlCZmKg,Margo,137,2011-10-21 15:03:28,3.13
YwMD-AVT67fmYRGxnlRSPA,Dan,262,2009-12-30 08:43:10,3.89
8wKZ9gJYJtTdSVWgW7Or6Q,John,1052,2008-01-18 10:26:21,3.77
w6RFOQf3tL2v6q93NYmSdQ,Seema,228,2009-04-18 16:05:44,3.23
5bJpDx4c7x9fYzdltOhfbw,Nina,263,2009-04-13 02:19:14,4.07
0MJ5sKX5uq7Ma5hbl4l3BQ,Jenn,632,2010-01-20 13:52:05,3.69
Ase_kJIYuT6yOsqqVPuWUA,Teneha,1134,2008-09-21 13:34:11,3.69
lEAs-y7lOJyvXz7QKrzjMg,Jason,66,2010-02-19 01:57:50,3.59
RpJwVBqxFOhNt58ti-Brig,Jenn H.,139,2007-09-03 23:59:33,3.91
UtpU2qK1p1rmAZpwrQK3ng,Ming-Min,145,2010-11-28 05:12:02,3.67
46Wi08T5D3phf3SMgi7U3w,Jeff,838,2011-05-14 00:25:18,4.12
jH9IrMMkIKmZxlC0fIPOWQ,Sara,41,2009-04-13 18:24:25,3.86
mzL0zHFGyd9866OUljq49g,Vinny,802,2009-09-03 14:28:54,4.06
dM62Q_7J0BetaDITIdt0Nw,Sara,98,2009-04-11 22:28:14,4.28
0CL7ncIULe96NbkFCMi6cQ,Carolyn,67,2008-12-17 00:58:57,4.38
TT4Z-tfhBkeBDBXNZLcuKQ,amy,150,2009-04-19 05:31:21,3.43
AvGJVv7Z3a0q1MJT1Ykd0w,Jim,388,2008-06-19 03:59:18,4.26
Dkb-TJFNSWl4PYR8wEcWcw,Debby,341,2010-09-18 02:52:56,4.66
mzXDuhZBPdHfMIk1YXP0mQ,Kendrah,455,2008-04-26 19:21:12,3.64
EFEBm0GcgF7aflpMoSopkA,Patricia,134,2011-03-24 19:32:50,4.23
pgQurApfbrV-rPKZKYo-Tw,Ryan,490,2007-10-19 10:52:43,3.92
ZXNwO2bY3QTYP0k_5bhG1A,Dan,1297,2007-10-10 22:07:41,3.42
G3h8pIclwUbuu3itJqF7ug,Jennie,585,2012-07-06 17:48:18,4.11
Vm0fyrUjwMTDgwqV6DhqDw,Caroline,322,2010-03-17 22:19:17,3.84
mJZLFXvW7DFxpqL1WnKYoA,Sharon,171,2008-04-03 23:01:23,3.64
d5n7YWztGkm36c2LBQ8Y_w,Kim,112,2009-07-06 05:34:52,4.31
fG-K5NglgWxHg8PNu62afg,Brandon,446,2011-10-07 17:29:07,3.55
bnVzSHI48lEHPaEzZNIqJg,Amanda,650,2007-06-08 14:30:04,3.97
fs5bpfk-2pvq2v8S1De5pQ,Jay,249,2012-01-26 11:18:30,3.87
dECgeYO8lFzdoGztGNiSxw,Carolina,84,2008-03-01 02:42:21,4.4
7mL9cvICl8fuCQTM89a-SA,Ellen,115,2008-02-27 17:34:20,4.05
AHRrG3T1gJpHvtpZ-K0G_g,Brittany,2492,2011-04-25 17:28:05,4.33
X0Bmllln5u8i37-Fo8leVg,Lisa,209,2011-06-24 13:44:10,3.81
G1ZIvqZieDSQvc9o3P9VAQ,Niki,339,2010-04-07 19:39:01,3.76
5BcHiekf8vqEka35NcoW5g,Three,122,2010-10-10 23:10:16,3.77
A-WwfPVKmbzo6uohiq-Z4A,Vince,93,2006-07-07 03:51:40,4.09
D2IUOetOVfjAkmohD_hsKg,Kamryn,415,2010-03-23 02:40:02,3.93
kA7sIBVKgWXVwWbpXsUHQg,Kelleigh,952,2011-06-23 02:26:13,4.07
zx4c7K-1eBSvEmUg7zqiZQ,Hayley,250,2009-06-01 15:56:24,3.58
qbgHrKa-Xwo8n24t9vX-rQ,John,202,2009-09-19 05:09:17,3.93
jBzITjfkC7M99oN6a5HErQ,Rick,678,2009-04-03 17:09:54,3.62
bJ_CWJ55ZLgwNvo-OAW2Og,Ruben,413,2012-03-28 05:27:49,4.15
F3lu1icxJX5A5tCw-jVpTg,Kate,750,2010-12-05 23:12:35,3.85
qunxFdBDVl0ordRJEPVNtQ,Lemonjelly,429,2007-04-06 21:36:06,3.93
lYQk0R6sPfo3WeX-l_5BuA,Christopher,1396,2009-04-19 16:18:30,3.35
suRoi6fJjOSdzBMWzaZ5sQ,Anna Marie,460,2006-04-20 20:15:17,3.79
Mc4C7fVY0sEcD-U5eOA2Og,Steven,479,2011-07-12 03:50:48,3.79
_aR5B9L1uvvRG71GMJa76g,Jen,85,2010-09-25 14:55:21,3.66
zUKeZNu4tCG56xjwWH54Vw,Bill,2877,2008-12-05 15:54:54,4.13
_5ZU2jXJbffdKb7p1RvVfQ,Will,707,2011-07-15 02:13:09,4.1
4i-EfAtUfzH1sWCoRenp7g,Leah,19,2011-01-02 18:41:28,4.1
j1981ubRRPjeRTx9UkMJ5g,Richard,480,2009-03-17 21:18:50,3.62
KXVZqQdcVpa-ZaIdrDpQPQ,Courtney,816,2011-04-08 22:17:28,4.06
MdUimpfJQHijcy1DZu-r4A,Alex,361,2009-05-21 17:50:03,3.67
y6SzYr7xpMmpobNmWaTZTQ,Jennifer,174,2008-12-28 04:59:03,3.92
N5nA0Aq_6P1lA-5MzsYWzw,Vlad,206,2009-06-22 14:25:43,3.71
yon21mgAit4FGUZVWs_yfw,Russell,242,2007-11-25 05:35:43,3.53
HW-QgyCq4DzUQCFRaYn6Fg,Walter,588,2009-03-05 16:03:31,3.6
EHjp3-183IXI-sC0yluZwg,Louie,320,2008-07-06 16:42:47,3.32
-THLGnsYKu3yQAsy_tt1fw,Brittany,947,2011-02-16 02:36:34,3.9
z9uf9-0uX5Jh8-4Y5l2PQg,Christine,844,2009-07-07 20:45:11,3.87
QOwTc4i67airni8tVXmdaA,Allison,545,2009-06-04 16:25:29,3.96
CkTvKl7q1dyr8Pq6_P8nNA,Sara,9,2012-03-28 22:31:03,4.07
NWUQCWiY0w97l2mcWq9GAQ,Nikkie,249,2010-07-11 23:40:37,3.78
EoVKoQcCVxz-wWVqCAymHA,Daniel,145,2009-01-27 23:34:44,4.03
vN2wUfNTsb6VGrd8lQVuvw,Nessa,166,2009-06-02 19:05:15,4.25
e5uY6jbGW1gifAWW2XDIog,Gracie,70,2010-03-25 13:42:43,3.92
qjkOmSEFFEeWVTtsIl0aAw,Julia,428,2006-07-10 17:45:40,4.15
LFiLbQ6rNNjHS3mWwDmKEA,Vicki,750,2011-05-11 19:34:40,3.95
mqBWACmaHflW4eh_Ofp16Q,Igor,38,2008-03-09 23:04:24,3.69
UI22qrdULOccVyWGhYDI8A,NikO,115,2011-06-15 21:26:58,3.77
8MrHNUT0QBpD5vHxn1rD2w,Steve,416,2010-10-01 22:25:56,4.0
cCeCQxErE9ToaQQBEVFuFA,Abigail,595,2009-02-25 05:37:52,3.97
dsX3MiQiTy3OVI8MKn0I4w,Andy,2046,2011-05-29 04:21:37,3.69
24n-CeWJiJMTV1cYvNmezQ,Jon,188,2009-05-08 03:37:49,3.58
CAy7UDGySy5DzsgCxktpLg,Stephen,165,2009-05-15 13:50:54,4.01
CfX4sTIFFNaRchNswqhVfg,Christopher,1405,2010-12-15 02:17:17,3.74
H13U5ac3V11fO96nEJI2WA,Charlie,52,2011-02-22 22:59:41,3.65
USrM9POHutH9QIifiYAfzQ,Lyn,71,2011-01-02 07:38:59,4.67
2Pwzml8GbxNmMc2uWRg_8Q,Joanne,103,2008-08-08 01:24:48,4.02
KcS9y8OgVe6NjOPtdMy4Yw,John,7,2010-12-03 13:33:04,4.14
_fve2DDscsVRkkJ0wb4BiA,Amy,154,2007-10-12 17:55:46,3.78
110pflSC-iEVhRjPZKxhBw,Brian,179,2011-03-17 17:58:53,3.67
50lBjqPyg0qRDzWeDlc-aQ,Larry,201,2011-01-12 19:35:17,4.09
L0yksjKsJrvY6CBGGuX70Q,Mike,80,2011-06-17 01:22:16,3.15
Wmk0OzoXBeFh3DUj4Zj9yw,Melissa,275,2011-09-01 15:36:29,4.28
MFVHPttPPtvd_7l7e1uKwQ,Closed,279,2010-09-06 18:13:47,3.8
V2OQaeZvePoGkbZ-Uye6KA,Rachel,261,2007-10-10 19:04:33,3.87
LPQBCLsfVVjZh_TbqRqGWA,Lawrence,69,2010-11-19 03:41:44,4.78
aHl-3UItyhhS9P40Nr9EaA,Monica,691,2011-03-14 01:26:57,3.71
P9hbcVoZIPKF4gV8KH427A,Aaliyah,590,2011-02-07 13:54:35,3.84
vLxpEHKZFzv8LYY5eeGjTg,Marcie,526,2008-11-29 20:47:51,3.69
fYB4nPD2Y0uXXpVo20ZrNg,Abigail,224,2008-08-06 15:41:10,3.85
YXKgoeQCtA_a9M9F_XxWKw,Nicole,127,2012-02-08 17:47:12,4.44
7jCURQuKWnO3R-_dONQGCg,Aaron,425,2009-01-15 03:24:51,3.6
BnBQ0UU9uSiI_0cbCZ4lsw,Paul,814,2009-08-01 18:05:20,4.2
YHx6XZEQYpL1EBazyAw6og,Olin,66,2009-10-17 20:27:05,3.05
uNGpUVl1T5NaJBf5P4Il4w,Steve,340,2010-01-18 19:39:08,3.88
WuGrrM__qrTHal6fkr9rZg,Kat,1023,2007-04-06 23:08:43,4.02
RRYFQo17zogtYBbiUK4l_A,Robbie,843,2011-12-30 13:48:22,4.17
xkNKx0QrJfArnpowF3yHpg,Danielle,224,2010-07-29 15:13:35,3.32
JxA595MQSkNqzSfMXYWatw,Andrea,152,2009-12-07 01:00:06,3.79
IkLdv0dFGfRJrtFVJYJnLg,Chelsea,354,2012-01-10 19:41:33,3.93
jN58WNkl7CZtyBz-asOaJw,Jeri,3,2012-04-06 01:22:39,1.8
5UDpc2CMOgbf3GePS6SGVA,Christine,1391,2008-03-14 17:52:37,4.37
5O3VvfDu_HDvgUviAqmTEA,Michelle,1283,2009-09-11 19:03:02,4.1
EdrZZEfl6CHkgw-BjDcHsA,Edna,1138,2010-09-20 19:28:51,3.86
Zn8tgekH0oCfyk4SUtygoA,Dave,1635,2008-03-23 22:55:48,4.03
ez24d08Qyqb7mCKEuTaifQ,Daniel,1589,2009-04-12 01:51:14,2.85
8WzFNiQZbUJjvHoT2Jp5rg,Rachel,127,2009-02-21 03:15:32,4.01
skbZO4vHHHA-ejA_BUwKjg,Jeffrey,1028,2008-08-10 23:34:11,4.08
PTuedEpLlBo4gobyOfwlMg,Maggie,135,2010-10-27 21:42:36,3.72
kQX4IZc95PkbkMcS9UbYOQ,Jen,642,2005-07-25 12:41:36,3.82
WHge08rDV2tw_Wc65QCsFw,Sonny,210,2012-06-12 09:36:40,4.06
bBd8sOgkhbaEeZHjczV8ZQ,Erin,411,2009-02-23 14:23:13,4.36
BZZKX1-LuWoruSstXPzanQ,Jaimee,1762,2011-02-27 23:03:11,3.37
f3sNvuXS-Qin_YMNbmoKng,Alex,63,2007-11-09 14:28:17,3.8
lCCE9bD5Z833Wm0q-TEMHw,Elizabeth,71,2011-01-01 21:38:23,3.85
cqf8dqO5_QUxjfo6WiM7yg,Adena,609,2010-03-02 22:02:01,3.86
dc_1rBcKAjub2Nsh2HBvhA,Jen,421,2008-09-08 00:07:43,3.59
_rWCX5E8R_3Ufv9JetOtHw,Anna,252,2008-11-12 16:53:37,4.02
t9Qrz3zLtOnlmEeKfDCtFA,Tracy,198,2011-02-28 14:00:10,4.37
8DSmRfg6P1KzyH41u1LHUQ,Maria,82,2006-06-11 14:51:39,4.3
iHB75LCfFkIC1Oj86CqT1A,Dale,600,2008-08-16 20:06:40,3.96
bVthsfeUU3Bd5AeJLqKT-w,Flora,1623,2010-08-26 07:48:53,3.82
A0j21z2Q1HGic7jW6e9h7A,Georgie,1636,2010-07-02 16:21:38,3.76
_p5ydZPNMkyTJoPtE0QUJw,J,132,2008-04-17 16:43:57,4.1
FkaBNfCc2dRyQ2qXhsXXtg,Melissa,74,2009-06-05 23:03:41,4.18
R-s0RjtnCRaeVW_dZ5DYbw,Jenna,139,2007-03-19 19:11:24,4.05
70y7ExiEHrawld5lruwUVw,Anne,449,2009-05-31 04:56:29,4.11
jCLjVfSMbvLkSH2ZMkryZQ,Sheryl,276,2008-07-29 00:29:47,3.81
eENfwrVhvOj5t7Gt1IKKAg,Kemi,626,2007-07-22 20:00:42,3.67
ubMCA9FYryl-ZlL1grArdQ,Speider,54,2010-09-12 23:34:49,3.46
WFXqCsd97UsXcE8K_uQ4_Q,Jackie,173,2010-04-23 18:19:31,3.66
AyEAcx3Toa3_jPLSBcVFfg,Nick,45,2010-07-04 21:52:26,3.96
JBnxN3xhM9TdnD4BF11Tyg,Sean,15,2010-07-27 16:52:54,4.27
82UbpDEPMGJ9Sod8a1U-cg,Sarah,309,2010-04-20 13:02:29,3.9
07aVWNhBhpwqW3MdqoKDKQ,Laila,268,2010-05-18 14:39:18,3.73
K2Efx0k-ate_qfvuRbP5Yw,Dave,154,2011-05-20 20:15:32,3.67
NMLvjdY7IOdtfU0TepvUuA,Zach,483,2011-01-30 22:05:52,3.46
J_jGNgqni8qjMAtsImDsdQ,Taralyn,107,2011-03-15 21:22:43,3.75
JC0z8FwI1wJ5g6cB6oNMiQ,Emilie,161,2012-07-15 20:53:55,2.83
z4PGsEBwWeeJyDv2zUhjfA,Fred,30,2010-07-31 16:24:10,3.38
cNkykJO6ToQiALs_fogI8w,Megan,166,2011-06-30 15:40:23,3.85
ikWD8meznb14w9yNie3bwQ,Jennifer,514,2010-09-30 16:19:42,3.99
Tzql1xnrk8BLS3-h7-eYTQ,Sandy,459,2010-10-06 14:45:46,3.57
VTKMyK73IPrYcC8WNurYAQ,Lauren,47,2013-03-18 20:58:30,3.84
yb5coZxxqLeq3Aweu3ORdA,Amrita,359,2009-09-22 15:00:51,4.12
rN4RItq4xONM-cjgSfbvDQ,Kendall,1117,2012-06-07 14:22:23,4.26
dkYUH6i3OZsY7or4_8PTkg,Victor,161,2010-02-16 15:06:39,3.73
JMsKTU2OCwC5VY8Zrl5tAA,Hope,310,2010-08-20 09:11:18,3.76
0-9YVzOkL51P7rtlaLBp9g,Trisha,1073,2009-08-21 22:36:04,3.93
T4Pq2T8WGExBbFGX6XPpYQ,Rich,405,2010-03-20 18:29:13,3.83
B5s_DCLVrBLrL8U6TEVlwA,AJ,792,2009-01-21 23:39:11,3.77
oCnLbe9OGnpyQBY4E90bVQ,Dan,201,2009-08-08 03:18:06,3.33
qIMbsEBMRt7caBGTC2UNdg,Shannon,80,2011-03-03 16:04:02,3.9
LruOyCDYa-hfSwJkOt46VA,Liz,248,2010-10-26 14:26:16,4.1
3RWxayWZMY1L1yLX4vXXUw,Noel,80,2009-10-12 00:03:54,3.66
vpHo2fv9PrCh0cQueJg9Yg,Bridget,292,2010-10-12 14:28:20,4.3
q8pAYhK0Mpar_Vb_1R_tkg,Davis,426,2012-01-08 22:39:33,3.69
5mQ07sjYVm2iJVArj7AFrA,Felicia,72,2011-04-18 21:50:46,4.41
7fDqaGdUMccXQ4bnPwR6yg,Gina,931,2010-04-13 14:44:20,3.62
jrLCaGDNHLwQVNCv-blHkQ,Jordan,72,2011-10-12 02:28:59,3.93
UEIOT1JdvCDIXLN8dQIiGg,Shercole,500,2010-07-29 16:47:16,4.25
i84YDhPbxtq9F8ipmtR5vg,Jennifer,253,2011-08-04 01:33:15,4.11
Sf3LGHUsHr5ZocB5b2TdNA,Percy,399,2008-02-10 15:47:50,4.06
YLRpMbcQ-YvTYl7pEVcrwQ,Zachary,109,2009-10-09 18:22:18,3.61
235W87YggWprtBY9jKXQTg,Thomas C,325,2006-08-09 18:55:47,3.26
mKv2YmbCKxn0_GN6tRCAww,Jim,41,2010-03-14 10:26:11,4.4
x3NsAlkSGb2hvd8XcvzFQw,Melissa,440,2010-10-10 23:46:09,3.56
CeOq70w7mEtx3ASgx8XuGQ,Brooke,22,2011-02-20 20:30:50,3.86
reJ7c2yq3f8dODMslzODUQ,Eugene,405,2008-12-15 01:04:04,3.73
vTznGwin6ardOULhpzWAtQ,Bonnie,166,2009-01-19 00:05:41,3.22
G3ePc3-7X3wuvJ6BbYIvMg,Lee,14,2011-03-11 13:58:43,2.87
YrlNGnrofZHseVYxrLrvJA,Miriam,925,2011-03-12 18:23:36,3.82
F2f0B7a6a8RXMXDeYVsy9A,Lauren,70,2011-09-14 20:36:55,3.99
GzYlk0qWZ8P2gjl5WSk_kw,Anastasia,601,2012-08-19 13:51:49,3.81
AaJ9d4OrFmgc4S_U2QiSZg,Steve,1580,2012-05-23 02:36:34,4.23
rZg5xWm--gdr6LiHoqe_AA,Trang,361,2010-08-15 22:31:22,3.9
lq_uUOD5Z27mbRUEs-OkLg,Brandon,80,2012-02-05 01:46:48,4.24
clk385ygJaFUtRIT2M7yTw,Kinsey,495,2011-12-12 19:15:12,3.92
nlQGyti20c07rpTSYYoNZQ,Pyra-Danny,685,2010-09-05 23:07:20,3.94
3aq21qi-02821S_j5Q4jjw,Clint,46,2011-01-06 02:49:30,4.89
DgZa1AWNuwdnXGCQ-__o_w,Kelly,482,2011-06-23 00:44:37,4.04
xU4GbT4VKMpyOxNJAuP3hQ,David,169,2011-07-09 01:11:52,3.81
VIKzQ1NcRkWuFCJKDPG3xw,AuraLee,121,2009-11-18 04:53:10,3.92
7DUrZclovHlOwuJdMybnCQ,Leslie,53,2009-11-10 17:32:49,3.55
JbjAuSYVjyEz8gXCb7115g,Z,119,2008-04-03 05:12:16,3.33
TX4RFDBXKEEEMMQXoihInA,Debbie,604,2010-05-29 00:33:14,4.41
mZrbrAAtQ0Xmt_MMUEs6Kg,Anthony,276,2010-05-22 13:28:37,3.34
D8CF2H3DYtNJlzR0IITMHQ,ThaDragonSourceRa ®,323,2009-08-17 04:47:02,3.32
xc1opNkFCnAjsPXs7jqtfg,BostonBestEats,355,2010-06-05 19:13:36,4.15
SbpGncVoxFIi_J2xOelJYQ,Greg,900,2011-07-12 21:26:33,4.04
w-hg9fO4EYJTffKbWBrGRA,Kim,232,2009-08-03 20:35:43,3.93
FlvxeXfNW8IHDYDIsHjSgg,David,327,2006-01-10 04:46:52,3.75
N--OQqLEjW24WHZrDfI_JQ,Dan,839,2011-02-14 05:58:31,3.9
SFi2ayCGkIMLd_ZiIy706A,Gail,278,2011-05-03 23:10:46,4.19
ut0OnRS5-Peu2dUd96Fh1g,Sarah,57,2011-06-20 14:06:02,4.26
h3KYuVHhr59Q-UFloqhLHg,Christopher,386,2010-12-09 22:17:27,3.09
zBWSORvlWDmwtcx6627qWQ,Kathy,523,2012-07-04 23:17:25,3.99
sLyo6HkcrwxDWOeK3b0VQQ,Sarah,220,2012-08-17 11:15:39,4.08
3QnoTcrxuafMCoTzW_AH7A,Sari Marissa,1403,2009-09-01 22:27:07,4.37
Jn-Y3d0T3W_KjdZgbWNLNg,Kira,73,2011-04-28 13:18:45,4.43
Jh8K6IdnntfpfqbO4LMDTQ,Thomas,136,2009-09-10 14:18:35,4.13
BMiWgZMdztFY_p2fUOsDMg,Anthony,39,2011-06-09 20:50:48,4.2
UniMVIU5-JglqwXWVEkvcw,Sierra,32,2011-12-22 23:10:47,4.39
8jVT2inwc8GIQ6sH2UG9Vw,Jeff,1211,2011-03-27 06:11:47,3.97
O2bDLdyNdbBwPabAbblwZA,Andrew,178,2010-12-13 05:38:48,3.79
LbtFyFzsdt-d2XDlIGVsaQ,Kelly,211,2010-01-12 18:04:54,3.63
j0Hkg7QJMRFt05kyAb67Zw,Jacqueline,20,2012-05-14 01:39:22,4.1
rlEApmZAbUkn2JXkd6Bmvw,Christina,149,2010-09-30 01:59:15,4.35
VERlHTAhClBWQYMYE3919A,Zina,41,2008-05-15 03:36:34,3.59
J_jerijrgPX7CRvG2mMWMw,Nicole,249,2010-09-04 13:02:41,3.78
g1etLmsmplrSVy_vKX90-w,Simone,262,2008-02-14 07:39:51,4.2
uIKD7cJF4ZWkicin2ulWPg,Gina,418,2012-03-27 07:45:28,3.3
VxQdmAO6lghp7_ZG0hpojA,Teri,577,2009-04-23 22:23:34,2.88
vHc-UrI9yfL_pnnc6nJtyQ,Michael,1135,2010-10-04 00:51:38,4.43
AGNUgVwnZUey3gcPCJ76iw,Laura,138,2006-06-25 15:36:42,4.01
tPL1527smZZ3MRXkR6TNWA,Dieu,78,2010-03-24 18:08:44,4.33
qIossUhtsJ55_ciRTEqiPQ,P,660,2006-07-31 03:50:33,3.82
lNcElI4UYyjYaYNV5LkR6Q,Mare,73,2010-01-24 00:57:35,3.68
iYRI00yQua8kDxeIQNejqA,Kathy,68,2012-02-25 21:54:11,4.07
ptszYqvULb9AT04VfKaXfg,Teri,101,2009-11-09 15:18:01,3.84
pF6b7enPFGUm7Esk0fMcoA,Ai Vy,480,2011-09-23 09:20:36,4.33
hla_Au4fcGMHU8PTFd05nA,Ingrid,203,2010-06-20 16:25:31,3.67
qWYEuBZP7av55tewg3PXKg,Mary Kate,2360,2010-06-04 02:31:49,3.85
k-FkHoz4iUM4lcneoCEncw,Brenda,66,2010-04-23 19:54:19,4.23
LK5O-lkUKwTKCBote4I1yQ,Don,34,2009-11-13 20:05:51,3.76
K17847uudqPFPIjSPgxs2A,Shane,530,2010-07-12 15:40:57,3.69
VYuuNzTWju8D0rr8SvaZjA,Colleen,533,2010-01-28 20:52:54,3.69
ML2Q8uY40Wl0GbGwaKJGUg,Steve,124,2010-03-08 16:13:42,4.24
KaF57_Gqz9cbHHtSzB0CzQ,Amy,210,2007-10-22 01:26:29,4.02
EMJV9rib660I4RpMsbzWbg,Jennifer,748,2009-02-26 15:15:35,3.79
xlbW7Fm0e7_e9KfJ6TG44g,Josh,293,2010-05-23 23:31:22,3.72
oYn4yU4hI8w9vMQkR9bx1w,Chet,238,2010-08-07 04:31:03,3.59
zDmZ3--DU1s-uvbBdgJ-hQ,Raechel,310,2012-06-21 22:45:00,4.21
CAmlkIPFTNK4FEsDKCW2Mg,Sherry,29,2010-10-21 21:49:38,3.97
SlQNwOKszHMRjG-0vjawAw,Virginia,147,2010-06-30 20:11:17,3.72
qjfMBIZpQT9DDtw_BWCopQ,Rachel,2331,2010-08-29 12:44:25,4.08
X5CF8zerhquR0y-A4hDlyg,Ophelia,838,2010-03-10 05:33:07,4.56
ppsm8EDKjA1fp1yTCP3RrQ,Steve,1187,2011-01-28 03:35:01,3.69
kt8CbpWq43U-GuCI0e-ZXA,Devin,33,2009-08-26 17:54:57,3.91
s9fb6K62gxO9ZYWn821Sbw,Joanna,320,2011-06-13 18:02:39,4.11
lRRuTimITgwzoXLIM3g9qw,Tim,478,2011-01-25 18:27:09,3.71
BREFEuaTKcfnQ36zvhhVdw,Joe,321,2011-06-11 03:06:02,4.14
4paWpLov6LjpsNNgE1fhSg,Scotty,1428,2012-10-16 00:52:29,4.13
cD-Tv6w78Dis4COuxm0AEQ,Connie,129,2010-01-14 02:22:31,4.34
2tAVBVwMF2KqQNVfpT_Ulw,Jenny,329,2009-03-22 04:48:17,3.38
nr35WjC-YI0dFcsnW33Szw,Virginia,991,2009-07-17 23:51:14,3.76
QfGuimcRALWB6WiRtXXJ2w,Susan,508,2010-03-30 21:24:26,3.58
sr9NZuHtv928RK_UIGNlWQ,Erika,52,2010-01-30 16:57:55,3.72
AshBB8EMCttPOObB3ez6SQ,Sarah,613,2011-10-19 00:42:05,4.28
QRUCiW1LwtHiRDjorK3UHA,Abby,458,2010-02-09 22:02:13,4.12
AE_aq6XzWw7EHbU8V4yjFQ,Melissa,89,2010-06-25 20:14:54,3.68
LkppvmQ5Zc5eogJpDIuwJA,Kim,161,2008-09-24 18:51:15,3.67
YG-eYLLjy4hdblS2kzN74w,Kai,79,2011-11-26 21:54:19,3.95
NuDamcRGX6GhFB4EHCAEsA,Liz,136,2010-03-13 21:51:32,3.42
rL5uMarIYnEMgDr09pafqg,Mike,517,2011-01-03 17:18:10,3.84
-NycZLw5rPxqwrkKKI-83w,Simon,218,2009-10-05 11:36:29,3.84
SaFs8ThfmEgdQm16iXoNqQ,Shanna,134,2012-02-02 19:55:51,4.47
fiU7TnWwHFlhD259ur0bEw,Kate,101,2009-03-11 14:14:47,3.98
1sH89m2CFbR703kjJ2vA9w,Emily,195,2007-12-04 02:19:42,4.1
oyXIV-9GRBBZrFydPCaR2w,Candace,2223,2010-01-25 05:15:36,4.05
9mM6R32PKGTPJ18GUZOofA,Scott,57,2009-08-30 17:20:14,3.22
GJUP_9KUzyLs47QUWDxFhA,Cherie,370,2008-06-29 08:53:13,3.69
6IeGk4i1BPl2PS5jWZ5OxA,Tiffany,431,2011-02-07 15:50:46,4.01
zF10BKjK4Lz9U_8Yqw28ww,David,1031,2009-06-22 00:19:08,3.34
dxhmh3kHRa3Dhdwgercr1Q,Eric,65,2011-03-15 22:37:07,2.99
ue7Af68IPDj2u-rUC5v7tg,Bob,14,2009-01-05 20:51:23,4.53
0Q1FC3rbRJeHIsYsqxuuww,Jen,534,2009-05-07 18:37:11,3.56
IChJkuIx5aOSpVgxvtNOoQ,Nicole,67,2011-04-11 04:28:51,3.3
p8KJOjlQ2DCT1N0mHpOZGA,Frank,27,2011-06-18 06:54:22,2.9
806piRS5Ueod_7oNHQDW-Q,Julia,201,2009-08-05 15:17:41,4.0
7xo7tlew977EDs7MM0loMA,Nathan,20,2010-05-29 23:32:57,4.1
MR39Vmbfr3StG-Atok3tHA,Linda,340,2011-03-10 14:30:59,3.77
YwNLEnHC43zD6wSY2d-_rg,Florence,446,2011-07-04 14:22:55,3.93
8IsUKXmHKn8exCpsWmnqZA,Julio,64,2011-01-22 23:45:10,3.82
6TAa3ViO9EcAznbWza0aPw,Clare,460,2009-01-26 17:22:56,3.88
PGkMTm3hiermfR6TE498bw,Jackie,435,2010-03-22 04:33:01,3.81
WT36RE4WkUIaEbLDjkPB3g,Ron,439,2012-07-04 13:19:17,3.65
ivseRuEpyDUHnB66D8O3mA,Lynn,421,2011-02-16 07:26:14,3.92
2LxlkB5qMnRsT_bNbXJQSQ,Tip,56,2008-05-02 13:04:22,3.76
4x3x0oGs9gcHCoQpqoI9hw,Carol,1176,2007-08-15 22:34:32,3.89
XT8U_rCZ4c15BoFkDjkOIA,Nicole,244,2009-03-13 01:47:07,3.95
WRGJX46lHlSxrVCA0iWNnw,leslie,68,2007-07-06 21:22:54,4.21
H2wXdyUkTEpWk9xRg94jqQ,Picha,354,2011-04-10 03:20:16,4.19
saQQmDQQJ14BVkm_sg53UA,Caroline,187,2012-04-22 01:15:43,4.1
VA2V65RAdCCbnbusPmBoxQ,Nolan,295,2009-09-02 22:32:50,4.02
D2wWsR58zfPJP1kk3zK0Yg,Cassie,558,2011-11-27 16:15:04,4.14
Hm0diOkWwpo9zotlJlqMUQ,May,2481,2010-08-07 05:05:06,4.37
F1SJ3rfXkiGI5JIvlMOVQQ,Annie,117,2008-09-07 23:25:16,3.58
76rU5U1DGxDsXu93y3i0Uw,Joshua,92,2010-06-30 15:39:41,3.73
M5fiiFQBPshOH3vZ6WhBSg,Emily,121,2010-08-19 18:32:44,4.11
NxNV8s9pdC2lgt89CDej7A,Billy,66,2011-08-19 20:45:13,3.58
TbXMSZIGqpvbXL7BFRHMUA,Kevin,1275,2011-02-03 20:53:56,3.67
K-rMtNcAz0wOWQ81W88NsQ,Kristin,110,2008-02-13 03:03:35,3.69
hzKQOJI8-7TM-BstJpSVCA,Amanda,1982,2009-09-26 23:14:00,3.62
AznsQ60apcdmn4klSTpwtw,Ryan,174,2009-03-11 03:04:20,3.7
iY262MNxieewhtFInDY4Rg,Monica,222,2008-12-24 00:43:14,3.34
IbnlXMD29dw7MM0gnVrdnQ,Vivian,53,2011-05-31 02:29:39,4.07
-y4O_E79Z6QwEI1p4OU_0w,Kris,900,2010-08-10 15:55:39,3.53
2tOuj29YKvQ2kRDxnujrGA,Michelle,169,2010-09-27 05:22:00,4.42
FOjWOTVEQyjChNghH-JoFQ,Sarah,546,2008-07-28 17:35:42,4.25
UATJHaTQf5fufIWLC43gyg,Philip,416,2009-11-18 21:29:53,3.76
L1ayZt4pBRKhO00OhUaLAw,Katie,120,2012-01-26 04:35:11,3.85
ro-VDs2ONzhB2hKInYcPWw,Victoria,181,2010-12-01 02:13:17,4.19
DuwLDuacQWtKSIgB-sbvDg,Jonathan,55,2009-04-10 16:42:35,3.92
vUiMSePeP9Bf3DvOKqjlbw,Whitney,429,2010-03-04 04:40:54,4.05
PLBeRR3GbgP0tsOUNz63kA,Dan,52,2008-07-15 16:35:13,3.75
1EJYgQ-ja_UbTWR_FDj4_A,Tiffany,297,2010-10-10 18:31:00,3.51
zM8KwtT47BHfdRPCJWtv7Q,Lyn,36,2010-04-04 01:47:34,4.32
r6ihS2WVE-3_Q1RU4a8rDg,Aaron,61,2010-08-20 04:26:57,4.36
T9p_H8NK2A8kXk-MZJgW7Q,Beca,54,2009-05-15 05:30:35,3.67
PxO6LX6hkTUHo916Ht_ahA,Jenn,112,2010-12-03 23:13:24,3.68
O9GcNqVhaXGQBf-EeHIZgA,Justin,12,2011-06-28 17:23:12,3.17
9_yaORHh-c3C_yh2HYITyg,Jessica,247,2010-01-25 02:32:37,3.45
LHRMShsnYlo1i0NCGodr3w,Belle,29,2010-01-24 17:55:57,3.48
aSRlObf4CsqCLzfbs2r9FA,Sidney,43,2008-06-07 15:00:07,3.21
yOJVzZu4uk-SmMaMghBwBQ,Andrew,105,2011-05-04 19:25:51,4.14
0gjhJz1pS47DfOmvL_9Ixw,Valentina,796,2012-06-01 06:29:40,3.91
Ye-9S8f2dt41UBfy4lXffA,Tamia,467,2010-02-27 22:22:29,3.98
R6wr4CdbpF9hI9GseQMnCg,Brandon,170,2010-08-12 20:02:15,4.02
O4GWQhK4ta31pzdwnA0scg,Earl,72,2008-07-28 03:17:12,3.71
Znid_azpcHmdRMHGicmkWA,Zara-Maria,583,2009-12-17 20:05:38,3.97
CQ1J7Z2Irj6c19bwi9GhPg,Sam,434,2012-04-07 00:48:43,3.61
gVO3VZwCu54Otc7bUB33Mg,Paul,1406,2011-02-21 01:40:09,4.3
juigu8XxwzLAeikeBzULbg,Dawn,239,2011-02-27 01:50:10,4.3
SBjQX8BNQk4KtLVf8W14zQ,Will,642,2011-01-29 17:39:58,3.35
l-tDF960t9BakjyH34XfTA,Tiffany,2025,2010-07-17 21:30:17,3.72
bOei0iogihBsoGwcBlEvmA,Max,132,2010-09-04 22:34:28,3.8
cX7XsjPTHvvboGGAj0nxfg,Brice,177,2011-04-02 16:30:02,3.22
6C4XX-vG7Pq2tFnhpqzl6Q,Julie,164,2009-03-23 01:53:06,4.11
miQzjfgp-y9cxbGUnRzj6g,Joe,63,2011-10-23 12:35:03,3.68
__QLyY_W06q10ZfBQg7Dcg,Anna,466,2010-06-27 21:11:29,4.2
HKZo5Fa0lNSjX9BbdOpjJQ,Jessica,330,2010-09-04 22:13:26,3.76
ZkUnwVjyjQamIGvLBRKbug,Erin,246,2008-07-01 19:08:02,4.0
xi7xNA_MwFLIm3SD80lCCg,Anthony,146,2012-01-25 08:12:31,3.84
pAL87DkCLBtOCjKcGzZiEQ,King,50,2009-10-14 19:04:17,3.92
uzb2jxTuLTYCk-EH2U-OBg,Angelo,810,2011-04-19 23:38:53,4.47
A66EvH_nWJJb7d-F9FlJUw,John,160,2013-04-20 09:18:56,3.45
kyI_3H0gY_HQ9Qv6ouzt8A,Dan,311,2010-05-31 03:23:19,3.84
EDP-WIrKO3JP6PKu5hrMEg,Jordan,94,2010-04-17 14:42:48,3.27
61FNJUiDqXReViksOYiILQ,Michael,1020,2010-11-22 00:01:35,3.71
D_VxvOewm1eEkz1xLqQR_w,Kayla,10,2011-11-14 14:57:57,4.1
eVWgnIaMMelbcIzydSqWMA,Lilli,314,2010-11-19 15:44:17,3.85
0_1ASp-C2cIdSM3EjkJDWA,Tokuda,86,2012-01-06 01:06:11,3.91
yIsQ4qFCyY-clmlRwQlw_w,Christina,483,2011-11-01 16:48:04,3.6
6mgYTBGN1Ig2thDBCjmLwQ,Michael,965,2007-04-07 23:46:12,3.59
-dbvRNHhBPs4eXhu2k0_xA,Elliot,211,2010-04-09 20:36:43,4.32
GaacaTNh_rOgJO3zbfqPkw,J,222,2007-11-13 21:13:21,3.25
USD9k93iOIB88v93B5iBcw,Alex,304,2011-06-03 18:58:25,4.06
FDr3AV8GwfPDOYYoe-yXRA,Colin,54,2009-08-05 00:01:52,2.98
ehHDtBNAQ_5AopWiN-e4mA,Trevor,87,2010-11-27 19:17:54,4.03
StlGWDIwOXfpmX-UvIe5bA,Dave,58,2007-01-20 22:47:42,3.18
gs0dNGac_01UWK_bXrYilA,Emily,339,2011-06-28 17:19:20,3.97
a-8ZuiQk4EsWgebrG-K2HQ,Cat,491,2012-02-02 16:03:26,3.86
GGSVe281HySuE7fPaYAogQ,Jeremy,138,2010-03-12 03:52:20,4.25
bH3yc4ZI4CGd_wPpZKML5A,May,309,2010-06-21 04:55:58,3.76
EfGPXR9zev0DGybF-YJmig,Lindsey,374,2010-05-23 04:25:25,3.45
W7o-AY6Hpyb5WkgxwGH_Yw,Gary,805,2011-05-12 20:46:10,3.81
47zMh_WgunwRDf7Cx2WyYw,Cari,96,2011-04-25 20:16:34,3.96
eg7ZVmUQSSTwuLhkdU8y5w,Gabe,1235,2010-10-22 18:24:57,3.94
wJve5WfG5ZmLxr2EVDtxaw,Willa,39,2011-06-27 06:23:12,3.56
76vIFZcC7owykCBjMfGVXg,Amy,3335,2011-08-17 23:05:32,3.58
jGLIj4NoI-wE-esm3KjTPQ,H,135,2009-10-12 19:59:01,3.94
PV0U0arT_AUfjVBtrKfPSA,Richard,732,2010-09-21 00:12:40,3.88
TZwKmfmbzevOtOoZhlZVxA,Jason,324,2009-03-27 02:35:46,3.71
onQsolCnpHwtOZCIuI91vQ,Tabitha,371,2009-09-03 18:34:40,3.87
cbBxBySpq87KPiLG25N76Q,Daniel,113,2010-01-03 18:31:34,3.61
boPTXvgAXprWRJmeIbLehA,Jen,9,2008-09-02 01:20:18,4.0
4U6Bns5iuERf5aC3rihAuQ,Lena,392,2008-05-21 09:02:52,3.76
zPNGLvj4kW40pdFRFRXebQ,Kristen,464,2010-08-22 07:14:57,4.24
8ybqiIIq9AWe4AmrQEq8qA,Gary,449,2009-02-03 12:36:08,3.81
CjJhEzdWQNEKa7grwPRQyg,Stephanie,432,2011-04-26 02:55:59,4.29
Z-ee4V5_ZFsI2ltccSpqyw,Vik,322,2009-08-18 23:53:20,4.46
MBuUnl4HXEUmXHV-UEwfZw,Darlene,369,2011-08-28 18:03:02,3.68
gZKrQxAG2cpsXpwOMLvcow,Jenn,999,2012-01-12 14:09:03,4.22
3aTssc6xCvdZrRNmwjopJg,M,17,2009-11-08 03:53:21,3.16
w4BiBncdzxNed_PLV-b1VQ,Jolena,250,2011-03-14 17:33:52,4.36
aUtAqNVDJSjnlY-zV_uM-w,Caitlin,229,2010-01-14 22:49:44,4.35
Ksgxq9-mmarIas-IAjBD0w,Jessica,44,2010-06-30 18:46:40,3.75
1zG4q1xZuZkN6Szs-XwwhA,David,127,2012-02-06 19:39:10,4.33
xx-6o9MW5B92VaWmRJwEMA,Byron,74,2011-06-12 03:25:20,3.81
rpUOaLv_7QkDeFQSZMZhOg,Christal,117,2010-07-05 08:28:43,3.88
G0Mu95b3NXx3EO7gw6B1Zw,Kristina,308,2010-07-13 00:14:21,3.82
WC80PqX537UgJvxVR2fSvg,Suzy,171,2007-09-08 17:27:09,3.88
w7RP1MZad3YO7Vjgp3s3Dg,Claudine,1793,2008-03-17 23:34:39,3.65
lMY8NBPyzlPbbu-KBYfD9A,Christy,1444,2011-06-04 13:35:40,4.19
ojyWQJtQ_ESVDvqL-69tLA,Lia,301,2011-02-11 16:41:35,4.03
X4k8ugJaihHVLHq32rNTwQ,Harry,330,2010-08-02 21:01:54,3.66
cPYnn9mK7Cyq9c1rhPqYsw,Kristin,235,2011-12-06 03:25:08,4.3
JfqaznyuI0N4FnAXa-644Q,Benjamin,260,2009-02-20 04:07:50,4.28
-zG47SEyhX_R0xHtOVqnnA,Jason,90,2012-04-15 22:35:51,3.53
dgGbo6-pw0yh3JSmghE15w,Chelsea,43,2011-01-14 15:16:35,4.22
f4t6x4J2AdZ4lwYhXVFw0g,Patrick,496,2011-02-05 05:53:25,3.94
OgLyhQefoJ35LZRhp8ugWg,Cassie,113,2007-08-23 20:47:20,4.33
IEcTTq4A8NvS516XOWXv_w,Lauren,35,2009-08-24 16:07:58,4.03
Cf8Jw9yX8RrG-l4PQoMkuw,Sean,268,2010-02-17 10:16:04,3.98
EMMKdK1cGrLSo08wgSYHJQ,Lianna,1377,2010-09-13 15:10:57,3.97
3vofzamIMkrS0PPf5aSmRQ,Dora,74,2011-03-22 00:16:19,3.8
9lcq01JUhRY2yW8AxU3TIA,Tom,429,2008-07-29 13:49:59,3.47
A4bsa7ykYRVCnb4h2vZALw,Angela,422,2009-08-23 05:51:22,4.11
ChRg10NMh5QcPK6mLGLeoQ,Jay,138,2010-09-14 02:55:45,4.11
_McYipUHpuxJcNa4RfLEBQ,Jake,103,2010-10-02 20:44:16,4.1
5IaHGddT0RLq1-S5LbP1iw,Colleen,368,2011-03-12 20:57:25,4.14
sd4E5iKUZotDEeiF3cC81Q,Chena,670,2012-05-28 03:21:18,3.56
ufp1DPcF-aO_3Y189JTqtQ,John,110,2012-05-27 01:14:48,4.02
DGFxeztMIm4W5ZnFJtdEMA,Elaina,19,2010-03-30 16:31:30,4.19
Nr4vKfdhXCWHR-_aONNspw,LeeAnna,123,2011-07-12 19:25:25,4.58
AE6FeiVILe6xaXHqmX146Q,Juliana,42,2009-07-07 22:39:13,4.35
62zgueoJm3JARclC7zHGAg,Jenny,27,2008-01-08 03:21:53,3.9
qX9rK32qy5hiYo9EPPJftw,Pourio,539,2009-08-05 07:00:24,3.31
3RuPbLjp9EDWlb1eTiNYsw,Marci,436,2012-10-27 05:52:03,3.77
tR2IiRfhmcrKJaD228EsIQ,Andrew,14,2010-08-15 23:45:15,3.79
OmBcJYK_IYDQTIF0LzFw4g,Lauren,26,2007-02-06 14:10:54,4.15
TESUeCPNTpoovu7sJypdzw,Joe,302,2009-02-16 21:47:20,3.43
zQTEbn5nWGPypxOf2uRPmg,Katie,1766,2011-11-05 03:48:58,4.21
Um5bfs5DH6eizgjH3xZsvg,Dianna,3322,2011-12-05 05:09:41,3.84
FHfjAReTovbu0chLv-WGrQ,Allison,1358,2011-06-03 04:08:04,3.78
oE2ecwmrGKlGYHInhiwz_w,Michael,16,2011-06-22 06:07:55,4.88
zJmk6o7QtpghNzNmCdDfDg,John,121,2011-11-15 02:50:19,3.62
E6Aoz-3s4avfweIjziHjbA,Primo,624,2010-05-10 01:19:10,3.86
_ljIoh025OGAvWz_Kvq6EQ,Rachel,207,2012-06-10 16:32:12,4.35
jK_SY5ciS1IL82Cf3Ed1_w,James,378,2007-07-08 18:13:14,2.44
Y_Aj3fX2JlJh9glH5LX6VA,Molly,378,2008-09-05 18:39:56,3.77
9Ms5wpxVloadWFvDbb77kg,Melissa,321,2009-04-02 16:44:26,3.93
7UKX16IlVZ5vXCO0rfxbsQ,Bizz,116,2009-03-20 15:16:42,3.69
K_bKkwJfy_p-HC1JlbtZpQ,Mike,226,2008-12-08 15:00:12,4.31
QyTT8QswP1Mj3fT241eMEQ,Charles,29,2008-08-11 05:28:06,3.31
BJNxQGG3dx5uLxINGA5kDg,James,244,2011-06-18 23:19:44,3.76
vffKQc_WQMYFGY4JS5VAOw,michelle,1191,2005-04-26 22:37:47,3.9
B9iPTih0dmpZn6fRyZnLLg,Brian,408,2011-09-23 15:47:06,3.84
DxLeV9DjaiKwcbvYFvHv-A,Josh,484,2012-02-21 21:45:16,4.18
FXW16a1QddonpF-h3NtxPg,Christian,442,2009-02-11 01:36:31,3.41
lNE27mkxkzt5GcFi2cBU4A,Nora,73,2008-06-19 02:38:17,3.91
WDpvs6U_TCx4799oxXcnag,Cassandra,1670,2009-02-20 22:43:13,3.96
zH3dt6CdiHIvmfsDHcqTpA,Erick,322,2011-07-04 01:10:34,4.17
epQ-tZ2wneTGITGABqv01Q,Raul,339,2010-02-15 16:59:59,3.44
ovUBZdJI16y-qasoqnGt5Q,Larissa,141,2008-08-23 00:34:15,3.77
V52Szy8N3uQI1RL1NtBppQ,John,25,2010-07-30 19:34:08,3.15
tpeSrIFB-Ce0CjtTsRE0OA,Judy,283,2010-12-08 18:51:50,4.2
CTbH0UcfuNKi4m4lUXi3dQ,Ro,107,2012-07-04 17:03:09,4.33
Cinc6eGXZCog4sfG7maWDg,Alan,213,2012-03-15 00:34:42,4.02
UKg3ybTCwNQJHFy-9vJJPQ,Anise,17,2011-05-19 14:47:51,4.18
7lTCFIslGM0MXlMvd2Mu9w,Kimberly,241,2010-07-26 19:57:20,4.08
qsIZu2IbPIwETNgh6Ed6tw,Thomas,483,2009-04-10 19:30:40,3.83
CnqScCfKY7hIbAK9prR_Tg,Seth,52,2012-02-23 16:59:45,4.26
v4uQQem0Kyd7Exgbvf7QwA,Cindy,66,2010-10-24 01:47:32,3.62
tqrbOaM7iq-4w3_XvzZ5cQ,Jill,90,2009-05-30 16:28:34,4.03
Yit0pmHaEtaR_gkclOUUzw,Sheri,459,2010-08-21 21:11:06,3.94
XD_SGGnLRR-NmdI_jjobZg,Michael,607,2011-10-26 12:55:21,4.0
mJy-5ShuwwYRayxRtl6xxA,Lauren,407,2011-08-29 19:24:09,3.37
Kc7IwXLrJVqAVMkX6pxWbA,Steve,1559,2010-07-12 22:33:04,3.76
DiZyLkHNsUp0Fm0WJ3YMxQ,Greg,51,2009-02-04 18:35:48,4.17
iL70ukJTRhtQF7lY52MTWg,Josh,116,2009-08-07 19:03:38,4.12
ZONg3CGFq-PPSuYH5swlkA,Jeff,80,2008-12-29 14:20:08,4.72
_A8Gf7sJVkK1seAIWRVAcg,Henry,289,2010-09-07 15:08:13,3.73
erwKZe1mY-hQpcuC0LxLsg,Irina,376,2008-12-12 22:23:36,3.95
R9sjNOCNvvfprh-AuXah-Q,Patrizia,117,2011-09-10 23:03:36,3.37
adi9O9g6X9ksr0wxFG9Yrw,Ashley,175,2011-03-04 16:39:13,3.9
3BEKgNBLKRL8VzenhgKw-A,Michael,37,2009-07-23 00:16:36,3.95
0EZ2Gh2ZHijQH9v7iHzxYw,Steve,45,2007-02-02 05:33:08,3.71
Hi10sGSZNxQH3NLyWSZ1oA,Fox,17473,2009-05-26 11:33:58,3.77
dR5K7ybTFxf-PobaCwKQXg,Melissa,381,2011-07-28 20:41:21,4.16
rTKK_-3W3gIQEohj0QSFWA,Brian,945,2010-03-26 19:53:09,3.74
vDACtEdgJP3mS-U0_NA0Pw,Katherine,603,2011-03-18 09:04:49,4.2
Uk3X2AypU8AqvcYEVf7s6Q,Douglas,431,2011-02-15 15:03:27,4.05
nkVxroqpkPTrKtvP15L50g,Allen,596,2011-10-20 00:55:56,3.78
acsgklztOz0MzucAeiTcuw,Charli,71,2012-01-10 15:23:31,3.7
693jtVYzvhwbATcoGxTgaw,Cat,208,2010-11-04 01:28:08,3.95
MN6vTCeRKWU44M7xwhQc7w,Ophelia,966,2008-06-26 22:02:49,4.08
fITw8QUaxcb_xn0av-U5NQ,Jeff,41,2009-11-28 05:49:40,4.0
QvfgYosCnCNuYR520D3dGw,Eddie,69,2011-03-12 05:18:48,3.56
u-OeRiwGfvZFNmDyIep5BQ,Meg,229,2008-12-22 00:54:42,3.96
e96Xa15PI5PiqHbZXfKSCQ,Happy,295,2008-04-30 16:30:40,3.41
FVzA-5cUVRYttsv5aFOqQA,Zeb,473,2011-07-24 22:24:29,4.0
rrTl2iqNSY9cB27MMvLI9Q,Jessica,161,2011-03-30 21:40:56,4.28
bQCHF5rn5lMI9c5kEwCaNA,Vincent,8354,2012-03-18 10:04:51,3.87
yPa_4u6hcWEHkziHAeRapw,Mike,248,2008-05-08 20:14:06,3.85
bqHqs6JaWmZ2LpMbizMfaQ,Cyn,212,2011-03-07 16:15:47,3.73
XsnL3gdNiPRnj9svFvz-EA,Jinyoung,481,2011-07-01 07:05:50,4.02
UyJ4ik025S5htttrXUYJ0A,Christopher,37,2007-12-27 14:01:54,3.06
onNYlENuKUfA0kHGJ8brWA,Micaela,25,2009-11-25 03:54:46,3.79
1JtpcHELRrSDoWS80WtzuQ,Jon,959,2009-11-23 04:10:58,4.18
_hPjqzQDiyw1-4U_IAETpg,Nando,615,2012-02-15 15:23:35,3.83
z7kkfKrPNKjK3H6gdFaDUg,Ray,65,2009-07-12 15:08:42,3.17
DuC2TFDgADG_V47FeOP8mQ,Elisa,127,2012-05-29 06:09:59,4.0
T6TInNEhz-qm5tT_ZjQEoA,Marcel,157,2010-02-14 02:09:36,4.06
cZohBzgCY3B4Fbd25GHHLQ,Kevin,372,2009-09-21 20:21:59,4.09
jGUdsAMkurKYZCh6l84n7w,Amanda,769,2009-04-18 02:27:43,3.75
OwFU2EF-55e9BGa7RcLIIA,Danny,113,2009-12-12 03:15:54,3.74
4eh6XJPrsEEn_R9KXQ7lOA,Joseph,113,2009-03-23 02:32:34,3.6
en9InA1FGqAbbM2-KpqgBA,Ryan,286,2012-06-24 06:59:55,4.08
oSjxHFZjcuY_PX07a9Fm2w,Adam,199,2009-07-09 03:57:52,4.12
b39y_inQloddW6I49gV5AA,Edward,421,2009-07-31 19:52:44,3.92
hYPVPwbAdcaPeqJ2N_PAcA,Terrell,442,2010-12-11 17:30:21,4.43
G1h1gHD9q31P4b-sIBoz6w,Julio,1145,2009-08-02 17:44:06,4.29
Gu6v8UP_FKORLlKyvc5JIg,May,245,2010-12-09 00:42:36,3.58
gWGwq8cMYDZregKM_mlhNQ,Lulu,147,2011-06-22 19:34:04,4.08
WJVedIAJN0FRxDn6M1tLkA,Abby,735,2011-03-22 01:46:40,3.93
VUllFn1I5j056JyVqsQXBQ,Alana,213,2011-11-20 23:43:36,4.16
celRY7r5vKftkn4kg8wvoQ,Leia,76,2012-02-09 03:51:40,3.88
NMfWtO7YV9V5kshtxjdorg,Kay,314,2007-07-27 23:50:05,3.68
YjQAF3_GvXKFCYxLNCPUbw,Xtine,136,2008-05-20 16:02:09,3.75
o2iirO07Fml8NpmwD0NIDg,Kris,506,2008-04-11 03:58:29,3.63
BEeOYwPVYctYwNKNR3loEw,Dave,12,2012-02-09 21:34:01,3.15
coNYmkLV-58yt-7RUugfkw,Lauren,40,2010-11-21 00:43:05,3.65
iYtCcBjXaQAALTSBp5Lkqw,Melissa,14,2009-11-24 23:08:23,4.5
eVIf6rdRbevntBmV85jOrw,Anthony,24,2009-03-01 20:47:21,3.65
vqvz7NZFudMM9Vzoq6hILQ,Ginette,1501,2010-03-19 15:09:44,3.46
x_FhrxfP4gbu7fI4Zypylg,Niki,135,2008-05-28 20:45:10,4.16
jk5dcB_MfWglVdc4ILfWkA,Tracy,113,2009-05-25 19:15:09,3.81
LHWtjTG7e1NzNPYUbUo-9w,Aruna,564,2010-02-27 18:46:56,4.15
dme9K6sQrgpojAay5r8IAA,Bri,230,2010-03-02 20:01:39,3.8
XcKWWRBKhSwA6eGZb547PQ,Elaine,151,2007-04-01 21:06:13,4.35
h_WJ9jf22thDw10b1KL-cg,Kristen,143,2010-04-18 21:19:24,3.64
M5HoGdy-mNOV7EHhxB9P9A,Dennis,222,2013-03-12 02:50:00,4.04
_Wkf2RNDnBuqMOpzSqmZXw,Nancy,934,2011-03-23 04:03:48,4.12
GON8Ynfiro1jxnFoWD5jwQ,Chris,1656,2007-08-17 20:21:05,3.89
0us9bFdds4rqm117K-DCHw,Carolyn,139,2011-02-14 20:07:23,3.96
vALpp2IgoeeyiRoH1qRMuQ,Melony,666,2010-06-13 14:58:56,3.94
O5y7KlfBdqV6Ih8yhjZLsg,Kristy,619,2011-02-26 16:45:29,3.69
pi11rKWFwxaUmSPX5fYZ9g,Fernando,104,2011-09-25 22:57:28,3.96
zTwwciNRMedBvUS3-_8h6g,Rich,269,2010-04-23 01:29:17,3.49
a_jH1ewLLYzEfPnKjE66DQ,Cory,670,2010-06-24 02:48:03,3.75
RT5LDpIgI0u2GlprpwwONQ,Amit,8,2009-09-08 00:14:20,3.0
WN-b6cm5t3J6kwn-p6Bonw,Felipe,118,2009-01-22 02:56:33,3.64
oHhRC9McudrS2c-DaaGQUA,Debbie,30,2009-07-12 13:53:37,3.63
vXYcOtA-rogHpBFZEPKbYg,Brian,331,2012-03-29 13:49:40,3.88
TE199OBEeJ4gmtRo-2kOfw,Re,337,2011-02-13 16:52:05,4.4
oKEcgplgzi4Nid6bexXY9Q,Ashwin,249,2008-08-12 18:42:55,3.82
0FyfxrAMHm7AlrAkAXZQ9Q,Cyndi,834,2011-06-12 21:20:52,4.07
yujZWE_uZn41f5-677Gvjg,John,85,2011-11-23 22:29:21,4.06
pqBLlY7_IoGbu6ZdTFjzxw,Jennifer,196,2010-08-25 13:43:01,4.05
Km6pfnWZsp2ij8LDMCOmnQ,Jennifer,75,2010-10-01 23:42:17,3.5
OynVCGhnTKdBXeLzI016ow,Stacey,28,2012-01-18 21:04:25,4.46
Js1FsZ6oP_9tO5tbJN-d2g,Kirsten,598,2010-08-25 23:51:20,3.83
6uX6AiQn6p1hrH_Se_VNvQ,Tom,307,2010-11-30 18:46:43,3.2
3jZ7W7ZPXBCX7opq1IUdPw,Michael,1374,2009-02-01 14:10:58,3.74
xdQzGzNu3nIUEvOGPW1tYw,Aspin,230,2013-03-11 00:02:38,4.07
jflNkG9ENWeOdSMUKEZ3zg,Joe,3,2010-08-09 21:23:01,2.33
X754C7UkbPik6ppvYaIitA,Shijie,272,2011-10-10 06:49:03,4.04
m1AUK8tI19tUT_N3DMkyIQ,Chris,1298,2009-11-04 00:16:53,3.77
qpNnwhh7muvIg2pQMP9Aug,Jeffrey,54,2010-07-26 15:32:50,3.33
4aCF363Weu2RNAtl3mJ2eg,Matt,568,2010-12-10 22:39:27,3.69
iCaN6GlQfuLgRIOvAJLbVQ,Breeah,37,2010-02-01 02:17:08,4.03
VRkv17cgz3qDw_6XbqwyIg,Brian,332,2010-04-20 20:53:57,3.84
1HM81n6n4iPIFU5d2Lokhw,Shannon,2317,2011-07-28 15:40:07,3.13
WuiEYopWZOWOuWQD87fVSw,Carol,745,2009-06-03 16:15:36,3.4
Xh-9bO8BDQ_9QEFHWXChmg,Betsy,59,2010-01-17 05:11:02,3.98
6J31l4aDNNGG5JpYeflKPw,Caiti,10,2012-02-12 17:11:58,3.6
xSe759brFUJ5w1VIxZXWzQ,Ni,160,2008-05-20 19:18:26,3.48
PWdye8-VRbkTtKP8oCvDYw,Kathi,96,2010-02-05 01:08:45,4.0
OGAZ1a6olN5IXaeOpaQmZA,Jimmy,70,2011-03-29 15:39:01,3.32
MWNfMHIp8A8i40scfNFK6Q,Mike,63,2007-10-12 19:50:18,3.7
ryisT19-tzvMyVVi0iLvwA,Jordan,440,2011-05-05 18:18:30,4.4
p7EenBVcJG5BSpt4SQTOFw,Jessica,289,2011-07-19 20:19:31,3.7
F2Dzih3h-NgL6Sima15kjA,Lucy,50,2011-04-01 23:03:35,4.42
ASLIke5kbn7Z95wT_otaUQ,Stephanie,360,2012-07-10 17:09:07,4.26
RwPKUrc0ae54hV1DWU1MsQ,Mike,925,2011-10-04 15:40:07,3.26
XhrlkiNB867EmtYuDTcq7Q,Heather,245,2011-04-28 15:48:15,4.0
TMGvlV6_Ih3ezILVUGvdXQ,Terence,34,2009-10-07 04:49:48,3.0
n3Gg5mIokBirc8s_unINnQ,Eboni,328,2009-06-08 21:55:50,3.2
IL0XURF7WCEo37HyJqtYGg,Noelle,279,2012-03-03 21:01:48,3.43
n1JTMTl0NQhl7pEIb4ck2Q,Luis,52,2010-12-02 20:31:25,3.7
NQ8tfWK1_r8tr1-LjiE9zg,Jaison,36,2012-10-03 19:38:45,4.11
t52GIHHshX_NSLqLm4-CAg,Arjun,12,2012-02-18 06:02:42,3.85
VL12EhEdT4OWqGq0nIqkzw,Mark,1646,2011-06-05 16:36:02,3.58
lFCSTLOE1r5RhlqZcfyJIA,Megan,90,2010-11-20 15:20:46,3.66
ubTQ2pYBFFfFUxSP4QQvqg,Alex,249,2010-02-19 14:40:32,3.84
--u09WAjW741FdfkJXxNmg,Uyen,263,2009-05-16 06:49:35,3.98
jk5oDKpRerjJ_U5Z8sAz5w,Brian,360,2011-02-09 00:50:27,3.48
v8v20odlEnoGEhnbAtJ0qw,Ross,87,2010-05-05 19:24:26,4.13
3FQu1N5o6ebrWvJ3VBdnnA,Betty,118,2011-02-20 09:28:55,4.04
yU4MW48QQ1eAdOkztAVf3g,Amanda,444,2008-12-09 14:50:05,3.96
Q8V8JWWQNrpvD2bXC3cPpQ,Jillian,138,2010-12-10 00:51:51,3.73
MQI-K98hhjP6h9XEx5KTUw,Rebecca,81,2008-05-03 22:29:53,4.09
9fV_u9Bhqr20G6TjJdyUsQ,Samantha,279,2011-12-30 00:31:01,4.29
46usODzkmddlBw-likcaDw,Jessica,300,2011-09-30 16:54:09,3.98
FO_e65Z1Aslsgx0DmTCUVQ,Laura,225,2011-04-06 18:17:34,4.22
GFegKuN8Zq-RSMlQooLqiA,Daryl,104,2012-12-30 16:33:48,3.77
uJ6Zjp_shZJX9cbAqgR0gQ,Lori,121,2007-01-08 02:52:48,3.78
3x_OqLY1XM75wHAohiyxSQ,Sarah,234,2012-10-28 22:17:46,4.17
5cnL1iIxz7rLhl0IwgIhAQ,Tammy,85,2011-11-23 01:37:25,4.44
RuYYtPAdhVjQ6u6GqmgZHw,Mark,903,2012-10-08 21:13:09,3.84
t-3nVGIKX7FmS_spfvzgzw,Emily,1552,2011-11-04 02:22:16,4.0
z72G0C2kq0vP1vVX_EU2UQ,Jeff,711,2010-12-05 21:39:59,4.15
j2wlzrntrbKwyOcOiB3l3w,Tracy,74,2009-07-24 14:30:28,3.52
JI6T6niNLWzks55uON1QDg,Bo,663,2011-04-27 04:17:14,3.51
5GLB61xLOP6T-pNsr7rslg,Faye,341,2011-02-07 23:29:18,4.31
Va1VeFo3so8d444ohkSGjg,Tiffany,422,2008-07-08 01:30:04,3.65
4F59l8scDgg6BQx0HGRtcQ,Allison,1359,2011-06-21 04:30:29,4.3
2T8cxl3Y_JhCE8o80BSp0A,Missi,552,2010-03-26 12:11:57,4.28
xQ72nFYFH88I3S4_usobcA,Mira,508,2010-06-09 22:02:07,3.81
mtz1i0msSPjzAPGbMLviIg,Christine,38,2008-12-14 04:02:26,3.78
8rFBRygifIKwtObi18XbbA,Marina,330,2010-12-01 22:40:16,3.93
pnTiEaqM4slogpY97n9Kvg,Jonathan,1251,2011-01-28 11:34:04,3.98
yXCc1g92gCL6h4xHnt0HuA,Jim,18,2011-12-12 01:16:16,3.22
N7NnC6-q0O-Gq2n_7YJkNg,Angie,842,2011-10-13 19:46:21,3.72
3lTgW6aoFiOzoadal2taWQ,Jace,83,2010-01-11 18:11:47,3.92
dvu83QWKsnnbGvNVQ3mv7A,William,808,2011-08-15 20:48:45,3.87
M-ioj0zpryMKwY98qCEatg,Katharine,89,2012-01-30 00:59:14,4.01
rjb_Ui2yzFpMK_Kzr1XA7A,Aya,74,2009-08-08 05:03:08,3.91
q0maahM5jLGufHhN6kR8Xg,Adam,159,2011-07-01 16:46:02,4.17
SO9FkyfukJBZACBg2N1_Fw,Scott,75,2012-08-08 00:57:49,3.77
cByjp6ENzOszHs4fgbPtPw,Teresa,61,2009-05-30 01:29:57,3.6
ecHwvfy3wOAih_RQHUQiEA,John,288,2007-08-10 15:55:14,3.54
pUNvLJwdJIOemOgU98mp1w,Amy,488,2011-07-24 03:16:25,4.14
yqa2qWN6acpmDuDL3U61UA,Mike,477,2009-04-25 21:42:26,4.59
B1OVDsstzC_RaESmtd1oWQ,Phong,595,2008-09-11 19:56:28,3.84
fZ7alKmS6Mi7QJcGQ1-cgQ,Andrea,96,2011-08-21 04:12:21,3.78
UyOY0Wdh1f99oFWWh2SOjA,Cathy,533,2006-08-15 20:13:12,4.24
mEOMAeEonZoUx2nPM3v6fg,Lacie,117,2011-05-20 02:14:00,4.26
CsVpAEIpymc2grb9i521uA,John,169,2010-05-29 18:23:40,4.18
hKXHZdm2HbHWOBECeccEqw,Raymond,495,2010-09-19 21:49:05,3.88
ai7Oz07QWyvmyKH2iY7_Yg,Dena,366,2010-10-19 21:02:58,3.85
zUk_Ww2q1At1QSyRbUjIGQ,Tricia,1238,2009-11-09 20:33:10,4.0
N_mlUKdFuFN6Z6LiDWfTdw,Alyssa,358,2008-07-17 21:56:40,3.95
l4MgSKyrVA1UYKExf6RFtg,Daniela,32,2011-02-27 04:25:12,3.15
iWMxMUWNXfdvVl9oXSaltA,Tony,38,2011-08-14 01:35:33,4.24
rUESL58ZoOwra3TqIpBQ3A,Kyla,240,2008-07-27 22:00:36,3.46
67MIlXhSlz1NoXGxRPFFwg,Martí,333,2012-01-22 22:45:19,3.49
w2qWeQMLROqvGMPZ9zWw2A,Jacob,22,2010-08-06 01:32:27,2.59
v98WXw1EToiuPIxtE0aekQ,Joanne,457,2009-06-19 12:51:00,3.73
W7iLDP6GY4joKZ1zSCOEfA,Janine,644,2011-06-30 09:02:39,3.85
KRdVRNdVrD9y6vHn907YIQ,Alexis,221,2011-11-12 00:47:20,3.78
S_llEH0Hdbipg1xUAmr7kw,Chris,208,2011-03-03 19:45:59,4.57
AOHXg-d8hNvhRbPQAEBCjw,Katherine,210,2008-05-03 15:52:23,4.16
0dAclgpNIO90XCNwplkhmw,Sj,351,2009-01-26 13:04:06,3.55
l_KCiv1LVHfYMxuBUJEHjQ,Cindy,427,2009-05-24 02:01:49,3.87
Ed7dzUk8PWLwjDm1y-8BBQ,Shaun,14,2011-02-07 00:04:36,2.65
hvn25RYBPMJ5kNy8IMtGvw,Laura,36,2009-02-13 00:21:12,3.68
zDUHJqMoMxHN8SWhDvU1_A,Thysis,333,2013-05-23 17:45:23,4.04
VPjsXy_9OiqGFIfQUTXGrg,Kaleena 'Kala',152,2009-03-16 00:03:14,4.02
6i7XsIdjmExkLJJ8RggRyg,Jeremy,261,2009-11-04 03:35:29,3.65
55MM82IMaz-xSrYPueWzcg,Chris,149,2008-11-09 00:21:09,3.83
UN6MXJuhyGcX7LTj4-b7FA,Warren,167,2006-03-12 01:04:23,3.26
A-h1VpD4NhSQo9hlk5FzRg,Marty,456,2011-01-17 17:35:29,4.18
v_bE00eJcYoTM9ucqQmDYw,Z,144,2010-12-14 00:23:57,4.02
gwq2RYEnslVjtTxjwpbi7Q,Quinn,10,2011-09-12 00:24:11,2.7
cU-Z8K3TNM019C-62GtwIw,Robert,233,2011-06-10 19:22:20,3.7
OExmdhEdcKHQQqXrv6ftTg,Andrea,483,2011-04-24 02:36:06,4.0
2KON5owYFewXngGLkeXKfQ,Bryndon,83,2011-10-01 10:49:06,4.8
rTOLj63bMRn9ragmfMzOeA,Charlie,482,2011-02-02 01:29:46,3.98
mZAyb8OSugvx6TLjTuZsZA,Amanda,108,2009-08-08 00:34:10,3.8
PVjbDq2pLawIcLZ4K4tsiQ,Niki,333,2009-01-22 03:41:38,4.01
YvsClQ9-iK8XYuQj8AG8fQ,Joe,76,2010-11-08 23:44:01,3.49
WUgxsRUFjATha8L4qWYDww,Glenn,696,2011-07-28 01:14:09,3.57
9HVdyfrZiuz9wDaL-fwCog,Heather,160,2011-02-19 02:56:27,3.92
N11AGsSHMp9ZhOARSq8LNQ,Sarah,441,2008-06-03 17:30:23,4.15
42UZQy8RjzrOorRXIUDgJw,Holly,72,2010-07-06 13:48:05,3.51
ZcNLb0XgmVOPcYvElhz3WA,Matt,483,2009-01-07 07:41:49,3.05
u8FV5F9Bvw48uFsuatqLRw,Ronnie,66,2011-06-08 20:14:40,3.94
eYfXxTE04Jpd6MchMPHVoQ,Alison,23,2011-06-02 17:31:47,3.09
iDx1NCLBORSjnyXAwq3B2A,Rick,448,2012-06-30 01:00:16,3.79
HPi2dunfsinPxHaYt6A0QQ,MC,46,2012-07-17 15:31:56,3.65
Y4Ofs-uvMBZseDFxs3PwAw,Wanda,82,2012-05-23 18:33:43,4.38
0T7D52kX1PSqUtYMudBT3Q,Kathryn,245,2009-07-22 21:10:12,4.23
bfpdkDQfWjWoJRAsbtfATQ,Alicia,566,2011-03-26 00:35:23,4.05
0xZucjnNt2beD1veIAWLwA,Rob,242,2009-12-17 02:16:53,4.06
4O9tKXW-DS8Amo2hYNf40g,Marla,61,2009-07-01 17:15:31,4.14
c_DMXMg1reOAv_LDaWEQRQ,Toya,10,2010-08-16 14:25:57,3.8
SWeMQPWbHNFKdW26STWjdw,Missy,23,2011-11-21 00:45:00,3.77
gRtIqKlpP_YNp45x-MmeQQ,Sharon,964,2009-04-16 02:43:25,4.01
UdsVxQQoYsvyh8YwbsWpZQ,Stephen,127,2012-02-15 17:21:40,3.59
nC9V777rlZbKWm3m0QlXYg,S,368,2010-03-10 19:13:36,3.38
Y-HpR79F_ZqRtGMjZnhwVg,Mike,433,2008-09-26 02:31:40,4.19
uS6rTQk1fyQO4EmxKK806g,John,203,2009-07-14 14:25:35,3.28
eyfcVolvIKFvVtdsitJs1g,Jessica,22,2011-09-11 01:48:01,4.4
MO-ecGSRdYr4aF92G3Rc0g,Christie,195,2009-10-11 16:27:39,3.78
1dHuy_UMlHOvdNkjfW5l8A,Chris X,317,2011-07-28 21:24:53,4.08
E2CuwvUZdhvrAvvNdmmN8A,Duane,694,2012-08-19 13:40:35,3.7
kFtpOzWygqAENd6oKrkefw,Marissa,983,2013-04-13 01:23:47,4.02
OIl_ZSc0rDE8iphiAjS-xQ,Danielle,290,2009-05-13 01:24:29,4.03
iflEFcU3QJMEB9YFAsv72Q,Mike,143,2007-10-09 22:31:19,3.91
5wt0NtyLf-n9ZAP09v9ksQ,Lakisha,85,2009-08-14 19:15:44,3.73
xmfrNqU3P1SAsB4gRhaFXw,Krystine,268,2010-07-17 20:37:25,3.53
VClMTiHXXYlLNjalD3N4XQ,Melissa,515,2012-10-16 17:47:56,4.16
qJ2XXYppJ7ljqkOqalrxOA,Elisha,64,2009-07-19 18:59:39,3.72
n-KG9hT4eGCgdcnQP8qMIA,Justina,46,2011-10-12 01:12:26,3.69
HKIFN7bin1aKtQZ9k9tRlQ,Maynard,372,2008-07-25 04:49:02,3.14
Mm4xfYGnGcDLWIt32C59ag,Stephanie,548,2011-07-15 17:30:56,4.02
HHElGuSH5v4Cxrf_dhCTLw,Chris,20,2010-07-11 15:11:25,4.5
M3QeZKLhdEy68wxCXfpf6A,Amy,134,2011-09-11 16:21:03,3.32
lZx_XOuL5wACxaNtby4JEA,Francis,1016,2012-03-19 01:48:16,3.84
OJ51hK74ubFL87jO1wj-ig,Shawn,43,2007-09-02 06:30:34,2.82
hwB9QTmjZRd48mbGPcnw8Q,Alison,199,2011-04-16 21:03:24,3.57
75RntWgoKzw9hOnAG61lUw,Paige,214,2011-02-09 21:57:12,3.21
lGpMQT0jgCLRNHBTSAL-IA,Stephen,249,2010-04-03 21:04:05,3.29
Y57v2xdkOzcfApWHN4qXfA,Yasmin,22,2010-08-28 04:37:51,3.91
C3yVWxlgdTdh0_1xfd5HVA,Marthy,241,2010-02-20 21:50:54,4.08
rAIBoxoBz0TF7f8036JGJw,Simon,98,2009-05-08 17:45:10,3.22
CaVEy7kpASLwNBGymLwhgw,Crystal,603,2012-09-27 10:34:52,4.14
cvsEHL5SzdcEVcQ0TKDygg,Ted,247,2010-05-20 15:49:23,3.49
tlbPmw0TtzODN7CfaZeC9g,Joe,126,2010-06-28 14:36:53,3.46
XJ3nsxb_fSDxW1FjKdpxuQ,Kate,130,2012-02-26 22:03:31,3.79
ocSmiCHL5R9bBZTBmk_ryQ,Jeremy,204,2009-06-21 22:30:35,3.1
o1PbIHBctIz4OEPZ9WMzCg,Sally,95,2012-05-22 17:38:21,3.79
G5jzQhJ52Bi8vezj_N3vjA,Danielle,475,2012-08-28 14:58:31,3.99
DJfiC9dvmKOw8HKcNfr4oA,Tim,203,2010-08-19 18:19:00,3.98
Ht8lEQKD9tG7_2KnsZ4slg,Jennifer,260,2011-02-21 17:05:19,3.79
KwRH-AC-R077WT4pfkiYLw,Cece,509,2012-08-27 19:20:34,3.87
SE3lwVKAonE6wTK7V7aLBQ,Amanda,200,2012-12-08 05:52:30,3.77
EpEO4nBYYvvdiJkzZCUXZg,Rob,93,2011-12-08 20:18:47,2.67
fA17RgjSINwm1f3xpzyzdA,Shay,41,2010-06-26 01:41:58,3.75
Xqz7p9LGVGwtyxQqg0OEqw,Julia,316,2011-08-26 00:46:15,3.91
fen9BWC39ul9SJZfQ-onpg,Mel,450,2009-07-06 19:30:04,3.87
MwlHBZDIz5VsKErURQc5cg,James,18,2008-12-25 04:48:49,3.32
3LDHxerWB7cJSv1c94q1MA,Sam,799,2011-02-05 17:07:15,3.67
ojeL33p_IOE_l8sUHYadeQ,Nicholas,77,2010-08-22 11:00:28,3.45
NenDodwXi58-vb06A2t8YQ,Ann,87,2011-03-17 14:46:06,4.34
tEKS_Ag5PKTYEeZfKZnGnA,Casey,137,2012-02-05 16:42:28,3.85
8HTLLRW71WTdZdwDZhDMSQ,Eugenia,153,2011-07-10 03:48:20,4.07
1ByswKsCK_Ca2THpqfAVRQ,Johnny,50,2009-10-18 21:22:07,3.46
MB24FupUiQDWXzKO76rgCA,Stefanie,176,2011-09-19 16:56:39,4.05
8eC6EOsLTmfVk_35t3ZQqg,Tera,201,2013-01-31 14:02:25,3.98
SXeMGP5lNgc03z7cl9Xihg,Janet,1291,2009-07-23 13:04:23,3.57
EUkxMG8Bf6nGsrIXOCAQ4w,Mickey,275,2012-07-04 18:55:31,3.49
UKMu3dHJXF4oFYvTLNX9IA,Irina,170,2011-06-17 00:51:28,3.58
XvdZC7XWSwnqoiMBJPj55Q,Mark,403,2009-08-01 21:43:39,3.39
AaPhPor834YyMwCqOxytdQ,EJ,817,2008-08-28 20:26:48,3.35
i4gFMzrV-FlUElIipCV56w,Meredith,225,2013-03-14 21:19:14,3.9
Upa-u-26_RVnjoFsIimjaw,Carol,574,2012-02-19 23:00:12,3.99
FBvt6kTT0RUcoIZV5dzNhw,Ann,74,2008-03-02 18:36:57,4.25
5i-nwtUBzji5An5fr4cpgA,Mike,73,2009-02-23 23:16:13,3.58
bPfi1xz6uXpDj5RBNk1j3w,Nelson,89,2007-12-02 23:36:21,4.02
73MRrt4TT5PUWkNwoOvhWA,Brit,100,2012-06-11 01:18:29,4.25
a2r5WiBx5hehodpEgIT3_A,Derek,249,2009-01-19 04:11:58,4.06
VcvtcjSyh3R79lMW9tgvHw,Marissa,24,2009-07-23 18:44:26,3.19
6InyxxWLYI0J9y4342o12Q,Ron,492,2010-03-16 03:18:38,3.71
C1IAYGkz-dgKkaXJRNzpKQ,J,553,2009-10-09 19:27:25,4.12
ea3HFxRRo4gZOmlDle8IPA,Sanita,501,2011-04-14 04:17:51,3.52
_4SntAIQYfGdPtWdTBUTHQ,David,66,2007-04-02 22:35:03,3.06
0VEa2DL9eO1llMk4wj3Lfg,Danett,155,2012-10-29 04:10:02,4.37
7ISXEuIIQK31kTfidTmizQ,David,35,2010-06-05 17:13:50,3.33
hQjN1FuYaB4pQACZwfrclw,Tiffany,655,2011-03-23 20:49:36,3.55
oC4TiRyxCdXuPHDR6Ujlgw,Joey,187,2009-04-28 18:09:51,4.0
LGlk-Zb69sGQwJVu2w4U_Q,Marinda,550,2010-09-29 19:05:29,3.82
TdrlUOK1UdjDomWhrTKJ3A,Rachael Gray,51,2008-09-13 23:27:42,3.55
zOwR2zw-cEUvZ5Y-J2s15A,Joanna,74,2011-07-14 02:51:17,3.5
Y_iTTjKvV5hLy-880SZzlA,Ben,1086,2010-02-21 23:19:52,3.82
fZY97UjlP-iv35beOl_OfQ,Peter,161,2011-01-03 06:46:51,4.36
FiOmqkFmKUWQcp7-Vp5hpw,BJ,52,2010-12-30 00:36:29,3.34
qRb3sant7B3ua99_NYi9Ww,Joe,112,2011-02-10 03:58:50,3.64
9q2L_aiI6RM9Jz6fZoF1zg,Steve,17,2011-11-04 16:43:29,4.11
fj7idOQ85wqGO1iprdQZlg,Samma,104,2008-11-09 20:08:04,3.72
QSNzozwTwY9UU3QNvf-3jA,Ali,701,2012-05-25 10:24:35,3.91
6qZBWG97olYq6HIwIzIj3Q,Sebastian,462,2011-11-05 22:38:59,3.76
f4mbT-nxg2AJhqxB6XgnlA,Ken,338,2012-07-29 20:45:35,3.91
dfBQypG8Bhlrx0n6R6hrpg,Josh,81,2012-05-04 18:25:20,4.34
lu31yKwkzPmO_MgCKhGBNA,Elizabeth,323,2009-02-15 02:54:56,4.14
DQLIeWYj1YVQbxGDzw9Scw,C.,50,2010-07-11 16:59:28,4.16
bu1mtWwxuayzV6b3VScWLw,Lauren,504,2012-09-06 18:05:07,3.91
NMVURT96-Dbtq0q0ocO7ZQ,Bridgette,299,2012-08-29 22:36:14,4.27
jyXwAj5dBTpiRzi2UmKG8Q,Elle,43,2009-10-22 23:17:51,3.13
JyzLjUFEIW3epNlHI6Oa6Q,Ameesh,952,2008-10-27 03:02:53,3.87
WRWPzjZ51lJ8pp32SYXq6g,Eric,43,2012-10-02 00:27:48,3.16
OADwxJqXxuI30aB8HvI9QA,Debbie,162,2008-01-03 23:30:52,3.49
8sSu2zx6fK5nCSUrOiYUSQ,Jaime,69,2009-01-26 16:55:38,3.99
jxac2pQOPQvYY32Zk-SM1Q,Clarissa,362,2008-06-11 22:08:51,3.92
tfZNGpy7wizyz-CNulrrSA,Jenny,282,2012-02-26 23:30:36,4.34
zeqUuJ8duQmrdodYy9pz7g,Gregory,3,2011-06-01 13:51:17,2.6
ICHzvlkb4eT-PvrScO9nZQ,M,15,2011-07-10 00:06:35,4.52
JXn40FBPESLST2iMfMNJRw,Haley,100,2010-09-24 16:50:32,3.67
jGRHbahs-tpZJbrJtYthcw,Jill,80,2009-06-29 02:29:40,3.39
v2rA4SRMExUUXny6MFLb6A,Ed,46,2011-04-12 22:07:54,2.96
0Hl2BwAIz3Gi3Jhlx7AYZA,Mark,388,2012-02-28 18:55:03,3.73
fw94lNhwRxeklb2ZKAFe2w,Jennifer,233,2012-01-29 19:44:04,4.12
kO30XR2WeF6bla6dK1ZZLw,John,582,2011-08-11 15:46:40,4.14
Wfs-T59g44HuveKEoM8fJQ,Megan,87,2012-01-28 19:46:00,4.51
SGPCLi-kVZ_pz1w7VJtkeA,Sarah,212,2010-11-15 18:02:20,4.29
d8FwfuFM9SJA3kU_cIQ3aw,Nancy,501,2010-01-09 18:43:02,3.76
JlUFYRdIvbElmUqQX8wF8w,Jeremy,112,2012-04-05 15:11:08,3.46
JLAhs76XZyZTwapvvim5Zw,Melissa,233,2012-04-02 15:40:15,3.49
9Nx0VL4f_8K6V6yfFLue1Q,Gabe,752,2012-05-14 18:10:45,3.59
eUAUlyVPj631tfWfHGBK8w,Michelle,163,2010-07-17 20:40:10,3.56
-_Lfm5bztNCYXaBmrqY7tA,Ray,174,2011-10-04 20:56:56,4.26
UMMt4n-TXTuNHG4PbjYEgw,Eddie,264,2011-05-13 13:37:17,4.3
r0WkElB-Nr5xL5PlQHU3Tg,Laura,203,2010-05-27 00:36:02,3.32
WVqS85AUR20gbSFkuKH8Ig,Rick,397,2010-08-03 01:47:30,3.6
EmurkIplcpOkh4hUnSs_ww,Jeanna,236,2009-08-20 00:01:41,4.18
U6CknC8K0NTsXn_yLPV6tQ,Molly,345,2010-03-02 17:43:36,3.92
Br7NfAxcRprDceabsyxZNg,Hugh,382,2006-03-17 01:40:11,4.04
mkG7hD4ND6grmUUnhA1AjA,Kelly,118,2012-01-09 02:43:51,4.0
h4WWqOZ82sjZb47p0Rlqsg,Scott,101,2011-09-07 12:32:35,3.73
gVL7DeL70Bw5kFJTSmyR6g,Jenna,24,2012-02-28 19:52:32,2.88
sVer7l3TKwICjZ6liQD53Q,Hillary,563,2012-05-20 13:21:19,4.08
_13ZW4hu06-HLj6lzXavmA,Brian,26,2010-01-15 01:17:26,4.62
9XkpizE6dAqTmnyQ_eKLfA,Janette,674,2012-01-10 23:06:50,3.9
5Si-3Rt03p8r7fGYd-1EVw,John,100,2012-07-25 18:38:44,4.1
P4oGqCkYJ6a_LRheCUVUaA,Todd,146,2010-01-23 19:18:31,3.86
YwqWLWDj7GlxIKD6wI8CIw,Chris,108,2010-10-05 04:56:39,3.46
gGzBybf-hQAyPTl71bf5UQ,Melencia,279,2011-04-28 03:24:32,4.1
CFdSoI674_4KaVFw3LKtFw,Carolyn,74,2011-12-13 17:51:37,3.79
FSpUgCCiSqS7_q_-VeG7-A,Crystal,44,2011-08-14 16:51:55,4.2
bue9WtzcLbxvEXrqUy8dsQ,Catherine,84,2012-04-02 23:01:33,3.84
xGS_mlHcCUipSKXrHk6CGw,Alouise,588,2011-05-01 03:39:52,4.24
4nQfNTpRvt3bigYvnfNhrw,Esteban,69,2007-01-21 05:02:22,4.3
dwCqRo4qh2OCfDEESMYGjw,Christina,53,2010-01-25 04:18:33,3.62
D2VBAKQjN2L5P7RxflQFMw,Sophia,321,2011-09-30 15:02:49,3.84
jyYFzL9JCJJfejd3lJ-vRg,Carolyn,172,2012-12-08 18:57:08,3.63
-TLXQfY2lZ6DVWQj4BosxQ,Herbie,535,2012-01-15 02:05:22,4.24
JPVhwIVoTnjRUMFOPzRFzg,Danita,114,2010-12-14 18:50:01,4.32
zotktGNVftpcEr3XoSIh7Q,Scott,192,2012-10-22 14:10:43,3.87
PTX3ps_kEII6VnHPXz2qAg,Claire,412,2011-07-16 17:46:01,4.14
n0iFO9S6ZvOBh15pLeMwMw,Jessica,179,2012-02-22 16:09:09,4.26
QZ8hBQ0SMeGyj-wYPZ0RYA,Mona,18,2012-03-22 18:19:02,4.37
WfBe3uL225QWCqzLzc-Jxg,Jamie,202,2012-05-29 19:16:48,3.89
AocvLld2_GeimgYQD0GAMw,Winnie,41,2011-07-10 01:15:20,4.26
7ZauzmeTHuR-8FqnmJbOtA,Michelle,282,2011-05-14 21:46:27,3.94
bCgB0aN-4vJWI4yVtVjlHA,Stephen,330,2011-10-19 01:36:08,3.83
Dh8QUptJmiEuP-NC9rUxnQ,Yi,44,2010-04-18 02:50:57,3.42
e7qswoJFIolWdf1qX_P_oA,Bobby,112,2011-06-20 21:24:09,4.16
jxF_DlVBewT4qA3MCNvygw,Neka,44,2011-08-22 00:14:17,3.33
FA0svNuBlW-lDh5f0vRK6g,Jason,67,2011-09-06 19:37:24,3.85
Y8S5Od6GxOr0tZtLVWHpew,Melisa,140,2011-11-20 07:16:29,3.36
3x-kbXQUhrsWOcp8mUimbw,Jenn,318,2011-01-05 19:00:25,4.07
WqGJ3NB0IklvfNuYRgZLww,Steve,24,2010-12-14 05:59:44,3.31
1BB5y4sZG6mp_rPA7_QxPA,Derik,1,2012-01-19 03:20:02,4.0
TqEOK7uxaXj7SbJZKEktxw,Steve,1888,2009-02-10 03:56:30,4.02
0SMx6NDTWmS51FNP5QZApg,Melissa,76,2010-07-10 01:24:01,4.07
C3Hpsx_eDfeSmxEc1HBzpA,Aaron,768,2013-01-21 16:19:26,4.25
p0MlckLEPUEmu6BjRd4Mzg,Richard,143,2012-03-16 12:25:37,3.97
_rkBxV-UTX_LW3JmnNneoQ,Renee,44,2012-05-14 20:14:15,3.57
31waNaA_W9uTuLlS0z8Y0A,Shannon,185,2011-02-25 02:15:36,3.75
cDU-eUkimWAtpyT1afrEEw,Shannon,109,2011-09-22 13:57:52,3.75
_EyH4ozqE_IQ7e-RsrCgdg,Istanbul,16,2011-08-01 23:31:45,4.06
T3Nhi1hAa3tagnod8KP8hg,Melissa,23,2011-03-26 19:56:22,3.56
XUMkFho1Ly9A-b5UYJuYtg,Adam,2,2009-09-05 00:50:59,5.0
Fq5KZPiCyoz4sCF0LpFRPg,Izzy,115,2010-07-30 13:22:10,3.89
XS4rYA1V_Ru7tyf0Jl15aw,Mark,357,2010-11-17 15:16:14,4.09
0d7XAQU_2j0ZFI4TtOe0EQ,Hans,52,2009-10-01 14:07:44,4.12
hBEYo4aJRsUOGGoOScvJzw,Jason,100,2012-02-25 01:40:16,3.68
5erwXKnINqZim9we9S9Z-Q,Adam,10,2009-07-19 13:04:40,3.3
Uo-DCJHKxKHOPnAVN6J_TA,Riain,58,2006-05-03 14:25:16,4.17
93-AKX28wl41s9pFsQwlsQ,Eric,112,2012-06-16 03:54:12,4.12
o-G2yAhca5Kqso7CYZupHg,Liana,155,2010-03-04 19:27:24,4.2
n59W9qVHr7kKkMM0ZCspWg,Mary,63,2010-01-04 16:42:31,3.43
m4WQWEa0QBJSC5qvb4ElRg,Lauren,16,2011-07-05 16:39:55,4.31
NFxeV-swQIge0tYoWL3rhg,Darlene,64,2011-10-05 22:41:56,3.59
zeYgNwd_zKe9vKe44uUzVw,Brian,122,2012-04-18 18:28:59,4.04
RDhxRSAkOxB_dubhROyjzg,James,253,2008-01-13 04:29:21,4.09
OLGQ7alK4VKl3YdQk6UF5g,Michelle,1402,2010-04-19 19:23:27,3.78
C1MZ_yJ3Zx6UT-bsUc5DvQ,I.,114,2006-08-08 14:30:41,3.43
OwKFdMUsrY9uKMoAUt4EzA,G,22,2011-11-10 05:07:44,3.2
xC-q_yh0XwcjRLimkS3RNg,Jonny,1833,2012-01-07 19:47:25,3.64
CBHpTYlMeG6kMo0a7LODkA,Feebee,271,2010-12-21 03:17:24,3.86
uHN53aOjk_br7t8Jkgt4vQ,Lacey,91,2012-07-29 23:35:13,3.75
gz9Vd7-YBoK3aqf1O1ngNw,Sonya,190,2008-12-07 05:44:24,3.46
OkvqxXKstBw1b4dDMbZ_8w,Melanie,12,2011-10-10 04:15:56,3.5
ZrdwbZNZBXixi660Zv03yA,Shawn,10,2010-08-11 13:55:55,4.7
zqBVpjYsqiALZZJQsm_PiQ,Kim,182,2011-03-28 04:17:54,3.66
vKwoXHvV58QtXyI0KcVKKQ,Niki,248,2011-10-06 18:43:59,3.51
_kcHxYPXRYjU4hk2xtCO0w,Faith,582,2011-06-20 21:30:00,4.08
MX5A5tfAJNFR-TZ6r_Cbxg,Patrick,57,2012-10-01 14:42:14,4.76
X5362HttMZJb--itzXSjDg,Adam,103,2011-04-15 01:15:25,3.84
YWqgaqWNWLQXPzGR5c5j1w,S,53,2009-07-19 23:23:50,3.35
Htn0zMg5jDBhp-TRx1dBUg,Wells,394,2011-03-30 05:50:39,3.86
cWzndsH7NqQHQd343P2G3Q,Justin,65,2010-01-12 01:32:41,3.2
GHoG4X4FY8D8L563zzPX5w,Hannah,4994,2012-08-22 10:40:50,3.78
ggqWN-wHWHX3N_xPX7P9tw,Linda,193,2011-03-31 02:37:08,3.7
3XlkocqX1OjcpWOuBL2Mqw,Joelle,12,2009-07-28 15:37:55,4.67
wBKALvzEZM1ZxpkWeDjmsA,Tart,259,2007-07-15 22:05:05,3.76
z-6Da_I-wHK5AnXq4Cz_7w,Phillip,130,2011-04-29 19:09:33,4.02
wXBHTOwLyRmwSAV0Ui6gmg,Mike,25,2012-07-19 22:54:38,3.58
V0c-AS2FFCeSaV-3JfG5vA,Jeannette,1012,2009-12-03 23:16:01,4.2
PuBoKD0j74RzFa-xQMzjmQ,Steven,29,2008-04-15 23:32:55,3.59
cDcakQinxKO8szOx4rtP3g,Ramon,197,2010-11-30 20:15:37,3.77
m1OhStv_gXTx_YbfUqO6JQ,Katie,99,2007-04-24 17:55:56,4.36
ooRFU_Sx1YsBEZHo5LhPDA,Justin,11,2010-05-31 22:08:16,3.0
3zc9PS_da-DbdvUiGOQ4SA,Monica,16,2012-07-10 19:45:09,4.29
fT403FEKB5VJqpjq-hdVxQ,Kelly,192,2012-09-09 19:16:59,4.13
c4nSRWTJj3DgtyVWPPTfsQ,Lauren,95,2010-11-13 02:49:05,3.71
IAEa5IIAlOsZyIkEN_Bn2A,Jennifer,39,2010-08-10 21:49:54,3.8
4sKwbWAL75oIWTyIuPz-fQ,Harold,13,2008-06-09 02:21:45,3.67
zCg2mUmicb4Cssv3ScouSw,Emily,221,2009-05-24 04:14:19,3.96
JkyZ_0wVGoyYka5Pbw6Z6w,Chris,679,2012-01-13 20:22:26,3.22
HYbuVGYiyPLVEv5OaCPE0w,Matt,26,2012-12-03 21:00:06,3.73
jIGFSS0CEI4cTksW0k9-xA,Katie,83,2011-05-24 01:18:45,3.32
PpUKzltQOf2ptVuKxTyeVQ,Carrie,205,2012-01-30 01:21:45,3.51
hILJ3-JPKMwd1BAPrNC9oQ,Profession,40,2009-05-26 23:59:47,3.32
3p8ue8wIF7Cr7kUlFi9CAQ,Matt,68,2009-12-27 00:53:30,2.99
-kLVfaJytOJY2-QdQoCcNQ,Christina,1454,2012-10-08 01:25:31,4.21
jlrEnb9FlR2ZbsY9iIMk6g,Nathaniel,50,2009-02-05 20:18:16,3.56
TIeXcKbDeGBy-UsgSjRJQg,Don,74,2011-06-08 00:04:26,4.51
Dj-pjIbe90yBlCPjSoUNrw,Nicole,112,2009-07-18 02:48:15,3.62
waN6iwcphiVEoCews4f4CA,Jerry,1198,2011-06-27 04:03:31,4.17
MDtd2pqpOroIfwSJ4OpdKQ,Sarah,326,2011-05-11 16:33:38,4.34
I-wq3PJNBlaZ8tpi0SdS8A,Ben,1315,2010-04-12 01:18:57,3.85
s2Mnlw9nOJ6l3SUckyi7mg,Christina,104,2012-05-23 16:58:45,3.59
hn18xnU4C5wM_rlQ06FANA,Sarine,147,2011-03-22 18:59:30,3.67
yK-2oGtDxm8XLg7hVVdQ-Q,Brian,151,2011-04-23 12:29:57,4.3
2khAy7DTp3dUmeDJ4ZYw6Q,Bruce,149,2009-07-04 17:52:17,4.41
t3yOpTibhuvd-Lt7FMvqKg,Erin,179,2010-08-22 22:58:26,3.93
_PA6seBirZQmgHEmVgPigQ,Zach,17,2012-11-26 17:18:05,4.71
Ccb1-pROzPfmXfvC8o2ZRw,Nicki,416,2011-08-23 15:35:40,3.6
WtKeiYlHBaG_N6ntgua80g,Brad,27,2010-02-17 21:02:36,3.85
E2cyXbNdTpnR7Vn6_vtdKA,Jack,9,2011-07-08 17:34:51,4.2
-j_XG8sSIxT7cDPWl47gNg,Scott,22,2009-02-24 16:26:46,2.92
cPN4Kkk6UDTXCynsp_-7KQ,Danie,135,2008-11-26 03:16:06,4.09
QYxywQOPiK9dxBxahEMORg,Mike,22,2012-11-16 06:36:36,3.55
T2CenOfGvQsbAEY9YdNhBQ,Danon,349,2012-06-19 01:50:50,3.15
yA230n0MbamXygr11NxDjg,Wilma,124,2011-06-12 06:02:30,4.5
6j5Y9Q8wgJXl--AIMKaH8A,Sasha,173,2012-09-03 14:31:21,3.66
SRd7-3R8jG_WHAS5C4BfaQ,Shannon,89,2012-01-04 19:00:23,3.89
b4hKq2XFGFTQiI3Qj26W2A,Jennifer,237,2011-09-19 16:43:42,3.82
2md4AYkBRDKvoH8YWkdgXg,Blaire,58,2012-10-25 03:06:11,4.14
imGQirCh-t_Kftb4U7VuUA,Matt,501,2011-03-12 14:49:56,3.87
XrWAdRK4CUUK85Ak3x-HDw,Christina,430,2011-01-26 15:22:21,4.26
jXX-G_goCYZZrLSDY8qXdg,Tian,592,2011-03-26 04:14:59,3.63
7_cyx6mQQIeOqa0MORcgZQ,Marc,110,2007-04-01 22:45:39,4.18
QPggVAGP4X4bqfwP1id7Pw,Jess,40,2012-04-04 01:28:38,3.83
QAsPn0I7QQHWbQy203Btfg,Julie,103,2011-06-13 18:30:29,4.03
Uv5v7r1eN4XFsKZ2jwn1sg,Brian,819,2007-04-30 02:04:40,4.04
Rxx3Eac70Q5AYLETwlMGiw,Elva,97,2012-05-18 00:11:48,3.3
fjqbn7Ixf53VVul7UFdXJg,Ashley,106,2012-07-15 22:01:04,3.96
R-SBZKv1XtuODkgkDEtt2w,Nick,44,2010-08-29 07:56:31,3.7
hCBKnwAKN0hcu6OTzuCAEw,Ashley,317,2012-09-22 03:49:10,3.82
fYTamBVBQn1ov12OhhJ4vg,Lauren,567,2010-06-13 18:11:48,4.13
EKHHI7vhB8apw1NFdrEwQA,Erik,33,2011-03-01 16:25:49,3.62
bbtc1OcdwTOsz3i7WwpHGA,D Louise,235,2009-02-17 19:04:47,3.15
6nwKICMjYAlK_yRM9YxpHg,John,290,2013-03-31 05:19:27,3.79
rL2hC27iA1AB9RvdLLbkNA,Sara,283,2013-07-05 19:21:48,3.08
0yrF14nWVAFeI0fG29a63g,Betsy,851,2007-09-19 23:38:40,3.86
leDIDqF88UxUU5DPY90PSg,Shauna,163,2012-05-04 20:27:38,4.19
fEfrVyZOcOKViCWVb2q6zQ,Emily,127,2011-03-14 12:29:51,3.92
uVkOwBbW6G0FFd_KsM2qnA,C,13,2008-11-12 01:56:01,4.29
OIygI2H2N74-O88rtFrQVg,Lianne,1410,2006-10-18 04:54:13,3.74
HVAz1kANuNrX3zqVe4iRPw,Kat,475,2012-03-31 02:57:10,4.38
2btMPwEpuFtaXLhQg3s_sg,Valerie,98,2009-10-22 01:52:42,3.14
QczCdRxNPg08FGbrj9n0VA,Matt,350,2011-01-24 18:50:19,3.17
AFLID_qyrrbEepehgVvbSg,Maria,361,2012-06-03 02:56:37,3.88
eJY8svAq_1pt1VQiHu7lew,Angie,966,2011-01-29 06:37:25,3.92
7igTVTgqI3WiqZp8hrgaMA,Yelp Was Supposed To Delete This,181,2010-12-06 22:16:55,3.95
Pj7oG3izwwQrTQi07PBkyw,Sharon,388,2011-04-10 01:35:47,3.86
RpCBawMgTjeAugLOmpd5Gw,Veronica,54,2007-02-06 03:55:51,2.87
zYFGMy1_thjMnvQLX6JNBw,Wanda,1405,2012-11-15 05:18:16,4.17
DP7ddvk4zqxdbYeHU2Qa0g,Naomi,132,2010-04-24 06:21:02,4.4
O8bqW6_vB0rfjtyzvyHOzQ,Jashan,6,2010-09-17 21:11:26,4.17
7aUF31hoPn-u5kMVJ7BonQ,Tim,39,2010-06-12 17:11:00,4.33
IrSRpcw5AprLa604sa_TBQ,Don,277,2011-03-15 23:56:03,3.95
2M5nrxf_CBlu-y0lKoqGhQ,Melissa,573,2011-03-12 19:09:45,3.85
whLn2WLjAad7sBkcog-wsA,Monica,301,2010-10-07 16:35:12,3.25
j5YS-J6kytVelaMYUKFNlg,Katie,403,2010-09-23 03:14:58,3.81
wzA2spUhc2G1yQNNJsS8EA,Nisheet,179,2011-12-29 04:33:04,3.9
VJ-5b4O4-QsfRAKEezebCg,Brian,80,2011-12-21 01:36:15,3.75
408hwioZ-qUozGrKzoqKqQ,Breonna,283,2013-02-11 19:02:38,3.75
VigsAph76fP7pechJ743EA,Rachel,828,2010-08-15 07:06:08,3.76
ws0qQrcIZKa8F4siAT5Lxg,Brian,42,2012-05-04 19:59:21,4.05
OI1kiLZU9-6qs6hh0KxB1g,Justin,10,2010-09-22 15:45:46,4.3
N0U5qnS_T9BmzAGrD8DlLw,Nora,24,2012-12-15 03:40:11,3.85
WIDiCSoG68ScNeLLhORN6A,Tino,251,2011-09-19 22:46:11,3.47
ldtxYghu6OLAMxRkkKh3uA,Gerardo,558,2012-05-25 18:06:57,3.72
Cvi8nZTwDVaQkqmmgQwQMw,Diana,320,2010-11-04 15:16:49,4.05
slpyLHWsvPXwj1XPoyjugQ,Vy,123,2012-04-09 19:36:58,4.37
CN8a9MdGwsgJQGoHTrBXWQ,Erin,19,2011-02-26 22:59:11,4.05
R5Nh8wSPHCnPLXwpybQOiQ,Katy,1053,2012-11-01 13:08:59,4.12
VNDDhFOdqF7DCPpz0GFMyA,J. Christopher,548,2010-08-24 01:53:26,3.76
dOHsZ88NUZFqFhtXwB6zyg,Jaymes,188,2008-03-08 01:11:09,3.05
KRTwbY8J7DA72OQ9t3ofzA,Micki,13,2011-02-13 18:28:13,3.0
WDX_KkxwI8VYOF3RHpNLpA,Stephanie,374,2011-04-19 03:15:49,4.41
5eiLUiKhnbVteCkqKGYl8Q,Esther,276,2010-08-14 08:53:44,3.96
9eoGGgxkxCTOslJjN0xOSg,David,137,2012-05-16 13:45:55,3.55
vYMvOTL31e0KbTo9Hd0tjg,Nick,1774,2012-02-03 00:23:44,4.07
-TdnnNdi7xAW-xR7lcEXXQ,Carlos,168,2011-05-12 02:30:13,4.06
q46P4WXcdOeIx0yE5keY9Q,Jason,1205,2010-06-09 05:17:53,3.91
7JhpYlphHU46gxWBhzeo_A,Jimmy,192,2012-03-24 03:59:54,3.68
ko4ajOQx6lTbua7lZdvb9Q,michael,3,2011-09-07 22:57:50,5.0
XwaM3J0igbwbFy8zpGB15w,Arthur,335,2013-02-28 16:04:01,4.13
ow_UcjjTpoUR_eAi5yQSEw,Cris,48,2010-06-13 15:11:03,4.26
nE4-2L0tVZYcBF-uyk0KlQ,Beth,13,2009-01-23 02:33:29,3.88
lpU8cxZU_md7tj0B8Vz0tQ,Rhiannon,20,2013-01-01 02:51:55,4.55
Qaa2sxNfZyTUcmu2hpGTgw,Leah,125,2012-04-23 02:39:16,3.56
r9S0VYrdXJrdhfR7OXj8tA,Dana,748,2010-12-30 01:42:42,3.51
1k4GFvMYN6678nhe8eGqlA,Christina,130,2012-10-13 18:30:33,4.49
ElN0bVArCpXS0jvvqMc5vQ,Stacey,26,2011-02-05 22:46:16,3.61
j5z0Gc42mPBT3Qcqk_obSg,Jay,379,2009-11-06 04:12:17,3.75
ID0Oa95fJLgV6GEFqf9aSA,Kt,31,2013-02-13 03:18:03,3.58
K7EJEADlrJL9H9rd6Do2mg,John,6,2011-10-15 20:22:28,4.5
xC0EwX1RMsM99vVVisKLfQ,Sarah,378,2011-03-07 01:49:31,4.16
N08zbwcZ5zToLnCZAFmByg,Denise,81,2012-05-17 22:44:11,4.32
84lcVCz48xx5Jpfi4rB2Zg,Queen,677,2011-01-11 23:26:01,3.21
8kds6aNl-Lkj_N0yqiMspA,Kristen,7,2012-03-30 15:48:03,3.57
LWZPsSBB2F9OwzFSyHn9qQ,I,28,2010-01-08 17:07:11,4.11
YZ7WPYfqGLq_og5jMV2XUQ,Chad,25,2012-12-17 23:26:23,4.32
tc30FB3bqXGz7oC_Cj_ltQ,Steve,9,2011-10-31 01:02:46,4.89
Nun2tsAdXkcOLXBM4PG9XA,Esther,308,2011-01-26 15:47:02,3.96
Houkdf1HYH3R5R2KNCwQcA,Monica,9,2012-02-27 03:05:51,2.0
1fXS4UoB6VPPPiKISWb6uQ,Kayla,86,2010-12-12 14:24:08,3.59
EkIIFm2zmqloYWXRHbwwqw,Katie,266,2011-01-20 01:26:57,3.97
kgekOZSsOhjtviiRkqnGxg,Tymika,18,2009-04-22 12:12:33,2.83
U0iT329n01nNubidPZJhMQ,MSizzle,49,2010-10-30 17:52:35,4.33
WA7WBW_7fDsevBZz8pT8Aw,Phil,62,2011-02-23 21:31:31,3.79
BaVAIYKYSSEMT5_sXRiwLg,Shelby,268,2012-10-08 14:11:35,4.4
0UFu4fCvBeM0Mojs5NL14w,Derek,18,2009-06-21 19:45:17,4.17
2S_TNGTL1gDTDu3T2GYuXQ,Megan,312,2011-03-11 07:16:39,3.8
MpQ8K-NFcIB1gvNUwnAYgQ,Derek,164,2013-01-29 16:56:05,3.93
zQ1OJLGeBLGEcnIPzxlCPA,Don,91,2012-11-26 15:36:11,3.9
oF20BNxcphfedn93Nfwd9w,Mel,737,2012-08-13 19:33:08,4.04
0dxR_Q8PCOOWNkfpvI4t3w,Joshua,437,2012-06-30 18:56:10,4.31
xBSFz5aZMQ8TUv3KgGwthw,Shannon,157,2008-12-01 06:24:57,4.56
bEeSIGO72QkAZMupUDF2Mw,Erik,50,2012-03-21 21:00:36,2.98
4af7IWHRc890BUKcAGlyLQ,Noelle,396,2008-06-29 19:00:31,3.85
uaURMprG-udxpAoZefixEg,Madison,224,2012-06-17 19:40:39,4.39
ATK1ItQDQsHD5IG3sUGNnw,Carmela,1040,2013-03-25 20:15:19,3.93
M2NS_aQbMY2apoYjTlOCng,John,590,2011-05-08 16:43:43,4.3
A1nIXS5XEWeZ2EUUcOsurA,Alanna,555,2012-05-15 19:34:44,4.25
G5qF80FAj6qMa8FA9Wc2Xg,Marvin,4,2008-08-18 20:31:32,4.4
EUmofULqSINV1F3JGb8mYA,Joe,61,2009-08-21 00:58:28,3.25
Jed-PEquPj78qyejkevQyQ,Louis,340,2011-09-08 15:32:39,3.32
Q8ehc_ZPMZxQXeomyqGIhw,Cliff,99,2010-11-12 01:10:08,2.77
vbTVyyBl88xVRlTQcBXTUA,William,490,2007-12-13 00:31:32,3.69
qoY16uo9rhK42HvRAuWrCg,An,51,2010-03-24 05:25:00,3.87
hGsyXTRuzUSDtop9PGjrog,Greg,49,2011-10-05 01:11:01,3.97
GODSDHvAdsxs80E-H_8vbA,The Acerbic,97,2011-10-26 02:09:44,2.59
4iRGLZ0pbCgI9zUefSlOiA,Tara,203,2012-03-14 19:11:04,3.71
N0SqCo8ukFB3d3S5OdRQxA,Stephanie,17,2010-06-20 02:53:23,3.89
8FilOF3rJfF3MktgqpsvMA,Steve,385,2012-06-10 23:17:22,4.56
4s9GXeD6bPBED0cy6HwQ_A,Jane,9,2012-02-09 15:49:01,4.0
vb4vJ1AfSca0qpY9ybzvUw,Joe,44,2011-12-10 00:45:39,3.0
RwLm-HWnXh8LtWnie0_kIw,Duy,19,2011-01-19 17:28:24,3.47
b1M_AfAr7DPio9m1oSS7RA,joe,11,2009-08-26 21:46:00,3.36
gTRXMC6NwtZO35ZngKzRzg,Hope,284,2011-04-16 16:54:52,3.55
0DK-fg2ZBnpkMKnU9SgPMQ,Vince,326,2012-09-13 17:18:04,3.71
3Av38uh8aHDvZMV_1eojQA,Dan,630,2011-08-09 13:02:54,3.95
ZOqhpXPwPPvP5nlW7W_EAw,Jackie,36,2011-03-17 06:50:54,3.33
o6UJMpHcpLJEvmKLrxLS3w,Michael,315,2011-03-28 01:39:01,3.71
Vw-2QsrVJbxV6JryaxR7_Q,Parmela,61,2011-11-12 15:29:43,3.29
_mMGDi9ZSY-r85GAEcsksg,Thomas E,550,2009-11-29 20:12:00,4.31
ioDTSZBmkfOpYohkekzPGw,Katera,59,2011-06-23 22:01:25,3.19
sraTrYU-7q_bQ0TxQrLJvQ,Brian,913,2010-05-21 17:25:55,4.15
Gv-D2ODquTBrmYiPVzxDlg,Amanda,306,2010-02-02 17:43:39,3.91
TNYM6vmcp1Nxibt7vsbx3g,Lisa,778,2011-12-06 20:04:55,4.28
V1rial53zLecglzJl9cIMA,Brian,229,2011-06-03 00:09:40,3.6
t1NNDZV1kMoyZeE5mr3U3w,Anita,164,2011-12-27 18:26:59,3.63
e3L8WXi1t481HuEk6yo8YA,Dustin,216,2012-09-01 18:25:31,3.8
VYgpunBJtq7UQPw2pzjq7Q,Jim,27,2009-05-04 22:15:30,2.9
tgkjSWCcWXAAk2DScYmQrg,Vanessa,311,2010-06-13 21:15:47,3.32
vCUeFAY774VtmpszX9hyGA,Nataly,541,2011-07-07 20:10:35,3.96
iJE3RnVcfHM3jsM4I6WFCw,Ade,429,2011-04-19 20:17:24,3.76
0FDxFFTJ6K-j1slywkNPeA,Chelsea,232,2012-07-10 02:32:40,3.98
5hn4BFBJnrqaBiTXC0lWLA,Tracy,120,2012-05-20 03:54:07,3.76
SVO8tY3ryARNFb_bX4VVBg,Sarah,118,2010-10-19 04:19:56,4.51
KZRwEchozo0qeYdWYerCpw,Emilio,138,2010-07-13 17:23:06,3.77
oZr4GjhaGl8vZJbiYYnvtA,Bonnie,84,2011-12-12 01:48:32,4.24
i71NCgfIOahuW58s8cd_KA,Casie,149,2012-02-12 19:43:45,3.88
4UAqdgiCe1jwI1IQl96MIA,Gabriela,573,2008-12-15 22:49:53,3.47
SeTSsi60-5RD4E6Fu_oEBA,Mandy,63,2010-04-30 17:40:30,3.5
Kho08pWNfeGnRbZTnMKy3w,Maddie,794,2013-03-12 18:48:30,4.01
-SO_K8oLVH_9J23z2MtjGg,Katrina,87,2010-08-18 22:08:35,4.29
dhLizr4a2oydrv15y56r0A,Rochelle,212,2012-03-13 01:15:26,4.18
QHQ0y71kVDMBKvrq4OGsQQ,Steven,38,2011-03-20 03:15:42,2.95
tg08cqlDIZGpVVr0jWFAfQ,Nicolle,76,2008-07-06 06:04:04,4.06
MXOikDsbAOtQ9Qsip2SP0Q,Cara,18,2012-01-27 17:01:44,3.58
_NCxQLL8ftTLLwQ7oa9FnQ,Dominique,129,2012-07-16 20:18:35,3.61
XLaO5xmki_wxeIO83E-2Xg,Brandie,188,2010-03-25 04:38:55,4.52
JSzIwMqdSI74_ztnbWzsEA,Gigi,659,2012-06-12 21:27:11,3.5
mltVcS1PFyIBmLXmD1b1ZA,Christina,16,2008-04-23 18:38:32,3.94
fdFgZQQYQJeEAshH4lxSfQ,Brad,528,2010-02-16 02:13:47,4.02
HpBJpfOHz71otlH2KI9rEA,David,21,2012-04-25 18:45:29,4.0
uNZ1xa_-bc6zEugkEI5f8Q,Rep,58,2007-06-07 14:46:41,4.49
ATddJd_j5uInpaBIqluNIA,Rob,46,2012-01-21 20:15:25,3.02
kfkam3BDNPjML-DvzumwFw,Rachael,33,2011-05-08 22:51:39,2.68
Wjia69bHEb7xeWMlxWNPGA,Karen,892,2011-07-25 13:32:46,3.83
RQjtzwpJOU3-_g_KxsbgUw,Jerry,352,2013-01-23 15:45:12,3.76
Qms8xNMjY0PSq-SWgZiuuw,Kenisha,6,2011-11-12 00:25:37,3.0
OmL2bjLvvRxg1brM5Pehgw,Thuy,470,2012-06-16 23:25:33,3.71
0JOY3EZh_BfD_n3MvqWAEA,Michael,519,2011-01-15 07:47:13,3.72
29K-usmZfVDeIaQ85EG54A,Xiao,1198,2012-02-18 20:35:28,3.8
IDkju349JUvY5qKkUzTG2Q,Joe,36,2012-01-16 07:52:16,2.08
rKHIcN4af2mCnGrNadyMyQ,Ed,33,2012-03-25 01:03:44,3.56
60l5-fzapRvbq7xZphC_1A,Angela,105,2012-09-23 00:13:09,3.72
Od2Ev0b92eKrciDJIRVNpQ,Matt,552,2010-02-19 04:39:38,3.86
N5ek5cqxLhPlGLx6UPbXXA,Apurva,75,2012-01-29 18:36:43,3.88
dsbAtkUiANtrAPdMqAi7TQ,Anthony,82,2011-11-08 20:28:00,4.14
g_4zySOI_HisK5rG_2dw6Q,Amy,387,2013-07-09 02:17:40,3.95
WfiilB5OXV7vSmHP-80n-A,Hannah,463,2010-10-07 01:33:59,4.43
HW8cPsT72jFA0mbqSWu3Rg,donna,63,2008-01-19 18:43:13,3.66
N8_PNk2yLMiqD6pbZSQHZw,Adam,174,2013-03-03 18:56:23,3.98
36Tsd9SS8B5k4Nb6rcG84Q,marc,66,2006-11-20 01:35:14,3.6
KH4FP3TFEkIhFEVQ7oko4Q,Jennifer,367,2012-03-16 22:47:45,3.79
wVhd99Kl7mIxVMQ_8L210g,Justin,449,2012-10-31 00:42:54,3.9
SeWsQoYPbQuMAqfRNNS6Jg,Doug,619,2012-02-05 01:38:10,4.07
h_9gTh9rzzJQb61TbB6QFg,Stephanie,139,2012-01-04 15:37:21,3.99
ZX9aq6fKbGaF6hXSnkDiAA,Monique,215,2011-08-19 00:38:03,3.68
Xvv0P_0B57LoyGrVHGG_8A,Tiffany,988,2014-09-12 12:13:54,3.93
a0DnfD31lNdiBTY2-YBBFA,Harvey,65,2009-02-12 18:59:55,3.96
kwoAXkYasIs8YxsOnTXWlw,Kristen,17,2011-04-13 20:11:32,3.06
9wvR3a-jGWmth9rgttgU2w,Brian,336,2011-02-20 03:00:04,4.0
PKELYRWN8kkZFsIlhBKL9w,Lauren,177,2011-10-01 13:24:51,4.19
qJlkKH6FwFS0m-b1sxh_hQ,Shawna,61,2012-11-21 14:00:00,3.17
9hUlD929scN-I_npeSsgmg,Chris,10,2011-02-25 22:21:12,2.9
GcdYgbaF75vj7RO6EZhPOQ,Kathleen,2180,2012-07-07 18:25:03,3.9
y_v2Z7w0cF-8Idtb5BnakQ,Abigail,291,2010-11-15 09:23:47,3.98
dqucQwA-CHWhUczwqIxKKg,Dee,956,2010-06-25 07:42:32,4.13
hT2Mw5m_SXBDVBuvA3KY-w,Christopher,911,2008-02-05 21:14:55,3.43
-GowNe73gDZs9MfS3ugJDQ,Griffin,249,2014-07-29 04:35:00,4.29
ZMzaOGUlCXY6kWXEnHZbvQ,Ashley,158,2014-04-02 23:25:55,4.42
tw7hr8sdk-N6teJVlAx8lQ,Rachael,121,2012-06-18 05:19:42,3.86
Aq1mWb2K3b-Rpko5HG5TSw,Scott,807,2010-12-02 05:07:01,3.82
Tuihtzlt52SVPwLn03Lv0Q,Jimmy,397,2013-01-05 20:56:37,3.67
wd-8dX8iFJYGoCKDESgbzA,Stephanie,306,2012-12-11 09:47:23,4.37
sxxQpCaaVxlEv-Len4Ga_Q,Frances,43,2010-01-28 23:12:33,3.5
w9UN4BVilzIPEdroPGh6KA,Derek,26,2012-05-06 17:38:20,3.04
ApjSaDZD9OeSqimHE9Qo0Q,Bill,757,2015-02-22 01:00:03,3.4
akiIhaV0vVVfDwEozKZxEw,Lori,408,2013-02-05 04:24:54,3.81
0x9xu_b0Ct_6hG6jaxpztw,Crystal,1519,2013-01-17 22:00:29,3.52
9RnpLa4__1wkVj68AnQvLg,Jean,434,2012-09-30 08:23:17,4.16
jMMX0zfJL9BNki9JnrFnBQ,Greg,97,2011-10-18 01:24:43,4.13
jP2-v4UHhptzP1SrxBsxoQ,Ted,24,2010-12-06 17:40:30,4.23
hdzTAN8DGJKRddkZ8279JQ,Andi,1034,2012-01-01 16:38:21,4.39
Anam0Ck1ZsFrA6FhVP-JEg,Mike,511,2013-02-21 23:18:02,3.94
cUB2WhICFuSe7DwXAIoo0g,Camay,397,2013-10-28 13:25:56,3.49
ZQ-hVBie3ls9u951cJkgSQ,Mark,465,2017-03-26 21:17:42,3.6
fwJ6x42jlgo_cOVTdcKCuQ,Quynh,246,2013-06-04 22:52:25,3.9
a4mO387_O77ebmv8AlQB3A,Dave,3362,2013-06-16 21:32:47,3.91
N8ITUUDRBpo1hTNDvk1byA,Monya,238,2014-06-15 11:26:28,3.97
u8WIVYVQxiAFJWLdjJNkIQ,Mike,973,2009-09-27 16:50:07,3.94
ChEBfVLO1hYtQnwWFwN4dQ,Malisa,510,2016-01-29 22:03:22,4.21
BQkC6RneYfvfG6wRe0hsvQ,Louisa,1621,2007-07-17 22:26:04,3.53
Hy_ko_2hkLTxvO7G0pIGsw,Eleana,619,2009-05-24 16:39:19,3.97
c_Jpjy4O1bVB3P1ru5G7Bw,Lindsey,212,2013-03-24 22:51:21,4.11
8tWdY-5vnxdOImO_wiMprA,Arnab,161,2011-03-08 20:40:56,3.85
RkOdQL51_KAkxlGbIUIXIA,Vivian,164,2013-04-15 21:04:58,3.85
_C0OWFNiezmDVsyKbO5Bjw,Andrea,169,2013-01-24 01:03:17,3.91
zkQi7B9b-yFbF8k2XSnDHQ,Matthew,849,2014-08-28 00:41:48,4.2
Yybo1Vqr4F2E5kUuGDoYXA,Michael,454,2012-09-11 23:31:26,3.73
HL-9ho_SXnTs_ClvALZXjA,Aaron,21,2012-12-21 23:47:31,2.86
j8kEM9J5mNc-F-ltrC9snA,Kelly,24,2011-08-05 23:54:04,4.21
CwOuLZjrYzCGROwWdQLB9w,Christina,22,2011-05-31 00:06:23,3.58
Z6zAW5KYUbOqlv1pa63STw,Kelly,306,2012-01-26 14:10:06,3.82
rdQo1I6tjjR2Wg6UUu5ZnQ,Alexis,177,2013-08-11 13:47:51,3.9
tp8wzuxL1RrSwniJkRUJ8A,Nikky,302,2013-03-18 16:44:52,3.85
2LnvZ-_vEKqsyzBuZ9cfng,Christina,92,2013-05-19 22:18:26,4.08
lRRVRehFcudfbjY6yUX6FQ,Vickey,463,2012-11-06 04:26:15,4.06
uPr3t2M-OykA8M_oro7j1A,Luba,452,2013-06-15 23:58:04,3.94
lVlb5R_bjelkWi1N5YWUIg,Ashley,394,2013-01-01 00:00:20,3.5
DJBuyVr8_0k78ydUgonYdg,Christina,393,2013-03-23 06:39:27,4.18
GMCYr7LJ68yPb0GDxp5vhQ,Clayton,114,2013-02-16 19:44:55,3.97
WHaISgEzqLJDfZ6EmiqOaA,Stacia,125,2014-08-19 19:14:21,4.23
hXSzBUjnORNXkaxwA1j-vg,Trinh,609,2012-04-16 12:42:28,3.74
R95jUAYcnhesh9L5kCSeSA,Bob,134,2013-02-01 16:54:45,4.37
b_hOVL43ocK8Shn91hdlHQ,Larry,393,2014-06-18 05:35:20,4.05
Vaw5DUlK46KrmyDIX3cYbw,Amber,92,2013-05-10 18:36:35,3.48
Zsdee1KEpMwjg5cqx-VWrQ,Angeleka,80,2013-06-13 17:14:03,3.4
hnPTPyh6wNfZe1GxOm21Gg,Desiree,1401,2012-11-10 16:04:48,3.89
lABhRt6E1lAvG68kqQZMow,Jessica,420,2011-04-19 19:18:07,4.07
X5_3x28U9dxzpbh-KGkzdw,DJ,35,2012-11-12 21:11:53,3.76
gljACJz-NQqyDTTYUOU0lA,Aarti,1062,2013-04-15 03:39:45,4.27
6NagSmaahFhlt3LEpnVXoQ,John,441,2010-11-26 23:12:38,3.78
VMLDVK6ANh-CnDxQNIAEEw,Fabian,100,2012-03-19 20:28:45,4.33
_4Ye2RbfceUfUZZSx65omQ,Tara,87,2013-06-06 01:31:30,4.09
DTFOGN81zlhrYENyvwQ79w,Angelica,315,2013-04-16 02:51:09,4.06
iN0A6QIrEFYoSGHFaknh8Q,Jennifer,1059,2009-10-22 13:02:11,3.98
6s5whJLSvZFIF0Am4RyjUg,Jim,456,2011-01-26 14:32:16,4.1
tdEtv1_1SShU9RHz6J-DZw,Michelle,310,2014-02-20 04:53:16,4.41
R53y0qIWqJZxnbyWNDbrMg,Sabrina,80,2013-03-30 23:16:19,3.39
dqmXRM70bOzlSKzHjx-_dQ,Natalie,83,2013-07-25 16:41:54,4.13
DwaaafwryFbW7C4E1gU1AA,Donna,1424,2012-11-10 03:11:32,3.99
XCydwvWxRidDyHKetxx8xw,Lara,183,2013-12-12 23:58:02,4.41
zVDvRNhEsgzlt7NLdfbT9Q,Thomas,21,2012-12-13 03:45:17,2.95
lq_biWcrOf0FVqlwTyHbYQ,Amy L.,25,2013-12-18 20:17:40,3.36
TrU49Ydk2ZMjlh0rtOVj7g,J David,1991,2012-03-02 23:38:27,3.75
lrgq-Gr-l8m0v5WEmVXP6g,Chloe,310,2010-09-20 21:39:08,3.59
HXf9sUotX6MS1oLbYOTj8A,Diana,243,2014-07-05 19:11:58,4.34
-V7frksbFjKQYVhrPnnlPw,Christopher,699,2013-07-06 02:03:20,4.04
kHyV2RxqoZqOfl5Ebjg8ig,Ahmedul,32,2013-10-30 00:11:17,3.55
AVyU4MC9ucdgCFRaLNpePQ,Sarah,675,2013-08-02 01:32:14,4.68
P9VcQ2CnhJlpEaWO2Yd06w,Sal,200,2013-01-03 18:06:45,3.61
G-l9ihg3sRAiGTuZLDmJTQ,Ly,214,2014-02-04 02:09:58,4.26
kA528bHw7c2dwAmqvk63oA,Joe,143,2013-09-10 23:39:16,4.05
LMvGr9_gUrIwnD2iBS5MlQ,Flower Child,573,2013-01-09 12:56:46,3.61
9Gs82VLVMn-JQSvR9d7ZOg,Nikesh,96,2014-04-10 21:34:55,4.61
0zDHiDbj79uBOy3OAcE25A,Maruko,3051,2011-09-29 23:14:56,3.41
kYsFy1teRPknB_fJvOyw8Q,Bryan,130,2013-07-28 18:35:47,3.99
uCO8lRN9eD2RRI7SgsR1PQ,Joseph,50,2012-05-29 22:04:57,3.16
v4KYRLFGmeqwlntnDbJ4Uw,Shelly,126,2012-08-05 21:39:38,3.85
IulsQpBrv9mIMqWZ6oPEZg,Hijo,81,2008-05-25 02:14:22,3.54
-ibb_cZiaht_DjkIqDUF_Q,Jeff,127,2013-10-13 13:27:43,4.37
z9m5bnhWUlRQZ4dfCQAh9A,Deb,136,2012-06-16 21:23:13,3.94
wqrbPeGf-bimRXU5t1x5Aw,Kiki,180,2014-04-26 16:34:34,3.61
dhcd0-vjumNzq9F1aeK3uA,Rob,212,2011-12-30 23:21:11,4.09
gQSMov4ZEXnlyWHNhGi3bA,Brian,317,2013-07-12 17:18:10,3.65
UrQw8IyTOAAlokN-SMK3_Q,Joyce,1896,2010-03-15 09:02:10,4.47
jTMziYCazn1EAJQ7s0eDhQ,Jericho,192,2013-07-15 17:30:25,4.0
WHuuz1Xm8zkrUl8fAd31Eg,Tommy,362,2012-09-16 05:51:52,3.98
knFwHcdFmxOHcHUY8IOoUw,Karyn,555,2015-04-29 18:30:47,3.52
NRMlDBUoGJdgoXTUllZpuA,Molly,68,2011-03-25 01:10:48,3.93
5VFQdMIC5tpp2bxine0sXw,Jennifer,82,2013-01-05 23:25:48,3.88
gopCgvFzBdM7SuzOHHjaHw,Erin,242,2013-10-02 18:57:13,3.27
J4yF68T9LEUWRvI1v1OQFw,Jessica,230,2013-04-03 04:39:04,4.07
Cltm3tgipVMnVbzpv7K1Vw,David,374,2013-05-28 13:46:14,3.91
gCduRMQlU604iFpU9HHMUg,Sharon,46,2010-04-10 04:24:47,4.65
erbvb1HGwwNdslTYjvw-7Q,Chris,191,2013-10-04 03:34:35,3.79
1GH6Hnh6jLfCT951zmcUYw,Sele,548,2013-08-15 14:56:29,3.84
2jCrH48LDG4c3ja4CLh0qg,Tomas,1001,2014-11-18 23:57:56,4.35
5ZrFDFPJe8Qq3Zgue315oA,Helen,413,2013-01-26 03:22:10,4.0
6ZNnGHBEk2ZZctdC0fX8vw,Kimberly,455,2013-04-06 23:54:09,3.52
bnKo6L4MgcUbLZH7fmnkrA,Mark,536,2012-11-28 01:09:02,3.89
PTVLT2wEUrFgr_hT5uldoA,Michelle,963,2014-09-16 23:06:18,4.36
EFw9r83RQGk-ei3NR09K7A,Katie,126,2013-04-15 19:27:43,3.54
ZWPNTZeW5pnpAp69PoQAow,Jason,47,2009-12-13 22:14:26,2.65
0oLUvJnNu2RzFwXLsuaqYQ,Tim,108,2013-12-29 19:30:13,4.26
Kgb1KdaTrRnGqQ4misL12w,Lauren,545,2012-10-19 12:29:59,4.34
hLVMSWU-Rl_xNjvLX_lL8A,Adam,288,2015-10-04 21:58:11,3.95
c56oZZbK3bt8vFA8lz4wfQ,Lani,671,2011-05-17 13:46:35,4.02
ovsLfNfqY1a1tPjsQ8xeHw,Susanne,564,2012-12-08 22:41:59,3.42
KzHRsFwryS7b5Fog8kkkGA,Alexis,91,2009-09-14 19:49:29,4.34
jc7MqBKRUmBE3SvV7H2onQ,Gabriela,89,2013-05-31 17:51:28,3.37
8PmYg12cee5WiVvVwxOXCQ,Shane,619,2014-08-05 01:34:05,3.96
wABHp4fGUC-0acRKhmQO2A,Diana,971,2011-05-12 20:29:57,4.24
AV_y-DzYPiKFizdtbgDrYw,Rudy,75,2012-11-23 03:55:44,3.77
Obp8LRY_MRwUIqTPDbp6Zw,Victor,218,2018-07-14 20:47:36,3.83
s1fUKbqJUi2PUvVgRdNoJg,Ashton,69,2012-08-25 23:13:00,3.91
H6B6YK3k-uUQuH9euULywQ,Geneva,34,2011-03-11 03:30:12,4.85
RAbMY5K5fwufByqVR1VZYg,Erin,62,2014-09-19 14:53:45,4.3
jswWHPctnZGH3qqvN4mzoQ,Kristen,510,2010-02-24 18:04:21,4.23
MmEYowrsA4j3K4gc9Th53g,Todd,832,2013-06-13 23:54:34,3.38
hWBQ4IK3r1Mo4aYpUz3S2w,Jenny,203,2014-02-07 23:02:35,4.0
12sooTbJEj4K95X5uBWL_Q,Jan,53,2013-03-31 01:07:16,4.0
Lly8yjfZBz1EpAPlZal7og,Rachel,265,2012-02-07 22:06:02,3.64
I2XEhv9zBeAJcwYIrnMf1g,Matt,1307,2015-01-25 21:49:17,4.16
qq2N-wC98Jn8zIU8N58X1g,Aliya,171,2016-04-02 17:04:24,3.8
NFeNXGbZWRCe6qMEppNdRw,Mariella,301,2012-02-16 02:29:03,3.95
shYedm_C7uR35T8-Z9fvag,Alyssa,91,2015-11-14 22:10:14,3.67
WwulXySQN8t2hwqH_yWurA,Niki,1512,2014-12-15 03:33:23,4.59
_C3aY6lgO9D4I7gJcKDvow,Claire,19,2012-02-22 06:23:16,3.87
AWtpMObUIkkmJxObHelgWA,Justin,137,2012-07-14 05:16:45,3.65
silVAwzdMSdZ6IINSzvPhw,Batya,73,2014-01-06 16:14:01,3.86
qm796RfFpk4hWp2W9yEHCg,Cody,731,2014-07-06 15:37:01,4.12
OFiql6570Ts_rnq-OZQr2Q,Russ,49,2017-03-11 14:28:06,3.92
5BQC23O_CWmE-AtyOSEMMw,Michelle,148,2013-09-03 20:35:43,3.84
jc8xUrNwZRgXMSLr_qzAcA,McKenzie,308,2017-09-14 20:18:57,4.49
0PkCxX5PeubHdkOLnvSVaA,Chad,874,2015-02-27 23:59:34,3.7
DWXE3HLhlMEIcasBed-RXA,Katy,220,2012-11-07 04:11:09,4.63
MQV0AK7cZGQ2xsjQ_kq9FQ,Vanessa,96,2015-01-12 15:15:00,3.75
2Ds8R2prlyRsUAPRnXZnyA,Gerrianne,66,2012-07-31 15:29:23,3.53
RUkLH1i152bEqfqwgnOpjA,Owen,367,2015-10-31 12:54:28,3.99
Mbw8FWl4dok7ezTRdC8HOw,Mandy,312,2012-03-18 17:24:58,4.48
1Ko1CajA-khSe6OZH4AtDA,Jeff,753,2009-08-30 23:45:19,3.78
7aTUpTOyJ7glAN-zrtiY7w,Ian,264,2015-07-03 15:34:35,4.38
-cX6CW0hntz6LUF-nJsOUQ,Scott,43,2010-11-10 15:31:36,4.06
hC84EIj6uPIkTKNjTnMx7g,Carrie,131,2013-12-09 23:36:27,4.04
eyvhQWSbb7vLGCxQn3WGxg,Jonathan,160,2013-12-16 19:41:29,3.79
vekN_2mSIhn9y9lICWmvlQ,Suzie,253,2011-05-03 17:19:16,3.93
fpHUpxSWuM3DdgxvzBlkYg,Angela,102,2013-09-08 19:19:50,4.07
nAPU1-75Gqg71NGr_HosFA,Kathy,561,2012-06-02 19:58:25,3.68
pppIHoA8b8B8Wd5t72sDxA,Veronica,667,2010-06-26 13:43:57,3.61
D3K42OQlFSNdbaqgv7sTEw,Tineke,136,2013-05-22 20:18:54,4.32
RmDRlZsRr63cAWpmomMJrw,Katrina,147,2013-12-26 06:13:09,4.29
FBd1Qjnnc1Loh7ZY7FD9Zg,Maura,184,2013-04-01 01:30:33,3.85
oknU9tuT6R16XlolOBnWHw,Michael,679,2013-08-19 11:49:45,3.79
L9vn5VegOCxN41cduU3POg,Amanda,87,2012-10-26 17:25:57,4.25
gbU3jC4hXjaFltZnX-mtTA,Aja,74,2016-08-04 05:09:46,4.33
O1Tx4A2xH66MkVY9lVLOhA,Donna,5,2013-09-27 03:09:36,2.0
MWLQEpkjLqjst7dO8TeEwQ,Linda,749,2013-10-08 03:15:53,4.28
AwGP1zmqNZVnRmYFliCq6Q,Vanessa,387,2014-02-08 19:12:45,4.42
g_Y88iSiJ39CTd_x1k6rjg,Katherine,656,2017-07-16 11:40:49,4.25
fb9eDPNW21CSbYyOfnnwIQ,Dave,244,2016-03-02 14:07:19,3.82
DZXdYZjTjQLzhkeV-e7PWA,Ashley,8,2012-07-16 12:44:25,3.17
YJLMa0DDZbRIGaoqWoXUcQ,Stone,147,2013-08-08 17:35:57,4.25
xa_LEQ_y0WsFixOxBAnzYQ,Natasha,70,2013-01-14 04:06:21,3.61
ofeLGyYo5yACoVzahgExZg,Andrew,1106,2013-04-06 00:26:00,3.94
TiikA-pjftLxzo5tr-fIig,Scott,411,2009-03-29 00:11:53,4.19
rRrFcSEZOTw6iZagsIwTFQ,Tigra,622,2014-06-28 19:55:19,3.9
bo4WKYqBoT0Cc23epTo8pA,Cheryl,126,2013-05-22 21:29:48,4.16
srhTOSgTBtvHeISgwd_mgw,Tommy,203,2012-04-03 22:00:54,2.83
Vl-c9zRq-tcst4uC8GG1hw,Deanne,438,2014-04-17 17:49:03,4.11
hbSa1RpUO6Ka-AKnfmCF_A,Derek,95,2015-01-03 21:26:20,3.69
0Bu7_bXX4dCssG0-OWd_jQ,P.,317,2013-07-19 02:28:04,3.17
0Lr1srDYn7AkcoBkCAGN-Q,Thao,95,2016-01-07 05:58:55,4.42
JzupCYb6JmSOY1uau40ZXw,Kimberly,335,2011-09-01 04:57:04,3.95
kzDzdbPupHiglDzs9HD0vA,Albert,520,2015-05-08 00:26:26,3.77
1Bg0CcXE_6RMl5nnLGT4sg,Jenni,109,2013-08-13 00:37:32,4.64
k9-ixq5thOj-KQX8V8D75Q,Marie,293,2014-05-10 20:30:00,4.58
-G7Zkl1wIWBBmD0KRy_sCw,Gerald,3131,2012-12-16 23:26:39,3.68
wYlael7ejt4I3vjaXmpGnA,Zach,1527,2016-07-03 21:01:43,4.6
jXE0JckCU6jr3Z_jznNWfA,Andrew,299,2015-01-06 21:02:02,3.99
V0-DkVYBMlyr9QVlc8DCiQ,Maddy,126,2013-11-02 18:56:20,4.59
Zd2MiIfCHT52WXoUKtYONg,Sasha,314,2012-07-16 22:38:04,4.66
0pgYDWcqMiiHUln2JUux3A,Adam,114,2013-05-25 04:09:41,3.75
2RFyJnbJ5AHT9hQp_tMeYw,Mallory,560,2013-04-26 21:16:22,4.01
xWEKLTw0NWgHS67oCyVp8g,Caitie,298,2009-10-27 07:00:30,4.29
Yj4SpqG0OJxbg8L1Qsrlsw,Joan,445,2015-05-08 21:45:58,3.9
3gRfkaVcEWri-Ju7OQX7uQ,Dan,659,2013-06-14 16:42:37,4.02
YuX70bdZdGXUdyU1mKaP4g,Hollei,347,2010-02-10 10:27:04,3.68
5l3vzl3snZzbM3w9hWKRDA,Danette,226,2015-04-22 15:30:01,3.67
cZ93eNPyk7kC9F1PPpfPOQ,Tre,442,2015-02-03 15:15:29,3.85
lxA2xhPoGyEKdfKkR7u7yw,Katrina,284,2012-12-15 20:31:47,4.69
QSIoCtJ1emofP1My3BfmHA,Jisoo,603,2014-01-22 03:53:09,4.27
3CRXmJ5QAUxre_MgXzXjQQ,Natalie,87,2015-06-22 23:42:23,3.98
VkVyamF71Dwyia1AjbWvhg,Jason,202,2012-10-26 14:21:53,3.62
3kpn_e7BKSiQsXCa1FJUdg,Sandy,201,2014-12-01 08:12:47,4.29
wYQphJ9H6pUCyp2IxGPbDw,Stefan,99,2013-05-03 22:31:27,3.74
YmVAysf6VHMthExyKwDQXA,Paige,147,2012-12-18 21:37:40,3.67
Dewn3eFhrFQCDTFu__Pp5A,Sarah,111,2014-03-04 02:51:50,4.22
BkBk0Tny4e2N3wjLWSBoVg,Jessica,193,2014-10-21 18:18:26,4.34
-iidloktekXhKlhoyYFgTw,Sarah,43,2013-03-24 22:13:41,3.11
-dnERQYQCDVZFMMuh7bBDg,Sumana,226,2013-05-22 07:32:17,4.31
HPqD_nATHVuVjTyt0Rxatg,Kate,261,2013-10-25 01:02:31,4.28
J0HY6uvoRL2Rh7bc8mvfqA,Cindy,306,2014-03-22 21:51:10,4.21
Q99J-AfoyS1GEaYxWJ7LSQ,Andrea,85,2010-05-19 17:11:35,4.14
FVGl06f5NV3qKJEP4B1LMQ,Lolly,246,2011-09-23 02:28:54,3.86
xboRb8Fi7xpgm3FY6GA0aQ,Chi,21,2011-09-25 23:35:12,3.9
jA0ToEPV2J31wcS5q-1eCg,Michele,207,2013-06-03 14:41:01,4.05
k_biLQDibaNRXxo5l_CBYg,Kathy,24,2013-09-14 19:41:52,4.29
CjPAo8v2K6GrRypugNssMQ,Ticie,124,2014-07-21 01:13:18,3.91
xGC3uBB0gvXDRUMo_xX-Zw,Meg,101,2013-08-03 03:30:32,4.17
9Y1YkloHk2MAE3hkwYdFKA,Gene,634,2014-07-22 20:07:28,3.65
RJn-TVWHbIs6HVoVwC3Y6A,Aileen,399,2013-06-15 18:54:05,4.36
NzUzlpp0UEGzGVHcHnzTIw,Alexandra,257,2012-11-05 15:38:55,3.92
jtRQS22iQDLPbraTezzADQ,Angelica,53,2015-08-31 12:13:32,4.67
wxqxIOP9SoqKY3ZxvKchqg,Kalvin,1935,2012-10-21 15:49:20,4.04
kGJg_kMhn1RjgqIJPJr_VA,Dylan,697,2013-02-12 13:26:02,3.58
WJR8f_QNG1kuPq5V6RxeFA,Trina,1110,2011-02-23 00:41:20,3.67
XMTt7RdipRrWQwVF-yuqgQ,Jordan,170,2012-10-31 00:13:15,3.88
BiLX0Yc3vNJjVNLocBJyHA,Mike,880,2012-10-14 03:20:56,4.22
XF6GG8Y_XKESMfU4_vIgHQ,Libby,576,2013-01-01 17:17:34,4.33
WvutaEoxM-8ME0JFTTWBDg,Lee,200,2012-05-22 18:32:20,4.16
2b2J7kW1nTVTtiZtizw-tw,Lauren,874,2012-09-30 00:01:48,3.42
6VQZtC97AE3xImIJIJvakA,Dorene,374,2012-08-16 19:06:04,3.76
rvYTWj_twMGMkT3k7qjxZQ,Michelle,304,2013-03-04 01:00:37,4.29
e6heoqu1EnKkaNFbf1N7CQ,Steph,394,2013-05-20 23:19:58,4.06
bS8HNq9bzOpYNjEp7Aiywg,Mary,156,2011-08-16 02:11:37,3.86
2dlEgB61BbJLyyq2xZgn3Q,Alicia,39,2013-09-16 21:43:59,3.98
pVoAyKAT7VGyPC5xktUkMQ,Leigh,105,2013-04-04 15:09:32,4.23
ObZnTiwMA-4gaTqa1_mB6A,Todd,234,2011-02-08 19:40:48,3.52
XEwEdPIjryudxfU098wapg,Charles,943,2013-04-07 03:35:36,4.18
40AouWLnY0pQDwJUcidqiA,Gabriella,324,2009-06-13 01:53:52,4.12
3tHXp6s9wsNYBs40C75qvw,Janette,142,2012-10-28 18:00:08,3.96
b8SWcnxNL_czKgvRbzP0Mg,Keith,833,2009-03-29 01:49:46,3.12
pxgKKhyV9PsgHW_l4XDc3A,Corey,87,2010-12-28 23:01:43,4.12
6kJFLAHV-tNsBEZaRTqEWQ,Elisa,210,2011-02-18 13:37:34,4.66
F1V-YF-nHy1miIofqpwphA,Sara,79,2011-01-28 17:15:12,4.29
ae_Csk90z4AjuanqJhF0Xg,Katie,200,2012-06-29 04:21:59,4.51
uPoDB6rk11jqU9Kv6GBmsQ,Ankur,15,2013-03-03 02:12:34,4.0
ysakeAQj9mknDNeO69-FzQ,Teresa,331,2013-06-18 10:00:13,4.06
XWgdznDS4NqkicZXtjqQaQ,Casey,35,2014-03-09 22:21:45,3.94
kTpsjDUhl9BlRl0FVuNreA,Alisha,378,2016-07-06 01:19:07,3.97
KWVIxZIbQq3hLgrbIqWpOQ,Steffini,265,2018-01-16 15:26:50,4.37
w8nb2zbYMbh4DL8vl_d0-Q,Chanelle,38,2013-07-10 21:30:39,4.36
ni5xnIKZH0W4_7nnZ7uFxQ,Jessica,115,2010-05-31 03:40:50,3.9
4lXwcTkAaoZoO17y9eOljQ,Zhen,219,2011-07-20 19:19:07,3.71
EKcDwl-1cmhqhhps8axkZw,Carrie,57,2013-06-30 15:33:19,3.95
u3ZPMVVEzneq8x856WksJQ,Lauren,1184,2012-06-17 01:07:03,4.55
iEm4iGkgzgeDDpn5WDBQCw,Amber,237,2013-09-09 03:17:59,4.18
iVwEM4OqJVB5qnkFy6gVZg,Kara,76,2008-09-29 14:22:23,3.42
u1Y4Kb-broKL_C0pL9CD6A,Leslie,35,2011-03-24 19:10:54,4.36
sGJvx1MTsetDzsnrHfJHLg,Aaron,2596,2014-06-28 00:08:25,3.53
D9CXVARdoX-SLXoVD2jDyQ,Sam,54,2014-03-05 01:55:04,3.54
2EFP4V-WIFi5JTzG8aKZWg,Joe,114,2011-05-12 22:36:05,3.38
rqzIey6wUEBStozuljQDwA,Mike,75,2011-08-04 00:14:42,3.04
CZmwm1Qd3Ftr5TfAlnmWOA,Jody,217,2012-04-15 22:45:27,3.83
P6Ec6qvXpYR7MrBGwgT6RA,Victoria,158,2014-06-02 20:00:34,4.31
SKJpOreXKa1PRpvSKjzMng,Chris,351,2012-08-20 21:49:02,3.74
MFjAkaFuD4wznsa76d83sQ,Danielle,121,2014-10-13 16:51:03,4.06
hLxIRMn_UtDGVG_8Z9qkEQ,Joel,531,2013-07-26 20:52:19,4.01
X-rdf2BAcnhbfz8U0bRAWQ,Jess,384,2012-08-11 04:57:57,4.2
N0BUnkoz2j3tuJzJ0Wl5pQ,Kristine,144,2011-04-16 19:02:59,3.98
yHoodEcmuao7QYkP2deoUA,Melissa,136,2014-04-05 16:13:08,4.49
aRWEkwQKHRoJgRmSYl7zKg,Cynthia,57,2013-03-12 18:36:20,4.08
JTVSbPB1EjjMu05JwWCP3A,Dan,1615,2012-12-22 04:22:43,3.68
h9x6C4vKVkkS7TVTWflB4g,Gina,201,2013-10-14 03:20:36,4.09
OvpTIjhGpg2y2kklHa47NQ,Shary,219,2010-06-08 22:06:34,3.4
Y-fPeP9dmciMYg83esNSWw,Amie,339,2017-02-27 23:55:12,4.55
c2dfMaFHahbuqjkDbeJcYQ,Antima,24,2012-11-26 15:54:54,3.71
Mfw2aWyBj2a_uPC94quJfQ,Michelle,34,2010-08-14 03:50:41,3.79
b4necRC4ra6rlQFinve3YQ,Lee,521,2014-03-01 20:12:51,3.91
LnFIWZM_l__4t8Qxj3pnOg,Juliana,606,2012-06-04 18:34:00,3.36
0ikReUVUjKPtxajKx494ug,Annie,155,2014-08-26 14:28:42,3.85
VjA1teP4BA2y9ZNzfihr0w,Pamela,556,2016-06-07 20:30:09,4.14
uZbIzVlYLu8Etg8wUXyRlQ,Greg,1550,2013-09-15 12:35:00,3.35
FWGpp7UAMv8pZfrm_P2ZOg,Alex,14,2012-12-05 14:25:19,4.27
vlx1Vn0txmphKLtpK3L52w,Emily,238,2013-01-24 15:56:44,4.29
OCz0i-3FnrHBuyY_Wn88Ng,Tara,439,2011-07-30 00:54:51,3.47
4DNVY2SgiNhpbhFj8mAhXQ,Bethany,144,2013-01-02 02:51:52,4.26
x49sPiZ0UxwtsdJnR3T6bQ,Jeremy,113,2016-06-30 01:18:35,4.03
p6RurvWCPEqR8PP4siwiVA,Emily,642,2012-07-29 21:30:24,3.75
p3s7gN4kYXNwL-CXIRUqiw,Sandra,241,2011-09-14 17:17:35,3.74
6pbNMgTnSYrtPHDN07IXwA,Cindy,1220,2011-06-09 20:49:59,3.72
HHp96KPsroyYDAHOwo_VSg,Leigh,138,2012-06-13 18:48:43,3.31
1rYIPlscRVhE0KDkefAQzA,W.,12,2014-05-12 18:22:22,2.85
inCabX77SQWYxTSNQTncHA,Alina,578,2015-09-20 16:35:15,4.13
7n_Z6Du3NrZB1GhxpQDW7Q,Melinda,111,2012-12-05 03:42:40,4.19
a4m4ZwQu_0zsJhTrAHBsdA,Chris,428,2014-01-17 03:32:21,4.27
btSaJqMiUwMemMZ1AhCe3Q,Cameron,333,2012-08-02 01:10:16,3.86
URPUZR0LWdIW7c9uMmJJEw,Caroline,196,2018-03-04 15:25:17,3.86
mRz772a5aMQqq8M2lXLmmw,Gwen,462,2012-07-01 07:19:36,3.92
w0Yyvns5BCIL5s_7JuFrug,Jeremy,1257,2010-01-31 01:33:10,3.84
IE4xKfypWuM3eaaq5q9IxA,Jason,1119,2007-12-11 17:03:10,4.14
0-hb63A9uWjR1YIyVMu6rg,Todd,680,2012-04-16 21:41:01,3.87
wXdbkFZsfDR7utJvbWElyA,Ken,3986,2016-06-02 17:30:14,4.02
7XXKi6pgXeX1uJZcGjKNRQ,Angela,203,2015-06-01 02:39:06,4.05
QboLeletgPOudZruhPJILQ,Alisha,136,2014-05-25 23:45:37,4.76
cPh9BntnoJsmaIMYyjBQZw,Mark,272,2016-06-05 23:23:57,4.0
vZWNh7DMwYVgz3sz-JudwQ,Tori,113,2014-07-27 00:10:59,4.12
8MkZ6bpdP7x8Vlm_uEWDqw,Ivan,81,2012-11-23 04:44:39,3.74
TjCS-ZDDpgp38DNKv6bhJA,Danielle,301,2012-05-11 06:47:57,4.42
yRAtycPAWAG0xySC9zNC6w,Ross,99,2012-09-02 01:41:46,3.38
KFiz7nL-lRFF-xIgOPZLkg,Richard,2314,2011-01-03 15:41:48,4.24
1N4HNCbMIead4r_22jseHw,Fred,159,2012-08-06 22:51:22,4.4
I0tp3rJvSR1EjPhxZPOpgg,Kristen,87,2015-10-19 00:23:03,4.22
RMC1Q93nHAsG0Am_7SRvIA,Laura,42,2014-03-01 09:38:35,4.04
6He7CwCnjxeCN9Cs-X8i7g,Laura,82,2011-03-27 04:59:04,3.55
m4uHs1KziG5vngKK2pLv7g,Katherine,108,2013-04-25 00:34:59,3.6
SaYctOj-v2LNNkD4EXtZUA,Ju,531,2011-01-26 02:02:49,4.04
HR5TCqAjP9rlM_n_BA0JfA,Kay,223,2014-10-20 04:32:42,3.76
7iFUtwc9hhgGCThohNFwtw,Aaron,199,2012-01-18 19:56:26,3.57
Yii1ZCDZjJbmGi7KytfgHw,Sylvain,481,2014-05-12 23:54:20,3.3
YWB5HV5VFWXz4TOYBMmiEg,Bryn,252,2015-12-07 22:07:21,4.61
s6lIsLlPcjaHDhXxTV9kKQ,Josh,547,2013-10-31 21:23:35,4.0
I84m5UwmDr9-Pk6Fe9B59A,Nick,12,2011-01-20 17:06:34,3.54
tbI8YO0O51Mrm_yIiD9Ptw,Ali,669,2013-03-09 05:00:39,4.24
a_-cGctRb1Tjzkzw8Hp3_Q,Allison,1068,2011-05-03 03:31:11,4.23
1iMtOlXd7BRaCDejF1wZIA,Namir,400,2012-05-28 22:58:18,3.81
JK8xDjaj3VFybdeeAoRZAw,Ramya,76,2012-04-04 18:53:52,4.23
aRIwtRfgPx4Acdfc_9Uh4w,Drew,118,2013-05-29 03:08:32,3.36
oWI2rSsR1YruJX8Mu13AKA,Al,189,2011-02-13 20:25:54,3.71
N2dacTY2e4Z0gOfF6GE2Fw,Nikki,230,2013-02-28 23:00:53,3.78
JW5W4OZCohTvZlRF1jzrTg,Gus,480,2016-09-06 14:33:00,4.15
iLFzJYdAEcQ6tDspuwzqeg,Rich,243,2014-05-01 01:02:22,4.58
KRS_0bUdbmhogb0Ou7LewA,Hali,258,2014-02-20 15:26:38,4.07
rCsRmePT0JcI0-1ssVbTAQ,Mailoha,633,2013-02-10 18:16:28,3.24
WXNi47QBnu0CkMBRsnKEqg,Brandon,329,2013-06-12 23:58:36,4.31
59i48dJ1Y-7xhG8d4SuHCg,Andrea,70,2011-07-30 18:16:04,3.62
eYd1sygl0Thd2JRQTVgX5A,Mark,939,2012-06-13 04:21:37,3.84
hoFp0sSzAB5e_ekzOeHHHQ,Devon,106,2014-06-28 21:15:02,4.27
LmKXOdNKW2ybjLkqUiDhYA,Sarah,155,2010-04-19 19:31:12,3.82
N5fd36xJuEEHAHLHFirVCg,Lorraine,177,2014-08-02 19:03:27,4.15
3DbINcPH5PI0DGEQp5mwbA,Erin,160,2013-04-17 00:16:25,4.2
bTTTpFaHmyRB-ZUTbWa48g,Maria,286,2015-06-05 01:56:42,3.68
lSKKtZBmD0GIYbirCMUKtw,Elaine,1194,2010-09-01 14:56:34,3.63
fCffaLUaWrI6QM8I_kHcfw,Heather,130,2014-07-17 20:53:05,4.04
tBI1rbIioJ7o1_00OMXaCw,Perfecto,341,2012-03-06 17:42:00,4.05
JOXV4z_oYfROwFe29x7jpQ,Christine,350,2014-07-11 22:26:33,3.97
_WNvBa5lvoDkG2NuH4fD8Q,Jovan,126,2014-02-27 17:57:26,3.21
_NodMaAMXMbRhoyH_y15Ig,Elizabeth,445,2013-03-14 02:57:49,4.03
629zIpQCFaHgVZZVQKdpew,Alyssa,288,2014-08-09 17:42:06,4.04
cqoSx4ITtvkYmWaL6gf0YQ,Shuné,527,2013-01-16 19:56:08,4.42
1F5wbSbtUBzxS8IsM7fWsA,Nicole,570,2012-07-02 21:53:47,3.93
rUQ0uTP4lbqbEl7PGhCugA,Mel,491,2012-12-16 22:28:52,3.53
ufICbdVlGBGKTKkyy6uBmQ,Neluta,994,2014-01-08 16:42:57,3.56
stUwmVSvwF0sb-NE7IRM-w,Ash,244,2013-06-16 17:59:01,4.34
GfI-d9mQePFA2PvhAd4WGQ,Robert,746,2015-03-28 03:27:59,3.76
2JfNOO7Cv5eTVOTeIYKkaQ,Shelly,32,2011-07-02 13:13:37,3.62
wzUFZ3DaU7k9R2S54IMPfg,Emily,758,2017-09-03 16:17:13,4.41
9GggL0-O_Moi62c5LI_Dng,Megan,73,2014-01-25 15:14:53,3.76
e67fm29pOiQUcPSltCAHVA,Jude,664,2011-08-27 02:11:23,3.71
uJGFh03cbZ7kjovLLO-XMA,S,78,2012-04-07 20:05:26,3.85
scMLUgV1SzTe9TjBBuf3tg,Erika,378,2013-04-04 15:48:43,3.31
q3xtCOHtFAcFHT2T0qGBgA,Leo,93,2014-04-27 16:11:51,4.47
zf44yYwB3_RGsplScQPiIg,Melissa,26,2008-04-21 14:03:46,3.61
cIVmIJD7nIiEcVGamfBoVw,Jay,929,2012-02-25 21:13:53,3.36
pLE9PzQ-3BNFbGjrMSxo2Q,Jonathan,330,2013-04-26 21:57:41,3.84
aYveEctPYcZiubXyEgLhTA,Erica,368,2016-10-22 14:33:12,3.26
ECjfeIqrQj6e7VXVCTOleA,Michelle,818,2012-12-24 09:32:15,3.95
4YyJpeAr6jsY0FaIbLiTSQ,Patricia,611,2014-05-27 20:57:37,4.34
DTNAb-1gJ6e2nyqCc3fdcQ,Sara,173,2011-11-17 15:17:03,3.75
oT4-j7Kht8P-8EfE9FZCKw,Taylor,212,2014-04-21 23:39:14,4.16
PjlODGyIXjOGAM3F8Vctxw,Linda,12,2014-09-02 05:02:40,4.5
kVyOe_qIsGAlk0wo9n9_9g,Tony,52,2014-03-08 04:13:46,3.63
YX32uIyzBZYSIKXQFkD2vQ,Hoogaelric,106,2014-09-04 17:31:50,3.74
NIRDbdUyBSvZY30m7QUlug,Justine,139,2014-05-01 23:49:12,4.14
H3cExEGaTjX_NVDvgS5TnQ,Sybille,105,2013-06-01 18:36:37,3.54
6_VZC1O_WcmoEg54M-hCFQ,Alexander,267,2013-10-24 16:50:05,4.14
kTpLsEWkkX7fRxZPToMsew,Billie Jo,312,2015-02-07 14:33:52,3.41
dzJZCVORbdsa4LlH-Yb3nQ,Savitre,178,2014-05-02 17:46:55,4.35
a19sBP_J4W_L26TfsJhrww,Alma,37,2012-12-22 00:35:07,3.85
KpOE-Z-gzJxwZqss8vO3Tg,Michael,336,2015-08-07 02:51:08,3.91
r4NVmZeL9UwaISRQYKMv0Q,Van,105,2013-04-12 12:22:20,3.99
r8Fg03YuJifOZVn6HG_QuQ,Amol,237,2013-10-17 05:09:56,3.49
2uSQbWdY-Hg4vnU_lbXI1Q,Kate,195,2013-02-16 00:20:42,3.93
iwBJ6E_2Q6ybYuoYezS4hQ,Raina,82,2014-08-09 17:09:08,3.86
Ttn1RtATzZBtWsx6MoPGqQ,David,359,2011-11-11 00:16:00,4.49
LbxJELh7_YndlOUeFLlKVw,Amy,427,2013-04-23 16:50:58,4.1
D7lwhThc7x81CKXPwt0hdQ,Talia,295,2013-09-17 15:14:45,4.35
oJ6oWNhA8NCOqoWveKd_Hg,Rachel,109,2013-02-12 17:09:14,4.03
wexfh2o_bExwnlwubzwAIA,Kamper,25,2013-12-05 22:36:06,2.63
sTe-Vnzl9Of4NyMNW5UfMw,Amy,233,2011-10-23 23:42:18,4.14
5t1YEbadtnEDyKmNriC-Ig,Mary,19,2016-01-16 16:25:13,3.48
p9EVn2HV6nF8BMDphSu91g,Karri,228,2011-02-04 21:53:41,3.98
qWYmMgvtgMK6wDzprFqC9w,Samantha,260,2014-05-10 15:24:42,4.01
DURo51h1C8kRt3ku7IADrQ,Dhruv,36,2014-07-25 21:22:36,3.86
L4iT9ZCNxS2YxTzc2G5ucg,Henderson,310,2014-07-13 17:25:41,4.58
xYgdYioZpHUxApiddFhCxg,Charleen,470,2013-07-10 03:46:50,3.74
PNaYNMSoVZDNtvohQmehbw,Tracy,37,2011-09-11 00:54:32,3.78
V-Tv_2hv1Ag3wQrqOpVnEQ,Alyssa,335,2013-02-15 17:43:20,4.05
aGDtObhCNrySrrT2qpljfA,Josh,820,2012-02-23 07:55:15,4.21
ESKFqdhvRHT-MIdulNMSGw,Aaron,197,2011-02-14 04:15:55,4.27
a2xQmGYb4gyPwH9KXYDjbA,Alyssa,104,2013-02-17 21:47:11,4.18
8t1y60g0unMl8PEP7GLDVQ,Brad,684,2014-09-02 15:30:13,4.11
Rb9h7rGhhE7m-a43nXlOXQ,Loy,112,2009-07-11 05:17:15,3.91
4d5oNL9oHazgXmXyunVTQw,K,51,2012-04-08 04:25:49,3.07
UuiCwhkdkJkOY1lv1T18Jg,Maya,277,2013-02-07 15:47:29,3.6
UWPPx4KkL9VMxEj4uwe-Ng,Andrew,163,2012-10-29 19:10:45,3.84
P1IQm0Rr5eA9VvmV5HYGVA,Alice,280,2014-09-10 20:08:31,3.25
JLW2uULP_Q1KXHhToNljcQ,Tiffany,364,2013-08-13 17:21:31,3.87
y7H-4bWuX3eqC7C11DvQcA,Alexandra,299,2013-02-18 03:19:04,4.11
lnohBN_e2qklLESYih9Mvw,Chris,763,2011-12-12 22:52:35,4.16
-YAXThScggsREXhutAHkAA,Doug,1029,2012-10-27 16:12:59,3.9
7nq09jiKpW9xw9J9iKUbpg,Jinsol,198,2014-09-28 16:08:40,3.93
EOajY1L3ole3gLTCZ2xw1g,Jack,1146,2014-10-17 13:45:20,3.82
q17RLkza7NIrTh86lCqS9A,Carmen,26,2012-07-21 00:57:33,3.62
q8bVb99MkJSIqq-TwUXRbQ,Crystal,1683,2017-04-11 11:26:20,4.13
Lo0R9xg0KBZaWcpFQgvq1A,Yana,374,2013-03-09 16:24:41,4.22
fjfNJ88l3QNNt8A5RbcNLw,Liz,76,2013-05-21 03:54:32,4.25
EfW2wGuV8VCFkVfRJmQwng,Dara,231,2012-10-07 02:43:35,3.83
-rGU3wo4fgEnGRboYdMTjw,Adam,468,2012-05-01 02:34:27,3.46
sagr3vcUUXwhaPeaJ-UlFw,Krista,34,2014-12-08 23:49:29,4.29
WBlAiBpB9kMG2YbO7ngYvg,L,239,2010-11-02 14:06:53,4.0
RCXX__k3R2Zf1kzmTpopWA,Steve,137,2015-10-04 14:38:18,3.79
y-hJOJl0JAwjKuIkHDm5qw,Ashley,12,2015-10-08 02:56:00,3.75
3WCbKPke3NMPrNvgBnLMhg,Christopher,336,2013-05-20 18:17:51,3.65
P5hp_o83R5Uzey4xkpCmRw,Dawn,243,2015-04-16 21:43:16,3.85
POvWjPL-06je6CIeRRTLNw,Angela,86,2013-02-09 00:51:06,4.4
Tys-LkUZLtVtN2Yl5om2Qw,Mr.,29,2012-07-01 04:00:21,3.54
8lZBYTaP5Q5bg_uM3wsn0w,Francesca,93,2012-11-01 03:09:58,4.23
FEsh9tUdIOVGMVo-uc9UNQ,Turquoise,11,2011-02-17 16:31:05,3.5
n7Rr7pkdtj1GXBb4Kdp2sQ,Butch,264,2012-03-14 02:05:18,3.59
a5J2Feex82_SF3KXzDvvwQ,Cindy,21,2016-04-03 17:50:38,3.36
PeKYtD9xGxLX_0QUQ_WJCA,Midori,404,2017-11-14 21:44:10,4.18
A9cXP_K95FRor1qxuUEu2g,Richard,1247,2014-07-19 23:47:39,3.95
1HQ3yuhqVJPqjCz1P6fDeA,Amy,824,2015-05-24 23:48:48,4.4
oEq7CjIuTE11o7DFby6xHw,Teresa,211,2014-03-28 03:36:12,4.05
jpbi64K_AfVNjVoJrxRrZQ,Steve,64,2013-03-24 20:30:32,3.41
Byog9k35hMURW_O1dIteHw,Alicia,280,2013-01-15 19:08:30,4.31
Y_t5q-UsgTwUEnzAQ73u1g,Holly,77,2013-01-31 03:21:48,3.74
cfc_LBkmJNzqDQ97gPdWCw,Mariam,440,2012-09-28 16:01:40,4.23
Utra_WbG2uEQeCNpucoIqg,Jennifer,194,2015-03-19 23:50:52,4.51
e4t4Phko2POKIMW4XoKX7A,Malary,472,2014-01-01 15:17:03,4.55
0vRfiwQ4UpUNtzkFe-gpxg,Sarah,126,2010-04-06 15:11:14,4.15
gHVdGL3Bb_t6-Tckf6loaA,Katie,64,2014-01-18 02:51:15,4.37
sHUGfdxpoliHiNlGFn29oQ,Jennifer,103,2011-08-07 19:55:21,3.66
xqybfWaTzzst2ZlpWCjUNA,Jacqueline,282,2012-04-06 20:05:01,4.04
RH8JESsGvT8820VDArFyJA,Dave,35,2012-04-15 16:03:48,3.1
k5OG939EXRG0aDBN-7_G1w,Katy,1307,2015-05-20 18:07:29,4.22
u0rbDMWTpxLgksbP24-6OA,Patricia,228,2011-08-22 01:05:21,4.36
PA4GStLi2KGfdGXpMwf7_g,Steve,44,2013-04-07 23:22:59,3.57
dT6O_rV9DWYS-zHXhA6S6w,Peter,230,2014-01-21 00:09:31,4.47
Crwjhtwu9QcpTrrW62tZMA,Carolina,144,2013-09-28 02:00:27,4.62
D8mL8qwZsH7rbLkbNcc9bw,Adam,146,2012-11-09 16:35:26,3.78
zyvxtbh5eJ86bVgk52Yflg,Anna,411,2013-04-24 04:19:56,4.13
tuoDDqTDCB-lDgelvMrp5Q,Lara,689,2016-03-20 14:41:16,4.64
TThz1MQ2SCb7L48MqoRoLw,Amanda,443,2017-06-09 12:25:11,4.17
W1tLvceQ3fy7ckQyjliLbQ,Aubrey,795,2014-02-05 00:13:44,4.29
kV3VREP4Kf25AgV04-oMEg,Tulina,238,2016-06-12 05:58:23,4.27
KJXrVjJpLODLQAKSPNu0dQ,Ren,258,2014-09-26 04:59:48,3.86
E77THrghUPsZuAgD3NsfyQ,Elyse,46,2012-09-15 19:35:44,4.1
mjlTXmR3KlV2ffkcEJI-6A,Hannah,67,2013-11-28 08:12:35,4.29
uvbcTz43OmCYHlM8FDR0JA,Alex,32,2013-07-28 19:20:39,3.88
Zrs2VNFazCt7jAwi4dP69g,Sabrina,56,2014-06-19 02:01:16,4.47
gZTe6SgFxPDq5hq2fX6iSw,Elizabeth,242,2011-08-19 21:06:06,3.99
MFaa5Wz7mLIrT0ffPM9yyA,John,37,2012-10-11 14:41:27,4.31
sGN9Z7RgvPvPGDnkH3nFDw,Michael,47,2011-11-12 13:04:48,3.24
x7f4mm0aW1UnXx9rfef1uw,Michelle,349,2014-08-09 02:20:25,4.53
WzhoLpHMXI59ETuQ2sRVeQ,Leah,638,2011-09-25 03:13:03,3.48
sUghNLU-R_VnMVLT9ecd2A,Anna,163,2012-07-17 12:34:54,4.21
PN29j3BdsiVDu8h5rHkBkg,Kelly,286,2012-01-14 21:01:19,3.91
vo3USAhZa6k-QemWPXm4dA,Kati,12,2009-01-22 18:19:45,4.15
WLQLvFtl1AR_hwwemVRH6w,Matteo,30,2013-02-09 23:22:22,4.6
X23iGs4CFM8dXbH-mosjUQ,Dan,22,2013-12-07 01:11:27,3.83
OkX3CP9LOf0-gsKZC_WkkQ,Ashley,142,2015-02-13 18:18:07,4.16
kkWq6qF3o7qhnND8OqW14g,Charlie,163,2016-03-20 00:21:35,4.09
9JA-MuvokJ72X9WshJGezw,Timmy,4,2014-08-20 07:13:32,4.75
tvQJmMBKcI3K0W2MEHavgA,Amanda,129,2014-05-25 21:27:24,4.11
HyecqwXeafZ9umTSw5WdOA,Caitlin,327,2013-10-11 04:15:55,4.31
cvgb6avLWd7VIaEK_v1gKQ,Shay,495,2014-05-03 15:42:23,3.64
FTS8FyYTlL39X_TgzLtEbw,LisaMarie,89,2015-02-11 22:45:48,3.63
14WeUBavXkLZg-p_HLNIbA,Kashmir,190,2015-07-26 18:41:21,4.32
_tkjlo-wy9FTTeXfau709g,Jess,45,2013-12-29 00:58:15,4.15
TLRlAcSlpKkhGvP2nq7w6A,Jsca,363,2014-10-04 21:27:28,4.07
vmUqcqMjlWoBM6qfmUXgyQ,James,920,2018-11-12 13:59:20,4.61
0i8pCmYDTotfBS_MTr6WXw,Lindsey,272,2012-08-21 15:43:04,4.22
YlW-iaOSoWW2CINjCSk8hg,Manish,242,2010-07-02 01:17:37,3.66
yxzs7nfwOYWHyzlLeryjsw,Valerie,125,2013-02-09 21:33:36,3.91
OrkHIX-BA2FVVG7v0VbeAg,YouTakeItEasy,77,2014-02-08 16:52:10,3.28
s50sCIfV4NzDpmTjebvl2w,Jason,37,2010-07-05 01:19:49,4.16
DgmAhT4MwtS_aywueKbo3A,Drew,144,2011-04-24 03:00:25,4.07
WtBfZpY5xW1Gji6x04Fdwg,Christa,196,2013-09-05 18:37:38,3.89
qBbTCei6_dW5-ss-7X9b5g,Amara,143,2015-03-12 22:04:43,3.93
JwpGFZIf5782bwOPgyrZzw,Enric,117,2013-04-19 22:59:59,3.7
F-OwSluUWMn0vMp3bPWMnQ,Deanna,368,2013-10-10 18:22:45,4.23
fr1Hz2acAb3OaL3l6DyKNg,Boon,3109,2014-05-10 14:13:19,4.04
G3E69neBDQChbhahmzfnAA,Olga,45,2013-03-09 18:29:54,4.13
2y3yEU8ZZn0tvp6T3uOAjQ,Michael,124,2014-06-06 16:44:40,3.66
TlWN7zYAOXT4VYgaTXY8Cw,Clarissa,249,2010-09-03 01:05:01,4.31
c_Ap6RsFcZpqWN9QM-qIlQ,Suf,313,2016-09-09 11:28:57,4.3
u82kdW3-cLurUW52slCBmg,Cristina,190,2014-04-10 08:10:05,3.97
QGMX1H6WQTp-o8Qq3uO3dQ,William,221,2010-10-28 13:41:12,4.38
6bxzJaXxGCqApmJsyIlr9w,Andrea,143,2015-05-20 02:13:05,4.14
lYu0e98ZSNeXIjcLpkjhhA,Roland,213,2015-01-17 20:25:58,3.87
IMbd_761a2q3B-4YXx-WAg,Nina,186,2013-06-13 05:09:15,4.31
7A04Fxlfr7bXsjGZDGJ0IA,Shelby,169,2012-04-12 19:31:23,4.39
IufKA98FFrk-mxaQ-ZqTLg,Nisha,403,2014-12-24 14:17:42,3.86
b8RJG-1BRwCzv4MVMGjicA,Chris,7,2012-11-13 00:33:07,4.86
u8FTX0uDbDewm1RctRBrdg,Amber,242,2013-10-02 21:46:29,3.8
lUPSEbFRd3jDOM5agGnjWQ,Jocelyn,1291,2014-05-13 21:19:36,3.98
03ywGcD8aQraY8zInfqknQ,Emily,104,2015-05-15 01:04:17,3.89
0jkLS0JLIqeGDXleUw-cDQ,Nicole,226,2012-07-15 16:58:18,4.24
whs2bL6uOx35epjNN2Bd3A,Kim,24,2014-02-26 15:43:19,3.96
LM1Aleq_ozhEslRd2GUGEQ,Rosie,268,2013-06-25 14:55:04,4.35
ph-z84q-N7YBGIR4S2wXAA,Laura,333,2014-06-17 17:04:42,3.9
t2XuJjp_h9aRn-8ANoyc_Q,Heather,477,2012-01-13 19:43:56,4.13
UB8TnUnRSCOVglqBDgQkoQ,Eva,105,2014-06-14 02:52:53,3.3
3aA4uaGPgK_5_ZlYbVs9rg,Cynthia,474,2013-03-25 03:26:24,3.94
1lad9hCBGpHAS2uMSrKCPw,Monique,592,2011-06-25 16:17:51,3.9
1zaBvrsRh5txOgsByrmLEQ,Jennifer,311,2013-03-08 18:38:07,3.68
YeIZJEOpxseTskT20ihQnw,Mike,35,2013-04-05 17:02:20,3.43
R0NPQEVtdE-3atyhMFt6PQ,Lauren,297,2013-08-01 14:15:16,3.37
cXXrc7PhCkvhwGd59dXPfg,Andrew,68,2013-01-17 21:35:23,4.12
sfj-X08gJNUVGNJAdxfwHg,Keandra,174,2014-10-25 18:18:41,3.99
5MYa3BbBU359oqcEYwY94w,Lisa,236,2012-11-19 03:43:06,4.09
o9oREBM3WldaF7uPNUMPdQ,TY,321,2015-07-08 17:30:26,4.03
XuhpPK0bZgVenkGBh7KA6w,Tyneisha,389,2013-02-16 19:26:44,3.44
x5_wSiB2y5lXCFp8WlGf1A,Katie,103,2013-05-28 01:54:26,3.77
LCcd6tEjC_Ty-aCVBHJjcw,Fares,85,2009-03-25 22:05:18,3.92
uolGRr0eZzLiQ1_i0hCuKQ,Michelle,23,2013-10-03 15:53:22,3.21
xsMnFc7Wp469ggO_jfUE-g,Leigh,142,2012-12-04 17:39:19,3.03
lL36Nw7QWy_-Qkd_6TWZRg,Jason,41,2015-06-26 03:20:06,4.05
Fa2-VD8cqcn98vqciVn3Gw,James,535,2011-05-26 03:29:30,3.4
fod83EuD9BFktvgQtFd1Sg,Eileen,45,2009-10-14 23:37:23,3.63
x9eMLPCzldJIgte-HnBCVQ,Brandy,117,2014-01-07 03:45:33,4.19
NIvJg811OO-ovOOg_2udAw,L I S A,289,2016-01-28 22:23:20,3.47
bwWGVLbtdSlcsvkc2Ttu6w,Nicoya,177,2012-03-23 18:27:46,3.85
6CFozKX_jLeGrleFQGl8-Q,Cynthia,483,2014-08-02 15:39:24,4.07
rpvrIZhQZCwAfe6amkoIog,Brian,287,2015-04-06 03:07:37,4.68
nxNO7_6U2Nu90v0IdnEhIg,L,963,2012-03-18 19:08:24,3.96
qZo-HjH0OC_x9ZG4Dbp3cg,Guy,46,2013-01-01 04:11:02,3.58
wRlDKnAKnF2qm8srnqLf8w,James,354,2014-06-30 00:36:08,3.93
wXUjU3Pj6lGUI6yGWK_Kzw,Rebecca,6,2016-01-11 22:28:03,2.67
SKwMaFXP4Umiihb7bd4xlg,Kristen,236,2010-06-18 00:47:24,4.03
2HA_Ub0s2qACtlOkrTe1DQ,Jillian,265,2011-06-12 03:20:53,4.17
I_GferU__AnRQ-QKZxovCA,Mason,137,2014-02-25 03:23:31,4.32
goTwNIwpa8TNpF0SWzIdmA,Ray,1034,2011-01-06 18:05:50,3.93
ta-wYPW54SMrNtmD3LTndw,Janet,633,2014-05-18 13:21:06,4.36
OG1plHx9jfsrojJ7qrN5TA,Miyah,225,2013-07-16 19:53:27,3.84
ry7rkv7q-ZE7K0rWoTGyhw,Ajia,175,2016-11-19 15:34:11,3.85
ro-8C4K-3Z23hDYUK_W0UA,Kathy,459,2014-07-15 08:02:24,4.3
6977VSn6-T4nOF1R3aHrGw,Michelle,412,2017-09-21 11:55:50,4.04
9Qw7PWYwDSL3d2G4-sJ-Sw,Jey,213,2014-06-03 23:56:04,4.1
m982bOXdBgpmVU3ROb1B2Q,Katie,859,2014-03-23 01:51:09,4.38
Jfo6OMoKpkwX3itJAaZbQg,Sierra,39,2017-02-12 21:05:52,4.03
1q-8pWAaKvqZRYoPbq6m9A,Chris,113,2013-02-14 01:17:06,4.38
eCtcEk6ysWJNrnRqhl4spQ,Alison,139,2013-01-26 04:44:10,3.68
3mZrXEDBw4tZviWX0SDCoQ,Will,904,2014-05-25 15:33:19,4.22
R9IJ1Byr27n6wXj3QvJ2Lg,Amy OO,813,2015-06-02 23:02:48,4.07
sQNeLVJQ2FR6DF56V62ASA,Courtney,190,2012-01-15 00:39:10,3.64
YgF4zJnHiG9vXnGQi4JxFQ,Kyle,127,2015-09-17 21:31:52,3.92
Il5rEF1q73uT-kzGoXIy_w,Jia,254,2015-05-09 02:12:03,4.18
fKXohnXgbxNEVgsAwpl9_w,Tasha,659,2014-12-08 15:58:05,4.01
jzzfU-RLmj_00HOGi5Ky-w,Robert,93,2010-04-26 02:24:29,3.97
7ZAIFmz5fBaCvCGXrJZBkg,Richard L,192,2014-08-23 03:34:39,3.79
Y7E4Q4xHfuW4w1o5KUNWuw,Lyra,41,2015-03-29 07:27:43,4.12
Z40ee7j_6A2xJNTKCq4eQw,Maddie,80,2017-03-11 03:25:22,4.13
wlkFYIGQveFMi43VHmXeTQ,John,287,2010-06-04 16:18:33,4.25
Dh6OTRg1ajZ6QLZgbOTcBQ,Dawn,214,2014-10-13 02:28:28,4.35
HBLDsdGpWd13cnu6hoeR5w,Samantha,587,2013-07-04 04:36:41,3.77
KOUrGvMfYN8iLQpr9th6DQ,Shericia,133,2015-10-06 22:47:44,3.83
3tAW8YObI7gpFggazZEsOg,Jessica,128,2010-12-12 04:53:10,3.69
AAYvaNRQ0TD_2Lpo-wFOUA,Maggie,761,2008-09-19 17:14:57,3.95
ELfP3v7fG_C1xiB0bEaJuA,Brianna,158,2014-02-21 15:10:32,4.32
dyAaNxc4QGNxOIYz5uSy4g,Ritesh,284,2016-08-27 21:35:54,4.01
k2NxyG23-1f8Th_MxVG3Vg,Sarah,54,2015-10-09 03:11:54,4.0
ba-QKKi1TB9GLfqSyvayHA,Bridgette,6,2009-06-12 22:39:21,3.0
Bw7S12p7KWjvgO9lz99s7Q,Lisa,375,2014-06-16 15:04:08,4.26
k9rIAkr_3QpFRlTgIXJAGw,Michele,643,2013-06-09 02:25:40,4.28
glbsHJoYBDMXEgqQe_zjqg,Mike,28,2013-01-02 21:06:49,3.79
rsKZL50mvZhJArcymOPgPg,Hanna,101,2011-08-02 01:41:28,3.74
C0ipViBez_Dd5DUNOcvbPg,Wendy,207,2015-01-09 00:32:36,4.4
7zkTZXYZqI5UCVSVrIaZ5Q,Roma,283,2013-07-07 20:46:33,3.59
2MBf3TnpIg2HOxIjU-BGDQ,Christen,111,2013-02-02 15:59:37,3.98
IdZkKL0NLgx336-MeLJf3A,Stacie,382,2013-05-25 03:27:58,3.99
Qeb836FEX2AKW4-yeaCi7A,Ali,126,2011-04-10 23:38:44,4.22
BTHXLOCKyo1z8ZrWq8-9_g,Jess,259,2013-07-15 21:59:14,3.74
e7MEzEQMjqNPZfYthZKhwg,Jason,1141,2012-09-09 02:07:21,4.13
3_inIIto4ZaKsuOqEaJazw,Nina,577,2013-11-24 13:13:55,4.18
Ibk73aIvVRTovuuzEWA86Q,Leanh,340,2014-10-10 17:47:22,4.17
IFa11o38HIk9nsA-0qy5Pg,Cheena,155,2018-05-30 02:59:06,4.25
jXG2KKBVpJdPq5b-WXFQHw,John,444,2013-04-20 00:22:06,3.26
Rw-yMXT_D30SxQwrkRfxZQ,Jeannine,39,2013-06-08 14:06:38,3.68
Za2N7jB06TaW3xnNt7Hjpg,Tony,318,2011-12-20 02:28:59,4.11
7IqbpBg0CJuHB-WKb9fu0g,Candace,68,2015-10-06 02:54:40,4.53
IH0ToaZ8hJXO2pVieN7dpQ,Andrea,453,2015-07-18 16:06:23,4.34
l94QtzzNwvGIDCcBKXjkkg,Frank,40,2014-02-01 18:40:13,4.53
TIFuTbhRcrn3k_reUZR3iw,Amy,121,2015-05-17 15:01:21,4.11
5gQi2KTmdCvJSVkBRLIKvQ,Rich,131,2011-06-04 20:31:15,3.99
KSrQ-qr-dXCcJadevuS1RA,Grace,209,2012-03-08 05:34:46,4.05
eFUcc2QbaW0InWgsBsMiwA,Matt,658,2015-02-16 21:29:09,3.91
fc8Qb-j7sRvOh85diQDYLA,Nancy,124,2013-03-05 17:25:02,4.42
mcx0aeOgvt4Yul5lrvLPeg,Kylee,135,2013-07-22 16:51:23,3.97
616rg1PNASXCnULIG1H9eQ,Scott,54,2013-06-03 19:55:55,4.28
ud-fWq-05TVr2KwONoMTtQ,Ross,192,2016-07-20 05:48:23,4.15
uLHTQMhW1gJGTSeoC07Rew,Jess,298,2015-05-13 19:29:48,4.11
8YdaZOrwd3uSsgZQEdCc6Q,Kelly,17,2012-12-01 00:55:00,3.37
QZL4XXDVu1IBgjbHkp6kqw,Genezaret,189,2015-10-31 09:54:41,3.9
P2VwTR-pwCZK-IAtNZzU-A,Jordan,580,2014-10-19 19:45:01,4.08
h7p-GuaHFGsiKCF4g6Bjqg,Alexis,3184,2014-01-29 23:02:57,3.6
YnAk0xF2CU2L_h3dHbOLmw,Anika,233,2016-07-26 00:19:32,3.88
swF_o9MtCT1MPZvWFgRzYg,Kim,343,2013-05-28 01:54:33,4.23
3m6cDI0qhaTiCGAHLAy-dg,Nancy,143,2011-03-23 14:23:54,3.69
CMZDABnxD44sGlCPekFu3w,Rachel,342,2015-07-04 18:28:34,4.11
0EzVaafewdhxnn0i2WR5lA,Raymond,107,2017-03-04 22:37:49,4.49
c9kbgFM9uxrQn5p_AdGfgg,Chrissy,162,2014-04-18 02:19:13,4.06
SCDH6Mfq8_NRuo6e8praMg,Nicole,121,2013-02-15 20:56:03,4.08
EfdJfCzZrvUI9v-bI0gv2w,Francesco,222,2012-09-03 01:27:43,3.99
EZ6fANBUR8_MT2Cq3-gn7g,Barbara,61,2013-04-23 23:59:03,3.94
oh0P9_zRrIBPXFXKSnzobw,Jamilah,35,2013-06-26 00:59:54,3.57
67jznGBPOlZiZfC71RipQA,Peter,217,2014-02-01 17:00:25,3.82
Hb2GfLNlSNtWhehBD1RalQ,Kirby,53,2012-12-28 20:39:18,4.13
XiEkBO-U69VBYqPYGGg1vA,Thuy,97,2011-10-18 13:23:17,3.2
KKLWlqtaspsWHYGQLfUl1w,Rozalynn,885,2013-10-18 15:24:53,3.33
m1u45eg9M3cRR9X_mpWGFA,Shelby,276,2013-07-22 14:24:26,4.08
cunpzBkEboEewYlFofWhTQ,Madeleine,102,2016-01-06 17:01:40,4.44
VnwAkLCq_Xx2YlJck3AxTg,Jerry,644,2011-12-16 19:39:18,3.78
-soQ5IY73WpWvnv-98efLw,Danielle,239,2012-12-29 02:28:29,3.93
LTlFSL3_MnnPu1AC-HSuPQ,Rodney,93,2010-05-19 05:41:40,3.97
ENob_LVAk-FqNJ5-PB5Ufg,Bonnie,340,2014-01-05 18:37:29,4.16
9qI6REePx5pQfW75_C0KxQ,Josh,100,2017-09-08 00:29:53,4.49
xywXoLnG7qWIayFu8oZQgQ,Lori,1227,2014-08-21 01:55:48,3.99
MEgTog8Eot2kupiPE_1pmA,Tom,406,2011-08-20 12:59:26,3.36
8ueiUseUi2qrXYeQVIy4gw,Shilley,346,2014-09-08 03:49:54,3.98
gtyhTlWKr2zXVhKKVL23hg,Jolene,6,2012-11-12 05:48:28,4.5
qONCLpLmt3-gtTYuBfNM1A,Kerry,185,2011-08-10 03:39:51,4.49
z82TAPsFp5vB1mDp_AKwug,Kurtis,135,2011-05-19 22:04:35,3.88
ZmmtRCpHrOy0of1s8enW4g,Liz,119,2013-07-22 16:29:45,3.9
_uj5-_TKz9OLLcinuJCYbg,Kaci,247,2014-02-23 03:10:41,4.04
hxRRK8JrzU_vQsPeQseQUA,Joshua,161,2013-08-19 05:48:16,3.6
KwIa8PbbBKoMMUnb_os3jQ,Farooha,93,2012-08-29 23:12:45,4.3
srOyLIbKTrm5zL8Ad9_cew,Carolyn,307,2014-06-22 01:30:56,3.19
j9ASEWvf-5vKwVxOCkjOwQ,Rachel,215,2014-07-10 00:56:29,4.12
IvJeabB5dlusMTg0yO72Yg,Elizabeth,128,2015-01-09 16:14:45,3.95
KvoHp9A3TgaiVWj4SZpdAg,C David,373,2014-01-02 01:26:51,4.14
KhSGkmP9adBwKfoE7V-vvg,Justina,188,2013-03-24 18:38:13,4.03
G6zuPaZk5O2NxYQy9384XQ,Kelsey,164,2012-08-08 14:50:53,4.5
zoGE1LBC3NZlGkNNFPEDxA,Chelsea,177,2013-09-29 17:58:04,3.96
VA1vV3EaD1ohS7gGOLc5WA,John,1096,2012-09-20 02:16:38,4.52
zu-e06_BM_TdkAZEKMrIww,Majlinda,447,2012-09-25 02:58:07,3.84
DDBM1aIU5t9JfwjwQRk1Sg,Brigit,240,2010-01-20 05:32:55,3.78
__MKhx-akV8K6wI6SswQFw,Eileen,145,2013-03-03 16:07:42,4.17
TNa1OSZ-iz144iMkIyr13g,Roo,21,2014-03-09 12:18:47,3.86
6knga-vNLcCxdQmhevWjTA,Jack,211,2012-10-01 02:13:24,3.86
zwJ0JCd6onxHPyywDrTLtg,Katie,123,2013-01-17 19:28:33,4.05
Us5LJwiMKpdhdvTGkro5HQ,Daniel,219,2013-07-02 13:46:24,3.22
RozW31TWJMSsBPjnzOZgbA,Scott,234,2014-08-16 00:24:48,4.47
eNtU9lv7gCb-qNy7nQCQIw,Alma,262,2012-05-25 22:28:30,4.24
fZ_9Na3EuwqN1I9x24vcSg,Brooke,234,2014-07-21 13:07:12,4.36
PnwOegp7RXfMeNAyO9fQhQ,Michelle,1717,2013-04-28 14:18:24,3.68
RJm5qxSw1Ct5VNrEOg1h_g,Caprice,743,2014-10-30 01:10:26,4.1
9hb_5MBTotUMNGnmwW3NfQ,Christopher,10,2014-01-12 16:51:44,4.5
fOA08pNrjQ0pPKZz6aW6LQ,Daniella,55,2012-08-25 20:29:19,4.21
tRDYb8Vd6VM5BpbVI89Yhw,AJ,376,2013-03-20 18:20:37,3.76
RcwUJFb354noXCAjrbXB6A,Melanie,435,2011-11-07 23:21:22,3.84
1msVg_B-Ef6K814sQDOTPA,Leslie,285,2014-11-26 23:29:38,3.95
AXjHVxklbeyrZwcP4oge7A,Robin,285,2014-12-12 19:42:13,3.67
vFd8aBLg1kFcd0kCkoi-xw,Retna,655,2015-11-02 22:00:00,4.4
XwtnXeJjMv64Ei9QvZ2lMw,Sarena,136,2013-04-16 00:52:51,4.16
gv0coNUFY-fibRwP8IKqPA,Bob,747,2013-10-08 00:17:40,3.25
M1fk_IYOyZBKIw6ov8Q9hg,Doug,603,2011-04-16 13:38:02,3.82
D43OWyfzIQjL8feJpYh2SQ,Poco,658,2011-07-12 14:49:14,4.19
kwcZaFdfZlGiFfeDxvuyNw,Ilene,559,2012-11-08 01:20:29,3.63
z_ctrYjBPcJ1vNOwwb2IJA,Stacy,61,2014-03-20 21:45:34,3.77
5GJ5aLTtTjGIiBz7i9GssQ,Casey,207,2015-01-08 17:12:15,4.06
XuaqlmZdRldcw97I_TtX9w,Jackie,324,2012-05-27 12:32:00,4.24
rQA7T5DoVCzYrEdT7q4TBA,Kim,6,2012-07-24 00:04:40,3.0
wgykYTghSMc-ogU_uk-Onw,Stephanie,104,2013-09-27 22:40:06,4.35
jRxg91-yAQtpdUqnZSYHgA,Christine,387,2018-05-08 20:44:58,4.29
1Nhad2oChryPMqTxOaOMkw,Rachael,137,2014-05-17 23:41:45,3.83
5yELiLhZv8aCNI1_Qpb3kA,Thea,201,2010-05-31 02:09:59,3.52
pBWWyf-km3s-299Wdz1RPA,John,210,2013-07-24 01:06:26,3.97
NdaWcXuf6BMaFuLwsSZKPg,Cindy,31,2011-01-27 17:29:44,3.23
fy2g2nxiVbHq2zBLFvCqwg,Kaley,380,2013-09-02 23:56:04,4.05
61Bxlr3tbJrtxDpiPbybvg,Sarah,47,2013-10-16 15:38:11,4.22
fnxXONGMKeOF8oMmoCTuWw,Mike,703,2012-06-26 15:33:41,3.71
OVoM0VzWh_Mneq-69_GzeQ,Komal,184,2014-04-19 14:40:09,4.0
Kp-p_FxKVj5me_kEhFQwSw,Amber,188,2016-11-06 23:26:17,4.6
ab3SYU2sI_mFTATWV0C6lA,Josh,69,2013-01-12 21:31:18,3.63
5B2n52V_wJwajEaOpQ8U7g,Leslie,119,2011-05-20 20:10:48,4.26
S3pLmxeNmEle4r4rXYraIw,Krizz,233,2012-11-28 03:00:01,3.8
6uNH0CIK0uNGpCTg_O9HMw,Nina,243,2016-02-01 13:21:34,4.3
dofgdgVUJO8e8SDrrgpl2g,Randol,212,2013-06-04 17:13:08,4.04
Hqh3__TgG8hNSGnnmuEYhQ,Heather,619,2012-06-25 02:20:37,4.15
IeSz60ozr1yAVIH8CX9w9w,Kate,466,2008-06-17 02:14:56,4.19
P-NTOAMFVSDFGkhcj4GaIQ,Jerry,631,2011-10-12 23:02:24,3.61
erywWqnqC4dVQ3b9gf52Dw,Jimmy,99,2015-01-14 05:55:55,4.12
lUO6ba9f952pc-wlIpnpVA,Lori,534,2012-04-06 01:59:10,4.35
ePcbpwc0MXl3Iorp1TqYuw,Tramaine,130,2015-11-01 18:18:48,3.6
nR91y6KbMbaKEix8_8BoyA,Roshni,224,2010-08-15 23:44:26,4.14
4MeyfdyeJ38A_wOKLapRMQ,Cory,586,2008-09-04 23:55:33,3.89
q_xQumE7SI1j90LjZiff2Q,Frank,182,2013-12-31 23:06:04,3.09
XxejtWDAMesAtfRb8gr0Ow,Gary,36,2011-07-22 19:05:14,4.43
kIADx0pgrTJNHUERMDOW0Q,Lana,273,2012-05-23 15:06:08,3.4
c51yL1ZmpG55-RxCYtrQqw,E,8,2011-01-17 18:54:24,1.2
vhMMA4vymXwtoTbIrD1g6A,David,495,2012-07-24 22:12:13,3.3
6RprIXnJO7MGzeohTnYxPg,Kimberly,30,2018-02-11 14:54:39,4.68
rpqPEEh6dWg8228Qu63uUQ,Aubrey,395,2014-10-08 20:17:48,4.08
yxrDIW0b823PhQTZ0Q1KcA,Diana,212,2013-11-07 17:19:01,3.47
3MRfdDj65Y5tku59cy7GLA,Michael,194,2014-08-08 22:19:07,4.0
FbQiilAZrTValxD_X3cPZw,Phyllis,110,2015-05-18 22:21:28,4.17
fp5aD__lMuS5G3LWUGC-sA,Ghaffar,141,2012-12-27 00:00:29,4.45
IuPyJ85XxRMCSFibsWlcKQ,Chris,135,2013-02-11 14:40:37,3.53
psNK1kQxxLHDMu-jm6F6mQ,Sarah,209,2015-12-17 19:53:44,4.11
UclU9zIs2BnOMRKPJy5VuQ,Tara,345,2012-06-03 06:29:07,4.13
9mbBQlwYBrAqG1uuN4fRTg,Andrea,367,2014-08-02 21:32:08,4.0
s8C7D6o_KI199rZYSFWjKw,Carrie,152,2013-08-15 01:24:01,3.9
417svAEVHreK6c3SK4M8Tw,Bill,620,2015-07-10 21:12:25,4.21
ETq8lpZjCRKxakELVL6LhQ,Dustin,38,2013-05-07 00:42:42,4.13
c7TuxPwoGlEjUEcwtKTfEQ,Alesha,128,2014-04-10 12:49:52,4.34
cDQG_OGCpu4ATDz6rQSryw,Veronica,405,2016-05-14 19:55:43,4.32
qcf3A5mtPntTmmSfADo6tg,Andi,919,2016-11-10 16:43:44,3.96
mHntp5tE8Cz06lfaXyTRWQ,Lavada,117,2012-11-21 05:04:49,3.51
kZS93CWlO0D41iNhFGj9Eg,Fatima,46,2014-03-14 14:46:41,3.89
MK_ccFMjdQ3IurxnJ_hOpA,Jackie,49,2011-03-21 21:50:21,2.78
aOmIxWh7AGUwCqFMOW7Piw,Sarah,46,2016-03-23 00:01:16,4.3
c32M2YUuk3qvS41R05mn8g,Tiffany,212,2017-01-30 05:48:45,4.47
4pntxnXXeIc-OMg5KcTRTQ,Shirin,78,2016-02-18 21:13:23,4.64
kulP4rgLtL6FGAOtOgh9pw,Cesar,326,2013-12-05 01:05:11,4.23
QcTi1zVIsOdmb5_KFqilew,Emma,162,2015-01-06 18:26:14,3.9
pY3RhoJEba2gCYajXi3qfg,Zach,52,2011-06-12 02:49:10,3.24
EAHCCgMFoJxlOPcCPQ91SQ,Kim,540,2014-07-19 03:39:22,4.25
pzED_4LfwEZ5iZzHRz5r2Q,Megan,133,2013-07-07 21:45:47,3.9
rfDqKDpd1_B-VlkPDfHsqQ,Chrissy,638,2014-05-03 02:29:21,4.22
SFIFCanAYs8sOXfSHzaHxg,Bryan,86,2016-03-31 02:34:17,4.2
OIDpKC2p61qVO_spPqw1qA,Nicole,1520,2011-11-23 22:47:42,4.18
Cm_lwNm4fRFAKCDgxPkYgA,Isabelle,106,2014-05-25 00:02:14,4.11
Kig7LAiwLafFKFcZW8BATA,Mick,39,2013-10-13 18:47:52,3.17
TFWtU4CQU8l84Uj88DRcKw,Victoria,75,2011-08-21 23:21:11,3.53
yTqbC9M-IMaDFMlELHzDHA,Derek,123,2014-12-14 20:12:42,4.22
QXp0kkWHP7HIDbVCS-N4NA,Tori,47,2017-07-02 13:24:57,4.09
LQr3zpO_DLLHBGRnOfKz4Q,Kev,5,2012-07-05 19:14:43,1.67
eQzljL5FzrZiR_jKppeuqw,Helen,75,2013-06-25 22:41:14,4.04
rRH8mip_16VU4GJ8iTF_HQ,Jamie,45,2014-06-27 01:04:03,4.65
Ns0hZ0xDOuVRMpHk0Q-5Yw,Liz,32,2013-08-12 16:15:25,4.26
TTibuRAx2gxu-nVAymFijQ,Joe,32,2014-08-22 20:13:34,4.67
nMM9PhPrnZbETB3e1WmEKA,Jonnathan,279,2015-03-07 15:53:47,4.51
RMcLKAgkYW1AIsOTn-bBUg,Greg,33,2012-10-04 14:10:09,3.94
ocFniU3muXVYiwB-ieuMHQ,Stephanie,18,2008-09-08 17:29:49,2.9
5eXfxJK607Q1RtToOKMwbQ,Elesi,198,2015-05-02 23:21:02,4.17
hDvF6O6wVSvfj9e20ElHbA,Jenny,482,2012-11-24 08:05:08,4.0
jTDVXDZjaPXT1dS-TkcshA,Khena,111,2011-04-10 13:44:39,3.77
dWTrJdEPoZB8LkOPv_jxsA,Leslie,300,2013-02-04 18:01:17,4.44
4Zs2fHWWqClNlK031GibRQ,Rebecca,133,2014-10-03 02:23:51,4.48
5isALx5RtvA8A_GvQQavTg,Brady,1069,2013-01-23 05:09:51,4.23
9zan0I8yIMVFYnL1JTum4Q,Lisa,33,2012-02-11 06:37:58,3.15
_O_bvXST4SLVxEX2pY039g,Maryanne,65,2011-11-17 17:15:50,3.82
1yuV6loIL1aWgOsJJicQWg,Sean,230,2013-07-11 04:22:48,4.42
WcQ01IBbW0ID01EE7bdH4g,Kurt,400,2013-03-30 01:07:29,3.76
jFKTlyFPFvWyVEk-rRmFwA,Stephanie,156,2012-12-20 02:29:25,4.25
ugcniOuK5kbA7aGhJ6kRqg,Elizabeth,101,2014-02-13 06:17:41,3.97
5DgaLb4H1KF_tSDhfgvJuA,James,69,2009-06-12 23:32:03,3.13
MatyUqISKukPYLms_I95IQ,Nadine,307,2014-05-02 22:04:06,3.78
zxNtaKTMzZzum8ek2v4UXg,Kim,139,2015-01-25 21:19:22,3.8
2HlffM3Y62OpEKNlbDmnyQ,Lachlan,62,2014-05-08 23:11:10,4.23
H5pubo53Joclw01ZPqhoMA,Cassie,224,2014-05-08 07:29:17,4.1
eqdsqTTSmzIB0MaRWIhmmg,Brendi,123,2014-05-13 18:23:38,3.74
-7z82JPvUm5mVs3u3kiCeQ,Ashleigh,27,2014-01-26 21:44:09,4.22
SG6A6DpC3MmumUVNQHf8Hw,I Know,121,2012-06-26 13:30:48,2.83
izbKQPDgGjGhE0uFdI8l7g,Alexis,38,2015-06-06 17:29:12,2.71
1eijL2sT-sVhAdYf7MfKbA,Sudo,145,2009-04-13 17:46:16,3.2
pdKV8bzFP0itnRPzL0nhOQ,Vanessa,182,2012-04-05 22:43:44,4.09
3Y_gz3wb7T5ur9FHqxBcgQ,Huy,180,2015-10-22 22:50:38,3.83
7eYcx398TH6wRmoXIs_A4A,Phill,36,2011-07-04 07:29:47,3.65
geHVCFog0jxllBRnGfjJFg,Mo,20,2016-04-08 21:02:44,2.7
txBtOQ8uw0XGAFqLpPcWfA,Orla,391,2011-11-08 01:25:21,4.17
KVdKagnkzKY2BdDmGnZ7xQ,Tiffanie,10,2011-01-29 03:11:04,3.4
c88Hk7eXBNJrGOB_4his8w,Debby,202,2009-07-27 14:12:21,3.99
A4YsDUocwpqCjtaMS32R6g,LaRena,479,2014-06-26 03:19:20,4.29
OxPwTirxr6jsthULWBAuZg,Alexis,202,2014-12-07 04:06:26,3.2
66hi75oEWJPHj7_pGPrBiw,Becca,43,2012-05-08 14:31:44,3.83
VJvOMCjU3_PJJR4-RhAkEg,Stevie,84,2013-10-17 16:26:51,4.13
X_EP3kbaQpqTFtI10oAg5Q,Sue,182,2013-02-12 23:23:31,4.19
ZeHiKEI4SvFIZ8EC6eUlfQ,Brooke Anne,105,2010-06-27 22:46:36,4.04
HqQnc0s22KoMbDMemMMpBA,Bethany,141,2011-10-04 00:59:02,3.95
_kp3hr0ohALINduHTERs9Q,Caiti,188,2013-06-09 22:15:42,4.14
aQfayV9mBJOf77W4EnWo8Q,Charlotte,178,2017-07-30 01:05:50,4.42
eWv4QOGX1XNjLiwAMluehw,Shelbi,219,2016-01-21 03:10:21,4.65
GkdDOpxSziKbrIYsg-WyZg,Anthony,294,2014-07-20 23:08:43,3.21
QUic4Ja79PQ7wU5fHlBDOQ,Sadaf,126,2011-12-05 03:04:20,4.28
5we1bxMdhxBPWAgOlRNZsg,Kaydeel,20,2013-02-08 03:10:13,4.13
GHoBAN6v5zprtUeOi4iicg,Amy,255,2017-01-09 18:00:03,4.75
lqKdWZ8UbNXQYSdbEP-m7A,Seth,27,2013-02-10 07:05:43,3.78
BlipT9VxSudJuezmz33etg,Everett,152,2015-11-12 16:59:06,4.33
EYHqEacohnvBTKfSTpDe_Q,Daryl,281,2013-05-07 18:37:25,4.13
SDATRl3Vs4eKyd6Mhzhhsw,Jessie,105,2011-11-12 08:04:47,3.82
4kmxJjJLAxDiTXoxHG-iIw,Yvonne,315,2013-10-06 15:48:43,4.11
LR5KLo9TkFbuLTUnQXz0xA,Renee,514,2009-11-28 21:32:57,3.43
hLt-plzvszhdspHJ3FbM5A,Jody,206,2014-10-31 17:42:13,3.99
o4sI8lNUYhqU7IR5scgCdg,Ali,23,2012-08-07 00:56:52,4.48
dAdt6wiRh3V_CK_SWhc7aw,Maggie,122,2013-09-01 00:05:50,4.84
RQWQTxfhGGJ7bGgJ1EnExQ,Thuyen,554,2012-09-10 14:22:05,4.08
qNO-P3h_sAmPEE8fZ4EGbA,Bridget,103,2011-05-09 21:20:59,4.07
kkaWSsIDLsKzHOl1UpD2tg,Zen,789,2015-12-28 08:05:44,4.0
5JRAEvsO_MmIU9DTppPdKg,Phillip,128,2008-08-29 16:19:10,2.37
hKBQ-PFlcB-t5FK3HUxoyQ,Wanda,677,2014-09-18 13:05:53,4.06
ylE_w4QR7JCz9cr9ub9l3A,Ashley,460,2012-09-20 17:48:35,3.93
Offt_oOuEYDTAZa2jEE2cQ,Scott,37,2011-05-23 05:49:49,3.83
x-aHM9y-vc5l2-XK4G6z1A,Rebecca,516,2014-10-19 01:52:59,4.01
684GOcQGwY7b0kuXzhrVEA,Dave,332,2012-10-25 20:13:58,4.09
UJJFLUq9PY8uzzM0-9kiiQ,Shannon,86,2014-10-15 23:15:04,3.36
qj4eSnrR0aZUK2OPT-qYvA,Mary Jane,181,2008-11-15 22:49:14,4.53
N0un75Nz_OGmhcROiuj8VA,Anvita,391,2013-06-14 21:14:05,4.22
9_lcpqJ53tPpo614CD1oRw,Lacey,741,2014-07-29 22:45:40,3.9
DIGuAf5DhmDAjTAPrJDnzQ,Barry,59,2011-12-20 04:32:11,3.73
m-cM4C61m6d3iusOS9X1pA,Pauline,122,2012-07-13 04:14:03,3.73
oN9x7xa6aitLx1QBVW_laQ,Ellie,33,2011-07-20 00:55:41,4.3
o1bxQ-yd6fb_KKPvFkZM7g,John,104,2013-07-22 01:52:02,3.86
4kAKOaQL3W5z5nFXhhdvyQ,Karen,247,2013-07-16 00:19:09,4.0
ePxjx8tee06mn5h87X-Sxg,Amy,140,2013-02-18 16:08:44,3.76
F9mKeo0AlIGNOjgswdhVLw,Mstaviebabie,22,2016-01-08 12:46:31,2.45
IIFsTrVUBjgjujSHIRyTiA,Janine,194,2011-10-12 15:31:35,3.74
f3vS0yrpjLfvbH5jDk6Tyw,Megan,49,2011-07-11 23:00:46,3.98
hL327vQ6JIANtQWGCEZHMw,Monica,500,2016-08-18 20:10:39,4.37
Ce9vPho0OnX2JrJ8VEjd_A,Mike,834,2016-01-10 10:45:23,3.98
ejXVg0xN43gT2PiiNv7vmw,Amanda,296,2011-02-14 23:24:33,4.1
06LdtHvxpe_u-JlR_uAP8A,Christian,309,2014-11-03 23:00:57,4.52
eZz6SlVD975FH9c3ioT3Fw,Molly,452,2016-05-26 00:22:19,4.31
2WWFXM2wpFtBQRG6hGOkmA,Dee,23,2010-06-05 15:46:26,2.92
IC5EMIgpF_ARe6UnMstLvQ,Milt,17,2012-09-09 04:49:44,2.12
6JsEeA-Z-nWl3awrR6n9ZA,Erin,609,2015-10-17 21:03:11,3.84
YdpOweVqYzeSgG54EkcJXA,Leah,141,2011-11-29 15:54:12,4.5
dkvRoZ646VM9fwqARUcHgg,Mary,258,2013-01-06 08:09:23,4.18
it_cCl2WDA_3kNCFNMMHig,Bill,57,2013-06-03 00:21:27,3.75
pn-dpgK1BB7Zv5pcMHircQ,Chelsae,21,2017-05-07 17:46:40,4.76
_uXsvqMJYALJLaP0DaCWsw,Jenaya,331,2014-05-03 16:45:04,4.03
sgK8_cpe6FTk2HD0P27K0g,Adam,417,2011-08-02 06:05:55,4.04
s4G2UQ5Mv0zMcKzfyFDwhg,Jihan,92,2016-04-14 02:20:36,3.63
7RlmJFtraL6HqNMlHvnmsA,Sigrid,632,2010-09-07 13:05:43,3.94
s9pTBEoQWDeZjG8mrTO3JA,Brian,93,2014-03-10 23:41:45,3.11
sBn5m-GManXNZjsiM7lHnA,Karen,429,2013-03-30 16:56:45,4.29
fXBz0a6pGNuVjA4zYBJ7Gg,Amy,54,2014-05-28 18:08:46,3.39
HxoG7pacr9HXdzZoix1Cpg,Marie,263,2011-01-05 14:15:43,3.71
98BB-9KO_RySfLuafz9TKw,Geri,173,2014-08-18 05:41:36,4.48
guI3c_LP_fYgfwWQfRtG4w,Nick,19,2014-08-23 05:34:58,3.86
kYNAdzk9ofmaZYmTciYxCA,Kaley,135,2017-07-24 04:13:28,4.41
RiOvKcUrQ1_ymc6bXWc90g,Jane,41,2016-02-28 22:55:00,4.39
eBKfmyQ48H4eSj_uYPCpjQ,Jennifer,22,2009-08-10 16:33:38,3.36
JFG0enKeWrSUypVqhuugBg,Kaiona,5,2015-05-16 21:04:05,1.0
iCXDWiY2QADZDNk_oIPIPg,Michael,10,2011-02-08 15:50:14,3.18
HxdiIx27kTDk8Htjj99_fQ,Donnie,228,2014-03-14 19:35:46,3.56
VbrKKJWG7NAzIQP0EIaJFg,Rebecca,271,2011-01-28 20:48:24,4.0
G7ib4zjFTadKOaGbpueBtQ,Lauren,75,2014-09-04 19:32:12,4.19
UvGrtngH9e8MFhaWznAXww,Komal,288,2013-02-27 00:02:05,4.01
-DhDdruQ9flCjpTTZ705HA,Kyle,20,2011-07-29 13:47:41,4.0
F2btBeGFsXzD5bHbvNV_2g,Ed,92,2012-04-24 08:27:28,3.56
_X9aGso7mMlNBr7-uU3zUg,Audrey,48,2017-10-29 14:07:07,4.2
56igibRHPWdSBA2HysZd4w,Mary,147,2015-09-18 16:59:17,4.3
65bME4JAnx7fFnlPSTeqow,Liz,68,2011-01-01 23:06:21,4.29
wifiu6mD-T0f8aX7ksaIvA,Brad,79,2010-07-28 03:52:50,3.93
bP07gtqxi5lk1iZxLt7KDQ,Lauren,33,2013-06-03 22:43:20,4.24
KHOEeBORWu62w5z3yZqGPA,LaNoya,202,2014-08-22 04:42:16,3.82
_uMEeZbgqigt222bZ642qQ,Liz,122,2014-10-07 21:40:42,3.43
oAsTvd4Kw217pA40iEKuNg,Phillip,101,2017-05-02 16:36:56,3.87
cBbVbcqUWrgYLP-06v0UXA,Kristian,1459,2013-03-06 04:33:38,3.78
DqkSHfAfJCwXaOQYiSiwHA,Kelly,277,2013-04-22 13:11:12,4.11
9AP02BSPR6ro7AIM9U5_Jw,Tam,52,2013-10-07 12:29:06,3.21
T74Ex3g-1cxqlumV3kYXNg,Will,45,2014-04-23 21:54:12,4.67
34g3RXqTPqqguo1MvEtCNA,Mark,83,2012-09-16 13:44:58,3.77
4ze4uBVjl9wK3Bl3lqYKDg,Vinu,34,2012-08-28 20:52:09,3.44
Q_eqoBUn89G_ArezEmOoHw,Jonathan,33,2012-07-13 21:45:49,4.56
asFJcKE-UAzgmzOT3QG--Q,Christopher,247,2015-04-17 21:31:28,4.07
G4DmqPshpisrNDToaafmCQ,Tracy,43,2013-02-16 01:22:14,2.92
s4G4MQF_8OsNxt2RK3RK8Q,Justin,407,2014-02-07 12:52:58,3.91
emtoR15otGd4Di0k_OnyOg,Jennifer,77,2014-07-21 17:06:55,3.59
VB-DFqhRr_TPA1faJhHclA,Joshua,520,2013-12-30 00:19:38,4.14
YRVViSU_owudV3stN4Sh0Q,Ruth,132,2013-12-29 08:43:05,4.06
5p2AaP46--ErxV2wKHnvZQ,Ben,85,2011-05-12 01:25:48,3.56
GS8_c5JANYuYzc1_7GS-Ug,Laura,70,2015-08-08 01:25:08,3.81
OUKg4qpovErGyaK2o4lS7A,Tara,152,2013-09-07 21:27:53,3.71
m9_VVE866T6fMQWtSUE4eA,Sharett,275,2013-08-28 00:58:08,4.16
4vT5_5ncmaqf54ABWzJN2Q,Mark,8,2013-04-10 21:21:50,3.63
bEGLhmfZB3wgVZcn9Aswwg,Jessica,296,2013-06-06 19:15:36,3.81
6dUHOzfvZMLP26nb9xkwiw,Haley,15,2011-04-14 22:40:09,3.94
JnW0--jJ8Xcg0sJ19TCezg,Zaid,332,2014-10-09 22:42:54,4.11
ynO2E2xuey8iT_q8y-Dy8Q,Nancy,330,2014-11-01 01:22:24,4.03
py68Ex4KSTpOOFUnFRsNhg,Candace,49,2010-12-16 20:37:54,4.1
-sac-sCaPLUR8llnx7HEUg,Phil,35,2011-09-10 21:17:01,4.26
Z_5HcKGaTARwJKDMKX5pEw,Isaiah,66,2016-12-24 02:45:45,4.61
q5iz5euFdokOYHpN9njz_g,Rachel,285,2015-11-10 18:06:41,3.94
vU9_lZqJQIR8btUYw7fqxA,Blake,613,2013-09-22 18:48:09,3.93
3mWPo1H3HjIgjKWZt3NjcQ,Nelli,355,2014-10-10 03:42:50,4.18
haik8BWUo8MKi7Y_VTqn9Q,Shane,19,2010-12-23 04:47:23,4.05
MK2lttRboMtZvWRIZQqNtw,Amanda,6,2013-11-06 20:37:12,3.86
Py5sN3OKoFZ4J90rLosiKg,Evon,7,2012-09-18 04:59:46,3.29
qmCy6KNe-wlDEh9_tuNihg,Nancy,4,2012-03-28 02:17:10,2.5
7PAZfef0WttxWZpjtsjzMw,Angelina,55,2016-04-01 21:43:21,3.67
xJFPLKIpb4c3CgQA7K7aJA,DeAnna,46,2013-03-24 21:36:45,3.42
8HwPq5UkE-TX9jr8Di92eQ,Barbara,281,2014-04-05 22:29:08,3.85
BMkL-qNvZGnb9BsBWOsW2Q,Robert,15,2013-11-21 19:39:39,3.87
q5UZGdBhfSe_RlYJWyMtLg,Tian,114,2013-06-19 02:39:26,4.56
L1r_QZ--M9EFnkpl7qrv_A,Renee,121,2017-07-27 21:19:53,4.08
tO5mfYM3HObe3m4OtaU8Qw,Anthony,21,2016-10-04 20:54:27,3.91
6hROs5UJ9p12sAaJb8BxVg,Tavia,221,2012-03-22 00:37:57,4.2
9JqMNwzRJiJh2-A21jVJmw,Crystal,356,2013-07-15 14:56:39,3.99
fBsmdmlM8mNHciehAHWacw,Jen,71,2015-01-24 22:43:00,4.69
bhAB5wo9iLsaExSw4apR4g,Tom,382,2016-02-10 01:52:43,4.2
-wpVvizeougpdYxPgklDRA,katherine,7,2009-01-06 18:58:06,2.09
w4fAucj8C9uqsxF6pbFVzA,Kat,303,2011-09-14 23:32:44,3.9
2ikAFXxvWfFZOUHS-9AC4A,Rana,85,2012-08-22 01:00:59,3.99
g_8nwx1LGN3Q1kBU1hdm3A,Brittany,68,2014-06-17 21:11:43,4.58
hb8SLKc0-u_C29wr0laXjQ,Celeste,40,2011-09-11 00:55:45,4.19
NmRXyeArfD8pVKwJK4t1bA,Suzanne,29,2011-06-15 19:45:36,3.66
pTGOYPbTtPJ_qlDvP3pxfw,Steve,61,2014-12-13 20:52:23,3.2
sYr3td2TL98RMpvLE4Zf6A,Amanda,43,2010-08-07 22:00:29,3.44
RBzELkwCOCla8yRrMZDGHQ,Stacy,112,2009-11-15 16:31:04,4.35
zgOp2LnpN1d1ETzssrypww,James,154,2014-11-14 02:08:10,3.82
Ua-lC5SbEewrvdZ3cooftQ,Jenlyn,97,2013-10-17 07:52:03,4.04
qMw3Br6BK1-rD9DItQJfKg,Alan,365,2016-07-08 15:03:46,3.73
u9CqY4YPbUwrGlE7K2L0WA,Patty,171,2012-06-25 04:29:04,4.29
zHTRRd150JyLzmyWBzxe9w,James,68,2013-02-09 17:12:21,3.32
0vg3lFMGU-A9rwTQxL8TJw,Marc,347,2014-06-30 02:05:47,3.04
TrgS0XlD250YEf281vXN0w,Lita,473,2013-07-23 03:09:30,4.3
Ja03zB-0NpGWYEeGLxj5QA,Mike,50,2010-09-16 03:48:59,3.92
G0CSLuWznX-0rsjQfQGfgQ,Julie,14,2011-06-08 14:18:12,4.47
SqkbioT3gylpW6h2cV4EGA,Aycell,196,2011-08-14 00:31:03,4.02
VkMxVcWxTUZ8u_GWihUnew,Marc,90,2012-11-03 01:24:36,3.66
c4gjYdd3u8vc8eE63xyCpA,Chris,172,2018-05-28 19:52:23,3.64
J_v42xK6BG7VdYiK3EkN3w,Erica,113,2015-02-06 14:24:16,3.89
JmN0ZSfVzwiY1dBhKF9Uxg,Melissa,454,2014-02-12 18:13:33,3.43
ginuRaya4wRom3kB91PGCw,Tommi,215,2012-06-05 00:16:54,3.25
u7kcW3CWjzqbW1q0GCjnmA,Mike,21,2010-07-16 22:51:29,3.67
8e28SJ-JVRr6tHQ2y26Ovg,Deepika,72,2015-03-22 13:36:57,4.3
OIaX_WTVzRL_rqr12FPFSw,Shannon,348,2015-02-10 20:02:30,3.65
3J1IfbsYGXfw05s_pX-MFQ,Will,240,2015-12-02 21:40:37,3.34
i6daUWbqTYrCJgB9Gk7pDQ,Melissa,72,2012-01-26 01:42:54,3.23
IHalLPBURlCw6mdtmY4VgA,George,524,2015-07-09 04:38:33,3.93
Psjc3sESRvpqTMyohwPveQ,David,80,2014-06-14 18:35:44,4.52
3j50d_OtZ5gCTW4uZIFw9Q,Steve,233,2012-11-11 15:26:17,3.38
5Nl6vX1LSbd3K1KBkOVtxQ,Marybeth,167,2017-11-03 20:16:53,4.26
Pw9qJsQpTigVXnXYzkHAGA,Marc,117,2016-03-10 16:45:04,3.99
Fm6rhRjbx7Wn9N51duQYLQ,Sarah,101,2015-02-05 00:12:42,4.0
Ggy1S-zOoM4Qt_fNJB5n1w,Eric,16,2011-03-26 17:24:09,3.28
g3uCwZtwi5CFrjkccBDEjw,Nancy,233,2012-04-28 22:24:51,4.12
mr-mA6hO1QudIROcgN_1-w,Susan,153,2014-06-21 14:02:50,3.96
FVygYytFFiYmOKnaYaVuBA,Nikhil,28,2013-08-10 21:52:26,3.0
-0KosxqqMBYNfJ7VuvBYDQ,Anthony,52,2012-12-11 23:36:18,3.06
gYeiI_21LzFWidjHbNkiyQ,Mamie,96,2015-04-19 16:13:56,4.22
HWEIKoWXylX4mWTQoWtmwg,Daniel,64,2013-07-25 06:49:25,3.27
SIMmWRIgny3U8Z4MaYchCA,Zzzzz,22,2013-06-02 17:49:41,2.88
6DR4LS9hxlGcPYVho-FOQQ,Grace,572,2015-01-11 23:58:34,4.17
e4CL4rUo8qwiIfWWRKsrNg,Mylan,125,2012-03-19 02:10:42,4.08
UYro9RCGGJU66b6lGQXy-A,Par,79,2011-10-23 21:35:21,3.92
0xKEd3EArYyZo9K7KkqIFA,Cian,247,2014-12-09 17:46:24,4.25
SPuzzZ0VZ1yyD3s9ObLnaw,Lizabeth,258,2014-07-15 20:49:46,4.16
u4yX6mVdM_r06vrqX-UnsA,Nik,178,2012-06-11 20:38:51,3.52
piCI2ZaEeWkgkt2HSl-EBw,Mike,51,2011-07-31 19:17:34,3.48
DTNkYFXU0OcAK18_0MI6rA,Karen,440,2011-05-06 13:24:08,4.03
ZLfXwuOYt7YgfDbIGGGrjA,Shruthi,42,2012-02-18 00:35:55,4.23
h_erVp39Nr3tjZxEJk-6NQ,Tom,338,2012-01-20 17:21:22,3.44
hHEqi_QcA63vAdfIUwwjfQ,Jenna,8,2010-03-29 00:38:26,4.11
V68aQyvejS3-VjORfb77mQ,Julie,99,2010-10-05 02:18:20,3.87
WrssRnScQvB7CPYgCB1ldA,Christine,30,2010-12-01 15:48:15,3.62
Tju-w21DcxSp3Ud1nHYpOg,Layla,2,2015-07-25 01:45:57,1.0
ah4eUQ2qsyabQ4UNtFKAig,Kristin,99,2017-06-18 15:59:22,3.57
uXHXWvY8661zHWHNh5AyyA,Kelly,157,2012-07-22 23:00:16,4.32
RYfd-Mn5jBdKkCitLKD2Pw,Kayla,67,2014-01-31 18:41:15,3.76
OmxjOkNxR2a7VaPUUz9Mnw,Amber,36,2011-08-12 20:03:42,4.16
ULPkFUg07QPlG9oD-3hGrg,Cheryl,282,2014-02-26 23:20:04,4.75
cwWaObpevxWx9xSETx8BZA,Casey,222,2017-01-16 21:13:45,4.44
6BZMGaiBMQSZ639VfjbVaA,Jennie,366,2013-03-09 04:10:41,4.05
dELVhRz_WcZd_c0VMknyGg,Karman,110,2010-07-22 23:06:35,3.89
L3H1XITAw1Za5_R-A92zRg,Lizzy,141,2015-06-15 03:29:42,3.52
IY8-YiPfRA6CLoPZ6sa8Ew,Iona,81,2013-11-29 21:34:22,4.08
BHcPaG4X220bQsqORhMFkA,Kelsi,468,2011-07-16 16:31:47,4.55
qQIWzXRWZkjBM5Ka1MJsDw,Monte,167,2014-01-01 10:12:33,3.21
vTprcHGBn9asRfI349M1Fg,Angela,488,2014-05-26 01:59:21,4.06
uQY03sjjoHSBGb0bIUR9Vw,Suzan,1354,2014-06-07 15:07:12,3.69
Ch759-9JBBu-UafQ2-abYQ,Sherese,281,2015-08-06 00:57:45,3.99
mBJvXmYQjZ2YUPKAxYoixw,Gianna,30,2014-07-14 06:12:32,2.91
YSo9QxFInRH_jvHllLXkbA,Gale,51,2008-06-09 17:23:54,3.89
6VjLDddIe4N3vZbtSNww8g,Shelby,40,2015-04-16 18:10:34,4.5
1kaJCZQBg0R1eCRk3j_rJQ,Shazia,152,2013-02-25 04:23:20,4.38
C4zpPNjWsdxTvr4YSvDgRg,Kyle,92,2013-02-22 02:16:14,3.17
TcbV7Mdc0jqxZlYtLCBTAg,Brent,88,2011-08-05 23:03:12,3.86
qpHcaQpmRVbngq1-7n_ViA,Angie,248,2012-04-30 14:58:25,3.93
DOfUs2NJ2qi_YAKmk5z5WA,Chris,18,2015-06-25 11:28:44,4.72
EbTcQEy1NT7ZY9WZSkhLWA,Elena,230,2014-04-23 04:19:08,4.14
-sa7xyGx09l8ESrpWlHC0g,Nicole,87,2014-07-08 17:02:06,4.43
p9vAOd-h58DhUBgIVwSqKg,Tricia,680,2013-01-25 16:26:13,3.81
gotS736w2dCdRDXX55tiIA,Candace,66,2012-05-09 12:21:30,3.96
cpJwaBXhD3wRx7yZuosXEg,Jessica,52,2016-04-02 15:55:51,4.37
rtGnlR02bjJXp0cg-RzR6w,Jennie,95,2015-03-08 23:52:21,3.82
heSD8DBMNMW77Eqi31I9Xg,Shaun,357,2016-11-26 16:48:02,4.34
lEeZ2ZYjg3E7Sg6CUGEe0w,Shoba,76,2015-01-25 22:37:17,4.24
P8cwH7A59NgHKFrNjoiojQ,Karl,82,2015-03-24 14:15:33,3.91
mAmOMUmq2PCTu3wP-6-P1Q,Amara,95,2015-02-16 18:18:38,3.99
yO9pyOUXbF2s7Lwww-b18Q,Jessica,57,2016-03-06 01:51:57,4.05
TnxZgS3lrNYsPohd_OpiCg,Mark,377,2011-06-03 23:26:32,3.74
1duFSC3IrnnywjUnWKjl8Q,Corinne,11,2015-10-18 21:25:44,3.47
mk5ZPnMv5sfGa4eA5dhRvw,Heather,74,2011-11-07 06:35:37,4.01
Ms2h3Q2EJDYInyJq4cPEZQ,Rachel,75,2015-04-24 05:23:19,4.28
mNB-RGqN62h9edxkSqk81g,Gilline,95,2013-11-20 13:39:49,3.71
8Nd-oRuDp_4U5vwd715iCg,Caity,398,2013-08-29 12:33:59,4.12
JtznT7WXiOO2izBZIadeBQ,Eli,110,2013-05-22 03:43:15,3.76
l88Y9hb1f-4_ioRogu-9sw,Kelly,42,2012-01-08 22:52:02,4.19
eL2aNI9XaF06FOgaSKbikw,Kaila,42,2011-03-24 02:01:14,4.25
TwtDg6JoL3k1sJetfE_K0Q,James,33,2012-05-08 09:58:14,4.32
JGvrpjSUnWwfVqpIVyancw,Pedro,339,2013-07-15 21:12:40,4.62
KZjEo1CEvp2NCZPFbe0tBw,Aaron,81,2012-10-07 16:18:02,4.4
Q7s0sXMfeiBup8BoRwuSLg,Hattie,210,2014-12-04 22:38:32,4.38
tTqg9LjjMcJRwT_drOOq-A,Julie,134,2012-06-02 14:41:04,4.2
Y3bVP7Vrl43H2MJojVXVFA,Anne,234,2013-02-25 19:53:06,2.64
Figs8mO8s_aPRq2W7W0cYQ,C,228,2015-03-08 13:58:13,3.43
Ygi1otJvXe_RLyIAVulsEQ,Phil,146,2017-05-25 15:50:04,4.21
-4mjLXqAoAtQjqDFo9q9WQ,Christina,199,2012-09-14 14:41:20,4.18
ureoYrPnd8XPasrcvoVMEQ,Erika,163,2015-04-14 00:31:51,3.79
RerTI-Q-8Rz1Z9Ioh3kAVg,Rayne,54,2015-04-14 00:53:41,3.8
Bvl5vYeNM-Q9N45TY34VrQ,Emily,1326,2013-05-13 01:41:54,3.89
IJVqc_5NmUflKafvFyKqmQ,Mike,415,2015-02-08 16:53:54,3.64
alUlVVMx9NtfrvK4xAQy2w,Greg,111,2015-05-10 14:14:25,3.77
_KEs9g8Igs3QyHsDflm88g,Kim,141,2014-05-02 21:39:01,4.58
y7pQs16TZ9pZe-ILxuyL3w,Judy,231,2014-06-08 23:21:50,3.88
FBIKDAcwQaoZea0cUMkvqg,Christina,214,2013-09-12 21:28:48,3.91
c_eudHft3OL_6d_59thukA,Kayla,81,2014-03-03 04:51:09,3.88
9AgCFZrBV4iTcNPImMe_Ug,Briana,57,2016-01-09 00:16:16,4.02
inY6g56c8KKzIrjbGkai0A,Alysa,44,2014-06-08 21:49:45,3.2
gb8UDnHlu3XjcjwZryVNPA,Eli,153,2015-11-16 06:29:00,4.51
KHqBJiMT6mZio3vpu67MwQ,Sara,246,2016-05-15 18:17:15,4.52
ADqhnlIqujlHld9l2b4sHg,Kim,136,2016-04-06 16:13:05,3.84
NsMx7FwsMmylYqHcLWbU3A,Jeni,53,2010-09-29 13:55:52,2.9
5r-pkPw9be_41YB6l3KhOQ,Steve,45,2015-03-11 22:57:26,3.41
eTIAkt9CisZtAqpEZRlfgg,Adam,102,2011-11-19 21:05:17,4.52
n7qpdIFaYLD-b0jfIEvjPg,Taylor,87,2014-06-07 01:11:54,3.23
nce2tMopGhsuSjBJ47LVJg,Sally,115,2015-06-10 22:33:21,3.55
-NDurCQ1u3CbUd05M7MaIA,Nick,113,2011-09-23 14:50:27,4.25
vPDmznurSjHIu1YZyUDUbg,Gary,23,2013-12-14 14:27:30,2.67
2S_nDJQ0Zj8oQ8vQkjPnIw,Trish,23,2011-11-10 16:29:24,3.12
GDc1sw2uHJprKb1kc5w3vg,Trinh,12,2017-09-23 03:05:34,4.38
sShcF1JkWBPAioUyHJqqcQ,Monica,12,2015-04-06 16:16:57,3.92
sahOl3gThWbDPNiRBWJ06A,Danny,163,2012-09-16 02:26:25,3.87
t2qsghLp3K5NBphC9N0rqg,Wesley,90,2012-06-14 20:00:14,3.51
u_M2AUC19JwQ-Mzz5xKWSg,Sarah,165,2014-11-22 00:16:03,4.09
NMkDuImNeu2rI631-Snv3w,Julie,20,2011-05-29 22:00:36,3.91
XPderoC6jaM4DJjaoP-log,megan,11,2011-05-13 00:27:26,4.57
goxpb3OuuLUXtj6LAHhK_w,Charles,47,2015-11-18 20:26:22,3.66
fKli4SvySUjQCK0hNF9eOg,A,12,2011-11-13 21:08:49,4.15
Je1oDwYkvc1qorvj-BOfXw,Richard,38,2009-07-05 07:49:00,3.49
2X8Yg1sQbd_uoB_ZbI8MeA,Tina,96,2014-04-19 17:41:43,4.0
2NoXQ26_VVZhhzV2LWAowA,Aivi,10,2011-02-22 02:07:56,4.09
SyABteXA7u_-GA2nKLJ-XQ,Darla,321,2015-11-21 01:09:54,4.17
zD8v3KrrG_V0IeFU4HOo0A,Roxanne,29,2014-05-05 23:36:16,3.93
2DiEYMcbzJwCYxCRNaRoDw,Ravi,576,2013-07-24 05:04:21,3.74
jKzZQHd6FCt3hMlvJa9PnQ,Maggie,31,2014-01-26 00:39:11,2.83
1IFmYXHFQwewawjtaoyBGQ,Mary Jo,176,2016-12-19 16:16:44,4.71
aakUfHsqjH8ZNHgCihwOFA,Amy,292,2012-07-17 02:24:52,3.54
8EMU7d4pCkdqUnvlIW40CA,Jeff,1387,2012-03-15 04:01:57,4.31
miOTvi-OTdx-RseZwpDNJw,Dina,16,2012-09-30 02:23:37,4.13
89aoy6WORObOOdU5yPQxoQ,Matthew,334,2012-11-03 01:29:50,4.31
ItSKQOJQv8BnA3xPCD5O_A,Cindy,378,2010-10-25 14:31:15,3.68
6nqjpmb3oK_CsJsOLJtIJA,Lilly,15,2013-08-17 22:38:43,3.8
qHWL45WdnDrosDZ2HQLkdw,Andy,143,2015-05-03 19:05:29,4.16
5PxsVSduL8JrOgg-JqXXbg,Suzanne,34,2008-06-26 01:10:47,3.57
fAJ4v8WKt7DYkC2dskayvQ,Brad,164,2013-04-02 01:27:42,4.24
dHvyYSRenOsEW_mVi_jNRQ,Shira,18,2012-11-28 01:44:50,3.87
WMK-2Su_q2GoxhchmotOsw,Taylor,154,2012-12-28 23:31:44,4.03
JztwPBmpn6uz7rFaTBW8-w,Dustin,48,2012-11-05 19:21:49,3.94
DfJ1YwguKL1RDbIuQxHtTQ,Linda,41,2011-07-18 17:17:21,3.61
aaEr2-3Qaa4jo9rkjiqibA,Vince,781,2015-03-20 03:08:15,3.65
C8_FxXNSuXxSX9z1FRWUxw,Tom,390,2012-02-22 17:37:26,3.23
kIUDNNr0lCzYZ5WjNjsRAQ,Renea,256,2011-06-09 13:47:10,3.75
SQq8b7VP7kyNU6e4-Xagew,Ashley,130,2014-10-21 01:47:28,3.84
NTxxhyB5w1kBHUy1MZc2sw,Erin,26,2010-11-03 17:51:20,4.31
TBVwAvxz70PSi4Y3sOixWg,Jennifer,100,2010-12-14 20:34:42,4.51
cMVqaehdc5ZmcTP8BWPrSg,Jason,336,2015-05-24 20:33:21,3.94
AhK8WL5i-sh961NriJ5Iow,Greysmoke,43,2012-06-22 21:26:06,3.6
LmcmtwlBOkx_VTRcSmYuAg,Armin,74,2014-10-25 20:10:39,3.92
l2JpmmYO-5OXSYehBvTfcQ,Jen,489,2016-01-17 16:58:50,4.15
13COO4Z2KewhKwN6st2J1w,John,52,2015-03-19 22:49:06,4.27
hQnjE5ACXjrquVkI_XVe4A,Helene,1074,2018-05-27 16:54:53,4.61
HdvAosQHAHACOWnmpB6UBw,Katherine,123,2013-05-30 02:10:23,4.08
pamPk2N-OrlMjrY_cFJN5Q,Jeanne,247,2015-06-13 01:36:38,3.75
Qy4qBiz_ZjNaEl8-uNmhwQ,Douglas,403,2011-04-26 10:47:11,3.93
_Ksw_vYiqToW5m6t4rAcCg,Rich,182,2009-06-19 20:39:51,4.22
HXT2u8owe2UlZ1u6apfyOQ,Emmaline,46,2010-04-16 22:24:10,4.24
Y25mIDhLGejPhesctfEg1Q,Jenna,73,2012-11-24 18:32:03,4.22
GdM6Q0sWKI33TAHb_S693Q,Donneia,68,2012-12-19 16:19:16,3.64
bVUxhVCeJyBmBNvuB5zpRA,Gina,12,2012-04-02 14:13:36,4.17
r86XWaf-9mj2xZT9Ws3S6w,Denise,115,2011-07-09 16:24:27,4.28
CKqfPNGY1TbEoZ7KV4e8Pw,Amanda,127,2015-05-17 00:07:27,4.26
vaJXMQdf2CG4UKZkwOylrg,Jinny,177,2014-06-01 07:59:04,4.17
RXHDqRPD5cDsQlcSO_-9Xg,Heather,33,2015-07-01 17:54:02,3.86
9OCCAYvao-7wKpAbyQxi5Q,Thomas,17,2014-09-27 17:14:27,3.94
gj4SSBtmAxRVk-BjqCJDhg,Chuck,40,2015-07-31 23:56:50,3.84
BmRgnDrHFAQGcClwJbldrg,Shardai,301,2015-01-17 01:41:11,3.7
Co5TGBilFHvMkUNsgksJ9Q,Jolinda,109,2013-11-28 02:50:55,3.54
SbSz1tzmRaGfiApub31R1A,Rod,47,2010-10-13 20:54:49,4.4
ofS7M8HgmXUy6_OrZUL5lw,Meredith,76,2015-04-02 16:51:38,4.39
Mrp2cKdr3nDxdR_DTY3NCQ,Nehal,110,2015-05-04 15:45:49,4.41
SVJvTooDYFA2OJn1vU_ofA,Lindsey,263,2011-06-05 02:27:39,4.28
6rLcSCokJDCpwSjdiZty3g,Courtney,314,2015-06-19 22:32:16,3.84
RYsKa2UBPnKyCz1ddR_48w,Colleen,76,2012-11-19 20:51:54,3.14
n5N-dnFWKfUWTDhasBpqnQ,Jamie,66,2017-06-05 19:11:41,4.54
haKoIYU988uClNJu9nmOFA,Rick,12,2012-05-03 16:37:03,3.75
Q9c2FM5DBHmSHp5sDdc6uQ,Bill,9,2012-10-21 18:09:52,3.42
o_Rh0x0AKTwniScJrHs5rA,Mal,352,2013-05-30 05:26:19,3.63
XdajpcjZtYlTokqQJjQ4ZQ,MinhTam,37,2016-06-26 19:35:34,4.27
QEpx7OSUHQ2ck42Ir5Rxhw,Jenny,9,2015-10-14 16:16:03,3.53
dYzmK4IvlFHN-sUrsnyg9Q,Peter,608,2009-11-10 06:16:24,4.31
PIQSzLqpsU7YUCcBSTZCBw,Robin,24,2015-11-29 06:30:48,3.04
hEa7-IIWhZsMKvl0qNsGKw,Orlando,64,2014-12-20 14:53:17,4.01
hX9Uza5h-s9B7OKvB6qw_Q,Miley,23,2014-04-18 23:21:58,4.19
nhs5Tu98eG1KqAL3uypIeg,Doris,99,2012-01-05 20:29:19,4.25
6eI0CK2S2zdibLXonD6exQ,Eagle,6,2013-11-24 22:54:48,4.0
AIHj654E3vimVqug5JNiaA,Sav,33,2016-02-15 01:14:42,3.36
5nd9UFG5AY_PEsUYZoCKJg,Dave,359,2013-07-10 22:58:12,3.54
-zS6gscDrNefSAo_vgvXhQ,Lainey,34,2012-07-26 03:33:05,3.68
ySGiyDhwu0DbPmTJTj1LIA,Alayna,83,2015-01-26 20:49:33,4.6
TkFfkUhNLczx5LB-uR9qaw,Tina,453,2009-05-31 17:56:59,4.56
bZht4NrOwu3x6BU2c86C7g,Mijung,84,2012-11-13 21:07:11,4.02
RkY3bDoxG4a1FSA_tuD3Eg,Suji,324,2012-09-11 06:17:18,4.09
lQ_dbuM6xIthZ63nnd8cHQ,Adam,108,2013-02-16 20:39:03,3.87
UZ8_xqhiguIYb9Lu2Wu8og,Ken,562,2016-03-16 17:44:07,3.99
eXych7LFgg5uI6VaRAUW2w,Jessica,243,2015-08-08 17:29:12,3.94
h6KGBTppenV5Mwgc5AUhdg,Sandra,69,2017-01-05 21:20:52,3.87
_Ho-yOQpVFyCvlRk79khpQ,Brian,153,2014-10-28 15:46:11,4.25
7JWraNnAa0yUtac3SmjvYw,Ronald,10,2012-12-29 23:06:21,3.3
EcdjtQ3sfpKSp-j4LM3aPw,Vicki,454,2014-09-23 15:35:20,3.83
lhxw-SrSgE9CycFdIxlaEg,Andrea,404,2013-12-17 15:16:37,4.51
1LIf1KxsMpwXSUMrEDQGog,Sara,339,2016-08-28 01:26:34,4.78
1nzwZCGXWJ_sZ24KuW-VtQ,Adam,166,2012-12-10 04:38:22,4.22
MZ_2Nd3Xe6-51tU13cF5Cw,Elizabeth,105,2013-05-24 22:40:35,3.75
qqcGSHjhajLWrUtpL-ScOQ,Michael,650,2012-09-26 21:13:39,4.11
V-jiTqYCFl0Tdxg8cmx1NQ,Gia,365,2015-08-29 19:05:55,3.98
z9uH-4RVczgbl5PCripCgw,Lyle,239,2015-05-29 17:50:17,4.32
kxb4MsZiATsxKYfX95xygw,Nooshin,74,2014-01-12 16:47:16,4.37
QqMeCZMhTFbvz7Em1Jfq5Q,Mary Kate,337,2014-04-11 16:24:18,4.14
_I5yBAm4IAayT3kqX1qURg,Em,239,2015-05-27 02:29:14,4.31
bXGWcoEJilVZuyX_AigRGg,C. S.,50,2015-02-05 09:39:33,3.57
pCpZ6KF0vCOF3fyj9W8iMg,Ryan,166,2015-08-05 18:35:15,3.23
sC50SiqFmgV5EEWkqySuJg,Gone,119,2015-02-23 17:20:08,3.55
m4hU1am0NHVBlGmcQJ1rMg,Christina,68,2011-08-19 23:21:44,3.99
4xcjS_64MEHfO4sngneFEQ,Annah,287,2015-06-24 19:52:05,4.09
KoA31N3WA-XxZGhK3NGzDA,Bob,35,2012-07-02 14:40:07,3.14
Btl04cbXgFCD86AuJQLfpA,Annie,23,2014-04-01 17:03:18,2.89
CqQuA6sT1_CmNJWR3qkzeg,Paul,469,2015-02-23 18:20:41,4.37
8GY8byecEEz4U1QfAfsV5Q,Courtney,181,2015-03-05 17:41:02,4.34
QRcEELTO1nSZsl5Gkh2PSw,Evan,95,2014-05-28 17:06:56,4.16
hmUTJKOaB0vI19IRNxELjg,Katie,186,2014-07-16 20:20:22,4.76
ilfOapB0crDB3uekMXUtaw,Alexandria,42,2013-04-21 01:33:55,3.85
fdWWfRFIS8ySjdKY42Fqlw,Saeeda,13,2015-05-17 00:05:51,3.38
OYe3S4XGtdlfjj6nxMRrAg,Maggie,65,2013-11-06 22:06:44,4.25
rftxKcgcYIFFSr-M53ZRmw,Nora,7,2013-01-26 00:00:18,4.0
NXnWmsyvBx8hjmCTFROt2Q,Michelle,315,2015-09-09 21:07:16,3.83
zg868OaUB7y8eowPiyKkZQ,E,257,2011-06-18 21:06:19,4.02
7IGJBFup9tseum6orRJ-1g,Fatty,320,2009-02-20 18:52:28,2.5
DbWMZR2U9rBjUlHG9c39uQ,Felix,26,2014-01-03 13:40:52,4.31
dqrdUkd5RS8BQiF5k3_cXQ,Angela,297,2017-06-14 20:19:45,4.06
8hKmBaA8oh02L5CoeZL-Iw,Stephen,81,2013-10-01 04:18:15,3.48
27M0B4ENG7sI-Z2gCuqANA,Andrew,301,2014-07-29 00:54:09,3.65
Qc5HfT-U-EmvShnEba8DRw,Jim,87,2011-07-13 04:19:22,3.47
qMvJ_4Po6dYk-GX9pclRKg,Olivia,100,2016-10-30 20:05:18,4.21
8u8x4heB8WAHGlFjqlnUeQ,Dan,3,2012-08-25 19:48:14,1.67
8tG-VOcqZctOrhmhGIhsTg,Stephanie,204,2015-06-14 12:10:13,4.18
9cr05MO9-zeRwDCSmHj5Mg,Jill,15,2014-08-24 15:42:08,3.87
qsmYyNUaAhRDjVxT23nRbA,Taylor,28,2014-01-01 23:10:44,3.77
lSA0wc9EnIndn5F3Q6RNmw,Jeanne,332,2014-06-13 18:26:00,3.61
00Qa_og-BQOKiQ1Gse0LDA,A.,23,2008-05-22 23:10:19,4.04
Ya4iCiP7gXpZHIQbqr8_Lw,Tyler,42,2012-02-18 22:41:27,2.7
GbL7X8pl_D44E65YMxHbkA,Liz,156,2015-04-12 00:15:53,4.29
UWdOL82q9qnsSZ85f4ZQPg,Monica,123,2014-07-02 14:58:55,4.19
VF0EFi-eV1t1uYcK0wH9DA,Stephanie,36,2014-07-02 04:27:53,3.83
GaBOU2aacXN9R0X1yq0IdA,Noushin,49,2015-05-25 06:37:36,3.76
0qOmON6hMNJQIUUwsMt9Bw,Lori,8,2012-05-20 17:52:54,2.5
9fDUis3hv0Bqm4DmxL0ZTg,Jarrad,128,2013-10-30 02:03:38,3.87
0xLek5Zgnp4k6nsbI66YZw,Jacqueline,234,2016-10-30 22:21:09,3.83
XzmOmJftOYvhPifB_4uyCA,Mark,97,2014-08-09 01:13:35,4.81
biPPinQbUEZZT6F_To-TSg,April,179,2017-01-02 03:34:39,3.57
vOK9CY7_DuSntn9pxO-lAw,Yayi,117,2014-11-08 22:45:14,3.99
t-MbBRkNIR0eM_Ha2dAF0w,Joe,825,2013-07-09 23:47:09,4.07
iX1msXXgIPXTa6vZ6izCZQ,Kelly,275,2015-06-25 13:45:07,3.95
TN-ALIvsOlEEAE6ngtsQEg,Zachary,44,2012-02-13 08:20:33,4.22
NANbMviczSYba8azpvvdAw,Ted,138,2016-03-24 23:30:35,3.63
a8dCY9haN_LRPuCqab0wOg,Tiffany,221,2014-08-07 12:24:43,3.9
kWzBPnHAOAUMzw87jnvS5Q,Julie,53,2013-03-25 23:42:09,3.84
XW-BonrE_YzzSgfdRD_1KA,Courtney,110,2010-12-23 01:30:22,4.28
Mu5xg6ZESWCp3rnryAz56Q,Jean,219,2017-01-26 02:12:50,4.26
DNPyOuki2XyIzLCBoo7P0w,Whitney,41,2014-08-23 03:01:08,4.11
vWf633qkTZN7yVaMOlHqJA,Kevin,68,2015-02-11 17:03:15,2.7
iOEnz1qnlg_JLq33IIsL_Q,Shannon,26,2008-09-28 01:17:56,3.59
Gl_BPtfMibPY-blC3qkbFw,Aerielle,38,2015-06-12 21:29:54,4.18
OCwLhS1CwFYwmzTnKpdkpg,Ed,313,2014-12-30 02:10:54,4.34
ZyQ-ni-78Xrrb35DGbtcmg,Aiyana,71,2014-07-23 03:25:13,3.95
W0Tt-teLjxhI-K2qwrZRhA,matt,24,2009-07-28 22:15:01,2.84
SDSqjDHBBxix-vCK_0bmsA,Jessica,104,2015-08-06 20:17:33,3.67
XfdP4UU3xMcdJbM3qUIaPA,Angie,74,2014-08-13 14:10:09,3.94
iAQp8LT5jCLz43bv2X6oFw,Jill,189,2014-06-18 17:50:56,4.18
g1NVX2DDZ6cHEJn1pw8ibQ,Marlene,177,2013-09-17 19:33:12,4.48
f_tTJDKd110LPukBtGOIIw,Anton,75,2007-09-21 14:37:45,3.47
2g2cEcb8QltsCqjZLj9hyg,Kelly,18,2016-01-30 00:23:53,3.28
DD9G_OSTN2xCjOBxHozTIA,Tara,65,2015-07-23 18:42:45,4.17
GMp0DRWP3VJ5VkM5wpk22g,Krissy,40,2015-03-21 04:33:50,4.22
PZLgQS3YLEszkNtF1olW5w,Moira,67,2012-03-19 00:10:44,4.09
oRhadNRLAZRBSvk5u6gKhw,Lisa,94,2010-03-09 00:33:43,2.9
iHilXutf7Qo2-x4hpYZH9A,Mary Mac,189,2015-04-12 04:05:09,4.4
_WW1SFQDOXH67uzGWo7-EA,Linda,80,2010-12-13 17:48:02,4.6
KDw1B6VZ-c0cSobzgRx06A,Justine,340,2012-07-30 14:38:11,3.33
e-ZAcXiRj9Lq9g8TqqMuMg,Jodie,124,2014-01-28 02:43:43,4.35
fCvMnJU1Z-XhAjKg99wK3Q,Michael,106,2015-04-27 11:55:46,3.29
kUTRDczAcaRQ1XrSKkun7g,Nicholas,69,2012-12-03 02:56:00,4.39
BfWNe9ijuguuznV8s5OWjQ,Phylisha,149,2013-10-05 00:34:31,3.68
v_x3mvMjRNImhlXthrCx0w,Stephanie,206,2018-03-10 20:05:57,4.67
35to6xbEZjGRy8asMVJ-YA,Captain,161,2012-10-07 18:25:05,4.48
pkXWe1exvh-aVqYupbiLGQ,Jenette,392,2013-09-02 14:11:16,3.68
cY3wU46PVn9ZxUV42TyDXA,Michelle,20,2008-12-04 06:59:56,3.24
kNk75BwB6lkHqNvtHmRA9w,Kelcy,76,2014-05-14 12:50:02,3.47
1xFpt3S7c-8wkE18oG6QqA,Lisa,168,2017-06-30 00:26:06,4.43
KPYdacGNQeYGIcPIb_MyJw,Simon,626,2011-02-14 18:49:14,3.84
S9GD5PRbE11cdF11xF32hg,Marc,457,2008-11-18 04:36:36,4.29
9tLTZI5cB-_ORbim_GG6VQ,Mark,38,2010-01-25 17:04:50,2.46
Ak66IL6MUaV5yHqsMb06TQ,Andrea,25,2012-12-21 01:05:24,2.89
EW3jDZFPhUEKPxPMhxLN8A,Megan,361,2010-02-11 14:05:57,3.78
4Mw__5UeTEW5L1B7nriYqw,Jiwon,220,2014-06-27 18:45:18,4.12
HrxEA2Y6lGmTKKNbnb9AQQ,Zack,75,2016-01-06 13:44:14,4.38
wk3kjOoWoD7A0xvP-2gVCA,Thomas,166,2010-12-14 21:12:33,2.22
m7CUXCHxkprezkK634-2Eg,Lauren,44,2014-02-01 18:43:32,3.93
VQc2mcpD-bB9Ypzj7uoE0w,Sean,20,2013-07-06 14:13:56,3.15
xCIqt-n7HCJY_2Il8negeA,Annie,48,2011-02-13 03:23:01,4.17
SYZVCsBMVHmhGRcdvNvA8w,Wyatt,103,2012-08-22 23:39:47,4.63
x5xjErjg88EJg3EZQ1FxAg,Lunch Thyme Catering - Donna,65,2015-05-10 18:16:01,3.22
KKW42NUxLFt7BKJ5EF4qnw,Caitlin,122,2016-04-24 04:13:50,4.33
bHdkBXNejXSPYEas5haafQ,JK,165,2013-03-03 22:23:18,2.96
4eAT7o1kMCWg3J36jVJnMA,Toland,29,2011-08-15 01:18:56,3.56
smyxW63PKyO945shUK6SFA,John,101,2016-06-06 02:12:20,4.46
OT_6Xwvtpl_Hw-UR2yR6wA,Joe,330,2016-09-16 14:31:45,4.17
OS2NzaZu8rOsm6zrNv8TvA,Matt,3,2008-08-30 16:45:16,2.93
S0zqwiRSN188DIRx_vg2og,Rei,132,2013-12-02 04:15:49,3.85
AyTw6s5VNDuxawNUdNAbhw,Doug,399,2016-07-12 04:25:56,4.68
evCUbwnaTJ-SeOPbLAROpg,Tracy,104,2014-12-21 14:05:29,4.48
ci9JNxqrdWZ-zgBWmHNRVA,Koya,95,2015-03-28 19:21:40,3.44
V32uLH9YB4TWP1smbHHEcQ,Sarah,3,2015-01-30 23:23:04,4.0
w_rQ5XGjRkRs4KXUY0BjIg,Cynthia,74,2019-07-03 22:42:32,3.46
Id6Mjv-ZlKVzK-AK5B7gzg,Amanda,15,2011-12-28 16:39:37,3.93
caUKgo0s3Pumn4hcQX5dog,Chris,5,2014-09-15 03:50:44,4.33
JN-TmyjGzUwyxA43IGG2Cg,Walt,95,2015-02-03 21:36:06,3.66
MCJrzBgUjG-m1fi7EpRTWA,Jack,34,2016-05-29 16:34:46,4.27
yolcmtGJMByxHonzKXDnyw,Raymond,302,2012-10-03 02:10:33,3.97
np5btu0wtRtUaFqR_Es08w,Dana,12,2010-12-23 04:37:20,2.85
hAtHq6r_mLuv0kbfZzPdpQ,Natasha,15,2014-06-24 21:15:33,3.0
hzLSsZAzwJ6BP4Hhsf9E3Q,Susie,15,2008-09-23 05:20:41,4.2
M6oZKl57_5bz0CeCCADdBA,H,9,2013-07-15 19:20:39,4.22
K_YkRbLFSRsJq0MXMuyqyA,Gloria,45,2013-07-06 18:55:09,2.71
uoMtzTOHLHUBlQXWMwK-Qg,Marissa,23,2011-09-02 00:01:27,2.24
y_4Us9aQzEjeLkyvzULcrQ,John,276,2015-07-02 08:14:43,3.66
D5MLy5EfhHJ2H2S8e9Vikg,Shakena,40,2016-11-11 19:55:51,4.17
OQ7d95TFr8RBWeChIx6rAg,Kathy,10,2014-07-14 17:48:23,4.64
BU6GNdHlBPPoiwpDZEW88g,Liz,126,2009-07-12 14:00:16,4.04
ZAML372eRdIFS_XzwH40oQ,Heather,273,2014-08-01 01:06:27,3.8
JQm8PJlyiAl2miDNR1PW4g,Ali,39,2015-06-19 20:22:14,4.13
voQSl9kGgbgUGDJhuBJd5Q,Dave,32,2014-07-21 19:52:54,4.09
QnHPBx3ZQRBHEYqbZO_5LA,Holly,59,2015-09-26 08:20:26,4.06
cGFKLJbOjp73GiqQecKZ1g,Laura,88,2013-04-17 16:44:35,3.67
lgE5vY38oLynuaJzpIrgjg,Maria,4,2013-11-15 02:48:50,3.75
y-BsC8sneXrdq83aelQ1ew,West,53,2016-10-22 02:51:35,4.12
xXhFmz4W31YXrRsKkV3Gfg,Robin,74,2014-11-17 19:51:22,4.58
mUddIkqWjwy_4MOHDydWqw,Rob,6,2016-04-18 01:02:13,4.14
L2U4I05dvNsgCpm0NIxkJA,Zachary,223,2015-02-13 21:40:25,3.06
3Wfh4Qf_C70JQcE0ku3pUQ,Jaime,51,2013-06-22 02:17:12,4.42
hj6bHxcTRCPVhanRL5neGA,Hanna,388,2012-02-28 00:48:56,3.95
ec2rBsm1Bm04FYfBir79Tg,Cheryl,89,2014-09-27 11:11:53,4.37
TWQdco_Ow_Fcps6Jq2NfKg,Jenn,95,2014-02-25 21:19:36,4.81
Wh2sG-n65m4u1zZ7whPG5w,Anna,37,2016-12-07 23:24:14,4.74
hntJTn1Ev6TXfusbvTdutw,Lucky,1259,2009-09-03 19:27:13,4.01
c2cd2fJWzvNFxcjQPDvKmw,Alda,109,2016-05-25 19:56:48,4.22
2rRBlueVM9vvuuZp__s5-w,Lisa,100,2009-09-04 20:10:20,4.04
OnyaJzV9GwI7DD4x6rjd1g,Diana,59,2012-03-22 14:54:06,3.35
5Yi2xQ51bh7l5TOe682BCg,Dave,31,2015-09-29 18:24:03,4.09
ohEm5Cu_2GrK1yKh1cFD3A,Sharon,22,2015-05-28 03:37:17,3.88
anPHG0RTHqHX1fwOrqqUWw,Keith,53,2015-07-15 20:57:57,3.22
CbQdmUTwl3OjdC04Qs8bgQ,Chris,32,2008-07-26 19:45:04,4.06
4vHGyT0L4c1OIfhVZXyD6g,Jenny,85,2008-10-02 05:57:11,4.1
Q4EAPcnRENIIHFBmO3JLvQ,Jefe,305,2014-01-01 02:24:20,3.97
AYAYoJ1HXfk62DnCDe7ueQ,Mike,145,2015-07-23 04:37:14,4.3
vRHUVyLn6uzShnF8uG4Qcg,Alisha,136,2013-06-29 02:50:44,4.01
OTeVV3oqdwXpyJ9KbWIPxg,Shrina,13,2017-03-26 19:07:07,4.15
T-pM8IV8VxHOeps3em_GGA,Roxanne,20,2015-01-01 21:31:47,3.96
IoH7RQEbqLoEJlH7zmsFGQ,Beth,9,2014-07-21 22:29:25,4.67
NfQOO5jBV8MUGu5IhwWHgw,Ketchup Love,86,2011-02-10 19:37:36,3.04
p_-PUh3EtpMG6xnvXCWmbA,Bud,55,2011-10-22 09:56:56,3.47
OqkHQ8MwreMyo8Z7SS6g6g,Kimiya,70,2014-04-10 14:34:41,3.8
LOhEraqv7zXkTzXQsPERHg,Michelle,167,2011-08-15 02:35:17,3.94
om5YUf6LzeIFD2Vzx8myGA,Ronda,9,2011-10-20 16:22:48,3.7
FOr8-Ti5mmAgolMogQ5xnA,Michael,16,2011-06-19 02:30:29,3.88
hIbZbTBtg0TmWcCT1NvvFw,Constance,16,2013-08-27 21:41:01,4.35
Pay-vdLpNrpWDOjnymCBjQ,Sara,54,2011-06-24 02:52:55,2.95
tq9aaGT9SWCHtuyhn7LMhQ,Paula,25,2015-05-12 21:13:24,3.6
tJw6yC3WcqwN-LIIJ4V0Sg,Dave,6,2010-02-07 03:37:24,3.0
5Sw_mzGYZPqjzj6w_hRe5A,Melissa,6,2010-01-17 22:16:40,5.0
oC02m1BGWYEAfsjDFHLXIA,Dasha,12,2010-09-17 15:15:49,3.23
_pq9mE7WeTTK9dYCeNnfyQ,Patti,38,2016-03-24 04:41:22,3.82
UDQI6MyqcoC5MLF7tS6aow,Stacy,138,2014-03-25 01:13:59,4.38
bJL_qqz1GLee0PuqY06SuQ,Mike,5,2016-09-03 16:56:52,3.6
8fmF9gD3bYmLxlAYo0OJ8w,Jacqueline,13,2012-03-27 17:03:18,2.15
-4qa2JVDEC_QPVWcZ1nHkQ,Estelle,79,2015-03-27 22:14:07,3.23
afdlzFQ20OW5-tS7GVhH1g,Kris,25,2013-02-05 01:29:30,4.65
VPvQYL6ura-0U9HdHDjX9Q,John,34,2012-09-01 19:35:48,3.2
8hfIAOHuamn3NfonThDtsA,Miranda,5,2013-03-24 17:54:16,3.2
BGwsR8MApe16pKptfLKX5g,A,109,2010-08-31 20:23:01,2.58
JDNxdmE0CqBa20OjFPV7xQ,Toki,98,2014-12-15 02:19:51,3.44
P0PgMB0WvJkqIBZXdYPnXQ,T,38,2010-08-12 15:42:59,3.92
WiWVUgQWW4j_x2z5bUopZw,Joseph,25,2012-08-25 01:23:04,3.24
lNV-iimMUDq78PN9-PVUJQ,Carl,2,2014-08-17 18:59:46,1.67
Nlu-Rb9PQPNlzW4JonP4Hw,James,16,2015-07-18 03:01:13,3.39
iz0LkWSIF5pPMG5gCSkdkg,John,6,2009-01-25 15:29:38,4.33
YTNlahhi4OiqVqP_5U1LCg,Annette,2,2016-12-08 22:02:47,3.5
V9jZ3YweliimCT7TP6ZJVQ,Jim,24,2011-10-13 15:52:43,2.39
oH_Wpe4ueR1DxJjSY8CCTg,Jim,5,2010-02-17 17:27:06,3.6
1-bhzZio7xrNjb86P4wT6Q,Tim,32,2007-07-24 15:51:00,4.09
r9Rblb4rklH072lBLUdy_w,JD,8,2014-12-21 00:11:46,3.0
UFq51LFmhfEPn21CM9l_RQ,Mrs,32,2014-05-05 13:58:31,3.21
nlTyF5K35PK5CjSl3aZ4ZQ,Dannie,13,2012-10-08 12:20:34,3.38
j_3WppI-B84Gp0jQfywDxg,Mike,9,2011-10-08 13:09:17,3.91
hdorMOwOph4ZKQ4T9VqUgA,Mandy,14,2010-08-21 16:12:36,2.88
GW19D3SEpU_bwxRJ3lK71w,K,24,2013-06-16 21:49:01,3.59
Z19QkDdtqhl7w88AR_ENXA,Mandy,38,2011-09-14 13:20:42,3.26
Hc0v8M1RP6sUuFQ2_zLP6Q,Brian,49,2012-05-05 22:34:48,3.27
BQ78c6VHVi6pPEm0ME3T8Q,Ken,38,2012-05-23 05:09:18,4.05
zbu4Qi4_VeQ953xdU0xJ7w,David,22,2012-09-29 21:10:58,2.95
Hrs1NZeScYNc-15ULgkmNg,Matthew,21,2016-02-07 17:43:29,3.9
Gu41c5XPxcHXD9LeJp0XWA,Saul,23,2010-10-23 21:00:51,3.2
8cIplwJvZu6hRVP2OCYB1A,Alyssa,15,2009-11-16 21:33:22,3.73
3w-w38cbycI09ewVVfxy5Q,David,23,2012-03-12 16:36:54,3.27
h4A5NIo7riB69vZB1_LZ4g,Sawblade,60,2015-04-12 17:48:59,3.78
6nRRjS8c9IhTAaImF14lFQ,Marcy,6,2016-05-24 14:10:17,2.67
DFoCt6O7WVt22TIwc1Xxwg,Mark,1,2014-09-14 04:42:06,5.0
L9Q1TK7bLs4dOI-rZgaDXA,Marvin,17,2010-03-05 17:24:41,3.45
fqjQ_0N4ZEmLs9-Son6Cpw,Ben,16,2009-12-26 21:44:42,3.56
kf3WguhNV6zMOwD8LD3jmQ,Joe,57,2013-08-26 00:25:47,2.57
p-cjyOxCqBncdzeyVYaCCg,Nancy,32,2015-08-14 18:12:18,4.09
yXBnJ-JS5xobfDnTv5cUrg,Chef,24,2012-06-14 04:05:25,3.5
aQaQOjp7Ava9CHBNXmc_gQ,Kasey,19,2012-09-17 14:42:11,3.26
dMwS8PFMCGUn2KICPNi4Vg,Sean,17,2015-03-07 17:22:36,4.18
3YHtQhSU0Zq6ktdeeuemeg,Mike,4,2012-11-24 17:38:30,1.75
TM4WQDNrUMJYLZeuZl-OVQ,Michael,29,2014-03-31 22:46:51,2.27
Kan5qekF8aFK5nYTVQqtmQ,Joey,84,2015-03-04 04:19:47,2.43
DJIAJO8vJ5t_rNXoUE8HEQ,Sam,71,2012-02-05 04:38:59,3.0
cNyFi3tbk8Nvhd-5nz5hUQ,Marc,3,2014-03-16 00:33:55,5.0
Fjje2kqbRInJQMEvQpNyhg,Steve,7,2012-03-05 03:15:55,3.71
tl2MpbMsFZ2ySR7SDa1Xjg,Joe,60,2012-05-10 13:24:37,3.62
jg-_YehqelGQZUGMm6n8sg,Michelle,9,2017-01-28 15:03:11,4.08
OUEyHz1wv5KJYpLVtC5ZTA,KJ,36,2012-09-14 13:33:35,2.37
HExdtWqmA6rhzYdmkorJdw,Susan,5,2015-02-26 00:28:28,1.0
FIVU-LFmkdg7Aefu0i2HzA,Elizabeth,37,2013-05-06 22:12:20,3.77
SslgC6kUSxuHFCTzDbUtYA,Jess,52,2010-12-05 12:03:50,4.06
buDFY3fg_-uh7OdCQeN-jg,Peter,10,2012-02-25 17:52:07,2.27
0JiIRjH5WM8qFs8iO3Tang,Tim,24,2017-03-22 23:50:57,3.25
2YImmGvnWmUgNc_Ro0iOtw,Abraham,29,2013-03-23 19:24:44,3.69
j7l08Ss45CzP7sLdW2wOfg,Matthew,37,2013-11-05 00:24:55,3.51
ZlzmAwy6LoB2hrPr4feRRA,Paul,22,2014-10-03 23:38:42,2.0
nTO8xzeZqThnMIb3BFylQQ,Adam,19,2012-03-28 02:40:21,3.63
Kjpl-5YSZpfs_iUZb-LwQw,Catherine,11,2014-07-14 12:48:25,3.42
TSThjU32HAnq3Opa_y2T8Q,A,53,2014-07-19 18:02:59,4.45
pNhB2Qr9OMlwhKiKAjUxnw,Annette,6,2015-08-15 16:59:37,2.43
bn0G7limtU0jz--ftA-VMA,Kathy,132,2010-11-17 00:11:49,3.45
bRSDxlORN4YDzKGE8dnF3A,Kristopher,11,2014-01-07 15:39:51,4.55
UC_q7Ak-r-erKYo4OleZvw,Sean,8,2009-09-07 05:05:42,2.13
5rnK2upoec_Nor0R-QQI3w,Robin,34,2013-05-18 15:03:03,3.88
5BdNULD8aeRNoIlTZR211w,A,5,2013-08-03 02:48:39,2.82
X0fo7llidfgjn3LcfRANQQ,J,28,2013-05-08 12:51:41,2.85
ZxBNJaj3FnLJAoOdkeE86Q,Kristine,47,2012-11-18 00:35:40,3.45
IM__pK7k2RB2S4IUESTcJA,S,25,2009-09-24 00:41:39,4.15
GIsITEslSHOdOMItFU8SfQ,Larry,74,2012-03-07 18:18:02,3.09
3ltfkfYn_cSPubFmc7BdTQ,Andrus,29,2013-06-26 02:29:19,4.13
Bbx3OnZYIQOiIbf3_jlJlw,Bryan,1,2016-07-30 21:24:35,5.0
nfDxw0duXMyPbPIjICYtmg,Edward,24,2014-01-05 14:36:52,3.54
tkOcAjpaOpcwBUXfRoZJRA,SS,20,2013-01-08 17:14:49,3.3
0TGbNCAp8O2zK5IVQ5UnMA,J,27,2013-07-13 00:03:52,4.1
o71PE1tGjRxuole0FwN8KQ,lauren,38,2009-11-02 00:42:48,3.24
nF-p2LxfYtkRrlz9NNrgOg,Beth,53,2009-04-05 13:17:49,3.42
E1mlcUG0PQa2dtsP1Nb6TQ,John,30,2013-10-06 14:50:45,4.33
FU1IU9k9VeCNoHTAKuWwXA,Tom,55,2013-01-02 01:11:30,3.17
YmdO0B0RkWYjIiA6CztxLA,IndyCritic,53,2016-05-11 21:39:53,3.92
cE3iJVrfiBS0gxGubWovQQ,S,13,2012-05-20 10:30:18,3.07
hzK-MwB6czimp8Y23mO6YQ,Maria,7,2013-08-01 18:02:51,3.5
UqHsq1NopijbntheBrXN9Q,Chris,5,2015-06-09 22:25:38,2.2
f7mMjmdAmhc3Z4vs3Ft2mw,Ricky,10,2008-08-17 03:20:33,1.05
mIMT8-RgfIozBxrnxYXXPw,Kari,6,2015-05-13 13:57:25,4.5
NP7qX0GQ72R9aP1kqXKMdQ,Rod,56,2012-06-06 13:46:59,3.07
5jQLuYRva-H8qYMwnwyS2A,Kristy,13,2012-01-09 03:10:06,3.54
SmlbUwImY3otJh_lMip4pw,Colleen,26,2013-07-12 23:38:09,4.1
kps6ZqHmZ0_Soi652MT9Qw,Radio Agon,26,2011-10-29 15:59:18,3.65
PDfa3ITTVZI_QoeqfRgk8Q,Jennifer,4,2016-02-14 21:16:01,3.5
ZwGCiUXTqFEdbmzQWHmCVw,Anon,21,2013-03-25 12:54:11,3.41
WQe6P6Sp1RUT5Lc5jUDGwA,Jenna,16,2009-11-12 18:07:05,4.5
amjcrMVQ0l45ydmRuA08Jg,Alex,10,2013-06-15 04:20:12,3.42
BPJsPeGVTcG5V0k9VghcdA,Blunt Secret Shopper,54,2014-05-28 15:15:53,2.77
gL88gycdByHEFDRhTAauNQ,Frank,28,2013-01-20 15:58:37,2.97
HL2NbWyCEudwfjHnjkx8UQ,Jodi,6,2011-07-17 01:32:05,4.67
OF8qkYo5Jo2In3G6D4I4EQ,Olga,33,2017-06-19 19:04:14,3.56
n5pZpeQE-ASr1aQx81mKVQ,Harrison,33,2007-04-15 07:12:56,3.83
MIItr6jW1bq_kcp7TROBwg,Rachel,7,2011-02-10 18:33:33,3.78
2QHflvZzPC72WEH7pFoRbQ,Carrie,18,2012-09-04 22:28:25,3.84
pik-8Iakk4QGi4NhNE9kTQ,Julia,28,2014-06-21 14:52:41,3.21
u0mM9ssiRyvP5TmxjxZM9g,Catfish,16,2014-01-12 20:57:13,3.29
CHSetzFHyGWMmWOTv26-yg,Matthew,44,2012-07-26 18:43:09,2.37
ROdlbiYxN3kNh8tNHqT4LA,Anna,6,2014-05-16 04:04:43,3.71
QSEWuvTO2ynIyr79Bw9k6A,Caitlin,12,2014-04-24 02:29:50,2.93
h_lXOGKjnmRX27koMpo70A,Dan,82,2011-03-30 18:22:28,3.15
h5LK9N5Y_h1ldscTNOqqRQ,Sara,8,2013-05-27 22:09:09,2.63
IQq5ESCenKEiHOQVoA_qIw,Sophie,7,2011-12-14 17:33:01,2.13
wiIrT3H8hVxH1QdJD6jbqQ,World,87,2012-03-08 16:36:53,3.67
8ZN445Mo6qtfPnxzW8NH1w,Daryl,71,2013-07-19 15:19:19,2.92
3NfRXlnjONrz1y5zq37WWg,gloria,23,2011-08-30 23:23:24,1.39
bWXEs2SFK0WmlvbhTr7UlA,Estrr,8,2012-04-08 21:04:20,3.38
vTdXNj6vo0Pk6f3QfRDX8Q,Catherine,19,2014-08-04 00:38:25,2.04
Mkzs57RXikgPxhm0Eesm_A,Emma,4,2017-10-01 18:48:36,2.4
4ZLvFHo_XF4WyMOdht_MIw,Jeffrey,9,2011-04-02 00:03:35,4.11
N55IRjBGunt-QwU1kiTkwA,R,9,2012-10-29 20:12:16,2.36
wT0gXCw0I5fveTMSzPfrEQ,BJ,24,2014-06-05 21:41:11,4.25
dIIKEfOgo0KqUfGQvGikPg,Gabi,2196,2007-08-10 19:01:51,4.1
yh8_9Ix1wp9dekvyOZbilQ,Christina,2092,2008-04-09 02:05:53,4.22
UVxY0iyPaqY7s4BSFtt-xA,Wanugee,1956,2007-06-11 03:54:14,3.53
iLjMdZi0Tm7DQxX1C1_2dg,Ruggy,2434,2007-07-31 14:47:00,3.98
5MCBLBxr10NLUKZ4AboAMg,Colleen,2775,2006-09-07 19:27:19,4.02
1kpMAKRZuAz3OzxBav3XTg,Ligaya,1196,2005-04-20 15:32:06,3.88
PkNs-Rw6MHQfu6j5pBZMMw,Maria,3015,2009-09-28 06:41:24,3.68
CY9iLsE2z_yLhLqJdD1WGw,Anthony,1489,2009-08-31 20:52:27,4.18
G9Vb6yQ047TC3O_-GG4WZA,Connie,1543,2005-10-05 21:46:41,4.17
ET8n-r7glWYqZhuR6GcdNw,Michelle,2256,2008-03-28 13:26:38,4.05
cjotiAHFSbFuvbxTWmGi1Q,Ron,1598,2008-10-29 17:03:56,3.39
W3Z5K5Ks4PJHo_RFexaqdA,Wendy,2245,2010-03-07 23:44:57,4.08
bJ5FtCtZX3ZZacz2_2PJjA,Bill,1512,2007-07-13 04:00:59,4.17
cufhYFdyrUAt4SWe-m0grQ,John,2422,2008-02-02 07:18:52,3.75
6s-g2vFu12OemhiK3FJuOQ,Dave,2388,2007-02-14 14:51:38,3.8
trUFnQXasV8l2iJSzZKXrg,Denise,557,2007-12-12 01:28:41,3.79
u79JLmKzua7wxGxs1Q3Qkg,Alyssa,1537,2010-01-12 04:51:03,4.21
djxnI8Ux8ZYQJhiOQkrRhA,Abby,2506,2008-05-09 13:48:14,4.15
3-t_uaPKVQQmOUAIu7C-PA,Cesar,970,2009-02-02 02:59:31,4.01
eigZw_Tn4TWJPSZ9UO9Auw,Danielle,896,2006-10-03 00:02:28,3.43
yMh4OF_Li2gJzE5rJ8oCbA,Mike,586,2010-08-16 01:47:53,3.98
hizGc5W1tBHPghM5YKCAtg,Katie,1825,2009-05-22 20:19:55,4.23
ACUVZ4SiN0gni7dzVDm9EQ,Tiffany,2093,2007-03-15 21:51:21,4.11
Lr-B-r-KF80yFy-2u336bw,Eugene,2072,2008-12-29 06:14:21,3.99
IU86PZPgTDCFwJEuAg2j7g,Danny,2240,2009-01-09 20:21:40,4.17
7NV6kcM2Mq5qY1drWD7LIg,Barry,1003,2008-06-14 19:45:56,3.93
8xev0Avovx_jp7LEw8JqvA,Joolie,1334,2006-05-15 15:53:49,3.79
xIfifPltgEm6DCZw12YEHw,Wayne,139,2010-05-05 22:32:56,3.79
UOMSN12IGpju4sKwIJQE_Q,Gary,390,2009-05-04 16:48:38,3.91
dHxvSPU6PZqX1LQRXajGDQ,Kimberly,2070,2011-04-06 14:00:43,3.88
M6id0az7Q4wJUZyZHibkTg,Leo,818,2010-11-10 04:54:59,3.92
nR0n83vWjlS64eLSqJ_xaA,Denise,115,2011-01-04 05:00:25,4.1
cD_hpkvErXCyQHBQzv8KYQ,Atif,644,2006-11-05 01:05:25,3.62
GjVTZwgR4Z6VAc7tZ5ZXZQ,Jonathan,455,2009-12-13 21:01:27,4.0
7an-zIbFKvGxjpeNN9H9ow,Roland,398,2010-03-29 18:01:17,3.94
zI4hbgy-8zXGRWAWz1t3mw,Zoie,967,2007-08-24 00:39:48,3.87
mvK1pv-x0Z5rP4Hz9cWBWw,Betty,1672,2007-07-17 23:12:49,3.89
fB7varMyUGhkcTDABHBiwA,Joshua,88,2009-08-10 20:38:41,3.74
MtHD0Wdh4FtbyFJCb4yfUQ,Alexandra,605,2010-04-07 21:33:03,4.09
yVwTKNsyh-QXbN9WVHEhww,Soo,1261,2011-07-21 23:03:32,3.68
h4o8e_Xbca2kXQO_vzOqgg,Lily,734,2008-08-26 22:04:32,3.99
9HGR8sU_zm15sI109H-SGQ,Trish,992,2010-09-27 16:16:44,4.19
M1cMsRL4L7IUr9RILDywEQ,Matt,2227,2006-10-24 22:40:11,3.78
r3ov7FgibBx41_W74I1KiA,Pauly,275,2010-04-15 21:45:51,3.48
SUI0gDDnCUOnDpVQHci_1A,Ming,385,2010-01-11 03:54:05,3.8
MuGxIIrcGJ7FnxU7kTPNBw,Holly,586,2011-03-23 00:37:17,3.87
mV4lknblF-zOKSF8nlGqDA,Scott,789,2010-03-02 17:59:12,3.86
AYQGK2AZkIPkrqgAb72Qkg,Alicia,252,2012-12-15 12:33:31,4.75
o0g89bEnHnmwPXQu9QJ6eg,Liz,1174,2009-10-19 04:27:55,3.53
dZ2-HpiA8JeEZG4fRm_pVQ,Joel,571,2011-04-20 02:02:53,3.81
bsMGQruRQGgQZK4KA9Q4Aw,Cassie,1796,2009-07-10 19:46:56,4.23
ZD84600Tw1WqeKpVuNiKzg,Vivian,1988,2007-04-17 05:04:21,3.82
W1DtZplBRFDAWqWSr4gUlg,Ansley,13,2012-09-05 03:11:47,4.38
QnIrewrXxFnssw_gG1gF-Q,Sarah,2958,2010-07-10 18:54:05,4.06
GIz06_fbh9ZqHo9TSwefVg,Scott,40,2011-07-22 00:49:22,3.65
mvZnbQ9XcMcBMCTASry-Aw,Debbie,195,2007-10-05 00:00:35,3.93
Qy8jvI2Uqtm7WO2F9tRjew,Dianne,37,2009-09-26 18:36:32,3.07
6ce1NSAUt1Kr7efrLI8XQA,MICHELLE,2374,2009-06-01 22:51:19,3.65
4nuhIUmFHzlnRf-VjYa8xg,Anna,482,2008-12-03 16:46:37,3.5
iChrn349gyWB-8UGyn8a6Q,Heather,428,2007-03-05 07:52:30,3.72
6rvaULevZEp2OM_b7cxFeg,Michelle,705,2008-06-08 00:07:37,4.13
RTQ9HEPfrUrtwSDtzY1cKg,David,234,2010-09-11 17:58:01,4.15
4MI-FchE3HrvleeN5H9ZBQ,Carlos,41,2008-12-10 20:34:17,4.1
peuxbSQwXed-81cSqL7Ykw,Brittany,1590,2011-04-13 19:01:40,4.22
sJprizZfXS0-g4sON33EDA,Lakota,229,2011-04-20 15:28:56,4.12
uDFNUZcsK4HZbV4tOjjU1w,Mark,331,2009-04-16 04:10:20,4.01
3HZKZ5EEkkPmc7baT6zcbw,Sal,570,2009-11-08 04:33:00,3.92
rc4USKiO676ehEqj2vESBA,Scott,743,2008-08-19 13:41:12,3.89
EuvpcCAJoNB_Mt2JFoFqJw,Shawn,49,2010-07-22 06:52:02,3.95
EDBTE8HMO-iN5hAi9B382A,Cindy,2176,2009-07-02 15:46:17,3.95
U7NLhaVfOJrHb9XLsZbJnQ,Paul,487,2010-11-06 08:35:33,4.15
1w3rhVXB_n6-bVIWFv8TcQ,Emma,230,2008-01-05 21:52:17,4.41
oeFiWvoOG0hpMOXXxblfyQ,Coty,1581,2009-01-05 14:21:40,3.59
h8_Mzh_ndxFwxQgLZsRs9w,Scott,131,2008-09-14 01:14:11,3.83
myMeQBLWXKDl5x5pm7SENQ,Josh,56,2012-08-04 13:47:07,3.7
eKZ_tnsOCNWty4Wy0mSftg,Hannah,431,2008-05-03 00:27:18,3.93
h4V9maImHWJfFVN7pktuFw,Deep,432,2008-01-17 00:07:53,4.06
fQTgtv3VsocshUiPDBCOEQ,Sandra,420,2010-05-05 22:57:10,4.27
lMLPQoeBq77bYxFvvcgvZA,Micki,787,2010-11-12 02:09:20,3.98
cujMgdKEfauUEIg_hnCcew,Carrie,123,2010-04-05 06:30:03,3.47
Nu2kOyS4ircX7rajM9msgQ,Mick,455,2012-01-22 19:53:59,3.04
3Yrg08UMw4MvLnF5kS74sA,Melissa,105,2012-07-09 03:52:10,4.22
To0GTLW5MGZwOg5TxxZIQA,Ericka,1595,2008-02-07 04:28:42,3.76
aRFDw9Y03_ZyOA3zMMcMaw,Mary Ann,1040,2010-06-20 14:25:29,4.11
KN3Ziu2TBUEBl6rHxHtf_Q,Sara,415,2011-04-05 04:24:32,3.59
0wYuREI8lQncPuDw5ztWIA,Ciara,1311,2009-02-13 06:29:04,4.13
4ELHL5eD02qqnm5VMqEmaA,Juls,107,2011-01-01 20:59:55,2.85
vFURyX8yxN-40hzspjO4zQ,Brian,212,2007-05-06 21:46:34,4.57
rqv9mIc9pj9R_b0MIm_fzg,David,334,2006-11-10 19:50:46,4.01
VbrRjksuNBcjgE4mdkAoCQ,Anna,193,2011-03-13 06:19:11,3.5
FaPrtK-SB9sygQuxndPm3Q,Jon,1084,2009-10-24 23:45:19,3.63
TAJjurJ9bv6q56LJHehB3w,Steve,53,2008-12-02 22:47:44,4.39
h4CvnY6SMdg_jEuupsp9jQ,Han,647,2009-07-26 16:48:44,4.01
o1_sfJ71nrq5QrF00v3Icw,Joe,1975,2011-11-14 23:56:19,3.63
c2BbxDdn6QTy33682gQDvQ,Ju,923,2009-05-18 13:18:11,3.54
AA4EmkZwGfgpezbJH90WDw,Geoff,358,2009-02-20 11:57:32,3.66
TFN3KZqfhMfikiDGORZVlA,april,90,2008-09-17 20:01:26,4.09
JnGjZVSlfCkKHErvO5ts4g,Marti,788,2008-04-17 06:11:38,3.64
rUV1FUhji5xMjNBpcq5SXg,Enjella,754,2008-02-14 05:59:50,3.15
UiRx8jyS6H957ItwFsP2nQ,Jim,68,2012-05-03 17:30:52,4.5
4DyMRBKrokax6d8LCI3GAw,Richie,1491,2007-05-30 03:57:25,4.23
f1MFQxTZAWJnRQdrouLg_A,Matt,1676,2008-10-11 16:18:27,3.96
mlyWbiBf2l0fX_5pYL3rCA,Leeanna,543,2010-12-13 03:19:24,3.74
jzV56K7A_mx3y3Eh7YG26g,Kristy,683,2010-04-25 22:13:52,3.97
sDjLntGYVuhp4FlKz33P_w,Cynthia,954,2008-03-01 17:24:15,3.76
vZjhmhcO9TUYMIqcaKHucw,Amanda,7,2011-06-08 19:10:54,4.43
ZbHkj6HH4udAwi6MMx2SjA,David,516,2008-06-27 17:30:15,4.16
f-iREBx-5CznQjIMWmoOkw,Nick,2638,2009-02-25 22:16:27,3.52
zOpOinxz2oLLQnsCpf535Q,Mike,108,2007-08-11 17:34:01,3.75
RW8HtjnUlnAvg_l-yGdO7g,Chad,248,2010-02-03 23:50:17,3.73
qZ3sJPn5NqSVFMLYGAJH_A,Douglas,1171,2011-09-22 22:35:46,3.65
93T4DaZNSqvDl-AhZOEyRg,Annette,467,2007-11-28 13:06:18,3.86
Dd-TkEszFMkSF-vRih51fQ,Holly,326,2006-07-03 04:17:23,3.79
0G-bcpdR48tfZy6koGUiTQ,Rhea,2070,2008-09-13 21:28:01,3.69
5L4QEmVmeiriQQmMw6gDKQ,Harry,26,2010-08-14 23:43:59,3.44
5O0ejMUB7XHzyTf1rLu2zQ,Alexander,797,2012-02-21 20:46:31,3.44
uw9cwb4qvH0EKvUh-X_W-w,Nina,112,2010-11-13 03:30:55,4.21
AgdKHgG-X8I5a9z7drcWLw,Jessica,66,2011-02-02 06:51:21,3.19
sTcYq6goD1Fa2WS9MSkSvQ,Sunny,896,2007-08-20 16:17:27,3.64
lX89A57ZsdTGx2BXaVLlYQ,Joanna,697,2006-07-11 03:21:24,4.13
5DiE5A1boonscvI0eu9t2w,Jessica,148,2008-05-08 20:22:07,3.55
TjudI8AeyOIW7pRXljD5Qg,Andy,152,2010-12-10 03:14:21,3.38
JjXuiru1_ONzDkYVrHN0aw,Richard,1424,2009-08-23 13:03:27,4.18
3c3uj4KIExrxmbSLOkzLWg,Patrick,153,2012-06-09 02:33:03,4.14
9ViCneC3EWygsO50NwfoAg,Tess,20,2009-06-02 15:58:08,3.39
NrSURtBigpxbdfL4nGB-Jg,Missy,483,2010-03-13 22:09:57,4.35
4wp4XI9AxKNqJima-xahlg,Rachel,1362,2011-01-05 20:29:49,3.88
QV1ijKhfCbhm4SrVG6FT_w,Grace,802,2009-02-24 22:01:25,4.13
cYIJh2ZGTA6B_hqSX8FZ3Q,Brian,69,2008-12-18 22:56:53,4.66
YqyMDNf5svD7wOy8lk1rDg,Sky,706,2011-07-16 23:00:12,3.69
vkxKfc-S4X7AvlMSL64ngw,Danny,1719,2010-01-08 05:49:43,4.08
yFSZkVlJsvhR5KqtKEauNQ,Connie,79,2010-12-24 07:20:19,4.55
VhyMPBkWc1mcFpuu2CAAKw,Alexandra,286,2008-02-27 22:39:48,3.99
i_DR3vdE73nVm2GlMbGpGA,Nate,1279,2011-11-12 16:09:30,4.2
2qKOL7C7WbG_M3EOWvTFxA,Blue,1530,2011-11-26 00:18:21,4.32
_5As_24ZISJzSMz2MuCJYA,Paige,19,2008-05-27 01:04:14,4.21
eJnwyot0rLyWN84DwyC0RA,Bruce,406,2008-12-22 15:16:20,3.77
-OZPBHH7RzyPIai4AlPWKA,Leo,490,2007-10-26 18:39:58,3.85
jmyunODJvYT7n7LCgotAyQ,Rex,93,2007-01-10 06:12:56,3.49
JADdo9NEeO5Az9aOYbyvZA,Manda Bear,2637,2008-03-28 04:19:21,4.03
O_Sqnswf23o_vfZYjnhqPQ,Amanda,749,2009-04-18 04:58:53,4.14
7FupRoituTA0xi9fznQkKw,Jessica,58,2008-06-07 20:36:31,3.34
m3ZchjhKZS-VvYCgvgMp4A,Lauren,334,2011-09-03 02:23:36,4.11
gtJsj5RpF4dfE7uPVDRfDQ,Alex,1097,2009-02-25 20:45:38,3.92
8B-aHZo5c5_Hje1FQm2vPQ,Andrew,7,2009-02-18 03:24:23,4.43
BmVwbsL8l0imz4slonyMaA,Morris,261,2012-02-29 18:27:36,4.39
kHXVdcTjjvM4__s54-pmqw,Ashley,573,2009-09-20 18:21:28,3.86
aYt6yemtPLX1RbX7UT6KCw,Kelly,603,2010-05-23 19:19:27,3.95
trAgaopRYs3-yNpSdnAvTg,Sidney,347,2011-02-18 23:59:02,3.7
RwYB0r8kSt1WjTGUEDCPAg,Duane,160,2009-01-13 15:44:46,4.66
9MF-l8xgyWN9dm2-r2mF9w,Jim,542,2012-03-03 23:19:31,4.33
FXdyaWuUOmyW6svv3njB9w,Dianna,154,2009-03-09 16:14:29,4.35
ysCBsXWPB-LAiewVS3jZfQ,Jando,4207,2006-11-08 07:31:36,3.57
8hriMIPMdybJpJTUffd7-A,Tracy,44,2010-04-04 11:39:58,4.63
YHr-ijGyWQg3hsP-sEEl4A,Felix,569,2008-09-01 16:20:17,3.56
r3lKW-6KSxflQ_aCWFvF8g,Trish,14,2009-12-22 16:51:02,4.0
cSvwgRq74ElhrE6AQEm3DQ,Dee,866,2009-05-28 03:13:56,3.68
fFWYi59ABi4Zjitm5XxW7g,Travis,306,2011-05-31 12:09:33,3.86
DAeC-Y66n-jNMJJw4oAfNQ,Steve,618,2010-07-29 15:52:25,3.87
9DEvgGmCNH94SZ7OYiXJkQ,Michele,28,2010-09-08 14:01:07,3.54
o9eYgBjGV7bR-EGUGCpjLQ,Brian,297,2012-07-22 12:03:16,3.91
BHDBfx4mWOdtT-ug0CPc3w,Tiffany,191,2007-06-03 23:00:36,4.1
_l8xI0MCMZz2B9hSzelXhg,Que,280,2010-01-12 00:07:07,4.28
FTDSgrB19TEwnqqH1mc3-A,DON,474,2009-07-06 21:06:42,4.3
8OU4OBV7w65MzrZd4G8eFg,Juliann,326,2010-07-15 23:02:29,3.84
QwY_IrZ7Xs4N1ksO6GUBOA,Matteo,762,2009-07-30 14:30:26,3.62
eg0cwrodeKGLeLIDTSCXoA,Pam,475,2010-04-25 22:33:15,4.33
_pBzBgtCTN9PNUPfgPDI8A,Trina,2637,2008-06-05 14:08:07,4.02
EiMaydGgNzj82ef8Hzb1kQ,Chris,370,2010-08-24 15:19:09,3.88
J_0H0joSJswdmE93qqRQPw,Victor,22,2010-02-28 22:20:40,3.04
hLsXVZ4ammtb9ZrdwA_zTA,Roger,637,2011-03-04 21:56:46,3.69
Bkv9SeDIAJ_X5-NeZCdF3A,Alice,768,2007-06-10 20:48:31,4.11
jqWQN0GIjG1165G--R0JLw,Tracey,1618,2009-06-01 03:33:40,3.88
ACwBMSJzgW6vOvV7vOrk8Q,Matthew,2471,2010-12-16 19:35:05,3.56
lneyam99jHB_ITEyTXT7bg,Renee,234,2011-11-08 13:20:28,4.16
fDny65qdxn3EJH0PZbCxIw,Jennifer,841,2006-12-25 04:43:16,4.13
dnKGVPEykp5HSTf0ycATNg,Daniel,469,2007-01-05 20:15:30,3.92
HwCWwx4PXIYJIksZN4MJZQ,Yiwen,558,2010-03-26 06:04:17,3.84
qSPFhtM-eO842BVQXtAMNg,Dan,903,2008-12-29 04:47:27,4.03
GjZleUQMUCxxRUpbFbTjVg,Holly,5,2012-01-16 18:53:26,3.6
5vbWzMFsoOOPKj5Iuh4xkw,Helena,955,2009-01-21 16:21:50,3.88
GSMBpnEny1cR12yPIwO0Dg,Cindy,1023,2011-04-27 17:59:17,3.93
I-FmdvI28N7OIIt4JZOgIg,Tiffany,2685,2012-05-10 21:02:15,4.21
sCMoMzlOS5q0dfXJVCY2sQ,Ruel,571,2011-08-29 06:14:31,4.2
ZHSWS2Ozqvt0XKmzg9Zdeg,Paul,400,2012-06-10 16:59:26,3.79
SrDqrIqZl-gtVYbINIxYoA,Susan,772,2009-01-19 21:14:55,3.61
RS4AjuF4glgClCkdgD4nDA,Tony,582,2010-04-29 06:36:18,3.85
sgtV2_36FV0otK0pjHIHNg,Hao,424,2011-05-02 19:16:39,4.17
mAP7bxt7TFVjbo5eAZwbug,Robert,702,2011-01-15 19:33:23,3.99
QcckMs29Z47tuSyWDCMUlA,Sanaz,490,2010-11-14 18:25:25,3.73
CDvhiRiczAq0M5pktyiyog,Mike,797,2011-05-29 06:42:15,3.47
6tDMGnbO4m8ENlUvG7r0eA,Sean,1486,2011-07-14 14:37:15,3.57
Bbar1EB4JEviStEAqUEFOg,Sivilay,1683,2010-06-25 01:10:34,3.72
K8VSrOOCdXS9VX5S66W4GQ,Jamarcus,1633,2009-07-14 13:42:58,3.66
ezqvnYDS8WD2KshapwQ3Yw,Mia,230,2010-01-02 07:13:04,3.33
c-c64rURhBR8V8scSbwo7Q,Scot,633,2008-07-15 05:59:15,4.39
iohKiP4syxJkOcFm8Gfzxw,Erica,27,2009-07-06 19:59:32,2.94
dJgQTOWRpTREnZfGoRyCng,Dawn,1,2011-01-15 18:05:43,1.0
SLGN2kIDc4SFAxRiNsNuYw,Bridget,135,2008-04-22 19:13:22,4.09
hE34xpG35WugHznWf79HfQ,Drue,901,2006-10-24 00:19:10,3.3
Lzd7FTvMOvfg9WmR4MoNxg,Emily,1282,2011-08-20 23:12:17,3.97
argaX4ADH_Wczq2ZUPYLNw,Jerianne,559,2011-09-27 01:47:17,3.78
Dq_Jkpx4xpbh4iofayOr6g,Doreen,1113,2010-10-31 22:26:36,3.92
ncIXTTY8MUTXnovkpUn0yg,Tony,500,2010-10-18 06:48:07,4.09
Rx-113l9m4ex64C8DZPEbA,Toni,81,2009-12-05 21:21:17,3.73
G11NhJgHEM1TKMwpgl5A9w,Lesina,181,2009-09-25 01:42:54,4.17
4IZUE6ojBjC0reTOed3FGw,Brian,43,2012-07-22 05:10:21,2.57
ryfbBDgvpMIRDPkrirSCig,Amy,9,2011-01-16 22:14:05,4.67
w6lA-N-PqwIVc8Il2nJogA,Cameron,216,2010-06-27 01:50:31,3.89
NRGJ4IvauajqqCbhT640cw,Drew,1242,2010-04-16 22:52:33,3.92
LSgpMM4vX0uSLLWHopfbOA,Chris,42,2010-06-22 02:24:50,3.68
CKzYmFIBbIoKyTMWvYXVSQ,Steve,197,2010-06-30 17:47:00,3.78
pW5L2bEpxC5Kmn_-gozRCw,Tonya,155,2011-05-04 00:23:47,4.47
hLVq7VSJBHZwqurwWoCmpg,Faith,669,2011-03-05 13:35:13,3.73
PcvbBOCOcs6_suRDH7TSTg,Juan,2136,2012-08-16 03:11:51,4.18
RJH925_Ci598EuRx9JoGwA,Kathy,731,2009-08-10 18:39:12,3.81
_zK0LrKpyKhZ8BOQq752Jg,Audrey,117,2010-03-17 00:24:07,4.24
cLsKgpNy8ijXCgzdAPFGyw,Adam,54,2008-03-04 04:32:20,3.68
SOfNNK2sv5iVYDyXy5TcIw,Tamara,761,2010-07-13 18:47:08,4.02
DK57YibC5ShBmqQl97CKog,Karen,2715,2006-01-28 01:56:23,3.91
cH9HCL0XQM2gSoeIkvyQFQ,Andrew,50,2010-12-08 14:27:26,3.85
ANUOFoLrfDNtHVmvbnh8Ww,Ashley,326,2012-06-04 00:08:43,3.6
zEBjQm_S26TI1Etpvie9sw,ViVi,297,2011-05-04 07:16:18,4.36
SAZJ4KUljx4Q6JEzjYKmyg,Siamrath,534,2011-07-25 03:43:59,4.35
ntJ0mR5D4JqJOzsYZV-cxw,Virginia,1444,2008-10-16 01:58:30,3.64
-9da1xk7zgnnfO1uTVYGkA,Fran,1438,2012-04-05 01:01:05,4.14
x_axtCj_KMcWdf1WQ6BbdQ,Michelle,370,2011-10-07 14:22:40,3.62
bnDZpsii_if2_wpn8oPcig,Ted,53,2009-08-20 17:01:56,3.53
eSU_HjKOA3Ppt8oS07oYkw,Eric,717,2010-12-23 05:03:46,3.88
iHRQWjFGMcrr9RmuCsQJYw,Nikki,291,2008-07-03 01:40:21,4.52
NNL1zLTP2J_SOputgoPYeQ,Alex,2059,2011-02-27 14:40:11,4.23
0tvCcnfJnSs55iB6mqPk3w,Daniel,1514,2011-02-06 16:43:56,3.62
RRtMl0kS2ntfoxcQPJcmZA,Jennifer,1339,2010-11-13 20:08:20,3.7
5tXRxr4T24Awl7vjyCvIcQ,Morgan,741,2010-10-14 02:39:10,3.97
d7D4dYzF6THtOx9imf-wPw,Regina,1912,2008-12-05 07:16:22,3.87
qSZMLq4RbqsAtYYxlgP0eQ,Sue,55,2011-08-17 22:27:02,2.6
1MMNPLixXF9JNQvu1UqYyg,Alissa,173,2011-12-28 18:56:55,4.12
bs8BgzMjnn5kmpCGstMDKg,Kali,412,2011-10-16 23:02:46,3.74
hj7o_BPgj-HdLAxdKqdx-w,Breanna,1090,2012-10-24 19:37:22,4.2
XmBm3C-Y7TKHuMoEMO5AtQ,Mickey,282,2007-06-21 16:33:20,4.66
AEKBfKt2niNzbCFFkw05oA,Chuck,229,2011-01-21 03:07:18,3.91
iJjMJI7zycOwTXsBlt36kQ,Jason,68,2009-06-19 15:58:32,3.36
Y61y11_nYsbc2UWjDh8ZEA,John,754,2008-12-13 03:16:12,3.9
aadVybdTbeVpSboTPCTjJQ,Tsz-Cheong,663,2011-11-11 15:12:24,3.98
m1eC9CUh81hQ1NHRzgIOKw,Brandi,348,2013-06-20 02:09:15,3.57
yCEFoyKQOMD6TRJaG0BEUQ,Mari,235,2008-11-12 18:15:39,3.74
rae3XnBTKX6ANvWZ6i8Y4A,Bianca,386,2009-05-09 22:42:44,4.46
WeVkkF5L39888IPPlRhNpg,Kristian,1493,2012-04-18 21:26:12,3.98
TYCkjEHPSJSnFb6m6GDluw,Mike,429,2008-02-06 21:11:56,2.86
Yc32gzn-Phho2afitymtXA,Glenda,25,2011-04-21 15:36:14,4.2
hHgNg6u9P_Ym5wLXmnoBcw,Abby,1377,2010-10-28 22:39:46,3.91
TwPlaNvnziaN2wB3lk_9Mw,Cheri,570,2011-01-19 16:55:33,3.82
hx4_GngWpI4n5_wQx7tmfA,Joshua,583,2010-03-09 03:23:39,4.3
EiT_pSuIb08oRn4CfwfMJg,Samantha,2110,2011-07-06 23:58:11,4.0
cVrM2BvOvPV0Vi_rC8kepQ,Dan,2931,2011-10-09 23:43:37,3.98
Qk3tHYH7y1OUyC57_Om5og,Lilly,117,2009-12-29 04:16:06,3.9
01jTmNPL9OM_2tvUrIbg1Q,Janine,99,2011-02-18 18:07:05,3.58
fcu34hUvmjxIQz2Oa4xXkQ,Nina,252,2010-03-10 21:50:39,3.85
7XQmsxxSQfZwflNVrLV9UA,Stewart,239,2009-10-18 23:16:01,3.36
ye7UhG1Ip1Bg8No-S-HHlA,Maggie,34,2008-10-27 23:06:17,3.92
7TBcjUjjnthRZrxOgSrtLg,Michael,89,2011-01-03 06:44:49,3.86
YjNGT6WbkQ-3tgDR0qgYRQ,Friscoco,296,2009-10-03 07:49:09,3.57
Ck5pDKaQenokLE9s5tYNcQ,Stephanie,201,2011-03-19 16:25:02,4.08
LrBdK9HdRUHubu9CJVkSxg,Cat,431,2010-11-20 16:28:58,3.83
2HegIXvPh0OQ4M-J5wiCrg,Fran,207,2012-02-02 01:09:05,4.02
s_FAHFKUl4YqNofYZC1NYg,Alana,816,2011-10-03 03:09:18,4.22
V_JBfN8Y6d6DkNsJVXVUtQ,Debbie,475,2009-06-14 20:48:31,4.04
-qMPPIyUxYMa0UZezcyn3A,Lucy,200,2009-06-01 22:19:59,4.03
EJ6_42rw8W73rxm_R4aQ2w,Bret,415,2010-07-08 16:54:43,4.03
UczFBWMS6vgI1zX584NyxA,mary,73,2007-06-28 21:58:48,3.68
cn8UaL_1w9Qsm7XRt9Voxw,Shannon,155,2010-11-30 17:38:09,4.27
ncIHRw4Vx3Wh9mZhLZxB7g,Mindy,1846,2008-02-13 05:32:04,4.14
w9OZUPIoweoUYVbl1RwCMQ,Niki,440,2010-10-19 00:30:28,3.54
GX4R9SIz3JsRrQdqzYP9bA,Mike,537,2012-05-16 07:55:17,3.82
tyT5SuNWUQOW_zcjPOfayQ,Doug,245,2009-03-16 04:06:59,3.87
gpN4UlvAlkmO0DzUYG9RmA,Amanda,71,2008-02-27 01:37:00,3.78
Rrmb6UQUR-U3an6wy2h9wA,Illyanna,468,2008-07-02 16:35:46,3.68
OtLw_rFdk27Y8e-s3C-Kdw,Deborah,234,2012-03-13 21:46:18,4.35
CNe9BArELPCBdmYgbsxn_w,Meg,31,2012-02-24 20:19:10,4.22
yXIFCpTAJkKzyoWXm4opqg,Steve,884,2010-07-16 19:43:44,2.7
8ue0RiV7NeEPQX07Q6rvlQ,Ronda,500,2011-02-06 16:59:42,3.57
CAU7F-vDqbQZ67BBYsa-aA,Mike,263,2011-07-14 04:52:08,3.83
EPK4_bIsyVlrlsLH3RClEQ,Maisha,1394,2011-01-01 14:34:48,3.81
Q76LHwVAsX8ZwU9n_g8OXQ,Rae,309,2011-12-20 13:38:30,3.72
_muhtS8ZFnV61s7Q4JXDwQ,Kevin,911,2009-06-20 01:08:49,3.92
3UXXvi4021V_ckejIQf9Jg,Emily,172,2013-01-14 00:26:43,3.77
Xflos_NjAxc5mEwg-uaFNA,Amalia,325,2013-05-23 16:36:23,3.62
GDVDWlJAneHlpr5zbwshCQ,Harrison,9,2013-03-24 07:36:05,4.11
eZTy3ekPUWGz2oAlVQsLgg,Brad,4,2009-08-30 00:37:43,3.0
gJTknzE8KYeqGwYLif42CQ,Kenitha,427,2013-01-16 20:57:16,3.46
uCNgCZCuo07ew0sWPB1z7g,Nicola,889,2009-11-23 17:04:31,3.91
LCzSgeO31wwIMZv0TXPX4Q,Laverne,419,2010-11-25 23:22:32,4.0
-crYXMtwfUdACKUiyA1eqA,Francis,172,2009-05-28 18:16:27,3.82
sdpIz4-s15T239CZ4Bd6Ag,Darcy,424,2012-09-18 13:33:53,3.73
6JehEvdoCvZPJ_XIxnzIIw,Heather,1868,2011-12-27 08:52:14,3.85
-k-pB4kluJwRF4-c2gp3pA,David,219,2011-10-16 22:23:04,4.0
5ylIKMA-zoXZvH_-X26YOg,Chris,291,2013-04-13 19:34:26,3.92
Kf5PVQUdDvQYf-MXoeWqZA,Marianne,2702,2014-07-20 07:30:39,4.09
z1xGplZ-5I45wlJqHQ8ilQ,Diana,453,2010-06-06 01:47:56,4.15
gnJDOrXo2cJ8xkRXU7GUWw,Travis,206,2010-09-29 00:19:38,4.31
59GSwMflQFllOAWvw0F5mw,Dana,723,2010-10-10 06:36:51,4.09
x3i1zNsZh9XmcG8WHYCTvA,Maria,945,2011-12-06 22:51:28,4.08
qNVAPkw1aNyNKGiJzmgWZA,Adrienne,349,2010-07-18 02:40:34,3.89
DgrIg1OR7arL8tVRiZ-psA,Robert,1153,2011-03-21 20:07:09,4.0
6xQRFiUE-1icDPR0uAaRIw,Gloria,297,2012-03-06 22:38:59,4.02
2E1733GhitBksZJZb6AgvA,Stephanie,435,2010-09-10 10:28:09,3.6
figjt8ZixJoYDbl096tFMA,George,924,2013-03-19 00:32:00,4.28
BZcj-Ni3HAM0nYU__r6dbw,Athena,403,2011-12-26 19:55:44,4.71
WeX7GMbX8WsMoLyyTDPqqg,Shannon,148,2011-07-09 13:53:24,3.75
01IhGl0XmthVaN1n0yVpfQ,Christian,351,2012-07-15 15:02:23,4.05
_3lMt9g1ScLZWGEqkv3LvQ,Steve,327,2011-07-31 16:36:51,3.82
bLbSNkLggFnqwNNzzq-Ijw,Stefany,5014,2011-06-29 14:40:01,3.43
fVInqfUrm52KCpAGuEc6Sw,Rachel,147,2011-05-05 20:14:15,4.36
0zVNLGyQ1PS_AQQUEJTN4A,Ben,1422,2011-11-06 08:23:32,3.84
SQXsow-nuLYYQnTcsIedIA,Diandra,693,2011-03-01 20:38:33,4.64
uvqhDdqRyl1aqTlxu_UZtg,Deb,447,2010-06-08 10:18:50,4.28
vsfPTfNV_K_s02tH6ZCHxA,Jes,36,2012-03-21 06:39:33,4.11
5uO8L24O3XkKKVUZnrPvYQ,Sidney,159,2014-01-31 02:21:32,4.02
hcJzh-FFDEfYKGpyM0TpZA,Kara,931,2012-02-04 02:52:51,4.19
1MwoiUajN2l54d4K9uTycA,Regina,579,2010-11-13 14:02:36,4.17
Nakn7m0LPnSXtJyCrwMKVg,Theryl,270,2010-09-11 15:35:58,3.32
DFTYFXMBLiuvxJFz7qStjQ,Louis,326,2010-02-09 16:58:58,4.09
o9uej6H3JbSx1UScuez43Q,Stacy,236,2013-01-29 03:54:47,4.4
jLFkdt7EchOfA01f9Jxo9Q,Audrey,185,2013-07-29 05:45:22,3.97
135DbbQnr3BEkQbBzZ9T1A,Laura,599,2010-10-03 04:54:53,3.78
rlFUes82nBIyEnYp42yEqA,Nicole,66,2012-08-08 01:30:46,4.03
Dh8EyyJ6kBnlThByXj6jVw,Andy,43,2011-04-02 05:01:32,3.55
1orfwtwIaqCbLgfs3W1i6Q,Marina,251,2013-04-23 22:31:59,3.27
IvX50u_2WYXh_G1xKUa2Pg,Brittany,256,2012-01-10 04:26:46,3.55
NOvbwDPu0FaS1SpkXvHdAQ,Valerie Deanna,423,2013-04-01 05:48:07,4.02
ivHlD7Mp7J6JtzGHXSZLiw,Brian,186,2010-01-28 15:43:53,3.49
IHO53BiIY-TKeCabcyWb0A,Annie,154,2014-01-21 05:29:09,3.99
xew1y9flaSKgdn4oxmcgGQ,Jessica,345,2011-03-14 14:33:14,4.11
RbMta8rXN3nBaKbloDWeng,Nadia,831,2011-06-06 07:25:49,3.79
URTnq_KYnZtKZOhPvAIlwQ,Samantha,449,2014-01-03 03:32:10,3.85
D76EFdD5F7XoIIyQmWTQhA,Rob,161,2011-11-27 22:03:59,4.0
Z16OsDnJl1aOkutLuEm7zQ,Howard,343,2013-11-21 05:17:21,4.37
e2TJsz9xbrp-ezwsV77oGw,Eric,223,2011-05-24 01:55:58,4.14
x1ZeQbGxfTPZ2BM0VcWs9w,Sandeep,467,2012-03-25 01:23:13,4.44
MPaWnzh94qmtdjMMrGpSCw,Steve,227,2011-07-25 01:20:56,3.93
MeDuKsZcnI3IU2g7OlV-hQ,Frank,1006,2013-10-27 23:37:42,4.08
Xstf9n7v8rSOryJAuY2S7Q,Joshua,345,2012-12-23 08:51:04,3.16
VtnCudEFLBjnxblLUAPYhA,Tim,456,2013-08-05 04:23:16,3.81
2nqGiiUKwHyihyx-T1TRKQ,Rocio,180,2013-06-12 21:52:09,4.08
X_14Pe-kpmR_QiU-SRJvgg,Lena,233,2010-05-14 06:02:01,3.49
zjtQJ8eYWVedJpWB2sFB2g,Rachel,310,2013-06-10 17:56:11,3.99
WPBrjBbk76ZtZQ8QpG09cQ,Henry,979,2009-07-27 06:00:51,3.71
VtiE3eXNYtH-tb0aFCF1Pw,Erik,1287,2012-05-22 02:35:26,4.19
Hkf1Louo_WA_oNghgut4gw,Christi,367,2013-03-06 16:12:40,3.79
kzRq4H_nSf4b3F_sdymWSw,Avner,613,2011-02-23 17:53:56,3.4
XmIyqvl9487pGH7gvrkjgg,Amanda,286,2014-02-23 15:30:48,4.57
St_-kC_BBIGxChO0JDUGGg,Cassandra,180,2009-09-22 22:34:01,4.1
oHjUPJHEOGJsrPqu3B_MnA,Michelle,395,2012-10-01 23:37:43,4.53
k1D63h0MmUl6Pl6RF5wMQg,Katie,431,2014-07-19 22:53:20,4.42
NWKkrswnlRkSrqF1IzliDQ,Barrett,1044,2010-12-26 21:11:19,4.11
W48aWI8oACKFjTt1hBZb8A,Jennifer,218,2012-09-04 14:03:57,3.81
lK7bEhOIdnQWWSvopiBW2g,Rachel,86,2009-04-20 02:49:38,4.49
miEjISOvnBnus62Noy5NzA,Rachel,38,2013-05-14 14:52:50,3.4
UU9aCh4ZN2N1nfFXAiJz_g,Christopher,708,2011-12-18 00:49:10,3.56
gqL5KBs2oS7qobnyd99iKg,Stacy,2645,2011-12-20 00:01:00,3.92
XMgSvrWrkuVRua-M2XPRqg,Lori,373,2011-09-11 04:11:25,4.18
-uGMDCVbBk1gH4miepwNIA,Margorie,225,2010-01-05 05:56:22,3.42
cBdCeXu7FaqpW51VQGqBYA,Ching,277,2011-03-22 21:31:21,3.75
Y_xMGVNGeuftiTj2_IDZ4g,Aran,110,2013-08-09 02:22:32,4.04
XewxSO2jW8KRM79XgS-6rA,Lorenia,15,2012-07-24 19:33:40,3.87
OnINcVI4QaneN9XnMUuvsA,Gregg,573,2010-03-01 06:19:39,4.39
h-5j3IEHSF3jKd_HKEGm0Q,Jeffrey,10,2010-03-23 21:09:47,3.73
nVSWhxT4FKDV4krM6i3sNw,Jim,301,2007-07-04 19:40:54,3.75
XbThi2N1IOrmBsb6ITFFGA,Peter,80,2011-04-07 23:23:25,4.55
2otXDEiKDqUbox4BS6uK0g,Mac,481,2011-12-18 02:43:00,4.11
IaxoYH3rgl4GJqXQBuu7zQ,Christina,97,2011-02-13 23:16:11,3.89
mD8T6tegVU9v06osh8W2sA,Bryanna,710,2012-09-28 21:21:35,3.79
Hs9xKsfZNNiSl5ojhAN5vw,Summer,422,2010-04-17 23:15:52,3.17
0r5ziLTmKo7YbGxDAL6XcQ,Christopher,299,2012-02-08 18:41:12,4.55
J-rYGAr1hcyt7rT5MiVWFQ,Gene,881,2010-06-06 05:13:10,3.85
bmOuwh_dy0n3GIccYJpZ5g,Rafael,823,2012-05-04 15:12:27,3.75
DXNaZwb7fSwtNR8Lb6Zp5A,Erica,462,2012-10-29 15:05:51,3.51
Lb-0y35-vafOkfd9YBWXLA,Steve,467,2013-03-30 22:07:05,3.96
JI-NtoWdFehqsoP8idOD_w,Henry,263,2012-12-11 06:03:11,4.92
ut5tH2ITDRUH5NQ9I9gdQg,Gigi,1010,2012-05-17 18:42:56,3.67
i31I2AtpnxTv7ePEWD9m-A,Linda,169,2012-07-08 22:21:39,3.73
ntOtORHKYXbx9kpO5N2vKA,Nancee,732,2014-08-08 12:42:50,4.44
kmo2-gxJkZjsTDOMXONjRQ,Jeana,186,2011-09-04 17:02:57,4.36
rogD0iL3FNrixPwhLg-o9g,Daryll,565,2013-08-19 22:47:42,4.02
V9j7n_uEu72bPSqlJGKVdg,Craig,75,2011-11-11 23:09:42,2.75
1NXoQbVnUKPxQdmA-KfYfw,Sue,530,2012-04-05 07:50:28,4.22
1uWt3rL2GJiptcflQa35Jg,Jessica,473,2012-09-09 05:48:21,3.92
3bdVKDG-dCmAj6WeRU9qcQ,Aria,10,2010-10-26 20:39:51,3.33
yMEsTtgZMnofpWkt7dC4pQ,Jason,11,2011-06-01 16:45:57,4.15
-exvXUUTiQeHhtvpzhKq7A,Steven,1446,2013-10-31 23:21:45,4.16
HMGg5YlPYKPEfn8qljj18A,Tesha,220,2013-12-13 15:38:17,3.57
8EIZ1e5drpdN1agO1t5EmA,Mary,176,2014-09-24 23:17:24,4.22
FwRIArLW3gPwCBoz4xPm5g,Joey,11,2012-05-29 13:45:17,3.79
FGmWx0hFD-h3YuTEql1x2Q,Kevin,704,2013-03-16 16:23:09,4.07
GB1wNOUbzMkI4kwoh2DtAQ,Mancow,137,2013-10-08 01:18:38,2.89
dusl6MaLSfYbE83_iVO2KQ,Dawn,917,2012-07-26 20:45:37,4.09
cGok9ycGn_HvZaht9xkyPw,Jen,327,2011-01-22 08:19:39,3.52
XyD_NQoeZWFIjZ7F1Cvqlw,Jane,57,2011-06-22 20:24:08,4.77
TJ8Hawan8jDIZHS7AAZJwg,Max,173,2013-09-04 03:04:17,4.44
fUftLdEke0dUniW42ZynnQ,Ryan,42,2010-08-07 17:54:22,3.42
ZTPrkhWFuT4HlSifIFWb1A,Willa,73,2010-04-09 02:28:36,3.9
85rGU0L7rS1AoSdtxQIKag,Joe,451,2009-11-02 02:05:59,4.36
Q6E66wyWs8OOC_KxDLT4MQ,Robbie,525,2013-09-30 16:41:12,4.02
DgOwhEXArKaAhf5dh7bpgw,Patricia,24,2013-01-26 00:09:27,4.04
uIjj7EIVBU4kGNgmKPO02A,Israel,384,2011-10-15 23:15:51,4.61
vVxiqE5yxdemqsQoi3xN4w,Jenny,259,2014-02-25 03:20:32,4.23
nMN8t5MSDRLDE1Yrzj0vhA,D,287,2007-06-16 21:53:08,3.33
z4RpPl09kAzkSD6y2ZQnDA,Courtney,1278,2011-07-17 17:21:21,4.1
LNPyE5X1K5B_flcTCH9StQ,Ania,685,2014-05-27 18:25:14,4.15
BOAMBz-svKl-ZGeSVowWOA,Karl,224,2012-08-22 04:45:05,3.97
e7fVEiodQMWFRzi6rNAvFw,Terri,149,2013-10-17 12:22:14,3.62
Ny4NJ-xg8TDjAK2GE3F7Qw,Yuka,500,2010-08-02 00:19:24,3.8
svFLKTgoPjO7nQu5bFxsdQ,Omar,383,2012-12-03 00:56:17,3.77
3ZrNpwmVcnenLVkFWzvSPg,J,34,2011-04-06 04:01:31,4.0
KGtl-GDHmyO-ABSJknDBSw,Brian,132,2012-07-23 03:54:54,4.0
T1Roa_rMKSB8k9OuoKRw7w,Abigail,106,2012-08-18 13:54:46,3.66
t4RLfHlTiaC8zy15fnXG3w,Rumit,1362,2012-01-08 06:29:38,3.85
z8ITpOm9mCT9YF1GmRrprQ,Amor,171,2014-03-18 13:56:52,4.02
lUAeIFEtaEhiRL-n4PLeyA,Rachel,179,2009-06-28 22:27:09,4.1
TtuLyYy4Gf41XA2JUQgY8A,Charlotte,299,2011-03-14 03:08:08,3.17
8690gLMZkjXU3xzV-DObTA,Susannah,192,2011-02-05 18:12:52,3.69
OQyo0E5jZjI7o2lkrOw3Zg,Hector,50,2014-08-15 04:11:39,4.33
-7qUbOVWJp2NT3f_TNuIBA,Betsy,166,2014-08-01 23:28:04,4.42
94H_GpNYcCeDvBP3XCmusA,Melanie,797,2013-08-04 07:54:41,4.23
fbO2EDVPgRk5UQ8NE7QVHw,Krysha,341,2013-05-10 15:42:07,4.46
8QUU7dAKtFxnp9JopweEoA,Tom,47,2011-11-20 17:50:02,4.02
9bvlW5Gos1kxzvcM3c-12w,Don,812,2010-07-07 11:49:32,3.88
QxAqWsC5e-OjSHhU-8HVWA,Christine,50,2010-12-22 21:05:33,2.67
yFY8wveTclT1mRQxWAEewA,Jennifer,1144,2010-01-31 09:03:08,4.22
03TKD0ESJVDIIeBoinGDXQ,Alma,270,2008-10-21 21:36:26,4.59
JrW0TTswNsApOj0n24kUiw,Luke,14,2014-02-25 16:24:58,4.27
5v8AnPSXUdDLs6196RYnZA,Hannah,306,2010-07-08 23:40:12,3.88
84t6jpyclA55TMfMV0X0kA,Sara,1038,2013-09-22 23:01:21,4.22
RKkg0t9Z4gv9zMa32Y7pvw,Nettie,165,2014-06-10 15:01:11,3.55
WKIW7tWyMq7_XN0V2ouo0A,Rebecca,1547,2013-01-11 13:12:29,4.44
mOloBIwSJraBh_LAb0tWNg,Lauren,26,2012-03-26 12:22:44,3.77
Q-Aa04TTvMJgQTP97sHxiw,Yeashan,150,2010-07-17 22:20:37,3.63
r8GpBm9dbvBpciwnafPqmw,Karl,32,2014-03-22 05:23:34,5.0
whINg-cC-FiAv_ATDGMDTg,PatrickJ,3775,2012-08-25 15:08:58,3.7
ZJ2jcCWEpUiFy86Wg1ulcg,Tom,83,2010-08-28 07:05:51,4.28
CdeyZZ6ZGhvs7YCzVheeRg,Emma,865,2012-08-16 18:01:31,4.39
nu9OxU-eqrv7PD9fKM_xFg,Anthony,189,2012-10-27 06:21:42,4.24
K6pcBk5_vqfFb3LJqA0P0A,Tom,49,2008-04-23 15:34:44,3.98
Bb_kFZkxOxkKxo2B9NzVNQ,Mike,327,2014-11-29 17:24:48,3.87
j6SSpgZRwU32k2ZlLWKoAQ,Michelle,102,2014-02-01 17:09:27,4.36
doFhBZMCQAzshdb94hv7rw,Wesley,181,2012-05-25 21:49:40,3.71
FJ5MiSCocJ_nxWcnVhk6TA,Glen,275,2009-07-30 18:17:42,4.06
07zgPowZ9npflBPiBf7otg,Santeri,278,2014-03-15 18:59:42,3.67
iNIxjH-qoi0DW-0M2ML2DA,Willy,996,2011-07-25 19:54:48,3.79
d6zIVWiJyPB6PZuAxVexwg,Robert,787,2014-03-19 04:51:17,3.65
wIemXhoDs4MraPvrsetKOQ,Shantel,153,2012-03-03 17:40:11,3.67
HO4-64uz5xuSmjfhP8Doxw,Darrell,162,2009-11-11 22:45:43,3.79
4cZ3f3i0Slv2W9mLN_VZBw,Haneen,661,2014-03-19 23:03:35,4.2
FMmGJZtWMhnNoLNc6nncUw,Susan,76,2013-09-12 18:51:40,4.1
zl75qAtJr_RheU3d4D8GgQ,Jonathan,231,2012-06-29 08:49:22,4.22
-FZBTkAZEXoP7CYvRV2ZwQ,William,2095,2015-02-19 19:06:34,4.45
yVuvJCUGfdRnRgAdz9ql7A,J'me,240,2010-11-08 20:53:58,3.87
B8PO3z0Fy-FHlOvD2moCNw,James,437,2012-04-13 17:15:16,3.62
v0tcLGknvRRIDVwH4LG1jg,Brent,75,2012-08-16 19:52:43,4.21
oRFa3bx6JkVxBkvDDe2JeA,Ric,502,2010-08-26 21:16:41,3.56
Cnc4ganvTT6Uy0rGGi1Cbw,Anna,34,2013-08-25 21:42:33,4.26
GD0AnaoQO2ymuLXw0P1PRA,Regine,193,2012-07-22 22:29:42,4.01
Zj0QvMoxfhVRL5iUGqbNMg,Christine A,207,2013-12-27 19:27:51,4.24
fFKhHqwhENswtBQQGGhB9A,Rachel,316,2011-12-18 23:05:44,3.89
hx3IPyJqbkgzuGYzSsMX1Q,Sharon,93,2012-10-05 10:47:49,4.34
AoAUWW6gyXF22zrWBVQOjw,Kat,213,2011-08-15 17:53:23,3.64
X9LI-PPreQLwlDe5lfo9fg,Eric,310,2013-11-13 14:54:43,3.78
KLrTBLpN4csEWKdLX2meYQ,Mike,246,2011-10-04 16:31:44,3.55
p82Oi8n25KffU7SV5yyYzQ,Mark,270,2010-06-21 03:27:53,3.89
61AymMi8D4RTQ2aa1w41ew,Jennifer,873,2011-11-06 22:49:20,3.91
asDZ5PRvzR-YBbzZaclTnA,Steve,628,2011-11-14 00:07:14,3.7
E4BsVQnG5zetbwv2x8QIWg,Charles,726,2013-06-21 23:46:17,3.14
yKjSyMKBIDtovONtNs7QpQ,Merica,408,2010-07-31 22:00:19,3.75
Ymi6SLVPnCkSxUh6dcOq9Q,Kellie,572,2014-12-16 16:48:07,4.28
q3y2k3IM8HaU5MkiD8DzXg,StaciLei,122,2014-07-22 03:43:36,4.24
HmreZAKDF0mci7WwpER_lA,Jess,136,2012-09-08 22:11:23,4.14
iJDgB8rVNmC0rGAqSS1kYg,Jessica,51,2012-05-31 23:18:50,3.56
SXYWt825y8ieyG9sOVNYWA,Dale,660,2014-02-12 15:08:36,3.25
ZR_I8YASiWWKbnqRUfdktA,Annie,72,2013-09-12 04:44:56,4.32
ctq5ep2NMKKHu52xG-JA1Q,Evan,66,2010-09-12 05:22:35,3.89
fYz2voIxcCk5W3Af6IF9Iw,Morgyn,86,2010-06-11 20:41:31,3.63
YsDbMDO7GAfcqZOwicRzdQ,Sofia,292,2013-09-20 14:13:43,3.95
m2Fc8dp3pWvn0joJwAfByw,Ashley,217,2014-10-28 17:45:07,3.42
HMJgWLrMd3r_cA-E4dhCng,Christina,69,2011-07-25 05:23:12,3.52
lv5TnHGfrSb_CIisOw0irg,Jay,561,2011-01-26 20:42:39,3.69
bq1Si40ayzQedbsu9S70uQ,Kara,129,2012-09-02 03:10:36,4.16
37ztQXVgezRc6qnYGp--hg,Michael,198,2013-09-25 19:54:33,4.28
i8XivEwxoXXCfFl46CqBoA,Shizuka,58,2012-08-28 23:25:24,4.03
Wt-dSc-L33pKiQ4mdZv3nQ,Tiffany,760,2011-05-16 12:35:41,3.67
9qxZWyZcgYZJqPTvWoWjBg,Stephanie,616,2011-11-03 07:01:58,4.29
rgSvA65McRv57TwBuEMA6Q,Nicholas,104,2015-05-10 20:23:18,4.0
NsicWaIz8TqYAbkIpi3wFA,Bridget,7,2006-08-04 15:07:52,4.0
KFKrsDRkeo7KqQCm3IN5-g,Shal,865,2013-04-01 08:10:06,4.05
JomVanfzaZ3zS1ZzI2wO1A,Kristine,113,2013-11-30 06:18:07,4.61
jhvreOViehq5zA4p2dgSVg,Giang-Tien,1358,2015-03-28 02:33:27,4.1
ObSXluQeEYiOP9l9muFlGQ,Bridget,777,2010-08-31 05:03:13,4.16
s3nnI4VLMNI1M7_zk0n6kA,Marjan,166,2009-03-05 17:53:23,3.85
dtDIBfZ7QbiLnhtYVrY3oA,Rebecca,114,2012-08-12 07:12:52,4.59
qw1q24_zFrCEvMuzZLoK5Q,Stewart,243,2013-06-09 15:06:42,3.84
keBv05MsMFBd0Hu98vXThQ,Jesse,910,2014-01-11 19:25:49,4.86
G1qrpwKTYn70UbJS_S2sDw,Suzanne,281,2013-02-10 16:31:23,3.48
sl_0uFLO4RKCefQNcPTaEw,Zoey,221,2012-04-03 00:44:20,3.88
KFy8JHIOvgd6XDetjsIfdA,Amanda,228,2012-12-22 04:24:17,4.0
yQRxY8c-rLEGxM-EyjFYkg,Tom,17,2011-09-08 17:56:10,3.79
ZnVPP4sofdkrgsoBGNCcqQ,Jon,881,2009-12-22 00:18:20,4.34
-vPtYuV_dMPb0Bbzg9ECVw,Annikki,182,2013-05-09 17:16:10,4.16
DovHB3_UYWi9hzooWaYKDQ,Alejandra,54,2018-11-02 15:17:53,4.33
rkdE06BbheP4gEhb3ooH0w,Eric,1118,2012-11-02 03:36:37,3.95
kfAs5S1XGtZZyO0QCuXD_g,Greg,477,2015-08-19 15:48:07,3.93
H6o_yPcR97FHMTuKFmvprQ,Lea,474,2013-12-24 21:59:02,3.49
bPvtFRA3nr333FsyjQowZw,Ada,621,2013-05-05 19:24:58,4.56
ZIXaxKy4SSVisS7Zy252tg,Ashley,142,2013-04-01 12:12:01,4.58
B5hIg9qmbe5gucXtlt0Apg,Hilary,36,2011-03-12 07:46:04,4.17
2LfAnsDKkf32TKkk9vixww,Tahirih,122,2012-11-12 21:39:11,4.08
qySkAnnYcFlGO7rwcQHHMQ,Lloyd,259,2013-12-09 03:01:32,3.69
EleQKGrUDo_-zvpfOVHYMQ,Majeed,206,2012-02-16 20:41:53,4.82
yZ-vbhFPnhInlnxxEQyVdw,Robert,1117,2013-03-23 17:10:26,3.95
FdAbGDumj39MvXa0vH_pwQ,Wayne,163,2011-09-06 01:32:26,3.07
N9hqTPQu2bmI8c2Pj8F1ww,Sar,844,2011-10-17 19:52:07,3.9
eodLg-yycbuXUGMGy4P9Ug,Jenny,717,2011-08-15 04:19:01,4.42
yWtJ-26y4N4E3NWknzLKOA,Brian,21,2013-08-09 21:29:56,4.57
kDKH0fcQsquMKt-ErBQ97Q,Mark,111,2012-05-06 12:13:18,4.28
fbqb-z8c6e7d6SiyM2tHPg,Kenneth,170,2007-08-23 21:25:23,3.42
it3e18BmT4yLPsYf-Vmn9A,Margarita,123,2015-06-26 19:25:32,4.32
tQco9XTdKcErXPIfVPsNSQ,Erik,158,2014-08-30 23:47:57,4.07
Ariwz06at3CtbWZM-gPMAg,Vinny,229,2007-04-25 17:36:34,3.95
jte5OCBP9_EuypMnQmYXmg,Wendy,179,2009-04-24 02:24:47,3.75
iU9Aoz63LYmoT70MgvTq7A,Mia,271,2014-01-27 06:43:31,4.63
ZuVIbvRKwpL0d2DIHVAs3w,Chadrick,700,2013-05-19 19:08:48,4.29
6PWUTlb2hRu0SlzcE3IX0A,Alexandra,339,2014-08-02 17:25:15,4.28
w0Gp4qYFLhB6PbKrPhn6Tw,Pamela,341,2018-10-11 20:49:34,4.2
2ASSfvbV7lPeqbQlWQgMVA,Moe,123,2012-11-03 19:40:43,3.3
wtB-MzCS7weZOlF28okQiA,Carolyn,24,2010-12-14 18:55:46,3.72
kzExLqulSFnd5iBXWyxewQ,Jimmy,8,2009-06-17 16:37:55,3.67
WHe5tyJbVpkvO_3meMUrdg,JD,484,2010-08-05 00:21:28,3.82
IHLHxc548GQgBmOm0V-30g,Larry,454,2014-05-27 17:05:40,4.12
XuyvAX_JHmyIKdhi_DgQtQ,Sarah,5,2013-01-30 21:29:16,3.6
XgyM_Ba2l65zhyYJQn978g,christine,133,2010-04-11 09:45:25,4.46
SIHDDRwe28uWyAe763R50A,Julie,174,2011-03-09 23:47:39,4.15
VlyHGaMz3gbbQz5hytCeGA,Melissa,1446,2014-07-15 22:24:25,3.93
XBeEmeV16yfP9EXLiqkRhQ,Amanda,415,2013-10-31 01:45:46,3.8
NlJXVOhbzhHIJFobjTmO9w,Koi,672,2013-10-21 20:47:39,3.94
qDrawiCFfdSBa4MfQu8c6Q,J,27,2009-06-23 21:21:24,3.54
Gfxb_D1k8tueAoGn4cseoA,Yuko,1993,2013-12-08 01:09:50,4.25
eAb3tetlLV9KmjVNQ3HAwQ,Jesse,17,2012-05-09 01:53:43,3.41
sCpZilDWQslqVKk2xUJKQw,Kristina,776,2009-02-28 16:24:23,3.94
gtOg-PrWNz5Odl6ZMzyvEA,Jessica,206,2013-07-19 18:58:04,3.64
6UMnwkazW4KYC-C4yl8PWg,Debbie,876,2013-12-15 20:36:55,4.46
54-9e0S8JkMC4OZDPIdHgw,Luna,77,2011-06-30 01:54:15,4.28
P5F6tfuzk9HgwC5ZqfbjQg,Keith,174,2013-06-04 04:05:51,4.81
e0dy-6wb5MSLXhJnOlqI1A,Jolene,149,2010-03-25 15:52:20,4.03
GX0FKxi3OjDABcw4XwQ7Jg,Lynda,296,2011-12-04 20:12:38,4.59
LPqV0W54xzjB0hEBKR8fjQ,Christina,192,2010-08-02 20:14:41,2.98
5BdPcd1BAIGbhNTcSr4aJQ,Chelsi,695,2014-03-19 17:19:35,4.09
8-T33ahwX9JjEyPzyv7xiQ,Warren,146,2010-07-12 20:52:22,4.65
H1DKDA3I0XIA4IIfFju9AA,Curtis,163,2010-08-14 20:42:14,4.15
GS6g_BVu38AXLEVu8Vc55Q,Crystal,85,2016-12-05 18:36:46,4.48
G9P3h7ZGdbdc_Zt6IKC2vQ,Amanda,873,2013-10-23 20:20:18,3.88
e5hwGgorUG6KX-eSO_UCcA,Mari,527,2012-12-21 00:50:09,4.05
q_U2W8GV7YzMoRQMv-Zzww,Adrianne,188,2013-07-03 01:00:11,4.3
XYh5gBDuBSPHUW-TUi2_TA,Christie,475,2010-12-31 17:33:00,4.53
Z4gOjvXRYzB1svBOnWoG7Q,Melissa,326,2011-08-31 22:48:06,4.2
wDmVI9I07DniwYAz8_cBPA,K,104,2011-02-18 16:44:29,2.91
eTxxyCHNdOVdKm1F_ecU6w,Kyle,58,2009-01-29 19:49:41,3.53
uswU6iDxsvyNpL1_OnhZ2w,Marilyn,371,2008-03-07 18:51:10,4.0
yg_jZsZwfbNOGyHjIbksrQ,Tony,397,2013-07-19 23:48:57,4.07
5NrM6LjqJPRYj1zs6xHneA,Lance,489,2009-11-23 04:07:20,4.29
rc0d5GifHEiOP-GRh7E-8w,Tiffany,86,2009-07-27 22:19:50,4.33
SzE_k1gwqVC2P8oOaj4tCA,Nelly,109,2017-06-24 21:36:30,4.52
cRANsQ5E_sxeQ0Aoop3drg,Amanda,133,2013-11-27 00:27:57,4.2
nULyHeWtD4_Yb5Wv5TdX2w,Mary Elizabeth,138,2013-02-22 03:49:26,4.28
kjaUSiRWhR9bF9KxOMbVvg,Michael,1233,2014-08-23 21:19:25,4.01
im1piwjKBavmW1-tbqhqEw,Jenni,499,2013-09-14 18:01:05,3.69
033vQdWDVUgBR4gzTUuSvA,Emilie,98,2011-06-03 01:46:22,3.43
z393W1wNCBtcM-fNYIv_mw,Sehe,56,2014-05-29 03:30:35,4.16
lt7bNHl-TXziny4FETu8nA,Megan,949,2015-06-18 04:19:47,4.4
yrBxqMkCx19SNdd71DpcRA,Joseph,256,2009-10-27 17:17:41,3.7
nXoMel2fnA_dbgtZgpS0Uw,Kamille,223,2015-06-28 14:54:59,4.29
NIaj2mcreClg7-_YMcev5w,Dalina,154,2015-02-20 18:34:33,4.22
zo5yKFeETsG2wGUAAMcA_w,Elena,151,2016-06-15 23:02:43,4.19
7IiqZbckugoEK1x8E-l5jQ,Lynn,283,2010-09-03 04:14:55,4.27
G6iPJLyRP-t2sjncGppnQQ,William,703,2012-12-30 18:22:09,3.75
V3XYG1zKuW8VUBNtjacoxA,Max,382,2018-03-22 10:47:39,4.51
1F-IPccT6oLshLicNT6aow,Your Mom's,588,2014-06-11 23:40:50,3.83
FhY1IXX3phu_PS_qVpSY9w,Michele,161,2013-02-08 21:54:35,3.87
n7VTcg4-F94ziJ4eRERSdw,Marilu,1211,2013-05-12 06:35:08,3.98
dxUhjUbLs5IZkn1V37Kp4A,Julie,1896,2015-03-08 17:38:46,3.66
9y5Vsz7dDoO5yHG42RKQFg,Whitney,33,2011-11-06 03:21:38,3.48
JrVVkg7ThLnqVLCpvx5PBw,Harkeet,38,2013-01-10 17:33:47,4.08
61yERKmEa_0mkZYy_3PNAg,Stephanie,226,2013-04-26 00:38:08,4.5
_FHSBrOKVhJoV02mqmN8sQ,Janeisha,218,2014-11-20 17:19:46,3.96
Tn8iXFhLvKL3N5oxGI1Qww,John,107,2011-04-20 06:34:01,4.73
hogWQi--Ht_Rp171YFky6w,Rina,33,2010-01-30 11:38:35,4.21
JvzAo6oerqiHkWvftSQgwg,Nichole,42,2010-05-28 14:34:22,2.19
J2q78CYC_sLEHxZ-1dyZbQ,Rachael,170,2012-04-28 18:48:31,3.85
w7dWeK2SKc4AJH00pgm8qw,Michelle,1922,2012-07-02 13:52:38,3.97
l38MZfugtTB-ysHAcsnZqA,ken,792,2008-01-09 01:40:05,3.5
XLD6kubIF2PxJf5s7cAzCw,Brian,252,2013-01-14 07:42:15,3.63
kPgNVSxXnhkyWBkqTcW45g,Juliet,1050,2014-07-17 14:14:34,4.38
CsiuZhcYN3yyaT5-QqzYdg,Ricardo,5,2017-04-29 06:28:39,4.4
wTfb2nfzPIyFcYQArdPtuQ,Princess Candy Empire,162,2010-07-31 00:19:34,4.27
QAGZPigQwBWjRc6Pgu7tcQ,McKayla,97,2017-04-11 14:35:56,4.23
myVSDRDJe6RfFgHhPQnKbQ,Jason,170,2015-01-16 03:10:01,3.85
towY93o3D3-RI3AkDFtGSA,Donisha,29,2016-05-20 13:15:14,4.22
assAp-on4SiGbh6gkNuvUw,Aura,479,2012-09-29 19:23:39,4.12
EP0Q4KEe99urpxCd6yeTUQ,Jordyn,89,2017-11-22 20:52:37,3.53
clajhAbCk_r2GELMZdDSLQ,Chasity,123,2016-07-02 05:33:45,4.6
S7jEEZVw3EJ6Guo3IiKCUA,Glenn,267,2011-09-08 19:56:24,4.36
R0UpTIyy6JPU9RBcPNkvFQ,Ashley,130,2016-12-12 19:00:16,4.47
_Fd9KUkBsVjxqoh5RW9Vzg,Sam,657,2014-12-21 07:03:26,3.44
giJqvuH8EC62Hi5WboZ08w,Dawne,123,2016-12-03 00:34:49,4.18
tgeFUChlh7v8bZFVl2-hjQ,Steve,3262,2016-01-03 14:51:26,3.88
7qhFY9Sb2MWXhFX8RECKGg,Angela,14,2010-12-12 20:07:29,3.6
o1JVYrF_LnDpQwsmPpMSBg,Meri,1001,2014-08-03 23:25:29,3.79
-ns4OcYy2LLIfSGBZQDZAw,Amber,166,2014-09-29 16:50:12,4.28
SPQT8wC1gFX3a-EkXkhgdQ,Brigitte,413,2014-07-05 19:27:17,4.48
Cu6dcKerS5U4Pv47Kn6UyQ,Jordan,138,2017-04-25 22:39:13,4.19
ugsZ8N0_GwS2GEWrohqDOA,Kim,143,2017-07-06 16:35:20,4.2
hSY0HclJhbVbyfSkRYQfTA,Austin,373,2015-04-14 19:13:09,4.2
mYsojhlRaKY2-zbbzg8Sdw,Jovan,127,2014-03-22 01:27:48,3.64
mIEh1Z_3JYUrLYFwuVONSg,Randy,247,2011-04-07 21:38:43,3.8
ng15Bty1Xh_NjessNvJrdA,Katie,98,2011-10-31 05:20:58,4.6
FDDI2eWBkZ5BFajPFVW-Zw,Betsy,1183,2012-07-03 14:43:46,3.31
-TBFZ48Er0nXjSZpG4BmBA,Jaime,361,2014-05-19 18:44:11,4.18
7_zsgbji6dRTota2oHa7AA,Aaron,54,2009-12-30 09:01:26,4.11
LNEXz0drBNtLHwrb1G-VPA,Lori,691,2017-09-08 02:30:56,4.01
9E097uOiJYGgbnHpp-eP3w,American,191,2011-06-13 23:10:33,2.98
yAB89vOBgaR8S8L4E3dvgA,Dee,299,2018-12-17 11:42:27,4.09
GnaBQoO2UfzLdxe5pI8Qog,Cornelius,20,2017-03-25 16:09:45,4.25
xFeyKub-ppks20tF8QIgLg,Theresa,89,2016-12-20 14:34:59,4.01
aYa5DvAzmOfdUOHJLiWAYg,Patricia,182,2016-10-09 14:43:44,4.46
OkRiwbCLCcICvziQE-vxCw,Adam,33,2014-04-30 11:41:07,4.61
kQgmjLksME7DbDlP9SpInA,Reen,610,2016-05-16 03:01:35,4.37
6s_WPgmk98JxDpkVW6hgvA,Melissa,66,2019-03-25 01:37:33,4.01
w3kBEVUMf4C6GkcBT4vPuQ,Michelle,118,2009-12-29 23:01:58,4.55
eq3aLYl5MUhwB_ECAzn-xQ,Neil,136,2015-09-05 23:10:42,4.18
ga15a-vdGbAmWu1hWiWjOw,Dana,11,2013-07-10 21:10:06,3.23
w_zyLyhl58RJOtC5OSKAxQ,Michael,1967,2010-09-12 20:47:23,4.55
vTTd3ZT34-7pkxpW1zmVIw,Anna,512,2014-03-14 11:38:56,4.59
xirjSwnrFjF87rYT97EG4g,Colton,427,2014-10-12 22:21:38,4.26
fb6GGfg15x2W9fJ4hAQJ0w,Danielle,139,2014-09-06 18:52:05,4.23
xT_iguHXgDDUFwkHlOGZjA,Brian,257,2013-06-12 01:17:25,4.14
WiQFLDULDDvjdUMpUNAEvQ,Baheejah,5,2017-08-02 16:33:21,2.17
IZQ3nFHqAUoLKGcbub19vA,Jen,87,2016-04-27 01:29:38,4.48
n-iTQUXN2Y-meUP_YrXGTg,Zack,1047,2015-07-25 00:18:37,4.05
I-4KVZ9lqHhk8469X9FvhA,Susan,1184,2017-07-11 18:41:14,4.83
3UFFy3y9sYiVFJCJoaROgw,Kara,277,2014-08-03 00:32:03,4.82
hXDmnMVbICNWbEUj5Nt95A,Carla,260,2010-05-06 02:38:16,3.4
8j_g5iy_pKiJgohWtXLzVA,Aabell,130,2012-09-10 12:48:58,4.0
wvqJuQD0V6ShBAeZEq8W7Q,Max,541,2014-07-07 17:05:03,3.72
wNkocr_IYQu1luLxqYWYHQ,Ali,14,2016-08-02 15:26:19,4.14
PKFgiJOXEZfoAhMLYXUqCg,Kim-Jamy,258,2011-04-04 02:30:07,3.87
1OMTcgeVcV0nmqVMCnoeIg,Sherrie,190,2011-03-12 22:10:11,3.99
6WiwqW1UorLCKYMiCuKALA,Kahfii,95,2014-12-04 15:20:11,4.09
1w-EM0mPtqoIZAgrB2N5MA,Kathe,261,2011-07-23 18:03:54,4.18
Yj9TXFf1qNuIyVFT3EHzDA,Michelle,741,2014-02-18 04:06:09,4.31
4pmi_-u2xM3yeXhXds6I1Q,Abrianna,93,2012-02-20 01:19:49,4.56
MuQhiK9Z7xIymRRcxJMojQ,Leena,693,2011-07-09 22:32:29,3.81
hu53X0AgSKMt8UuHjp5ZLw,Dani,672,2015-04-08 18:18:41,4.19
i1t8QVSzFW9uZr-4K_abjw,Brian,204,2012-01-02 22:22:14,4.24
aXpiHi7FW_wOIe7nGFRSDQ,Helen,519,2009-09-04 02:08:19,3.3
nOpAuahhd7-lJ8BBlXIT8A,Andrea,239,2015-04-20 16:55:21,4.62
VspP8zMI87c6O0Eh30rX-A,Rose,100,2016-12-17 23:55:19,4.34
EmdwTL-b1-Rw0Y2vVJPWYA,Anna,279,2008-12-15 19:39:53,3.9
u_2FxpNdIBWyX9fJ3yQx2Q,Michelle,3,2018-09-22 02:05:49,4.67
5SKqQa8vE5tGeB8qm4YTOA,Grace,62,2018-04-11 19:04:16,4.0
b_lvADSHDu_ruDcEMDampw,Kayleigh,45,2018-06-28 15:23:57,4.62
DThNvUdFQ88ol3-P7aOHpg,Alexis,116,2012-12-26 23:22:09,4.56
XNSipd3ZL7DoYdvGubj9kQ,Stella,69,2017-06-27 18:45:23,4.51
1k36zEvbfj3HEHEnqcLAUg,Stephy,271,2012-07-27 13:30:51,3.77
U6zA3bzUGAcvy4_-izntKw,TuongVi,218,2012-07-06 00:23:02,3.79
eaTFfaJVVf6ASr5dBWAOUg,Sydney,649,2011-03-12 04:04:40,3.79
2LevVWSroAYmQXOJ0iY6Ww,Chloe,72,2015-09-20 23:50:59,4.9
v4IZNWNryJCZqI3QOO07Xw,Terri,443,2016-06-19 12:00:06,3.6
ojc6MnSQqTN4S0-ibVsUVg,AJ,229,2017-03-28 19:17:58,4.1
xCyrTXHiUJaJiMdadI13Xg,Andres,954,2015-09-26 01:39:45,4.28
pxMuGIlHip2Hav8kvUadLA,DeQuilla,363,2012-11-04 21:43:01,4.36
aKQS69MIMJpT-UpxieaHRQ,Melissa,37,2013-01-21 00:47:14,4.19
LQJ7jEWxBBLYiaGVWdN5Dg,Debbie,701,2011-07-05 02:11:30,4.28
Kkwsx-aq8Qd4FJ7XevBf0A,Erica,6,2013-01-04 05:58:02,3.55
m7nSwHRMpGKQcB3dyqurZg,Keith,111,2009-03-28 23:53:05,3.65
TFwdSSKw3vWJgj0lqqd-iw,Michelle,243,2011-07-14 19:01:04,4.29
pvkFc5LNbUIWPTqHkrQQdQ,Nick,8,2011-08-07 15:56:52,3.13
M5SNo-S6p-oPzfDhIQkbDA,Amana,605,2012-12-25 01:05:09,3.64
BpJygDyhzDf7Pw1Is_5zSA,Lourdes,542,2015-10-19 01:26:17,4.17
gZ5EAATKZ8Riv9VWIqaYug,Vicky,132,2014-10-11 14:58:15,4.04
YNh4pFBa88NA2zUiHqBLqw,Chris,81,2013-09-13 02:12:15,4.06
9ZjwzgwOeStg55dku6CFEw,Rick,74,2011-07-09 16:16:34,4.21
t4k3EWfRrcEGpknAwJ59Vw,Andrea,306,2014-02-06 01:32:09,4.23
n3aKJqRTJM8JjrFn_l6NwQ,Katya,200,2014-12-12 16:02:50,3.85
TRFyKGJ4cDtKIAPQOFs2HQ,Ashley,100,2014-03-26 02:58:52,4.05
sCOjoM_buXFVrnAFLVYktA,Shameika,581,2015-01-27 23:03:53,4.23
vSzO0rw4EU_lQD4L-v7HKg,Beam,51,2012-08-12 23:12:59,4.05
DhZnSoyq3mVUsADMJw6JDw,Sarah,643,2015-01-07 02:27:34,4.1
L8LFwHCqg2LyQmPEHVIiMA,Christine,376,2014-10-29 21:53:22,4.28
8InzGRRwbY-NJ0sPgBOZGw,Hannah,62,2018-12-10 14:32:02,4.37
RhP4oyRMvxgYhSGHyJy_1w,Evan,776,2015-03-23 00:12:40,3.96
5rXm9JMg9kNYpPdqWbxZpg,Gabriel,155,2014-04-22 05:57:38,3.46
QJ6NNkFfwl-POaj6A_48eQ,Yasmeen,29,2008-09-22 08:04:46,3.87
S5-yNGUdDoSnp5A1puYjIQ,Jason,233,2015-08-30 17:16:40,3.91
BgRhdl9PNVTkM7AKEgyv7w,Mallory,224,2013-02-06 23:02:54,3.98
_cpU0VVdQcfN5AnuL6M56A,Paige,1295,2015-05-15 03:20:07,4.07
5L6rlDKGIiftsB1HLtUMlQ,Aileen,371,2017-04-18 07:00:12,4.16
bwr5uzJHnK3v9VnOFNdDXQ,Abbey,291,2011-02-10 18:36:00,4.55
y5f8V54D5BVMfHJpeuqQjw,Scott,48,2014-09-12 23:18:21,4.25
fBAoEWbN2mJYPEceDaCC6A,Michele,240,2013-06-27 20:51:24,4.16
debGk_nyF71K2KOfZt5TDA,Jennifer,229,2015-08-02 23:48:58,4.32
XJuBP5ttHUEdL2zPVJZJHg,Abby,68,2015-08-07 14:47:55,4.3
IJqv941lKCGdywEdxf2jRQ,Cindy,102,2017-06-19 19:06:06,4.75
c9nnnaox3miKi5p10yXtSA,Kathryn,116,2008-03-22 12:39:40,3.9
0J0iZoR4FJZpUwazxUjuJQ,Candace,401,2013-12-18 04:37:02,3.87
7A92EOqBTOfKL1gZpVB_sw,Lydia,132,2015-07-26 16:02:14,4.44
N5rthmlZ7HxtQ084nIB7dw,John,105,2014-02-10 00:10:01,4.5
ayQ01cxRgLIGfU1_N89Eww,Rachel,533,2012-11-21 03:33:32,4.04
QdADKJ8zTuybNCkOrTtWSA,Hannah,429,2013-04-08 18:41:22,4.0
Cj2TmRyZ3cXjVWY4Q6otZw,Larry,15,2013-07-15 02:32:15,4.47
kKuN_D2Z81TaXutP1hScDg,Darla,155,2009-04-19 02:46:52,4.31
LcKE8icvQvd8HvnGbEK_rA,Theresa,5,2014-11-26 21:07:39,2.2
81M9MYz6Z_IiEPshrkhGrQ,Kelly,808,2015-03-19 11:04:55,3.91
pNdo_Y8k6nxuLkQ0h1pzgw,Chandler,4,2015-12-28 23:09:03,2.6
F7A2AQ2lDKTjJIaoZ-kH9A,John,127,2011-02-17 17:20:30,4.28
Cwhly6PJGXu_5mvwVxzWkg,Keesha,760,2014-01-31 22:02:43,3.4
8CSd-C5PgFTVv2SZtrujPw,Josh,156,2015-09-16 20:24:27,3.45
EycZjJS9DH2wNNPa3wbGIQ,Cliff,417,2016-04-12 03:01:39,4.78
5nLsZ3ouFAlysZ8QICEaTA,Magaly,36,2016-10-05 00:32:48,4.0
PDjIq_nmePoT4VaJxeOg3g,Jill,146,2016-02-07 08:39:11,3.44
8mP7FhDX2_TKtz3oNwJo9Q,John,305,2013-07-12 00:22:35,3.68
929PfaH3f1FQxg-ySObMBg,Ryan,281,2009-10-03 14:25:23,4.27
BqcFc5DWEPo-U6_uAY9k3Q,Rick,147,2016-02-12 01:59:28,4.87
Ij5RI575UJXWnGUv0B2vMw,Richard,31,2017-10-08 13:36:27,3.97
x2o1ofZkPms5MYmu02ygwA,Tony,131,2017-06-15 20:23:01,4.14
vhK4JCEOf9xZRh9liv9QyA,Anthony,208,2017-05-15 12:26:41,4.61
I98SbG7kWzlUNpAaMBTODg,Samantha,148,2018-09-18 08:13:29,3.98
cnQXH0wqMce-s8P5gnUO3Q,Aundra-Lyn,417,2017-08-24 01:11:23,4.29
lkMBPtHKCRZEsmBHxO_tdg,Chris,402,2015-06-06 15:08:29,4.16
QiLRN_sdJSGkWtJnPCwE3w,Lillian,1006,2016-10-01 03:15:28,4.21
R0_RUi0dGRe_yZ5JLZgvRQ,Darryl,70,2018-07-28 16:59:47,4.03
vZ0Lfdf4RAWhMx7viX3UPw,Judy,619,2015-11-01 22:05:27,4.06
gsbIzzrAJqsEgN63Rt8RjQ,Allen,49,2013-01-14 13:40:50,4.58
8iu09dJ36sPQIYYXzp9k_w,Jessica,86,2012-12-22 20:08:57,4.7
oM_H0lSJDGM63K7kPx95dg,Cassandra,46,2014-12-20 19:00:18,3.78
Eu_pC_dC_-zq5-z3xvUeDw,Deanna Marie,18,2013-12-08 06:58:29,2.05
ijF3tr_FZcIzI6Bwu_JpBA,Kelly,109,2015-07-27 19:57:21,4.37
8wgZq7qVsVDzMVNKsutBmw,David,121,2018-09-12 01:48:23,3.98
B7laWmiMZHgsxiHk2U9H9A,J,337,2010-09-13 21:04:38,4.02
txfAvviwWYqarxQv65Er1w,Rodney,30,2010-02-06 18:21:38,1.61
oiB8fJMd96MNUugca5cvig,Cesar,201,2012-03-04 08:25:10,3.85
THU0eXkboAWId-ZlWCMl2g,Julie,480,2011-04-05 16:41:34,3.77
GjFuzpMVFAz_BUBqwA-4Qw,Abigail,81,2018-03-05 01:27:57,4.31
3xBFFH866WoySDG7uuwBSQ,Tom,3204,2016-10-02 03:46:37,3.96
49sNJ1cHVRW4ao2tAUL9Ng,Heather,159,2013-12-16 19:43:04,3.83
kA4HsAXSDiqBZrJa5zqLzQ,Tina,67,2013-12-30 16:31:20,4.19
Mj2t99eE92BL5AZUHwbNGA,Emily,162,2016-01-07 03:23:36,4.05
djr7_84gX1nbLACNQ-RsIA,Kalliope,116,2011-03-09 02:32:58,4.41
ibr0CbZqpHKGmpTG_rmuyA,Andrew,96,2014-09-02 14:50:17,4.87
WBw3oLgQKOWTrRxLUX7nlQ,Mona,216,2014-05-21 01:31:46,4.39
oMCYSVLYYwfepmXjr86g3Q,Benton,28,2010-03-23 00:41:49,3.75
zYtlZo1al5gHMRQviGFDgA,Roy,230,2014-08-20 03:22:59,4.07
sf5socLRgAC0FQBiKITDXg,Laura,76,2014-07-27 04:14:54,4.49
psfyYolDxz8KChs6A7mIwg,Kelli,130,2013-07-10 21:15:31,4.51
2daYFot2hTbBdayKPrv-aA,Nina,356,2015-05-30 15:43:57,4.32
fb-jb0wjKBtZnuUH-3tU1Q,Reviewer,56,2013-03-03 02:32:37,1.95
EHkOfvfgot8tm0agVd5sFw,Chris,562,2015-07-17 13:24:28,3.9
XS6LEJoORdlpd6NnDKSpKQ,Amelia,56,2013-03-17 05:30:23,3.95
PxtTzk45ISAdLNDXfmII_Q,Aaron,167,2015-06-15 01:22:25,3.81
UBr98nMhek-w6XtazKRyYw,David,147,2017-05-06 13:27:25,4.73
pSp_9luw5LaKHV-t1VAYag,Gale,7,2016-05-06 00:30:27,4.14
5UowAg35JaQX5DBQ4v7_Vw,Reta,1230,2012-01-09 13:59:07,4.26
9YDo_bXNjo7f59TPrYNp0w,Brent,241,2015-12-02 16:40:50,4.07
zPPNyikI-w9w9v66aXIikw,Vanessa,186,2016-07-19 21:16:42,4.16
YTu0c-1I9ECeksIgoHXFPA,Laura,2228,2013-08-02 04:33:32,4.36
fafQY-OvIFOO0ail09Mvgg,Ann,602,2016-04-03 09:05:35,4.17
1WgJN1I971Ddno30nQPBVQ,Beatrice,90,2014-12-29 04:17:41,4.22
Ad8lg8eD5VseGw5o-xaJCw,Kristin,466,2015-01-09 05:22:22,4.36
oFT6DDu2fTIg_5_2M112yg,Anthony,107,2012-07-28 21:26:32,4.16
Xv3ckcl1D7bcsWJc3ZHdQQ,Cecilia,475,2014-12-06 03:17:22,3.55
hCy4Kkyo4N0fFLMDpKjYyw,Mallory,332,2013-02-24 22:47:52,4.27
dZn_Aqvyh-Fx0CkbcQdYPw,Johnny,9,2016-08-10 21:44:20,4.2
OCizBSsT7V0TceW2pSbzYg,Philip,41,2016-03-17 20:31:44,4.12
G9D8fK_ffX1q9kO9i-6_KQ,Robin,400,2014-12-27 19:38:22,4.48
LGABwF9U75AZiczeoAkcTQ,Ashley,564,2013-09-14 18:41:56,4.12
XzYyKC84ccqgw0DccAgEsQ,Shawn,81,2016-02-21 23:44:25,4.68
ujjp2kbOMManSzLFvGrhGQ,Richella,22,2015-06-10 12:36:37,3.52
hdUp-AyYzAGApIr940KIQQ,Amanda,48,2014-09-15 22:31:53,4.4
HRC0R4mQGJqpfQ0PvLCC_A,Susan,1226,2016-10-12 20:45:50,3.91
ag0Ko4cAXf1fdKXD52gGeA,Jenny,63,2017-09-29 00:14:06,3.85
w6OPX0bAyxIFKWkGDJrtGA,Linda,136,2016-01-09 23:02:16,4.74
3HYMGGvS6mG0aoZohy0tTw,Myan,231,2015-05-16 13:20:14,3.51
gWZETLPu_ihAtLOYtrm0mw,Gabriella,231,2016-01-26 23:54:38,4.33
-__Mk4KYnfGnyYEi9NKfPg,Andrew,1182,2010-06-12 21:32:58,3.83
TaEyaLfO0sB4xqk68nss9A,Paul,11,2012-02-27 22:45:55,3.55
TO0bPuHD4La4L1xcqd5z9Q,Jaime,99,2016-02-24 00:46:38,4.29
gFqu21iRic5I6ARoSWqpxQ,Jessica,68,2017-06-13 02:40:32,4.25
tFSyyQ9kj0YQB11QLRx-Ww,Arianna,315,2017-06-20 02:21:17,4.16
pK2w9UgmSe-cSqIScplZKg,Grace,153,2018-10-16 16:10:48,4.55
icXaNPayF7WpgXMJkeGzVw,Monica,144,2017-01-06 01:16:58,4.04
6C8Ne6yRu6TzBLbhfhdduw,Austin,211,2016-12-30 22:23:33,4.08
mGHP3esQQqCEicHLRV-g5Q,Cara,337,2015-12-02 13:24:21,4.55
ltoCiJfNd_jYVbYc8rK26A,Aryo,375,2011-08-23 09:43:18,4.55
kGefLtC5H7GCGXf694bNlQ,Tim,3,2010-06-27 18:43:14,2.33
feN0bl0HGx8v4pee-sfAog,Melissa,73,2011-09-27 23:51:58,4.33
ZHU-mgW3hUvjjctbXyRfQw,Aisha,140,2013-10-29 10:19:00,3.6
RzF5S8k1gboLT1_0AEmMug,Carissa,40,2018-05-08 21:30:29,3.38
nFG6O3rGCiWDnboitYcbJA,Simi,180,2011-04-15 13:17:33,4.08
Y168y3YkSgY_ptXwp0E2Eg,Chris,124,2018-12-13 01:06:10,4.95
nWRDqA-XXdju1jOMnN7QcA,Joy,652,2016-07-30 21:54:08,3.91
a4IgqHdva08RBnEV73Qk3g,Lacey,906,2015-09-07 22:50:33,4.13
2M3Kp9kA2gDRl6WYZRAbPg,Karen,234,2016-10-25 04:17:06,4.18
HqQGPCrt_ZWX6K5QVNXSAQ,Karissa,92,2014-08-11 02:21:07,4.25
aO78EAQXcY0_6cX5LdosLQ,Jeff,39,2010-05-09 02:15:46,3.19
NT1mgLRQ2d_zyM6ksuVA6w,John,10,2018-09-21 18:33:26,3.8
HpcqeJwnBCTZhMgPpUsslQ,Sarah,299,2012-05-05 19:48:26,3.77
CHzrqfoktd1_z3paHRKuRA,Edward,717,2014-06-21 16:02:39,3.81
VQVhi5ObTQ8PE8glP5ZITw,Samantha,408,2015-03-15 13:25:54,3.89
HmrLyqR8skk7ReB2vwJ4HQ,Jeff,622,2010-08-31 00:09:42,4.39
NP9R7p32u_tTkCV717eB7w,Kate,125,2017-06-14 01:52:28,4.68
tN9bJ8D0dmLJfMo4AMctNQ,Mike,3,2016-01-10 00:13:26,2.33
-9-uNREEWNbkqqsTuZpCRg,Lana,485,2017-01-02 03:48:30,4.26
NhCou7yj-VHGes5O4XryfA,Meanole,381,2015-08-01 16:46:20,4.45
5sHW8Ptz55XCkeMehWKOSw,Todd,186,2017-04-02 13:17:36,3.87
qKn9QCaZRwq-d4R4YkqsUw,Monique,147,2014-04-30 11:13:53,3.56
9SlcwQAgtVBdESfwbIsG2A,Renelle,147,2018-07-12 14:32:22,4.09
2db7UH7qOD35M__0wZKt4w,Priscilla,362,2013-08-10 21:39:06,3.97
U25kwzIUl_YV4h-KVp9fvg,Paolo,71,2015-04-22 02:30:12,4.58
iOwFKiOEMoISJyvHozaKag,Michelle,109,2016-01-04 22:02:04,4.11
ujzUWpLuTXsxiqg0gq_p3A,Winnie,112,2016-05-22 04:54:16,4.48
ZtQr5DOhdD0yCJxal6oqlQ,Cee,186,2012-11-22 00:07:27,3.76
RCFkgRl54yHMXLtS80-DbQ,Alixandra,252,2014-06-02 23:02:30,3.95
M6GhCo2b6PjirUSLb0IgZg,Kevin,355,2017-08-10 23:06:08,3.81
z03iTOSGVPox3JxAs41yLA,Christopher,172,2013-08-17 02:39:10,3.63
tmk9UysAEwAj0PA1icTJsw,Cory,268,2014-02-16 20:28:16,4.59
lyxvWcFLoho5AB_GzZmdhw,Emily,991,2009-12-22 20:18:38,3.81
48frnroabupeTYxrZZvbIA,Richard,220,2015-11-03 21:32:54,3.85
wEjmxj1p9cftZcFKv7F33A,Alex,221,2013-03-08 01:08:00,4.61
Hxbl3k9_1vZkwe2v7SxvaQ,Steve,1814,2014-06-19 19:19:03,3.72
quqkZJJSm79L6ghOFvvY3w,Stephen,322,2012-09-07 23:01:50,4.07
ipjlD-L4w_ktG05iJECxlg,Ben,177,2010-04-09 04:48:15,3.82
lXNtSJvp8EqHzwtA_NNDQQ,Alison,62,2012-11-09 19:47:09,4.12
h8HSnBfR9H_yOjILX4Pqhg,Sonya,904,2014-03-10 21:41:15,4.01
aS49PVvvoAAXf9B66ovyaA,Lori,70,2014-09-05 23:54:34,4.5
U0o2WkxhZId0eL1LzYgsKQ,Dani,119,2016-10-20 02:26:10,4.74
-sg-8Z_pPd6bqLGrV31OFg,Cerena,436,2015-07-26 23:23:23,3.73
0QbByQUNJB7ByoxJe1klbQ,Samantha,127,2017-09-13 01:54:49,4.28
S-TfcjAz5PtE6WimFEvNoQ,Veronica,75,2015-09-13 19:27:26,4.21
90zXuxcuzE7wFzVQCTKBlg,Libby,571,2016-01-27 00:29:17,4.05
XkHe39fTAhIpjfpY6MLmdA,Vincent,113,2018-08-21 01:37:59,4.4
f7MYPukre7MUZvh_wIXruA,Zee,135,2012-08-14 01:42:04,4.02
tsMF0FcFcHZ8i28WzWtQXw,Susan,282,2013-05-31 15:15:04,3.91
DKFVR3rof_LXMbqO9N4-_Q,Lisa,450,2013-08-11 21:36:50,3.97
nhlXSTW453F3587FKo-Rsw,Gretel,849,2016-05-09 17:00:07,4.34
51MT2EldvR7fMTvU1MYxWg,Adriana,233,2013-04-27 21:14:49,4.26
N82O-pWWp8xBJJH_UNJ0HA,Darci,838,2014-04-05 16:08:53,3.85
-G4tTVw-FMTYWZTALYpzlQ,Raymond,166,2014-04-23 12:48:20,4.17
b3-m9Vb-KoSoCuJwNqa9ZQ,Lissette,178,2014-09-01 21:36:47,4.27
sGMB4rFamgxbFOKAmiJ0mg,Deanna,185,2013-02-10 03:16:20,4.24
HHCK9DrxYXJti067oFyPyw,Yvette,51,2018-12-03 01:25:26,4.0
4u0Pqm4gsu-QqDcPDM5RmQ,Karen,141,2010-12-28 18:26:07,3.89
kYaIip824VPdTbUUd2M92Q,Jerry,83,2015-01-13 01:21:08,4.16
iWU7Ek2sJIkbelaWcFtGkQ,Ross,7,2013-10-16 16:54:30,2.29
v2pb9frfgnYC1s_kTcXHBA,Tracy,117,2017-10-09 19:54:20,3.83
ojiN3u-8CVBPBisohY9_5Q,Nika,173,2013-01-21 01:38:31,4.24
sqF4ovq3uOKHkNwrPc070A,Stephanie,163,2016-11-07 02:19:21,4.42
Quww99MxkPPxU1iKmo2QZg,Leslie,84,2012-09-02 17:03:54,4.58
df4oOKSWoWPgsJtokCcd4g,Yasmeen,78,2014-11-29 07:10:26,3.64
oXBhr-GbxjceT-g1UjBqLw,Melissa,846,2014-11-21 16:26:26,4.12
qimxTm_J-nNVwOIIpx_u-A,Joe,524,2011-07-31 01:55:30,4.05
KJsG9EzN88bgSrNrsdPiYA,Cali,187,2013-11-02 03:52:30,4.44
ez_0ZOmof9vuacg0qZy8qA,Velda,89,2015-07-01 18:39:43,4.3
ybrpTFzyL7_n0j8huvXlVQ,Andy,102,2015-07-19 22:12:02,4.29
KNt6RzxrNxIBTUF0NhcPyA,Stacey,118,2015-03-15 23:46:42,3.55
3n5UEZtP96GBNpRXNF0QNA,Bell,361,2013-01-30 00:32:57,3.89
CtXVj23D4KqPeBuYHEGVUg,Elizabeth,107,2016-08-19 21:49:43,4.2
PJvFo74j-0iQ1Bp05mowKA,Lauren,25,2013-10-23 15:57:54,4.32
xvr3-SyZpb-4DGIl10s63w,Theodora,59,2014-03-30 14:40:46,3.44
oA8x8UWG4Tf3aMFJ8evp8A,Britt,11,2011-06-20 22:37:15,3.83
Ja3kUT6fmLP8vQfoQMfcrA,Olivia,69,2019-04-02 22:28:03,4.27
cOAL63dtaIdEjUUOceK8ng,Liz,28,2013-01-13 20:33:02,4.43
6jjHo9Lilv3kTy87pm2ycw,Kaitlyn,466,2018-04-01 10:31:25,4.1
9nXXKNYJKpALfcaa_ZssDQ,Indigo P.,147,2013-07-27 16:40:03,3.81
cfNFEZ7xE6ldtY5ARcQVWQ,Rod,238,2011-12-28 02:43:19,2.5
wmdDs2XtJGp1NDWocZDPaw,Lauren,88,2019-03-04 03:42:02,4.66
VHeUpDC37hePXOSc5w6QKQ,Brittany,48,2016-06-19 16:40:22,4.51
D-bqLpijiXykkuY1RMs-9g,Phalan,158,2014-05-13 16:00:00,4.16
0KUbWJfYyoN6MPgDGNFF-g,Linda,222,2010-08-26 01:56:29,4.59
MICO1G49b4kCrKDqOMpsxQ,Chassidie,217,2017-09-17 14:07:14,4.55
_Xp7qtD8XXUWyINtIps4bg,Danielle,104,2019-01-19 03:32:01,4.27
cu2hzLrBL3qY3Wo0wmDaxg,Sahar,58,2013-03-23 23:41:23,4.38
2kicwiHD5Nj3PxKuseKDtA,Rawger,138,2011-04-21 23:27:39,4.13
GR7-1pQrgIDcLXAtSpO3cQ,Bianca,91,2015-10-31 23:54:19,4.33
N0zPkywxRWcdwIdDydRjsg,Anj,201,2016-01-28 17:31:05,4.28
oJp7znV0fSp0kMMaOuYpsg,Annie,138,2019-01-30 15:53:24,4.08
JNbkJ4kTt8hfK14GtOCEfA,Maleka,71,2014-12-06 14:33:59,3.9
eg2oca7uVYE4HwH0o2uD-g,Jenny,168,2016-01-19 05:13:38,4.08
9X7nV5z6xPssvayASKJq7g,Mike,83,2014-08-11 23:43:10,4.21
rfFCDTjJMN7ChYcCKkcHag,Eve,229,2014-08-24 21:18:19,5.0
7iiyW82qCBMXS9Oa0GrxBQ,Emmanuel,142,2015-04-18 20:34:54,3.34
5nGMPVyeDkOqXuynHMrkJw,Allie,288,2010-02-03 15:43:37,4.0
u1coHew6_4Asf_5rY7zm4A,Celena,192,2013-05-16 20:21:31,3.78
_67Wjd1Gaf_VbDNbt-r5_Q,Atira,197,2014-05-13 03:43:23,3.93
EJuB6-MPmUECYUyduR2xmg,Lynn,331,2015-02-07 19:14:52,4.51
zElrxzMygGHQr2M6ZlW77w,Anastasia,86,2014-04-26 03:08:24,4.57
f-bmguOsdvHzPIwDlOHsAg,Kathryn,88,2014-07-20 21:24:58,4.82
EdXUqEI_smwvG7Kez57DnQ,Brian,71,2013-05-04 03:57:31,4.64
hw5zmHc2QaiO-LCIs5MqHA,Taylor,100,2015-07-11 02:29:48,3.62
zr9iRYJCXhAStphyiEdHww,Robin,9,2010-12-03 23:23:02,3.3
AVLJAYdoeyI81qi8ppkKYA,Mariana,94,2016-02-02 18:39:22,4.71
ili5-xzEGg7FhNVUKe_5OQ,Grisel,32,2013-03-10 17:25:36,4.06
J80w5XnjWeqRDpNyZM-3DQ,Rachel,50,2016-03-12 20:50:56,4.45
23Q0Mw3XtJe7nDkGynOj8Q,Stephanie,75,2011-12-01 00:48:31,4.8
Xu7itIAz90gMsN33mzbO9A,Delores,118,2013-10-19 06:42:40,4.17
MNOTjUt48QS_Mf_79gr7Cw,Ashlee,71,2016-05-16 03:14:55,4.38
VDZ51Sr0vHsIUwfZ6d8vmQ,Ebony,157,2013-03-29 19:58:12,4.23
5wkw8oWWumsncnyfdH56qw,Tamika,220,2011-05-23 21:49:34,4.06
WqScj3d0EiisaAwa-KSA8w,Tabatha,273,2012-09-01 21:40:48,4.29
1cvHek57wGceg2MJr4eF4A,Amanda,121,2015-07-26 03:17:43,4.59
WMJ8EG0uDutRAYgNIUpqgQ,Cameron,20,2015-04-12 23:03:18,3.4
pHAXWbzL3Zubw75DKXM2ZQ,Chase,279,2015-12-05 04:57:21,4.36
HlxU2HzThdEEbbeT4pDjAA,Amanda,76,2013-11-09 22:35:59,4.36
CLgNOL0TMoQdOE1BG0HnFA,Gina,28,2012-04-25 16:17:48,4.47
ToG-oQVqhKp00tjlSxQZTg,Karminna,22,2017-08-17 20:48:40,4.68
ybN5igJTmnkFHXU4qseiDA,Tressa,98,2015-04-20 21:33:33,4.4
SB0v_3xMDi1HIHF7PGF4Zw,Jeanee,222,2016-06-23 16:15:49,4.08
BLIuKUclBOYdnet15Mj-qw,Bill,21,2012-02-03 19:51:46,3.45
lBwCXMmeXL7hiIPyQ55OiQ,Lazerwolf,16,2014-06-25 23:14:34,4.5
H11jS_iT9_bUMaVxH2AIbg,Stef,144,2011-10-07 15:08:05,4.69
VUxK1Y6Fl6oB68fpHixJlQ,Nicole,4,2015-05-28 21:34:10,2.5
MvLOVsIHlcBjlcaWooVrwg,Luci,11,2018-03-31 01:46:36,3.67
DRpslyOwxPu5wU8DC7r7uA,Donna,9,2012-10-07 21:09:12,3.67
V1jAX0iNusAVG24Z8PBTjg,Edward,15,2012-08-19 16:43:11,3.53
Lg0orR-jutw9qwmz9FH8QQ,April,255,2012-12-30 03:39:30,3.57
vuoTTzJH0lQixt3gcTROUA,Kim,6,2015-10-01 14:31:15,2.86
XorrHKNbvh_TJKUHYuxbUg,Keith,29,2015-08-13 00:50:10,3.37
nAf3vXdyQDIvIgHprruhOg,Amanda,424,2012-07-23 22:03:28,4.0
UZOm2svtUK-lGt4oTvh4LA,Lorence,220,2019-01-16 22:34:49,3.81
reOsjVoPYkAQyVVau2crFg,Nicole,3719,2011-10-16 18:29:16,3.32
7OhUDTt1udbQwhJj0aD_FQ,Roxanne,198,2017-11-28 00:22:19,4.39
q3REJnRgidfOushLTm83Kw,Kristi,320,2017-05-13 03:37:24,3.84
WVdObKHcfDTvJ4lG9lqj_A,Bev,83,2012-06-15 23:44:00,4.27
oPCL1w4043guov6mj-rRcw,Tiffany,156,2016-05-07 19:58:59,3.85
exMcVUxhd_SKTV2ZZvek9A,Rafia,62,2014-11-20 21:21:13,4.4
if-xoZlfGXhmkiGheavlkA,Vanessa,121,2017-12-22 17:30:47,4.27
NgsEu6AyDgy5C_nFtZGglA,Leslie,39,2012-10-15 17:35:05,4.51
UeyvjAQUyDpY8eC479e2cA,Steffi,100,2013-11-19 09:30:17,4.61
nb5g2OniHBjRkt2giZTzZQ,Stefanie,75,2013-11-16 00:28:34,4.47
V2UYaMOC95xNzdAaOEtOeA,James,954,2013-04-05 00:19:22,3.48
lnd2WbIloNeTkKkvIRS6LQ,Leslie,81,2015-10-07 22:42:28,4.46
qQkGAvvHqxpGn4ejf4dQKw,David,174,2017-03-05 01:17:06,4.07
s6eSGjdgiCiEdm945tkGnw,Stephanie,12,2018-03-07 23:42:58,4.58
KpMMCkNaCvIEYtA_g6CzeQ,Whitney,66,2012-10-05 18:58:52,4.74
nrgTQWPyqB_m6p-9Dx0DqA,Kate,32,2009-07-10 18:27:32,3.86
-VOCFO1QSCjAxl_0LIrZ9Q,Leyla,99,2015-08-28 11:36:35,4.38
fDW5Z24ugc_WvUP5WcnkQw,James,68,2015-07-31 17:09:49,3.81
mpjZ3OA4vF1XKngp1pgHnA,Rae,48,2014-09-03 19:27:04,4.4
naZLLA4hQ2rALXHq3xLXrQ,Michelle,52,2015-04-09 06:08:51,4.4
Akf3aJfabb9DO3FufzebVg,Morgan,55,2016-08-11 22:26:48,4.43
XqceyLgJztk7b5haKY5J_Q,Becca,9,2011-06-01 18:16:21,3.89
yPXTeDUgD0PcT_A8A_UReQ,Adenike,87,2015-08-07 16:23:53,4.41
MRZ0kv1a5MsaC19fCdHo-Q,Rhoda,166,2016-05-14 19:47:39,3.9
YeiMabWJfsJnsq2RktGfmw,Hiba,81,2014-03-28 02:57:12,4.25
o4TZ1rmRUVit0MJF1fouMw,Marvella,342,2015-03-21 21:35:02,3.85
ooPAEYfz67q-rKKZbqHuow,Anna,149,2016-08-31 15:32:21,4.27
_XsPIKdXUN3IdFiQz_EzVw,LaDeana,16,2017-09-16 23:21:58,4.31
UWVm7z8pDaJqBpM2gRXq_w,Jes,68,2015-07-03 19:17:14,3.77
FXTJeknePLCnw6KURnrRPQ,Sara,17,2014-03-31 20:20:40,3.94
R7NM7vIyUfSTXvMsw7jNTA,Marshall,840,2016-09-11 18:21:55,4.47
MQifB9MR9BbDGuL9FqP_lQ,Jordan,99,2014-11-22 22:30:16,4.55
D0faGVJFyGg9BiQmjp2EUA,Michael,1126,2013-09-03 20:44:18,3.46
8XEo_febPGQLlo-bxq-FZw,Matt,22,2014-12-03 23:26:09,3.42
Fnrg4htxMaIGOhPpHnr24Q,Lindsey,56,2019-04-14 18:15:50,4.36
wZKrJhdfKBss8VlbO2kDlw,India,23,2018-04-27 14:28:26,4.6
L-qIv1hGyMToUnuyQ2r77w,Brendan,64,2015-02-11 18:53:18,3.93
j_zFfi3a473iyd1rah6_oQ,Dennis,437,2009-11-05 21:07:01,3.91
giQSReOdlfwPd9dND2FvDg,Giovanna,134,2015-04-08 23:54:39,4.24
KE45Oo3VbzXApZVtEnDjDA,David,200,2011-12-11 02:52:21,4.35
vxQpIUEDKF8khmdbhSl5VA,Christine,7,2019-06-19 00:42:48,2.86
rFEruugBZt1T2VP0FdHJ2g,Connie,102,2016-07-18 18:23:43,4.12
_1dECu679ZPymrwrCQilvw,Katy,103,2016-09-27 14:27:49,4.44
aN9nWudz5rfar7rHr9lHfA,Cheryl,162,2015-06-18 22:19:11,4.44
iD7XezJTazpuumNWEkzNnA,Ravi,116,2017-02-07 05:10:35,4.1
Y8TBzS9sZ1Fi4FqmqvSvSA,Alex,68,2016-07-30 01:01:26,4.21
ZNPI9K-JufHOs0wXkDv0HQ,Afshin,670,2013-12-04 17:44:32,3.91
0uzkllJlOk0a--cCRYm8uw,Amber,85,2017-02-01 09:41:42,4.06
G0Ex17NeMJUwqNIl8Z4ecw,Michelle,211,2019-06-28 12:01:19,4.35
uDMVdKN96iTB9RlMHx2Isw,Amelie,120,2016-02-21 01:06:27,4.23
Z1wU1Ba29df5lYUJL0j8Rg,Nimisha,119,2016-04-28 02:21:11,4.07
eUXBZmfifZwWPCbWQy4QBg,Kate,22,2011-12-07 21:41:09,3.09
Z250xbGXhPUETOwjnOJTpg,Peter,13,2016-07-07 15:25:44,3.54
6I6zQ1F_GYd3BBYndsoEIw,Ashley,185,2018-07-13 15:21:24,4.09
-CzwjrantVGMmZB8Qj_7-Q,Ben,153,2012-01-25 18:13:34,3.55
Glq_5Fn45I4HkNqRhfuDkw,Jason,297,2011-03-13 21:31:01,4.63
eRzcez8kTQbY8BH_M2yRvg,Yen,11,2010-05-17 03:11:06,2.57
SQCkvaqmgLcRkn6T6pZ7AQ,Felix,61,2018-07-01 17:11:34,4.49
8EU6Sj6vrh--AS7kUAjVNw,Alex,98,2010-07-20 17:37:14,4.05
iEYYcHrhEPwDtUgxWoHuGw,Hannah,98,2016-12-21 20:37:52,4.5
GDvqhDJuREZtFN6fjt6TSg,Paul,154,2013-11-15 17:02:35,4.8
a4-GchhHRAQwGVKXakuunw,Valene,44,2012-08-10 00:10:46,4.13
JRMIB3YI-rwnL_t0kr_Qsg,Robin,132,2014-01-03 00:45:13,4.63
aVoIhTlHIkUaWFxr1gYQ4w,Julian,48,2013-02-06 21:53:25,4.1
z-yHwiVOV_MRG6gtIeZN9w,Heather,14,2013-11-30 18:40:06,4.14
aARSbRkNGGVLA8mWwESOyg,Steven,574,2017-06-25 18:56:40,3.8
tUW0AXg4C3H9TP5lyhoQuA,Chels,161,2015-01-12 01:48:40,3.9
vgB4SxbepNvUc-otkzkkZg,Chris,252,2016-05-29 00:26:23,3.59
FBjDXRHY2oOR5WJNgRgTEg,Mark,44,2017-02-28 23:39:50,3.73
QwBClXu30xSDkAFuOxIkTA,Sarah,158,2017-08-05 00:50:00,4.11
vnoP1vCDIybjWuD7Z0m3Hg,Giang,79,2017-05-15 21:03:09,4.32
tI-Lrx31bM1v7-s7fV5qrA,Beth,68,2013-11-26 00:54:47,4.59
GjjcFwBbDis4Li26Be1vzg,Terry,277,2016-06-02 21:19:06,4.13
fXywoMpU8PgC75LqYR1TjA,Layla,117,2018-09-15 02:48:23,4.58
Rxmww5nPfQSADXK8B2B7qg,Michelle,169,2018-03-05 14:18:45,4.12
lZsehrxUgla4O3uXAdhpQQ,Marty,93,2017-05-22 05:47:32,4.17
gcMPEkEXekKN6mYhLUI-Rw,John,3148,2018-08-03 12:39:48,4.0
aDEQTk-GzjYug7xrwkollw,Eric,54,2015-02-03 22:06:43,4.02
1NUiS8Qjmz5fuDBxvzPvuQ,James,7,2015-08-01 00:23:21,3.5
1ST7FJwQgr3kOJOho5OfPQ,Michael,14,2013-11-28 16:35:02,2.64
_kgC4cRgSv8d60oljIrrQg,Son,137,2015-11-15 17:32:39,4.5
KvI0vuVnoTuCGt05enG8Ng,Kristin,16,2013-12-20 00:15:07,3.37
il8f7LuFgCv04SoCGHHMMQ,Lisa,69,2013-08-29 18:04:54,4.8
UsZv4q6cZOE4-cTJYzK_eQ,Melissa,345,2014-05-21 13:33:29,4.05
CsiBqOglNLcXR8bFeXUhgA,Lydia-Rae,37,2016-04-05 18:52:21,4.19
-1MiSauypbVtNnWts4aXpA,Kay,76,2012-12-16 18:33:41,3.72
1XM9mue9DS16xxlsrRNawA,Matty,87,2015-07-28 21:04:26,4.11
2ADNNGZf6VHNd9QQLu1PCA,Michele,143,2013-02-28 15:02:12,4.51
2VXHp4TFrTl_nJV_EMzU8w,Ben,19,2011-12-05 20:47:30,4.47
2fkmnpfTs6jABoRPLqWg7Q,Whitney,20,2013-12-04 04:31:30,2.27
uYV4fdoQeJ99vgY6_SU-zg,Glenn,337,2012-02-04 02:07:06,3.49
q8qy2-5YFiAIQxqPdu_cRg,Kelly,18,2010-04-22 16:33:19,3.45
B9s_3sIDNXp07KAZhtKEcg,Lin,1064,2015-11-27 18:07:43,4.21
aXEqpBc7mlSegvUTgFJOkA,Denaire,101,2014-09-18 19:43:31,3.93
oQYTjUoaKgn0cA66FF1QQg,Holly,84,2015-05-22 21:53:24,4.38
3h8syvP0p47XvLHQT1atLA,Kristina,112,2017-02-07 14:50:39,3.76
WiC1IYsNB__eQBY95KMNSA,Schon,146,2013-01-06 02:11:57,3.66
lSyr3DZGJft1rYiTLn88jQ,Irene,83,2014-12-29 18:44:00,4.67
1ZfTuwipogg1pL4ICvHHoQ,Jeff,130,2019-01-26 23:56:29,3.63
Zg9051S1dPRhbVGvgbNurQ,Krista,326,2016-05-07 19:32:15,4.08
TByIC8xa764582FYwIwPeA,Lisagail,13,2011-02-18 14:26:54,3.14
7v1tOdllZM1vsjGIt8SbHg,Katy,11,2013-07-09 15:47:03,3.46
wB56ABOU-XWlD4IKZTPHJg,Becca,90,2013-08-16 05:18:01,4.38
kx_sbJbnnIcT0lxmX2q-dA,Dario,13,2011-01-02 13:20:48,3.93
d9kFnjd5OKAdxBG0LdA-6w,Jessica,91,2016-11-05 03:52:51,4.27
Yyzkhs2bcAAFut0jGTcvRg,Brittany,68,2018-02-16 21:44:45,4.03
-t16WTKzFVzbC3sJ2EW3Uw,Kat,87,2017-06-17 03:12:43,4.53
VN3apynnuv00bFwNOnXqqg,Jada,300,2014-09-05 04:24:48,3.97
yYPXd6iMJjhuk15mFSXGYg,Mina,209,2017-08-18 19:37:31,3.91
eYAHuL9j_G7dQChJDLQ96w,Lauren,87,2018-02-13 22:33:15,4.31
u8yPsppWCJoTt9uFS90aXw,Kennedy,31,2019-12-05 18:54:21,4.84
8QHSx03tqV73kXysDnwhbQ,Fran,272,2019-07-12 16:28:25,4.27
Vos_HPh7uBvFOMhu8v4wVg,Anthony,78,2014-10-30 03:12:11,3.73
4Oen5wWrR0UT6q1qRAM0fg,Audrey,77,2017-01-08 19:07:29,4.67
96E5IFpo9Abs1ZhXwigQRA,Sid,52,2015-11-18 19:28:35,4.15
l2Wnf9sde21rxfBvzDlaug,Jordan,65,2016-04-02 15:04:55,4.07
yQbsOEPRQrobIPNU3T9j6Q,Dion,18,2014-03-30 01:34:49,3.37
5c6wU41gy9U6wOsWdzEX0g,Kynda,233,2015-07-02 22:23:19,3.99
KVljnlagu1mZp7KZLVwhlQ,Thu,146,2018-02-14 01:48:29,3.26
qT1-N9hjbyjMW4Mvq4uU4w,Ginger,585,2019-03-10 20:30:18,4.48
EBkes0zPyGzDv61m5KHexA,Lama,13,2016-07-20 07:18:32,4.38
pDdpw_DYXXgtN9FPPi9QXg,Georges,32,2016-10-27 20:49:59,3.56
2YYHBpN8idzZK6uAOvqDvw,John,26,2013-07-20 05:21:55,3.71
PlkcpVx74F5bcjTznVoTEg,Jeremy,3309,2016-12-30 21:18:48,4.02
6QisM8Z_09QPEe__NIcNUw,Sara,324,2014-07-24 21:40:20,4.16
a0y09kcJlsNi8HiItERibg,Sarah,223,2013-08-04 14:08:05,4.43
qQ2HGqHV8L4aB17054DL_w,Alex,71,2017-11-05 17:49:31,4.46
Thj6eXV5lzZrbGjR0lUGpg,Melizza,9,2014-08-31 23:09:33,4.56
4wN4iM2Wirf6cLRWduKsDg,Joseph,83,2014-06-24 21:13:34,4.36
PRmW4serpMhAnmbWohRleA,Craig,138,2017-01-14 23:26:04,3.86
xZ8o-lOcU9M06dfpPKMdsw,Kristine,283,2013-07-28 18:03:56,4.34
Z4GMiHNUMwtwDg-s5i_DZQ,Jessica,74,2017-01-15 17:36:04,4.3
eeErZzgWenz9ck7FGdFUfw,Joseph,1856,2017-09-04 00:31:03,3.93
rnH9fiCEiYrr84zr2joLHA,Shelly,48,2017-02-22 21:29:04,4.7
oqbqGlV0J3yZ09iQopXPkQ,lee,58,2011-08-23 20:15:25,3.32
NbyICxQ51Kan_JtlkmOffg,Monique,55,2015-02-22 19:56:05,4.39
NKZAj21AtSfanbz6Yv-wdg,Marigny,176,2018-02-15 00:25:03,4.74
-cbyeeELqS0YdOLSEhUKEw,Sheena,63,2013-08-15 17:28:22,4.69
5UMeYM52Gog6Z6I9W0oTuA,Shelly,83,2013-11-14 03:19:45,3.98
dp4mTmL61dGJxA-QEfVkJg,William,44,2013-05-09 20:49:48,3.43
MS6PBMI0ovGdswMObEsfnw,Julie,126,2017-04-19 22:10:54,4.72
AL17oUwu-OA0V3L9eJ5ROg,Stephanie,149,2015-07-06 17:41:48,4.26
txFmZvBc0mlu7-TmOVyiNQ,Sesame,173,2019-09-06 04:18:40,3.94
OU7NniisLxW2PJc5odGFxg,Michelle,158,2016-06-02 19:53:24,3.99
swgXXZKjHbgu_TInKmrMXQ,Harry,204,2016-06-23 18:57:57,3.99
DS2EMntB3R_nzLwhdlqSmQ,Kathy,27,2012-08-31 14:38:32,3.75
U_RCft_ROtu3ts2StuKSdw,Fernando,101,2019-05-09 03:44:18,4.14
XNhp8e67LdLuOmqY9LfaPw,Rachel,206,2013-11-17 17:24:19,4.29
7MZPab6F0nProEJbDwdR3w,Benny,55,2015-05-23 01:47:37,3.82
Gs67-_aCJbmR_EQiAMR5DA,Sean,96,2014-04-21 02:03:01,4.2
UcqNUqTvGT6fHQ-PVf_0mQ,Limi,205,2014-03-02 00:25:40,4.17
rn_B8ffTR_3ZlW9FcE1n3g,Amelia,80,2013-11-13 18:11:02,4.77
THJo4sOXgM4jxA9UUocJag,Courtney,215,2013-09-30 23:11:14,4.22
eVSl6sLpS6_mUucMZ4cB5g,Haley,145,2012-06-25 01:17:05,4.66
h_-Cwka6cgY-CjoZVNgrkQ,Trina,100,2012-11-11 18:39:21,3.83
-mm2-9291QyM1zpbnJRfsA,Joshua,130,2016-02-06 04:34:57,3.98
hFnJefu1e2PKNPoP_PwxHg,Pamela,87,2018-03-02 22:33:13,4.13
uVUJpFaw0jXQ0i-d2XIc5w,Jennifer,123,2020-02-08 17:36:12,4.58
f1Mk3ZALeHfs3YnM9ikVsQ,Duquina,62,2015-03-08 02:03:13,4.34
4ztiYhecx0Cmd8i2AUNsSA,Josh,39,2012-07-05 15:24:07,4.24
t5O6wyePxMzjVoDC6T-FOQ,Candi,508,2019-09-01 06:17:47,4.5
kEnBlbw4U0NzUtCEjYBfmQ,Alvin,261,2018-01-07 20:00:54,4.39
CHuttPq3PpoKgdYnxAYKHQ,Amanda,329,2019-10-22 03:08:23,4.35
BIlHF0mv0cu_4m-jLawjmg,Lisa,25,2013-05-18 04:13:32,3.23
hAj8MJKXO5mCTYpvSc58Dg,Ashley,48,2018-04-21 02:48:18,4.31
mQ7nxSdJsak1tlmP2TCPxg,Raegan,486,2020-09-25 03:24:13,4.52
kt_-CReZcurymrzg2N5HlA,Kelly,72,2020-07-16 23:16:00,4.61
YpPdAIm10nrxrvb8WPCRwA,Eboni,30,2013-11-14 13:52:38,4.53
UHXtYHgX4gJawGrWm2595Q,Chip,129,2013-09-02 02:43:14,4.25
VLe2CowQTFedHWa8BGFLyQ,Andrew,59,2018-02-03 17:22:12,4.05
jZq51opDMNLWDWmnIOPc0w,Vilma,118,2018-09-01 00:49:40,4.67
PSSpl29ll8GPZgmDuYZe3Q,Yeara,60,2020-05-08 21:35:58,3.71
TvLSzBrSM1EkzCL1np6imw,Matthew,66,2016-04-18 13:22:23,3.68
_Es93htE7FL4TyF0NemwzQ,Hyoun,104,2011-03-16 12:36:36,4.43
t9n-rdtM8JzZLWtoeqU09g,Lara,24,2021-03-04 22:08:17,4.13
fLf6PgHJi9wAiWZ6kvuIqA,Rachael,255,2015-04-10 00:47:45,4.54
wq17JQzHw4gkLpU7vB_qKQ,Leah,48,2020-06-09 02:48:56,4.37
uXY3lu8b8gQBDjrQ0V9dZQ,Sunny,60,2014-01-02 20:48:56,3.24
lBd2PMaBPdpRbUQEh1hHSg,Anna,227,2016-05-28 14:20:28,4.22
p951o8o4e3cHC1DSyiKP7Q,Ty,76,2014-01-24 18:51:35,3.97
y4_FEeZpdZm__dmnMzFmow,Kelley,37,2016-09-28 18:12:02,4.35
2IFJzxhyqIiXOdClKiI-Jw,Caroline,47,2021-02-05 13:36:28,4.6
ncZG-u2lwT7OaHaMa40CTg,Denise,139,2010-07-01 20:08:34,4.58
n8plPW31abbrccY0CDPcug,Erik,29,2012-11-25 14:03:46,4.9
5gmAqRYbqqDaayg4vq6y1w,Michele,30,2021-02-16 18:26:45,4.1
OACjhgf8nnYGzFnOhA7uhg,Lady,42,2016-06-13 20:26:39,3.04
Zcqr6qojNtslK2_LVaawSw,Yumei Guo,39,2018-11-19 02:13:34,4.75
_zvOYwHK3Sf8Y8F7Tn2bdQ,Regis,441,2010-12-26 00:09:22,4.37
KtoFgPE-gKhBjXBcIqoDBg,Stephanie,54,2014-04-16 16:48:18,4.55
zoS5f0JWThXQnpkxzzUUhQ,Kate,65,2020-09-30 23:39:48,4.31
npwwfCa3PyrQ685y2ismJw,Jim,51,2011-08-30 19:59:59,3.75
WbSzNsehu1ilac1eY-Ol7A,Kristen,7,2020-09-18 21:29:12,4.86
7ZQ_ttWRp-3_EfpwPAqSww,Allie,48,2013-11-04 03:58:18,4.46
8Daz-3479FRw0wFUAr71pA,Sara,74,2016-01-10 10:35:19,4.41
DIIHH3R2ei7hdnv4eNzLJg,Jordan,53,2014-07-04 01:00:35,2.7
eBanYH_QYCBrSF1ms1wUpg,Athena,23,2019-02-10 21:27:41,4.17
k6AwCajLT06J6cwC3SqFcg,Shubhi,110,2015-03-16 01:41:29,4.6
xgjhHk82pMGIEp4Q9WTHqg,Maria,77,2018-11-18 15:02:41,4.74
X4a1WSMYCfG6H46Fc34CUg,Veronica Lee,135,2020-01-21 14:52:55,4.38
h7rQuTZImo4t4w00xElwvA,Kia,94,2015-06-12 21:53:26,4.77
_LSt8ZGpTUsZAVYZqta7jA,Jennifer,16,2011-07-20 16:50:14,3.42
uTvcneiZqQMxmE9jRr2Hbg,Bernard,50,2019-09-17 17:05:56,4.27
8bZV0MWnt4Z-bJvLObD9Zg,Anna,35,2016-12-01 05:51:09,4.31
WS86EtpLh2zKVTvik7d-Wg,Shanna,74,2013-05-17 13:43:26,4.56
Oe-iKp0X7luTvlpDuWmgBQ,Sean,24,2020-07-18 02:57:38,4.42
ZUjtrujFUynsLY7lHc2zow,Mike,134,2013-11-29 23:36:57,4.19
s9p8Hx6ZKOlWv6VEVrQuVA,David,66,2014-07-06 01:13:09,3.37
TwoySZgw93uN6VcXJD5iJA,Jermaine,15,2018-01-27 21:33:06,4.6
qxt3k9js4ZB1dRCdKeiTog,Beth,42,2009-04-08 13:52:34,3.7
19m3hhoGeu395bstp0HlIQ,Nessa,11,2014-09-20 05:30:48,3.0
uMVzlSm_s3L8rKYGPXILfg,Shun,21,2010-07-24 15:55:12,2.62
FUAH7JjTvd2lVRvYbm3-yw,Patrice,5,2012-11-18 23:39:31,3.0
O7w5gTtdg-RpZEsbR7ZITg,Samantha,21,2013-11-17 23:35:43,4.0
t-R7OsnlnKt3Y64N8D_dPw,K,44,2010-12-10 14:25:36,3.72
85yyAqkW8xvwKuDHNODI-w,Glenn,40,2018-05-21 21:32:53,3.21
cY4_o5sjDoytn1DjxPhcEw,Neen,66,2014-04-16 21:23:58,3.22
IQ0FQJDgjJ347LRj5tT1wA,Jeff,28,2016-04-30 01:54:39,3.59
d9oQkb2cISuktxMTbv5CyQ,macdaddy,55,2009-06-08 18:47:39,3.73
Fgd75FbEJ7bRIgp-QYD20w,Jack,55,2014-08-06 00:56:40,2.84
RvI9RpAqywu6jRah1edJDw,Irene,26,2011-01-26 05:24:40,3.58
gffpkrS77GyZboMdv1KCYA,Karl,16,2015-10-30 12:44:09,2.19
yNFX21SM2piMuCWXFa0Slw,A,130,2011-01-08 15:40:58,2.96
HMfZ6XR4ifbRxsP1QdSJww,Jes,2,2014-06-28 22:56:41,2.5
EO6JFFntxgBeOLrGceTbzQ,Mary,35,2013-11-15 17:52:20,3.26
i8XlkqHVq4_9e1zKcTwWoQ,Matthew,12,2012-06-20 00:09:12,4.5
d--A1x7B5t_3DybBmb7rwQ,Smith,42,2014-01-28 13:27:44,3.88
LjFpbvRabuydTDnUTxj0sQ,Jesse,52,2015-02-16 21:33:55,3.68
jB7AMHp3FSAN9nM3S6sWIA,John,8,2013-10-27 12:49:29,2.11
1PGf83F_sJvouqVvLAZwdg,Chris,3,2012-02-25 04:52:50,5.0
ZDJ6EO9kDB1HklRNjamg7w,Connie,13,2016-03-20 14:53:00,3.86
bktVQkYRXtryMeuaUCUJXA,Eznaibet,24,2017-12-04 01:43:28,2.54
c8kM1oLOd_J-5CaiI2sKNg,Wes,14,2008-08-21 02:46:48,3.6
r_V4QAVf60cRx6xkv_M_Eg,Angie,4,2010-11-17 22:38:00,3.25
OoDQrfiiU0gPLSVbj5j-dA,Byron,24,2014-05-02 20:52:44,3.54
81f0mlg4mZrzVIkNKKEYtQ,Sherrie,10,2011-07-20 12:37:02,3.92
lbqj-F0hfB-B6xyIf__nhQ,Dain,17,2011-05-09 17:06:58,2.96
a7s8T9G6etNhN292TlHOWw,Angela,10,2013-06-25 23:46:21,3.55
3VYEhHRd2oVbzaZR6VRpbQ,Pradeep,3,2016-03-31 00:51:52,3.67
WIW_aAP5tkFTxlMSSeiV-w,Julie,9,2018-10-10 17:57:37,1.0
t_Sz0VkbnoQYDWOdxH9rEA,Harper,20,2012-01-14 01:50:43,3.14
LvIdK1DEvwM02N4IM3U9Zw,G,22,2014-10-16 10:59:51,2.86
-p1JEqQ4iH05yKNMjuiqvQ,Callie,25,2010-02-08 20:39:04,3.68
--_N9jPdYR9WdJKQhekANg,Sara,13,2015-10-28 23:32:19,3.14
31upTybYlUCW1YCz6HmL3Q,Peggy,4,2011-09-09 14:02:08,1.0
yggVtSTbiA_9DU5DuxO7DQ,Cheryl,5,2012-12-20 20:03:21,3.4
Bar2AFhn070EBheC60D6xg,Jodie,7,2012-08-12 21:20:49,2.14
ic252LbiVWNkRhnTzq_vyw,H,5,2014-01-08 19:11:40,4.4
m26iq64u9nMj4cJ2WoJwPg,Ron,20,2011-10-30 21:04:00,3.0
GGPX8SdQ_P8xuRdnn4UgKA,Jeff,3,2018-08-05 03:54:22,5.0
szahV7bVMY9anwt6hyrPjA,Farah,14,2020-10-10 16:31:04,4.27
Zivs14N02yDUladU7kIRog,Joel,15,2012-02-02 21:50:28,3.53
8k-HleX2Os_BIBeuwkx65w,MasterChief,13,2018-02-17 23:30:08,2.07
M4MKO2HmwibBpLo9MXUVMg,MB,7,2018-05-28 01:48:55,3.29
q_Iz8OCTbY5zaE0VfqpVBQ,Mister,9,2007-06-15 00:10:24,2.89
cDj11tBwt-ZzHwMqf_QQYg,Chrissy,29,2009-07-13 03:45:16,3.62
znJdrKZVvLEUnpur9hQLVw,Bill,18,2009-11-06 15:13:16,3.29
sQ6ulthSmaXkX6WhlZrmmw,Patty,3,2015-03-31 00:13:59,4.0
Ehr_fx4VGH05sNE7zxZLYQ,A,16,2012-01-29 03:24:15,2.42
nGpjwug2rhIwjezW0pKK0A,Steve,7,2017-06-06 00:16:03,2.29
gkudKQ4Cd9YH3C0o9ZDeLg,Gabriella,22,2010-07-31 16:36:52,4.04
L1hb6IddP6oJc5_FX0ebYA,Cheryl,7,2019-08-03 13:10:40,2.22
GNsWRX6jfY1jRa_s6pocrg,Jasmine,3,2016-08-31 14:23:27,4.0
Jy6xuTtmH3jIkdcNp6WsRA,Ann,64,2010-06-16 21:17:32,3.69
GhFeMF8kUBTKSljlZ795pQ,B,26,2011-07-20 19:35:02,4.87
zZ3pU5MvoaEffde-W9ox8Q,Sandy,20,2014-06-24 00:25:22,3.76
VFldOrdsr4S4tt4oUrWCRg,Ann,14,2010-06-04 22:47:53,3.27
ViU3lMasot1uBokMHqNx1Q,Brian,29,2018-07-14 00:31:56,3.97
o78X6jXeOVjmwk7lmhBJPg,Tahlia,19,2014-11-09 05:02:23,3.25
cLGv0EYYE09UtyiO2_Q4Cw,james,4,2009-11-06 21:49:43,2.0
SyOG4eHZK3wv3MnpiZVX9w,Ale,73,2016-10-06 20:13:54,3.91
fgwI3rYHOv1ipfVfCSx7pg,Emi,1926,2009-09-17 09:11:14,4.33
hBicl52tMVsTecdZSVL-lQ,Leighann,961,2005-10-25 23:52:17,3.94
Vp5DzIiP_MmaMZMZVFFltA,Cherie,1115,2008-02-26 07:02:36,3.56
qewG3X2O4X6JKskxyyqFwQ,Misti,907,2010-01-08 23:29:22,3.95
OHVhLKw_uIE7saIt_S-udw,Mike,1982,2008-09-06 16:34:43,3.87
UsXqCXRZwSCSw0AT7y1uBg,Carl,2919,2008-01-25 19:32:11,3.97
otulukyV-U8qR9Oqjm5EKg,Kerry,836,2010-01-17 02:02:49,3.88
LhFzr2vZDEc2KNHxuiHtIw,Cat,1815,2009-12-11 06:58:09,3.82
KETa97Knz4ZJZPv53CHGcg,Sheila,751,2008-09-18 00:41:47,3.31
1GgldkdtUkRfl3_84w3-Aw,Brandon,233,2010-03-25 23:44:26,3.24
b4doIHtm0F24saFUAiAR-w,Scott,43,2010-09-29 22:49:07,4.71
DX5hTHjdZmHnUV-7oGnI6g,Jessie,343,2007-01-13 16:44:18,3.93
ICwMfseYkrB0ZEK8tDUOHw,Annie,913,2009-01-07 22:24:30,4.06
33Wq0fN27tdcEG-hvIRmwg,Devant,16,2008-12-02 18:08:41,2.94
0CKo5RHHoN6AI7vSMnKV_g,Timmy,2268,2009-06-30 16:36:54,3.89
BlKCEQcc03mNdLA1pVG-XQ,Jack,508,2007-10-26 05:00:09,3.62
Qm2Zio4z2YcJ3eGs4CSAzA,Jen,7,2008-04-07 13:40:49,3.29
Z-1RtSKYQHmqEGpaphnygg,Rashmi,1088,2009-02-20 01:55:08,3.75
f7jg69qMuLExp9SMh-lYwA,Mahesh,170,2010-08-14 02:27:44,4.5
53dkR4-xyhjsCVHfrwiGaQ,Harmonie,1093,2009-05-31 05:32:55,4.27
EqDIZSQ1IsSGZwBkEh9TjA,Mike,190,2006-08-25 16:47:41,4.08
0juzbrgcLHqobdK-OZAyiw,Daniel,1210,2008-04-24 02:53:05,3.55
qVrBO1OZjA4vvkXFNfYtwA,Fran,12,2010-09-17 02:41:01,3.42
Hi3eCXPnaEVne-Jat0SMgQ,Vincent,7,2010-01-05 23:41:16,4.56
-4BEUkLvHQntN6qPfKJP2w,Greg,406,2008-02-16 00:50:02,3.67
OS4I90fQ6PxkuqKhR_cACA,Rebecca,1584,2008-08-28 14:37:13,4.3
MgTDfGwzuFrKzBfphvGjEQ,Jessica,13,2011-06-20 19:47:23,4.31
Tqm7Wu7IBJ1td3Ab5ZpUhw,Brian,1996,2009-01-01 02:35:27,4.27
aG6Q_IKp5qLu0uV7LHaR_A,Shirley,810,2007-10-30 01:19:09,3.78
ddwR4_6ZbwoZJLyeCK4VLg,Dave,28,2008-11-23 23:08:49,3.75
kjeX2RXvW7RhBbD2QLd5jA,Bao,951,2010-04-29 21:58:53,3.74
iZCRTEm35zxitq-_6mHARw,Jules,393,2010-09-24 19:16:40,4.13
zHWQe2LR1EgRSqvgO-A1ow,Sergio,1852,2009-04-04 18:21:44,3.87
2mmNeOXBP_NAvJXAgx1-IA,Melody,34,2011-01-18 05:07:50,3.69
hyFeHTp1vm1a06Pre80rLg,Brian,7,2011-02-01 20:23:21,1.71
VOYwu-0hSVgGfNhdmE4xMw,Frances,173,2005-11-29 14:15:37,3.62
O1p6LsCiTbT7d7AE6zkIfw,Cindy,656,2009-09-08 23:59:11,3.61
dg2Z4zd2wLxEDwAmSCxd5g,Serra,388,2009-06-17 17:33:54,3.89
kCIgy39IkJNIEYGHH-fbJg,Sandy,261,2011-07-24 18:03:37,3.81
9EvP6HfOW7qnnnXLIQRuxg,Ian,35,2011-09-05 02:34:53,3.12
chhv5egoLSXHs4my1HCJeg,Margaret,910,2010-02-10 05:47:58,4.42
aIJ-2R1q5G7oqzBSgK_Vvw,Brad,1455,2011-12-06 20:04:19,4.31
M7lXKfzuG-3SkzhM0Mkjag,Victoria,10,2010-08-17 02:23:39,4.4
4Y81J2Tdq5XAnkeYmCZ2ow,Nique,1413,2008-12-11 00:07:23,4.1
4ytePGIcw-_k0bY43kMmng,Debbi,7,2008-12-31 16:01:14,3.63
uih53bykBGPNn3Lv09ofkA,Luke,1385,2008-06-11 06:51:38,3.95
tAxwPlemajVpV3OHy0wzEQ,Jamie,18,2011-03-24 23:54:30,4.37
Bt6gmjnWHPERhiOTQOhuEA,Dave,507,2009-04-29 14:44:12,3.98
j1ILvqti2U9tZb2l3SZ8XQ,Jason,11,2010-11-03 18:09:25,4.33
kYlL3EGY_YtiYjsoODBUpw,Jim,334,2008-11-04 17:39:52,3.71
bh9izcnhZixZjju_cggv4A,G,1004,2007-01-02 21:45:56,3.73
kSD8S70NRNq5l2FmmM7oFQ,Matt,8,2008-03-06 15:22:08,3.67
-A2Yc-tSf36TDfUIFDYypw,Hilary,8,2010-11-30 16:46:56,3.63
syA7uYoDjohc7gWBWaEZmw,Christopher,374,2010-08-22 22:24:04,4.14
fuoYjsuU7qy1RlCMEZ0xfA,Mio,283,2007-08-25 06:16:59,3.76
4TgQWEWaUkrsGqtG2UJFRg,Sara,428,2008-11-28 09:50:01,4.14
YEfXH2GLYzcfT-znxnSGyA,Will,91,2007-10-27 06:48:55,3.99
FBXr27PpOKVFsHeoNC9F2g,Alan,600,2008-12-21 02:46:26,3.97
bmHhqIeubAGUbhbwHDz7KA,Elizabeth,41,2010-11-04 19:09:09,3.22
vOVR7p0L41MpXblkb34nuQ,Luigi,305,2011-03-26 17:07:30,3.46
sTyvPtWrEeqNcbmLcHclGw,Valerie,238,2008-05-07 03:36:10,4.07
4DN9WS2gf7Y2SYh0LaqDqA,Jireh,438,2009-09-11 00:55:29,3.74
YseAMgPEVsZoi9ew_YIxfA,Leslie,8,2011-03-08 01:03:45,2.22
S2nzw5-cxnVcMV8f9fLfXQ,Mindy,28,2008-03-25 08:55:39,4.18
zy4NqQpPWNRftutQEhVb1g,Whitney,364,2010-01-10 15:50:06,3.64
pJALqPYTjzoV9xpd34WB6g,Valerie,492,2008-09-09 15:09:21,3.51
DDYzPldx4_s8h0SYfA6enw,Eugene,245,2010-10-15 01:44:13,3.79
ovq6MrgSLj8eUYlUY0dUiw,Yorkie,20,2010-04-24 02:36:28,3.6
UcPPGD7cn99JIQiQcaFCjw,Robert,11,2010-03-18 18:56:24,4.09
rD6xc7qevQ7_dGzk4hkoHA,Avi,65,2010-12-08 18:32:09,4.14
0YXnCPPqtIvuhhXv58Z41w,Larry,416,2010-05-09 19:01:44,4.09
hXdvUDRWCw58KzoZfQng3w,Alyssa,112,2010-12-28 01:03:58,4.42
x3133lbPRsll8t2lrZeApw,Mike,656,2011-04-04 21:30:13,4.03
7IV3JXTXufasWNSkDEdrcQ,Benjamin,828,2009-04-17 19:05:18,4.52
-0PAZdTUGDCLONQYLm7yCg,Ed,37,2009-01-19 01:10:23,3.14
4KYNUsdA-tPe-iKKudb0uQ,Sandy,535,2010-06-25 03:50:32,4.0
2iW5PV_cQkoU_HZIAQJkKw,Tim,139,2010-01-21 14:25:30,3.88
NGcH1lvIvrzgzCTPca3DEQ,Sidney,923,2009-06-16 23:33:47,3.72
5xZHQ1O3bt0sOB7IKyup3w,Stephanie,367,2009-05-20 18:47:28,3.56
iodvqnuRYBxcw-NIPpQV7A,Curtis,31,2010-10-11 00:30:47,2.81
RsnB0SOUAqgqCfamc0iZIg,Prentice,61,2009-12-20 04:23:45,4.5
7qIexXeKPcBqOz2efAYuEA,David,3,2009-12-19 20:46:06,4.33
VMVGukgapRtx3MIydAibkQ,Jennifer,632,2011-08-06 06:53:35,4.1
v3Aeeo4vjAIPrjqFpYKTpw,Foster,382,2006-08-31 20:13:17,4.1
5GHo1J581bj1RU9mZQDTjg,Thomas,99,2010-10-05 10:27:58,4.5
UEf2XkLwnIj4nEZyncILsg,Desiree,41,2009-07-30 07:33:25,3.45
tVTMeplDBOFAa5ayvEcwGw,Tuyen,102,2010-11-09 05:31:55,3.43
DkTx2-WgdStvIHTWtbsidQ,Alex,16,2008-01-27 18:13:29,4.38
QhYJx2jQdPuSq3fGe3aGcA,Lori,823,2010-09-26 07:55:53,4.39
tht27qPO80IfXAM6UG_FIg,Ashley,47,2008-12-04 00:57:13,4.12
BiJhTjitoMBdGUlPIUlVqA,Isabella,535,2009-06-05 05:37:52,3.79
7EeBxspAPtgKGWCBKaPsIA,Jen,354,2011-01-25 01:13:05,3.6
KBV_MalXT4bjz_bNFiAAkg,steven,15,2009-07-25 13:34:53,2.88
dnvJD2WbZ0KmmQxazAP0Gg,Monika,347,2011-07-16 19:53:02,3.54
Ci4HqTd370VSTa4DbF5Yvw,Ariella,70,2010-05-14 15:28:58,3.92
hBwlXWhDnMtSDmqskbR90g,Aarron,617,2008-05-28 00:03:32,3.88
B0Zk3IRl4Ftd1ZUuuJbR2A,Jeff,21,2011-06-04 21:03:39,4.39
fLNYX1-t-YcMkHh3Y_UTaQ,Pierre,21,2011-12-19 07:13:27,4.0
GNRIlUNNU4Dq09M7sds8-w,Cari,19,2011-05-25 04:15:24,4.5
dwmUKBXnTCDuewkCb7QooA,Jeanette,412,2007-11-21 22:51:50,3.62
6_ARKHUvP8WIF1rjSlQgjg,Jason,46,2009-09-12 13:18:14,3.18
EfaQNCDWQQsgi5C6chml4w,Cyndi,5,2011-04-11 12:43:17,5.0
5chkr5OMb94HdUsWndghkA,Mike,28,2009-04-29 23:46:44,4.03
W81-CPVrM9c6F8XiNuEUvA,Van,1896,2010-02-08 21:53:24,3.9
83Yma9AkPprHOGc8OgQ9uA,Carlos,7,2011-03-22 00:30:49,4.0
WxixQm3lIPRxTBYsY711TA,Kristine,16,2011-01-30 20:30:48,3.17
_mK6pkggWJg8TIV3UUp6-w,Christine,33,2009-03-22 20:22:08,3.0
GxGNAXumenO5lpzjYe3aLQ,Rich,570,2011-02-26 18:40:45,3.71
0Go6CDxYoLWF47jdmYFX5A,wine,50,2008-09-22 13:46:27,3.84
MTX-MLkGvZfhDOM_Q2sPMQ,Winnie,56,2011-06-27 18:03:50,3.41
Rm-fS0kR27Mrm0cMeqYyWQ,Steve,617,2009-02-10 01:13:49,3.65
O3WTUXUe0a3OM2NENcCuiA,Shica,267,2008-05-12 13:11:53,3.03
gNJN2p4cMDKaI5ujwe8pNQ,Nancy,412,2011-07-11 14:52:42,4.11
Yn7sRi3WKHQNHfmRyoixzw,Pamela,24,2011-09-19 22:26:25,3.78
dtNxBCxtp_8HuJY_eoU7EQ,Kari,756,2011-08-19 00:01:57,3.49
7jsU7dynGSzotWQKl_a0LA,Lyndee,18,2012-02-04 00:54:12,3.72
7Kso9wv3ipyWVMcGDGwEyg,Jason,25,2008-12-24 17:44:41,3.5
lBaQe7oGPqZoJATZC2UqYA,Pete,24,2011-05-21 08:00:14,3.59
HnNvBVhe67jLttVGb4wk9w,J. Scott,71,2008-06-14 14:55:48,3.27
zcnyWBLtiRqRjjHDe0-rNw,Scott,1,2011-01-03 22:20:51,1.0
Vd9hFqOGzttsbjsRJXniCw,Frankie,301,2010-10-13 17:51:46,4.26
LMdnUxAh7srNxPhUtKsFhg,Melanie,3,2008-11-17 21:17:06,5.0
hVRpLwPfgRaU6sllAHpnAw,Ian,188,2009-05-13 02:14:53,3.69
Ti5ywmyk8pFakNmf98FB5Q,Lisa,70,2009-07-23 14:55:18,4.29
yRWyJ9AaVm_M0RGJ_IoX8Q,Adam,258,2012-02-04 19:07:37,3.7
zpwZhX3irtEXofOrb5Wwaw,Ashley,27,2009-05-03 20:04:26,4.15
tFeGSYSSSo3UdWIRSi40SA,Peter,957,2010-10-25 22:59:26,4.4
Jf8UDsbnt2PsKEB-0Qglgg,Steven,49,2011-09-29 18:54:02,3.78
_2W1wIvxCbRu1LrcgWaTHA,R,146,2011-11-28 20:35:44,4.17
aXZMjnrhWL7MjfKbez7_Pw,Abbie,15,2011-08-21 14:40:33,4.73
Zgs45fO7XPQfuvv27u9BUg,Mike,3,2009-11-13 04:16:37,2.67
IDCVIPzpUCuT8Vwxct9jYw,Heath,297,2011-08-14 18:44:45,3.88
6W3Q7wpC9IU0xgLIMNs0Jw,Jim,4,2011-09-23 03:42:13,2.75
dgGMt1jWvB3wxFMTNerOrA,ed,15,2009-09-28 00:30:50,2.75
muZECndC2KsGjH6DJe7Q7A,Ong,49,2012-02-06 01:32:19,3.98
Nr2nibp1Oya1MPsuAgqB9A,Alice,819,2012-04-23 17:30:52,3.89
yAcHMFVR1ETtC0PaZ6d8ZQ,Tiffany,711,2011-07-27 17:57:05,4.15
42K9jFAChkohSELA6ooMaA,Lauren,9,2012-08-28 02:25:09,2.27
BzLUyHSJrl-lUVWw9rqlvQ,George,1500,2011-05-06 00:34:19,3.76
uO1G6Ab4fBPZdxTRodOTNA,Mike,661,2011-12-28 19:01:07,4.01
Tuv7Vgr-tgpBIIgxxaOzqQ,Mindy,132,2012-02-07 03:18:48,4.24
pm7K54T6OmsDHREtiVBWGQ,Jean,176,2012-08-01 12:00:20,4.3
Zy3KuvFENmz2ZT2XtU7ZVg,VeeVee,1005,2011-04-23 01:55:58,3.75
sxTXCF8rkFFxFzK-d01LHA,Steve,9,2010-01-31 22:57:13,4.09
cZ7V8VPXi1HAnylgahCHOA,Dawn,564,2010-04-13 05:10:21,4.13
6igxK233DYciD6qSItS2-Q,Kimberly,132,2014-06-02 05:08:12,4.18
B855Q1HFe8HKZ9zytQONYw,Peter,235,2012-03-03 23:34:42,4.13
VU0u2p9dE4-GhnjpQqZyig,Nick,236,2010-04-07 04:51:10,3.83
Njy7LlKmjEiLjsYe3Qngwg,Anne,24,2008-04-29 22:36:30,3.77
F9MQe_b0KQ047ibqVcA-iQ,Usalinh,195,2010-12-02 06:51:11,3.77
3g_3mhLpWzL5bQNYl2uTJg,Mark,10,2012-03-04 01:51:29,3.5
wlWNPP84F70It_l6OP2_mA,John,2007,2010-01-30 21:52:02,3.96
2auWtKkDG_i5JCctQ44oug,Ron,633,2009-07-17 01:10:23,3.93
3ZVL-kkYKLJY_E5xK9a6eg,Mak,37,2011-04-30 18:06:09,3.69
gP-VujTtk4KS8yVOogEfgA,David,20,2016-03-02 02:43:06,4.43
vFSlcnjkOdSbJIIbN7VAZw,Alyssa,10,2012-10-19 13:57:10,3.0
1SpwWS6TyPKp5pgtFp8vFQ,Erin,24,2012-05-16 03:09:05,3.8
-vOrUeANnlPrhd5yMV5COA,Lawrence,17,2010-07-22 20:14:51,3.63
mKO_kcpxPj_GQS7rlhjTSg,Melissa,439,2012-10-23 06:13:48,3.93
NJvhOn-RhkDd7P-k5D-A5A,William,38,2013-05-11 00:13:49,4.16
sGMXMyicKV-1BOaxs85p7A,Jaime,3,2012-06-05 16:00:28,3.67
Db80SCez0BdYaHdC0xmzoQ,Christine,778,2011-08-29 00:09:10,3.9
d1hlQLS0kbSrbsoP663pQQ,Ricky,18,2012-11-18 02:08:48,4.0
07XFQb4jG8sNESQ1uCWykQ,Sarah,31,2011-05-27 05:21:36,4.47
zvErr7jFcjp4Gi-gYeMoXw,Mark,27,2011-04-17 01:58:47,4.38
KmaRVufJoggNJGyRvQXT0g,Donna,653,2012-03-11 17:31:15,4.21
Y9CCrqhYue2Eh2eBiH7KiQ,Gabrielle,21,2010-02-21 04:09:08,3.17
8aqzK4XXlSyukhzzgxOLaw,Samson,548,2011-01-11 20:01:23,3.74
gZHCbDOkHdHIk2d02FN3kw,Morgan,1293,2013-01-14 19:03:12,3.96
SAZeSmuUeq4uCAS5lMtuig,Rob,31,2014-09-16 07:06:03,3.66
3WQABqoadQJoE_jADNNYHA,Craig,659,2011-10-01 17:50:24,4.15
S65LF_t54BLuCZjyr3fEzg,Shawn,7,2012-11-20 23:53:32,2.57
ytVf6Ar_QwqFiL08plIfOQ,Lina,558,2013-02-05 22:07:49,3.4
nC4x02Sv0YYT9CV0UcMSxw,Dennis,691,2011-05-31 03:22:47,3.85
MEYWD3nf64p3INCsJ5KOaA,Al,626,2010-03-13 01:31:27,4.29
y77GGCw8wEyLK9gHrjOjTA,Ashi,1078,2011-10-28 00:01:49,3.46
HYWtUHxayr5xx6P4XbxYPg,Jason,11,2011-10-06 19:35:24,3.18
e8mq1QXndi26bp3wMfRkrg,Howard,11,2010-10-31 12:39:55,4.92
nCRECoNM99a2bD-T_zoYIA,Andrea,11,2014-05-24 20:59:43,3.82
0cHEkFahUqJiobK3vo8BbA,Andy,480,2013-05-14 16:36:16,3.68
ET_Y-OeNxvSyTJAxJfE90g,James,526,2015-07-24 16:35:20,4.13
H_z_yVZ-DmHORKkfpxl34g,Peg,42,2012-01-13 22:16:29,3.68
n80yX5MTlxPigDBYEG7dzA,Ann,883,2010-01-03 07:07:16,4.6
DoPxJ9wGS3ruAJNuy4NfJA,Cameron,12,2018-01-21 22:52:05,4.15
X9LT66H7NosO9MOSm_qt8A,Michael,246,2015-12-25 23:54:51,3.49
tgxOMt72pALx3_r2uZ92tQ,Aileen,1011,2013-02-20 16:33:47,3.81
5jJjY5_R06Og56VfjIc66A,Michael,1614,2013-03-28 11:37:52,3.87
C7IFyEe9FTo89lhtwj88CQ,t.j.,103,2009-02-27 23:26:15,4.69
ZMbzmJyqxRmJBQnqyfwuLA,Lilah,347,2012-08-24 22:00:02,3.75
GIqeciJ3twa83JuCs0z3WQ,Gary,16,2011-07-14 01:00:40,4.56
TUctSAJ8guGdrwdiuvyfkw,Jde,9,2011-09-30 02:03:53,2.78
SfdcJuwEAc-34Rrdf-ls-Q,Sarah,11,2009-04-01 19:53:27,3.09
mXKbT-XT818EedWSbaFqCw,Dolores,11,2013-05-11 03:34:28,3.08
f67-FfZeBb0ltQ1n-e7UaA,Michelle,11,2008-06-12 12:51:38,3.5
3v7hHcdcBHLB8knfHfBNzA,Jenny,554,2013-10-08 05:58:40,3.63
oY92RuxFvTCCVRwBWxZ6oQ,Benjamin,4,2013-06-05 00:11:21,2.25
IlTR2ylGzr8xMrelkNLbLA,ChrisTopher,7,2013-09-24 08:21:12,2.75
xSkuRqq2anVNFpVGnhH_sQ,Joanne,6,2018-11-06 00:12:24,3.67
pi1z1fB2kutuXcRFEwPIjQ,Sean,204,2010-12-21 19:24:55,4.33
rZpcVHRzrHjAGSnYtFp2Cw,Jenny,11,2010-12-19 18:38:35,4.27
393M4uM_4GBLPbhQIQtF9g,Dora,280,2010-09-22 04:07:29,4.01
bdenOEWX0Y1Yld5qNQ1QKA,Mary,385,2014-04-19 14:26:09,4.0
fZPBX7mPFZHa1rWlRBPMCA,Jay,4,2014-02-02 02:58:38,2.75
GkE5ssiGzOTwqPwMaT_pBw,Brian,15,2012-01-11 18:15:36,3.67
6lNZaM3sUwBpJ_2q9r-3Og,Mike,18,2014-08-06 15:32:42,2.75
ZsoayTSIFyB0G4Pk6-43Rw,David,31,2011-09-10 19:25:18,3.97
LU2NT3qFrG1p_4uEU0YOTA,Erica,48,2012-04-09 21:49:07,4.08
SsP1Lx1gxN7aFXIWtp5qLQ,Stacey,148,2012-06-26 21:23:28,3.8
yrelbGebYh20L8WsE6KA2A,Loretta,84,2014-07-30 02:21:10,4.4
EikwFcVH0_7pKP6_Sb6j-Q,Sarah,180,2010-06-24 16:24:25,4.47
grLIeifWUBwba4S8krnOzA,Janine,182,2014-03-23 00:02:15,3.58
9KqSw3t_8rrPKIezynQgSg,Jules,321,2010-12-26 03:59:34,4.51
8UymnRX7b7XwJ2s7vhNCew,Wendy,499,2011-12-23 01:30:37,4.26
le1dh1_a3HU1G5h9irIKlw,Jenny,1,2011-11-20 20:02:49,2.0
FTpbrjpGTM-Ywr2kj0jv4w,Travis,544,2015-01-27 11:46:31,4.39
XZ9XJ5GALmFJoc-EVO_LEg,Kayla,12,2017-01-18 16:39:18,5.0
XO_d_cRH61VAO2Na_lSZAQ,Lamonte,17,2014-04-29 02:06:16,2.52
8DhezGja4jrOAIn-ueQUcw,Brad,21,2012-02-15 22:12:42,3.96
ZYVYKe3O8tXuicRvfoaGRg,Davina,12,2013-11-23 19:10:59,3.25
eniDHICq4FG2bNJXTJ9G7Q,Michael,832,2016-09-21 00:24:24,3.91
j-bEZhvBw3tl6iruUQ8wMA,Kristie,21,2010-01-31 02:59:04,4.18
EwFQEMkhbOkvYeUurZg04A,Bessie,14,2011-07-21 18:47:04,4.81
td7hvqPst3_N2ynYgGoctw,Andrea,246,2016-06-30 02:13:06,4.42
J1qDO6AzsNTHhAd4Bqt-5Q,Patrick,8,2009-09-21 01:42:39,3.33
_Fg_udOp6yBflXaAELfO1Q,Claire,26,2016-03-17 22:38:49,3.42
uOEvhwBdid_-nfAoHhHwzw,Katie,17,2010-07-10 18:25:18,4.47
XKCSgQC_z4jnKPy-lnphgA,Dan,19,2010-06-29 06:34:47,3.53
7QWZWPt9HnwOBBtz1zuqDw,Cindy,11,2013-09-03 19:46:47,2.79
AyLXwCQM7DkD7mhvsW89lA,Christopher,12,2011-12-31 23:10:30,2.93
SaHGFMFLdU-KRiup-8TKdg,Kevin,27,2011-08-23 06:17:32,3.53
jQ_UGNZ1ZgtlYVg53QEP0w,Julia,202,2013-04-07 21:34:33,4.45
c2cPbYj-9lpy-aou4OkhdA,Hovik,353,2011-09-15 19:18:17,3.86
0z6Bp7siNkijAsRUVbqQpw,Chelsea,349,2013-09-04 22:19:27,4.3
ihfn2dXVnlDIilBzxJvUaQ,Nate,9,2014-05-21 04:01:50,2.73
U-nR7ND8CDN2x8ia73CH2Q,Cassandra,583,2014-05-07 19:51:58,3.86
eG1Tur78lGPRLPysNSzadQ,Donald,597,2014-06-27 17:03:17,4.26
8l-SB5EAGGxH5UgF6sSohw,Trevor,11,2014-03-23 16:14:07,4.0
zA6Yo2gM3-3rUtU0tYStFg,Sally,103,2016-07-08 04:03:22,3.95
_w22R_jg5Y2SEii3ioYGWQ,Christy,81,2013-07-31 14:31:47,3.64
x0bN79TGlpZ6WUsG0aiStw,Liz,54,2014-07-14 00:19:47,4.7
mrBj3H6Bm55d8DX22-YftQ,Josh,58,2011-12-07 02:36:30,4.38
YDYfSX1tDs3pz8sYzcCd_Q,Em,274,2014-06-21 21:38:54,3.75
juJS5_I5IGzMveRKNBwEVA,Jason,964,2015-05-01 04:33:51,3.62
N__vP0SludJNCJxuDXNZ8A,Adam,600,2013-01-13 22:36:21,4.46
qk8ui0WbO8oqkD_Ik6h6nA,Dave,5,2008-10-05 16:13:41,4.17
gRs4OL_T5gt3XKqYZ6Imrg,Steven,5,2013-08-21 18:31:58,3.67
LNzUe8fwKeS5HRaxtb55gw,Shayla,2115,2014-03-16 00:07:24,4.18
y7oO9gGtQeSho67Aprqvpw,Anthony,25,2012-07-15 17:24:56,3.32
0nuuk84GKG8yYIyyuYqvCA,Tykia,50,2015-08-15 01:34:11,4.19
AIUh6T4TwHHSySN0lrHizg,Katarina,441,2015-07-26 20:14:18,4.6
3CYDgFXGK5M8qfF8COrXGQ,Molly,438,2011-11-22 19:51:47,4.15
BeLJc_L_FJD9FzbDTU9ahw,Angie,250,2011-08-19 15:02:07,3.6
YV5mvL6YQ3oX0fa3CwAiCA,Elizabeth,22,2010-03-07 21:40:39,3.96
p_vLBzZ2AaWL3HHDPoHbzg,Kade,10,2013-01-26 00:25:36,3.09
Xs4FXTw3FsLWBFHqw20KYA,Ashley,44,2013-05-11 00:58:29,4.04
KzBjE3bcUci0apfsQlf-WQ,D,41,2012-04-06 16:37:23,3.5
Edl8CH1HduzkJwEV4rhOPA,AJ,18,2009-01-15 20:49:52,4.17
CjhTdmN6qWEKC7Zo6qadow,Rashmi,540,2014-03-20 05:59:02,3.76
W4O2b5cAvwl4IqEe6vGqBQ,Laura,3,2012-08-05 19:19:06,5.0
CpM970FoZVTX_JGZqe2QaQ,Sylvia,630,2013-05-19 04:29:45,4.01
xJxtHt9Rvdy75EMvVtcN9g,Jim,436,2017-04-11 22:34:11,3.92
zeYks9Pe8szlwiWWeyZ29A,Vanessa,253,2015-03-13 19:50:11,4.11
zI8ROxJ4IoFMO5FOMK6_1A,Timothy,6,2011-02-12 22:38:04,4.83
sploW5yOQz6c52imfYnvqA,Caroline,18,2014-06-03 21:50:38,3.57
KG7EMyjv_Zes0HdI8EgtrA,Brian,4,2015-02-08 21:19:38,3.25
K5FpTJFxEN3SjF6sCN9s_A,Ben,2,2013-10-21 23:00:39,5.0
1knSph4uT0U2TMnpNoGmKg,Kristen,143,2011-01-20 01:57:23,3.49
PNbvzeYAKifu7j-Xmx_CtA,Candi,38,2015-09-15 20:44:10,3.6
kxRqfy-uHUDBUnAaNRl4fA,Jay,354,2012-05-28 22:19:09,3.94
_VhcMGbjB2CmS6XVMdzcPA,Gord,5,2012-12-31 13:33:18,3.17
HO8i7iOmc4Ms42p2pEzPng,Sunah,165,2011-08-12 21:54:43,3.69
JgN33czrh4vH1ROUGPLwYg,Vanessa,13,2010-09-05 23:32:36,3.85
9XpviCcSnWG5pqLaQNKIdQ,Mercy,110,2014-03-09 18:48:14,3.88
ddH-R921_o4yHCHORW5Xhw,Guy,19,2014-12-23 03:44:07,3.65
lJZynXTnT3ZzsETUs3zo5A,Abbie,23,2012-05-26 19:42:20,4.43
nzbzrwLUrFwYF1eFNrK5Ag,Sam,13,2011-09-06 14:41:55,4.46
tjm2lrgGi5dCwkr1NOGu8w,Charles,162,2015-08-10 06:05:48,4.8
LFBw81iPHT8TMTcKMMaERQ,Swass,15,2010-07-07 14:33:09,2.2
dZum7Mj_drzZeOC44NFOHg,Shem,496,2013-03-18 00:53:02,3.87
09h1XNAyxVkG_R5ZKZqf1g,Guy,56,2011-11-15 16:29:20,4.32
-GlcLdmC44mF-5xQfLbLvw,Ruble,2,2014-02-10 13:38:18,4.33
IRoiYSuDygDrrEisTbR-CA,Ross,9,2013-09-28 19:14:09,4.22
Vwu1CHQ2CbYF0tNo0xY2rQ,Don,4,2012-03-17 23:41:42,1.8
Cs5H3nYBB2FaG0jEX5AslA,Juanita,126,2012-08-25 03:23:49,4.04
Mnh8Wh2pwIlM1IEf7UJRpw,Wi,3,2012-10-24 04:45:29,3.67
G1nod_F9I9LjckFQlz6G3Q,Erica,22,2014-09-08 02:44:31,3.39
KPb8wAaHSlT13ty9hJlmfw,Chewson,310,2015-10-23 18:51:30,3.43
ib43MZ7vMNbrXFVq7mQxpw,Mark,8,2014-07-04 22:06:07,3.38
gOZcDLObk_PnZVwrr5Ahmg,Christine,27,2013-06-14 04:38:44,4.79
BPayiNohRLm4dVV4X_crMQ,Nicole,8,2014-11-14 02:17:15,3.44
_7KhLY62t74MVLwEhZKS5g,Jessi,3,2009-04-20 16:21:50,5.0
0XK0W8Az6c4ZSnMeXtzgIg,Zachary,16,2015-08-08 22:01:42,4.29
DRPXU_i0lyk5UWRmg8alXA,Leena,82,2017-12-28 22:47:51,4.45
DCN1sVpakVIeGIwY0jvwTw,Mel,102,2013-10-06 14:33:56,3.83
fnww7jGPDkuO8NImWWa4SA,Connor,4,2016-08-21 21:06:03,2.6
4aMXPlufEmRgTxE2NGrQXw,Brendon,67,2018-03-20 21:41:07,4.51
QdyCy_QvR25aQNwFs3L4EQ,Sophia Sunshine,32,2015-10-18 01:53:24,4.0
pf4ZArZ0xFtqUE4UYqksEg,Shirley,220,2012-08-03 23:04:01,4.05
Mv6xVzDKY6fA2Ph4etpExQ,Ariel,182,2015-01-25 20:10:04,4.26
rHJE1ZVjnApRARbql76aHA,Jay,562,2012-10-22 17:07:57,3.86
NPLXjXwcupQsugDe-WFQiQ,Amber,14,2013-01-11 01:33:37,3.86
xoZiMrmxPLbOklDQfSvhhw,Jayson,77,2015-05-29 20:10:45,4.14
SB6AnaxQEPg0uJgewo3ztw,Itoro,48,2017-12-01 13:04:08,4.15
lDn4SuiLhppHLtxh-YsjWw,Crystal,27,2012-09-29 17:41:00,3.23
BW4ZvoOR2fj6mp2B617exw,Julia,19,2014-08-11 06:24:05,3.89
AGkvWfzx5qOjnLMnhZd22g,Alexis,131,2012-02-23 23:49:27,3.61
njgGeVTOIBSc_c0d8fxc9Q,Jpo2,5,2010-07-17 15:25:51,1.2
juxg6P8AOq-ZCgoAJ3JUkg,Alex,25,2009-04-30 21:04:26,3.63
dBxZdzlanCkzYXOHK_ldUw,Sasha,555,2012-05-13 20:27:20,4.09
31tuwmE9VJG7DM14y8pRVw,Sonya,46,2011-06-03 01:19:22,3.38
zHF5lNjKdSJZPJlntsLxAQ,Ash,473,2011-01-15 23:14:22,3.95
OBt8rpPq73T_ytK9vOBw3w,Max,4,2015-09-12 21:26:20,3.75
PRPAbcAqK98BMIGmKlAQNA,Julia,173,2014-08-20 00:36:10,4.03
qvctZ8LB69y15NEsF83_wg,Lil,16,2017-02-21 01:38:33,2.06
oUEDCGMW00H4BFoaWVjv_Q,debbie,48,2010-12-02 05:20:42,2.41
R4C_SnVN4uycHnYnpdUgIw,Courtney,6,2013-06-14 13:09:44,3.33
u6yxXjPhPBge0AkDOrAegA,Laura,8,2013-12-02 00:41:56,3.38
BSOHgxebKFc6-fx4fMdwrg,Thuy,85,2013-10-22 22:36:13,4.38
CrQvCpC7BOsvk_3f0HR8DQ,Chance,62,2013-06-26 15:18:38,3.34
I97pTAFQpJjZ8PjzBpdVOQ,Bryan,2,2010-06-12 23:20:46,1.0
X81sGji8rliPRunKBLfV3w,Nicole,339,2019-01-10 15:44:15,4.37
AAEGlqPAfl7xjedTEyvvvw,Alexis,7,2014-05-24 15:55:55,1.75
3Brc8vhk5dwtBAZHeUZ-OQ,Tom,39,2013-10-03 23:12:06,2.56
jKy6yfEGXDLTbAlhMevh5w,Jazmine,30,2011-04-30 07:33:17,4.13
0uopgaSN9jYvHOcogfxaWA,John,21,2013-01-30 18:41:52,2.39
hTTdeslxePF45JBc7hfsVw,Jenny,50,2015-07-22 21:41:33,4.43
Esz-8Ss9BsMbrtvJ2WsG5w,Jessenia,218,2015-03-21 04:16:50,4.0
Ws_hiBhm3A_bpWpaXRsGaw,Jessica,57,2014-02-11 05:52:11,4.33
qMRERLUk-1b-B8CWxSrjzw,Tammy-Sue,179,2013-08-02 15:08:03,4.37
HIAKsWHN0dZtTZA7BVLIQA,Alex,17,2013-01-18 17:24:26,1.77
QxD742BXbt8-AUc-KFJsag,Sarah,22,2015-05-15 16:27:17,3.97
H-tm1jPerBt5YpXovMHIfw,Rachel,114,2013-12-21 17:38:24,4.4
tOuxeGYA6x6XxgV82rVRUA,Fay,5,2014-04-22 15:28:40,2.6
2iZxGbWU71q02DME9leSxw,Hillary,65,2017-07-10 16:39:46,4.38
K5XtfSYVXIHpEJ7a6yleuQ,Sebastian,106,2016-04-12 22:56:05,4.35
20CpNhzRe-VxXiemO8eFqw,Peter,1,2012-02-04 21:43:17,1.0
UcxfSbhuAdM61l0quwQokg,Natalie,599,2019-05-17 23:31:56,3.83
7EyrrSCcXdgU8cgyKHaiFA,Laura,12,2015-06-21 00:21:41,3.86
sNQPihGPv-JpC5yAN8CzXA,Sheryl,5,2014-09-08 17:31:01,1.4
P2pGdbUdi3OUXl2Nl7ePOQ,Foodlady,35,2012-11-25 21:08:17,3.67
URrgQD93DohctUfRqjYWAA,Konyin,72,2018-09-04 04:51:29,3.88
0pOKVRMUwdIQOraWIqfPrA,Todd,23,2010-12-22 01:21:57,3.25
ycC214sCUlDhftusuh5Z_A,Greg,11,2015-07-15 01:07:31,4.17
EqKT2VbSAwD61XGufElN8w,Michele,2,2012-12-01 14:14:00,3.5
9p7ZC9SlVb1hAPyeHN1aqw,Helen,6,2016-03-21 15:43:10,2.33
NrW0Jrvo90EINzaHsOeKag,Rick,27,2014-02-15 13:44:46,3.54
LZYIadGmAP_bmFYwaORo3g,Lindsay,8,2016-05-13 04:01:02,2.75
mbvw-TCrr1GB0KKnhRm8Bw,Laura,141,2013-11-20 17:10:01,4.21
xt8JZ2n_aAN06tM_XxafZQ,Squirrel,9,2012-12-18 00:03:11,3.56
cEkcVuBjFO9CWX9djgDijg,Aneida,276,2014-07-13 06:35:06,4.13
p571EFNKRyjqEvuf22HB4Q,Christina,170,2015-01-20 05:32:42,4.16
hexB9d-wCVFHWxbWXlHuSQ,Kim,53,2015-06-11 22:23:04,3.76
-yqCTPAK9e9lxM90NQAlHQ,Sarah,41,2008-12-05 01:23:05,4.52
Lf9ADVFzUCG1xnD4tRutjw,Lori,6,2015-08-02 19:41:19,4.0
V8GLG6fK_rDYobnzV7BneQ,Lucy,13,2011-03-12 06:18:41,4.0
gwIZWLyFqYFs0vI-FaA7TQ,Emily,20,2018-07-05 20:03:27,4.2
WyYA1l65Yt98fSL1T8jNyg,Robin,56,2010-09-25 02:51:43,4.23
bRkagjXwiDZ7DC29GK_aEQ,Briel,58,2019-10-16 19:55:03,4.97
R5HRoJ2Wx6pWnlBRuPmUrw,Sarah,146,2019-06-10 20:32:03,4.19
XPvmbMbcK6CfRqsW1FGVIg,Myken,14,2010-10-26 21:03:41,2.47
tZRcqmIUMnwpjazsZZNixQ,Donna,15,2012-12-25 18:41:09,4.53
JoJRFrKYLM8Cqt861_Harw,Izzy,29,2018-07-03 18:14:25,4.73
ZCyB_9wHPeoR32IkAyHMpA,Heather,34,2011-10-24 18:49:44,4.79
wwYz9QxMfrpMXnbnzoOt7A,Jeff,5,2011-10-19 01:11:33,3.6
HJPXyooJbhyyUi1GhlfZHw,Crystal,8,2012-06-30 01:58:58,2.78
hp3KKlVp5ajQIib76Gs6dw,Sippysweet,37,2013-08-29 19:04:45,2.84
oDlWqLWOJ-AI_wCRS86PPg,Anonymous,36,2011-06-30 22:26:20,2.63
oelaxNtXYexSlty5UjNnVg,Rachelle,5,2015-11-30 16:42:30,3.2
BzMVznZ_imuNisFSs-1law,Tracy,8,2012-07-14 03:49:02,4.5
t1sAhQz9bWWdtXTV2oNcJg,w,10,2009-12-01 13:22:39,3.4
80MwQEQ7TDXRQNY1xvm2nw,Jennifer,6,2011-09-03 00:18:44,2.33
UdwmP5xAYKyy06Ddw2syAA,Paul,12,2014-02-23 14:41:27,3.67
JpUSSA9K-suSKJls-25Wgw,Kelsey,14,2012-07-22 12:52:02,3.94
PuUX4JFMYDI8C4lQQg8R_A,Tiffany,3,2014-05-12 16:40:39,1.0
4XFNw3L6cngk9AdEUtX73g,Coleen,19,2011-04-13 13:52:32,3.9
GHmAn5PsZvURFin-CB6axw,Nancy,8,2008-12-12 23:32:51,4.22
01AE8ppCbqQ6-k-pqhruPA,Tom,11,2018-05-08 00:39:49,4.09
zPA3S-3jLnvod7A7tBsT3g,Shanéa,9,2013-04-09 18:29:18,3.56
mte5yC23XuPNY9g3uosr3A,Ken,77,2010-04-08 20:10:20,3.05
DU4mr4SQArotSBPmSYdWqQ,Rob,36,2012-04-20 22:42:00,3.32
C1v-Tq2wE0m7e78f-ppZFw,Sjoerd,1,2014-05-28 02:05:11,1.0
veVe7sb-qrhnzRFN1UdvoQ,Jalila,13,2016-09-04 22:43:33,4.14
bt85KtTh5EeVo8aWL43Peg,Four,11,2015-09-23 16:00:53,3.15
eSUV7JPhALmcQ_IC2t72Kw,Felicia,9,2010-10-23 14:50:49,5.0
wghO_f-Z9RB0MColv3ojCg,Debbie,4,2016-07-25 19:37:52,4.0
zzZTbKRe1B3VwIajVhIOaw,S,30,2012-08-15 21:17:57,3.5
td7Pv4TWo21wIDLo5LmSfw,B,7,2011-03-26 00:36:20,5.0
0m-jyhZjlqfM6O4-QMWdlg,Matt,15,2009-08-24 22:23:03,4.0
dejigZ-y-EEWRCd4Ozm1xg,Mercedes,4,2014-10-13 00:44:22,3.25
FGUvO9uE5EnZ6jQSmJysZA,Randy,14,2013-02-21 15:10:21,3.18
FpK9fKAhVQp9PDXAuAiXDw,Frank,14,2012-02-05 15:01:02,2.29
SpR_vMU933oYFMqRX2OVgQ,Jason,25,2010-08-15 22:15:32,3.56
gMqupwFaF1D0OfI51FtKxg,Paula,5,2009-02-09 00:54:33,2.8
zU3WWmG4KbfiP0ThZM1W5g,Jessica,13,2010-02-25 23:21:10,3.0
Qnhl0bvk_ELPdNxAU9TSMg,Don,35,2010-02-19 02:54:20,3.31
7t9Jadm-u0NdR_SuurLJ9Q,Dan,2,2014-12-03 15:38:06,1.5
UAmNOcKIkTiYUHhFdZ3jYA,Liz,3,2011-06-23 00:02:49,2.33
Dhfb_rj1Bvf6211gCj7i2Q,M,14,2009-08-06 22:50:04,2.87
Q-wgI0PPBJQQX94TCUDp7A,Nicole,7,2011-01-21 18:40:07,4.29
V1UMrFEGinOYt-mK4hVtNQ,Janice,20,2011-05-30 21:46:45,3.95
_yY_HrLkKhzK8rELiFmB1w,J,12,2011-10-17 00:54:44,3.23
LwKIl2X2K-B4G5K2q49VNQ,Tom,34,2012-09-23 00:12:46,2.67
8VyFaqKQYhZXxZCvtWLngg,kitty,3,2011-06-21 21:30:42,3.75
i43NZycExxuVO4SLixdL2g,Tricia,26,2016-01-18 19:15:00,3.86
qgCgoRHA7kceAu2EkPMf0A,Boutt,3,2017-03-06 19:30:21,1.33
1-qqa-l9hVZFYDaGQTtRJg,William,1,2014-12-08 18:38:37,1.0
ZlGAsmPgtrWML6a_jjR3-w,Wasif,11,2012-02-05 02:21:20,4.18
rK2CVzMEDV4UnXbBvl0oQA,Chrissy,5,2009-03-11 19:15:46,3.8
nP49B4yD8LroTtzPnYcFnA,John,3,2011-08-08 22:26:32,1.67
kSmxx20mJC0Z6cTSNRTagA,L,1,2013-04-21 14:22:26,1.0
VA6r_aDjeGKiD9HC86FudA,Lisa,4,2014-05-18 20:08:53,3.75
N_x1sC-KdyuDOSG8H_ePvA,Lawrence,44,2015-06-18 22:26:35,3.7
iTRDOu1CsAvEhyvdLWPImQ,Frank,6,2014-11-11 11:25:44,1.63
8hvXl0oJmU61l17LG9aDag,Euge,773,2005-07-28 17:33:06,4.1
IL7s7BR8DuoOFwYYM6cZ7w,Peijean,1420,2010-09-07 02:24:44,4.25
aJRnjwJ3D4Knl9pRwOfKDg,Kontji,259,2011-07-24 16:39:17,4.35
g6TmwkyUY4tquHreLluC2Q,Leah,363,2008-07-29 18:09:33,3.84
Z88N6qly3Dp5C06XbZ9IMQ,Janice,2388,2006-10-22 06:40:30,3.83
Lqd1JqofF8ECev8uuxb3xA,Mona,156,2008-06-21 08:44:34,3.87
Oh_BbUxUw7ptct5KChKpFw,Chris,8,2010-03-12 06:01:36,2.88
giTp6selkwIyZAdrvjPiAg,Toya,424,2010-10-12 14:30:53,4.04
WF1o6AyXm6-NovD5dFnMOg,Mike,369,2007-08-06 18:56:12,3.98
syPwPNxUwyXupbqX4SZPCg,Michael,4,2009-04-28 15:33:15,1.0
jI5grCzPrcpYgqtNVygWRQ,Marko,1201,2009-07-03 15:45:32,3.8
nkN_do3fJ9xekchVC-v68A,Jeremy,1366,2004-10-12 08:46:43,3.7
l8yHU8L6CcIKtb3vshufaA,Li,59,2006-04-21 23:40:25,3.81
FjIu5bf6dPW7_V_-0Jg4kQ,Dee,282,2007-07-10 03:08:21,3.65
6mG7JJlJZBitRBKIWSlW3w,Sandy,138,2010-10-01 17:05:52,4.4
QMqSgBqSrlRhz2B0UiORjw,Jessica,589,2007-03-25 06:56:16,3.87
hwpU4w7yCazTXflXRcrPzw,Nate,11,2011-11-11 21:11:39,4.18
96gKcMrWBgh3DN313rlYMA,Michael,32,2009-04-22 22:26:17,4.11
38u6Umpnj9s4QobruUH0nA,Brandon,239,2010-01-11 10:05:31,4.15
c3NAcDVWOv79nob0FuWLcg,Mad,116,2011-09-29 21:31:44,4.1
x15nXGkbW58Lf8urQHewpg,Jillian,20,2011-09-12 02:21:50,3.89
G4MjUY-PRI8-u7PHShUCYA,Ken,386,2012-02-08 22:48:59,3.92
WT1kawqQ43mXUNS2xL3Iyg,Jen,234,2009-09-18 02:58:06,3.66
e3-W6kzr0xaUDKX4Onj_aw,Alex,636,2010-01-06 06:26:37,3.33
864nL0po2ldN8TPgbSiwOQ,Walter,1678,2010-01-24 21:00:15,3.88
tyUcYlc4gnH5aNi9HdCjaA,KanKan,127,2009-08-25 15:57:14,3.7
2uMrW-A0mvSQboA1aLKnew,Adam,418,2011-06-18 19:09:53,3.57
g8j2ci2FcvmocszcO6ypNw,Tom,1615,2011-06-25 14:22:37,3.92
WzCSCsVjTCLGTcNYfPZ61Q,Scott,276,2009-03-13 18:18:10,3.92
3KK7L2Q6NMfJA1Ky4Ntmdg,Ivy,1349,2008-08-31 00:37:21,3.38
FcdKOJBmez810jR6aaOIbQ,Benay,482,2011-04-25 18:04:33,3.36
xMYdgaWjAvVFej72f4qHxw,Charlie,1237,2008-07-20 18:14:56,3.99
h2nJxjwZlC8aXNEh_puMpw,Chel,804,2010-01-17 01:24:26,4.18
7j7qRFmV3wLX85U37RW_0w,Jean,732,2011-01-05 18:19:26,3.99
onWDQwgQNKp5CAUlMWVu1w,Juichia,228,2009-11-10 15:42:31,3.31
KqgHSTKL7KcXr8Svai6aTQ,Christina,532,2008-09-06 04:42:46,3.32
IKBEigmPRqNcOXlJfo0c6w,Natty,527,2011-02-08 07:21:59,3.79
lmQLg_GG2yM0WcQ_qFwJMQ,Jamie,484,2011-03-05 01:25:40,3.95
P6_r7O8zEjnxTSBkS6WYfg,Rho,1088,2008-10-02 04:39:08,3.81
8T0t--4-LqvZRJc1ABGk_w,DeAnna,19,2007-05-06 04:26:50,2.45
NOs3g2KLfNvuc9dDWy3syg,Howie,757,2007-12-17 23:37:17,4.09
XQU46gFfVmgSjTOTvc5Jew,Angela,455,2009-01-16 20:42:20,4.07
iUD0waOgP-Dk-n0nBEqMlw,Paul,193,2009-01-16 15:35:11,3.58
sDEcTcxTO7A7mZftS-wWJw,Marc,130,2010-11-08 20:06:27,4.46
Gm_JQaYXmUdOjfC4wM7PTw,John,390,2010-12-26 15:10:12,3.67
LGa1GmTItb4bu6HI7KPKfA,Les,1158,2008-05-30 04:49:50,3.87
24acrDAjaWVQLuxIhM1XpQ,Phil,43,2012-05-13 02:28:24,4.36
X1uHK9q3QqN723sD4uH7-w,Brian,136,2010-06-26 15:40:06,4.18
_jLXrx6aCT9A0ZSHCj7nxg,Yuri,372,2010-06-16 21:38:13,4.08
GUCac_iRt07wvgwCt9Y3Fw,Tiffany,663,2011-06-27 01:41:54,3.91
77Qa_ftGGDtTY7Ui3BFpiA,Virginia,919,2011-07-09 00:43:34,3.77
m9XPszonM7XoFfGQQbEJUw,Adam,18,2008-06-15 02:57:17,4.14
DZwWptApUuGpqEpqnliQ9Q,Stephanie,78,2009-02-13 16:51:45,3.7
bAG7y3qbpTv3hzIpx4Wf2g,Kashif,405,2013-11-03 04:17:49,4.12
ens7LiIE4Cs4RjW5Mz65Mw,George,573,2010-04-05 15:57:27,3.83
P4iCtFJIe1h0IglWYf8FMQ,Get Skinny,4,2009-02-14 01:10:46,4.29
Ult681KMSYmgJZBGYlhFwg,Amy,1125,2009-02-18 20:25:32,4.25
FqLxYKyBedzmL6MuYv8AeQ,James,30,2010-08-24 03:58:30,3.48
iN1-o11zBC_7vgVPgPEuXA,Lorraine,455,2009-07-26 06:42:35,3.75
bH3Uc0YNlnKubj8cT4nQ0w,Santi,586,2008-11-21 20:55:38,3.89
m8BMTb9ddo-83-KVoIK1zg,Mary,289,2011-06-16 01:14:18,4.22
M_NXkghCAIMoOhTOsuI5Bg,Lainie,253,2006-04-16 05:31:56,3.85
mdP18-vCtV9nu8DT2Bk6lA,Richard,292,2009-12-01 13:54:25,4.41
lyV2zgMrSux_s3byOozPPw,Elisa,1493,2011-11-06 06:10:35,3.8
jURsdln9hCEauhMnWPoOBA,Maite,503,2010-10-23 19:51:42,3.71
btF31V_Yg_G5bxvHx3qcRQ,Atie,138,2009-08-29 23:53:07,3.49
mkbx55W8B8aPLgDqex7qgg,Momo,293,2012-09-17 15:28:57,4.4
DfmtZlDE8JJv-boorp1PAg,Glenn,354,2011-05-15 14:56:51,4.16
CTGy7JQR4OxfhaslgOFJDQ,Maria,286,2009-07-15 13:07:36,3.87
0S6EI51ej5J7dgYz3-O0lA,Paul,683,2010-10-08 20:29:57,3.75
2GAuonmY5GQ3PR6mUXpvMg,Elle,201,2012-03-07 17:50:51,4.18
7CaE5e_7THHMsJ4zFsDkhg,Dawn,381,2010-09-05 19:52:56,4.04
rnM1Q71gBUXe4F-BgrVmow,Michelle,192,2007-06-01 17:09:37,3.43
DT5JuPKzBEyJCN3EwZV9KQ,Amy,1240,2011-12-06 08:52:35,3.76
ENrbEhfrLMZ5Me5pb1HBnA,HL,80,2007-11-13 23:17:46,3.66
bb0kaeFl2XmSHYUIJ-9O6g,Hana,30,2008-02-22 19:09:25,3.73
QdfFtp430K_-BP1GTPNnDg,Joseph,749,2010-01-06 21:21:48,3.68
I0D9ilEATJXJoPPxGX1zsQ,Lara,200,2011-03-16 03:38:48,3.44
1lfaNzMa7xj--SdnUyJ0Ag,Jacqueline,134,2012-04-09 09:05:50,3.76
cT1XJNpbxZk_A60_gdX8dQ,Nick,792,2010-05-06 05:18:50,3.79
u_fUOpvFRKz15rSjj_hpaQ,Rebecca,193,2011-08-09 18:16:41,3.7
_kNFzpq9bhIoe_cvKOsxGw,Mike,62,2010-06-28 13:03:31,3.83
X1c-tpW95Z8DpPwTFtVebw,Cory,4,2007-11-19 16:53:06,1.75
tqCGsK9HfX59DhkXzW-tTw,Pauline,91,2011-03-15 23:26:50,3.84
my6eQZaumNlr4C90WNfvkw,Ajay,658,2010-09-04 17:30:58,3.67
nVQFCr4WmNyhGbkGkwZdYg,Anita,35,2011-11-15 23:42:43,2.67
PFAsrpb5UdiQAReNldrqhQ,Pam,17,2012-05-10 00:19:50,4.33
2p7rae7haJRDBgMLiS4bbA,Willis,317,2011-01-23 06:24:17,4.31
2ddiuuhyg2artFmgdrSdNQ,Angela,33,2013-03-27 02:00:37,3.84
gGlACxJ06r-F2nqCU97_Uw,Jenny,268,2011-08-06 02:59:44,3.85
92A1z-J4XnG413TDpGYZ4A,Stephen,36,2008-08-05 15:26:56,3.69
M77a2mAR1qL1RvRdQLIKng,Karen,9,2010-08-10 23:08:23,2.18
baaSdAasBNpSDsmG0Si2MA,Helen,131,2011-07-13 07:31:08,3.51
ZRZCGSbYFKJj_16gA7d-Nw,Jamie,716,2012-10-10 00:41:55,4.19
ZkGEQxVKozRfPu6cofmDKQ,Doug,674,2012-11-15 13:44:35,3.82
YcmtCs2XKvWU0dv1L4tenw,Mike,1084,2011-08-21 19:29:30,4.22
g7a1ThDGHEZvk-t9HKUUPQ,Cindy,557,2008-06-19 06:27:02,3.65
0H2ggT37lK8hsbH8aGR1Ug,Dean,1311,2010-05-10 00:40:16,3.3
CJBO0RheMlZOnuY-_xKDyg,Jess,504,2009-01-11 19:51:52,3.65
UdyrulYllDxVNmX-32FLFA,Jim,37,2012-12-16 13:09:51,4.05
-ZYBcGGfcm6EZo4ABH2jcA,Victor,289,2012-08-01 04:37:48,3.97
K_dM0CZKjMi5SM9P8q5C8w,Reixa,780,2011-07-17 17:47:13,4.04
PaQdy7qtDtFZRf6wEFi7jQ,Ashley,7,2011-01-23 02:41:10,3.38
6tItMlME4VDVBF_IypbLDw,Christy,2,2008-07-23 16:09:59,3.5
W4D2Sb5DRSxngZcjZ4mD0A,Akisha,400,2011-05-31 18:02:56,4.02
kly6ZETJqytpN7RygetCOw,Kyle,49,2013-02-05 12:15:48,4.2
Id2Gl6Qf1c72GT8UpE7Oag,Otto,252,2010-11-04 21:32:06,3.54
XmC8fJw9s9Ogsukqby8TxA,Christie,30,2011-03-21 19:59:28,3.41
m_PrgczTW3WQmEOFvpQdtg,Samantha,13,2012-05-12 20:55:22,3.43
yS4Oh86UHcHOJa4cnrlRNQ,Nalynn,4,2012-02-11 15:54:15,4.25
sLhx_e9CveYKWQXUzUeCfg,Sunshine,456,2011-08-03 16:09:28,3.89
k7V66MrZgcnDfdbNz7S5tg,Nine,385,2011-12-14 03:29:25,4.5
SIlGe7Ow3AzPiDFh-xHa7Q,Nathan,3,2012-10-28 04:09:01,4.67
v0KmYNybWmLXDZdL5BcKug,Vic,429,2012-06-21 23:29:04,3.9
ZMocFA2lNMJeiKjguUKu7g,Jack,1833,2012-05-09 21:23:54,3.36
JRAy4P4op3PCISZaMRA9_w,Carissa,463,2012-12-12 22:03:36,4.07
BsdMr3hnc44zZcD8PxgeSA,P. Luly,302,2011-06-19 14:28:42,3.75
kGbRvQ1iEQus_kJ_54RtZA,Doug,41,2014-08-04 22:51:21,3.45
rBBQbHErcvNH916VHw0gZA,Diane,564,2011-10-04 19:33:42,4.28
XXDgvskDimCG3u95nglKBw,Ashley,679,2012-06-09 04:18:18,4.28
OQ2Lpoz27MPuxs-Chd19SA,Kira,274,2018-08-09 16:51:50,4.3
PSnUXFT5luMvb73mQQSjUg,Johnny,490,2014-11-06 15:47:26,3.88
K74S1UK7QjAhWnkXIN0nhg,Jessalyn,203,2017-10-30 02:35:47,4.2
ZoELGLRucNH2WaPGpXmaPA,Shannen,851,2011-05-27 06:01:39,3.72
PRM7bfeCMBRPN3JOfdym6A,Nick,87,2014-05-10 04:27:39,4.39
SVL1Oir45owS_oKg-ylqfw,Tara,655,2010-10-30 04:01:21,4.16
hNivnXHHoNU3jiIc60FE3A,Rae,51,2011-04-17 05:25:03,3.68
HeUwtxGvj6h2TEg-cgWWRA,Starzette,237,2014-05-26 21:12:27,4.1
HH7iiWvBqV-20lA7JlSRWQ,Lyla,1660,2013-10-02 03:12:21,4.39
t3E3nhh3bL7H_QOku5o9fg,Melanie,99,2014-06-13 02:34:14,3.93
Ehjg4D6ANqI1fTHsWYw5LA,Jeffrey,623,2012-12-21 16:12:59,3.76
ggjMOqIPsEp__kLND3f2iw,Karen,3,2017-10-20 05:57:50,2.33
WOyX1oiMVAc-MQ4Z-6MGXw,Dee,265,2011-03-26 11:12:50,3.98
JHwVjHosHuNzlNAZwXvklQ,Samahna,380,2013-06-26 05:25:07,4.3
QMWOqJfUa9w24s9oEfd0Mg,Terri,24,2012-08-02 18:20:46,4.5
SoMesfs19wOj0EQKsNBXlA,Jurel,589,2016-05-22 10:01:48,4.11
Azq2c_BYrQ9xRxRAZH1jqg,Lboogie,11,2009-04-26 21:51:31,3.92
oazuTtSyKV6zrhbsgbdbUQ,Elle,735,2012-01-06 06:11:29,4.61
1k2ilG84PtPAm9cP_EQHjQ,Pat,341,2012-12-16 11:51:26,4.2
KTlvYU9UzhTwHIki9DbaWw,Jared,152,2013-10-20 18:03:26,4.19
0P7kqgeFLjAX8ewAmT2jMA,Norma,109,2013-04-22 16:10:31,4.1
nbNdy8S1aipjKPqWaUsfEg,Mona,1,2017-05-29 20:03:57,1.0
j_MNviOq5UHGlF0FaGK6lw,Jamila,310,2013-12-27 20:21:18,3.86
qS7g94fSIEZr5kQMck1HQA,Regina,177,2012-08-07 23:50:09,3.97
InInjzaZxzQ8_suxZEAP5g,Drew,1003,2014-02-05 03:54:10,4.12
PUN7JBORv9rv71nE3EI18A,Judy,301,2014-06-10 23:31:09,4.34
ux8wzgc8xEcnwExZWUY9Sg,Ericka,705,2010-08-13 17:50:26,4.06
3EPb2G4oTVqxqBU7YP86wQ,Julie,105,2014-07-14 22:37:57,3.99
QDxlTKRvvUdxOZkCE55XvQ,Emma,491,2010-01-05 16:52:47,4.05
YsRPQPruepkX1vL8mCvoLA,Sylvie,2,2017-04-30 16:28:49,5.0
o1QAhT9-HOVzyso46he00w,Michael,273,2012-07-13 04:46:39,4.24
4DVjcB5OjnxLyT6sQqX1_w,Michael,248,2012-09-26 04:23:44,3.89
dxzENIwnxH6wnc6zueYnVA,Azusa,500,2015-05-18 01:07:14,3.53
zkBYYlKVXQcCwyQKiEuouw,Plan,87,2015-06-09 06:28:55,4.96
H-GqigbtmsFMXlrFAjKHBg,Annecy,7,2009-07-31 22:23:14,4.29
CCjZJZaZ3h54nO6d6RWiVg,Kelsay,67,2013-03-20 01:00:04,4.0
-szffXRDPunwOj4oJsLP8w,Ashley,35,2013-09-21 18:21:58,4.25
vYCcwCcliEXoD1smFlGGfQ,Natalie,15,2018-05-11 01:12:27,3.93
pKlNbjLk4beS7EugMzg1iQ,Keary,12,2015-10-14 20:37:19,4.92
JQIZhoQB-Tg9hdBEj90m4g,Joanna,772,2010-01-21 20:04:26,4.19
yuoaisepxm6QaBKiBxz6AA,Bill,76,2011-08-09 03:15:44,3.51
YUNvoadebRrbyq06T4Hcbg,Justine,1,2017-04-19 12:22:38,1.0
vytu1j3VfoeQs2zhxbN3WA,Bennett,9,2017-06-05 18:03:06,2.05
f0SHitrEqc5k0DwWyPlY9w,Salena,612,2015-10-24 13:05:21,3.91
pfjxtVrBq3TyYCABiKIp3g,Maulik,430,2016-11-12 04:55:04,4.01
8HSqfkfOT-eT9U8xDWxsZw,Daniel,125,2015-02-06 23:22:02,3.65
wwVn5IZN93dr9p7Qj2h4gw,laura,39,2011-01-10 00:45:18,3.05
bSloRcSeO_bgbWZYQnNStA,Lenny,2,2014-07-13 11:27:54,4.5
K3IA433mCfVfgmk2E3dGqQ,Alisa,11,2013-08-13 21:23:35,4.17
RO5cFdw9n4T3Xwk0tWvA7w,Denise,304,2016-07-22 14:58:23,4.04
AE_BXPc2J7b_Ckatnwe93g,Matt,59,2011-07-16 12:41:07,3.69
hDHywu1BFwtVV9CdsF1Ueg,Angela,21,2013-07-01 16:32:00,3.95
AX6_NL1_GTM2tcN9jn8mQw,Alice,2283,2015-03-06 06:33:38,4.16
OV4eIrxnN3NQ6v4y8Hd3Cg,Rosendo,36,2016-04-24 22:40:55,3.55
C0kD4qYHUdCOOQRCDvYwrA,Anna,109,2011-01-25 17:24:39,4.53
9W0rhJEdZi8qjqKqLHEl2g,Zoe,659,2013-07-15 02:07:25,4.1
Scmyz7MK4TbXXYcaLZxIxQ,Kayla,405,2014-02-27 17:49:38,4.7
3QxuPPw9XvlZkmnhlKctsw,Rebecca,1,2017-05-10 16:20:58,1.0
OSrj6qpb7RY6QGRJ8vYaUA,Pannapat,1,2018-12-30 22:31:36,1.0
8iUnOwV5iiMQRA7d09Rb2A,Allene,113,2014-09-05 18:43:53,3.79
3QyhIS6_hq20E-7WMJaMkQ,Brandon,64,2012-02-28 00:51:29,4.23
HHobzt0gn2lVZrsYiCnuYQ,Eva,37,2013-07-14 20:27:42,4.25
VEF5f6aGYfkX8W9mipdotw,Martin,564,2014-05-31 23:47:16,4.4
FJFriepHWCUJNwlnra18Hw,Jon,1,2016-01-13 00:28:46,1.0
fsYQCAOzFdNSEFSVa08E4Q,Kimberly,463,2012-08-25 13:23:18,3.89
e1pyUTuotYKQrCOuXY79bw,Michael,3,2017-01-28 10:00:16,3.33
fp_jkccrULRlEI4GTvYoSA,Jeannine,309,2012-03-16 18:55:42,3.71
I3axJuMSw8OLdvYypHGQ5g,Orlando,111,2017-11-28 15:12:02,4.38
taqZAz48zB6P0OyzHl9owQ,Luisa,303,2015-03-08 17:44:14,3.75
GuuV2dfGxO0ighs66RTmRg,Christina,388,2016-01-08 22:50:17,4.41
8EEMp5zd4GAV_tmwE0QxJA,Max,20,2011-10-02 15:13:00,2.45
7R1t5Hw5yKPpeYdIpPUtfg,Jacqueline,114,2014-01-21 04:17:45,4.09
YTvT_E_GL2cO5OLL6_AIWg,Erica,9,2012-08-03 22:19:03,3.0
IdKEJJG56vhntWYukM__-A,J,21,2013-06-22 20:12:03,2.86
SHJo1dtnlOIfndhBcon-xg,Mark,157,2015-07-04 21:23:55,3.89
8bo5LnQBHsUh3BaxKrtiKg,Russ,206,2012-11-19 18:23:56,3.64
PhDLk0sCfdUZU6yUlp5Ukw,Kevin,12,2015-10-04 02:22:26,2.5
H7A3f8-Jq6ilIHdMpS-_Ew,Rich,270,2014-08-21 19:17:28,3.49
Lziw-39s0bb5abahEep8zw,Sam,4,2017-06-20 10:56:03,3.0
n9ZSSbTAIIn-eFvoRf-mxw,Heather,9,2013-08-06 19:30:58,3.56
jYWpBLWypAGjGSbWGlXScw,Claire,8,2014-05-21 20:59:47,3.75
Wr6GWK_zmqN6WouA2Ljv4w,Vijay,108,2015-03-24 22:23:37,3.84
PT6GrJLyXYtXvprtQ79IMQ,Sue,278,2011-09-04 00:34:33,4.28
BQv1B4ShYGg43J-orpzpog,Jordan,46,2017-11-15 04:48:45,4.38
KW2vFEqReoMk9bUqq3u6ng,Robert,9,2012-10-10 16:48:30,4.0
exIKnECZQbP8g4MJi8aXZw,Derek,19,2013-08-30 03:09:48,2.05
Cl-YRkHrnSH7wO_MokD--g,Craig,11,2009-09-19 22:32:31,3.55
9xlIJQdKdoZj6rrnaXZeVA,Leyah,6,2017-11-14 00:17:15,2.33
E9Ertlg27-dH9B3Fl9H72w,Stephanie,248,2012-04-04 21:38:25,4.62
CT3USfN4ki9_ASJo61M9bQ,Joanne,16,2012-10-22 15:37:47,4.88
ch2K57s7o2Pv2uDkoOdVYA,Dorit,149,2016-01-09 14:38:16,4.2
ytxZpn61assJBlEjbITo0Q,Jimmy,12,2012-08-05 23:33:15,3.27
uH0KmWhfylEUpcvZKG64fw,Justin,16,2014-09-25 04:45:43,3.56
W6g_3i_l1cliY9s0qqfsNA,Irene,6,2016-06-23 22:09:47,2.67
Uu7tuVTnVtc3uKjSMT0UXw,Josephine,111,2012-04-10 18:23:09,4.45
PUDYBk_OW3dYQFNhGPaRjQ,Yael,580,2014-05-28 21:32:04,3.69
R89TKW1yIFeIkS_eDBI0pw,Gowtham,7,2014-09-29 21:29:50,2.86
yDq5BXqDbrnAqO9tCZT4Rg,Shane,6,2016-06-10 12:28:35,2.14
5cR3exj8eTghhSrX4rIJyw,Nhi,3,2019-07-12 18:34:40,2.33
J5L_2BTSZOEQzzRcG2KBSA,Russell,31,2015-03-22 01:09:15,3.59
nLEY_fRKXDPel64YlYTWNA,Cindy,19,2015-11-03 13:36:40,3.75
-kr_HD5Urr5ZXkF3ngkr-g,Alan,229,2014-02-03 15:05:42,4.02
xRrcJCFuO1mo2QnHoBBxDA,Carolyn,17,2015-10-11 02:01:46,3.53
low-tlUXuOMswv4z2pBHiQ,Steve,14,2009-07-15 23:21:13,2.88
XtsfkdOJfTWLm20oLMJcNg,Chris,11,2013-01-02 07:29:57,4.64
VKFI7fwm57xYx_gG9MbkZg,Amanda,1,2016-04-29 15:58:16,2.0
qH7y62YTh7_bDiTfrGjLtQ,Andrew,3,2015-09-05 18:33:52,3.67
uxi9rjtKsNXYKaQHsl33wA,David,13,2011-06-08 14:24:59,2.64
bOuuBrAjEmSLUK1HtHXCfw,Dan,123,2020-06-29 22:00:12,4.63
NbADJE6l0O-cjIqsy2bPRA,Joanne,107,2014-02-17 06:53:05,4.25
7lhvuvBA__BKtWSrNfbpBA,Ethan,5,2014-12-28 00:25:49,4.2
on8U60ad3CWezGjhTETGUw,Toni,8,2012-12-17 13:10:05,1.0
c3vsy-zNdB9ZVnKiwIizXw,Elizabeth,158,2015-08-27 21:29:40,3.44
uLw-RVm66wYb2Ft3GujbAw,Victoria,13,2020-02-15 23:12:39,3.07
VU48UT3Kei5QERQSBZT99w,Jacki,2,2015-04-27 18:06:14,3.0
G3Kxhq7gXBZRGK-lo7vPXg,Ashley,19,2019-08-30 23:23:59,4.09
x1UcIz99WSPy5FI6cqfWAw,Kristen,29,2014-09-07 03:15:28,3.73
f01RRoEzPSqfihNLb71muQ,Bob,11,2013-02-24 19:18:17,3.71
0KY9UhIFfmrBg83jezsJUQ,Tia,10,2018-12-28 22:47:08,3.2
8q9JHy3y7BWcMjCNm32nrQ,Kayleigh,2,2013-09-09 00:11:04,2.5
4MMD4bqTfwbx6F-G7v_DMA,Leslie,7,2014-07-16 03:29:47,2.71
4n3kVPGJjm0hAWlWOJyBKg,Kate,4,2013-11-20 05:31:34,3.75
wtMYSKrt3yE2r-TNp_6spA,Matt,8,2018-03-10 14:23:48,3.75
FyBrtt4zpT1Zy8dxdYGsZw,Darcy,5,2014-06-05 18:30:43,3.4
hMEr_fHWf-A8wlMSYzkUIA,Taahir,6,2015-04-16 15:54:38,5.0
7GS3Hf6gYRWJNICk0t_zuA,Elnaz,23,2013-05-05 21:14:00,2.88
V6XgqmZ_zgPa0qMPs9mN3w,brynne,4,2020-08-20 02:12:54,3.4
K1-42NVrbVA71ajtIfT5ag,Barina,39,2016-12-13 20:03:05,3.83
aEaPnJ2U8SWXzjNPvQe4Mg,Hannah,2,2018-03-05 12:43:17,2.33
E6Y6LF4_2k54QZxQG4GHcw,Bonus,1,2012-01-19 03:46:21,1.0
IxdgCDf90erTD6VhzVkPxQ,Susan,16,2016-09-21 23:25:32,3.41
Q53Sv_kAzu5OKy9eH1n1HQ,Milton,44,2011-12-11 04:48:08,4.64
YNBqhYEnJDe2W4c_oAScTg,Mike,5,2012-03-10 18:55:54,3.2
WQ33XeXfN14Gw-Lvj1idJw,Amy,2,2014-07-07 01:41:17,1.0
BuBwVe2OF2ihOwfsOYs-jQ,El,79,2009-08-24 01:03:15,3.11
Z8qxKJ-mrd0kG82u_DHKZA,Alex,3,2016-05-19 04:23:49,3.67
mwYd1POLrOTyFXYM3vq5SA,Richard,12,2013-05-17 12:50:38,3.08
srAxAReEe8OP8T7eClHzGA,Qurana,6,2015-06-30 23:08:00,4.0
0-rEsSSEvV9eEBGCt1Fl4w,greg,12,2011-07-01 04:32:47,1.27
OxelAIyQlrN0xXsmsLC-8A,Suzanne,1,2020-12-14 01:51:54,2.0
rCCr1npPRE1nM_eU_65dlQ,Koko,5,2015-12-15 00:57:04,2.6
kM0_VquUm-3q5MlWkEpiUw,John,6,2021-04-12 12:31:15,2.33
fdEv1prCVbqu8O_06KlG0w,Taylor,4,2016-12-31 00:55:21,4.0
2Wf4lnq91S6V8NmH33X3eA,Lauren,5,2014-05-28 23:40:56,3.0
RQoL5iuPK3g3nHLcLezT7Q,Guy,64,2012-11-18 15:04:52,1.84
ZLFQ_lWSS3jP831q0WGbjg,Chloe,1,2019-06-08 13:52:58,1.0
Vd-OUZVdVmcwbAY8yWaYRw,Mychal,1,2016-05-01 02:48:37,1.0
D5cOcz7-pwoWiIEIA1A3tQ,Stacie,5,2017-05-28 17:44:09,5.0
cQfNROOWH9mlANz5KK821Q,Tommy,8,2012-11-24 16:35:09,3.88
P323SO9U-xDrKsCcpfAiFQ,Scott,1,2019-09-26 22:00:54,1.0
XsskSV-sZad49nP18NlIOw,Taber,1,2011-03-25 00:05:05,5.0
XkRNqNB1RquIF2Gw4Lk--A,Tara,2,2012-12-14 04:57:53,3.0
NF85jZgbkbhPNpRh2miWHA,Naomi,5,2018-06-21 05:50:29,4.4
CsDnYjVHtvcXcmvxYXBAzA,Jador,3,2020-02-22 02:17:12,2.33
KU1hrlODN8yDnDFPWNtCng,Marsha,9,2014-10-17 03:12:01,3.78
r2nAdxZJV8lOCYWFxmhQGA,T,26,2016-01-15 16:52:43,4.04
wh5ZE9__ZR9XBbL1EgfF0w,Jomi,1,2020-02-23 05:16:36,1.0
sccZIP60zhJgjkmfbK923w,Alisha,7,2010-02-07 15:57:52,2.71
ihZJy1R8bCK6dzFQ_HZFTA,Megan,4,2015-04-04 15:30:21,5.0
eoTY3um29cl2oRdP2obxUg,Mike,1,2020-10-28 17:22:38,2.0
COw2tHYMJfMEuZAI8cSrYQ,Jake,15,2012-02-21 22:07:57,3.6
7nCxSDrHS8MiulzAaYT5gg,Mike,8,2014-09-29 22:57:10,4.5
We7c7g580Fesn8Pn_XARdg,John,2,2017-04-15 12:43:50,3.5
g4aSyNne_r4R6zVkLbDhPg,Marjolaine,3,2014-02-20 20:29:20,3.33
p7PDbz81PfqWRcNELcP86Q,Eli,12,2012-10-07 19:30:56,4.54
RAVr_68v9aXWs9haVSYcGg,Shelly,19,2011-10-12 21:17:29,3.58
EiInsLVajoGh7EKzC8MS9Q,Julia,5,2019-02-22 23:08:16,3.6
G5LXEaxhQMF_BVjNHkVr7g,Nish,1926,2004-12-07 16:42:55,4.07
noYFSPIOkxs0luJbtIlyJA,Jarrod,229,2010-02-17 14:01:15,3.62
73DZUFYAXuycbJ_eEAox1Q,Bradley,1184,2009-09-04 22:27:29,4.3
37Hc8hr3cw0iHLoPzLK6Ow,Christine,495,2008-03-03 04:57:05,3.72
tdfKdI3XJVbR9aawyYVlFQ,Trish,146,2007-11-12 03:18:47,4.22
Tzdu8NMT7Sv87HLkpHl1LA,Heidi,815,2009-12-27 01:35:15,4.37
2vFUeQGnG8zdLSQkwfChog,Mo,413,2011-08-14 06:40:29,3.03
-9I98YbNQnLdAmcYfb324Q,Amy,661,2007-07-19 17:52:56,3.22
yWyGiP9ut49-l7zxAumHTg,Eric,517,2007-04-12 02:22:57,3.5
wdtc6jrgw0WP3xu1w7FSDQ,Nitram,32,2006-04-19 09:05:19,2.79
O_-iRmEF_nPgY327XgmmIA,Dan,5,2006-03-03 14:53:26,3.4
XdXKVTIDFG3o3icYRjxCdw,Daniel,12,2010-03-04 07:49:28,3.64
8tRcoJhFCcj_V19NIxPFew,Evan,8,2010-10-02 03:56:52,4.0
9bxdPvAhP6cuipD5s2UnCg,Tam,1409,2007-02-17 03:07:27,3.55
1s1J_yyl4Auhf2oi6ge5Iw,Felecia,377,2010-02-17 19:48:58,4.09
wSByVbwME4MzgkJaFyfvNg,Bryant,837,2009-12-26 03:27:16,4.16
1JLeCtVa2-i7aH5aC4bF2w,lauren,145,2007-05-24 04:58:37,3.99
gBEihTFxWQ5CzOH1tGjAPw,Mona,229,2009-03-17 01:52:02,3.82
1-0A9rlR2hX-5-_PMG0EFA,Judes,30,2007-01-29 06:07:25,3.32
_n40AvOlP7bZi3qcljaMyw,Jeannie,419,2008-06-06 03:53:30,4.13
VZNWqQD2V5jukp0sPcD2lw,Greg,563,2010-04-18 17:03:19,4.07
SPbdGX1c5q2UoFngJJVvRQ,Dana,530,2009-05-25 03:56:15,3.77
WWWujmZ95y0a2RR5_kQ9sw,Curt,3397,2009-09-03 02:52:55,3.99
PI51J_fKhEfZKhi-MjWBpg,Errol,1121,2008-07-01 12:48:50,4.13
eteU71BreWIONFxtIsCP9Q,Will,685,2008-12-14 06:17:08,3.64
Tf1EmLLUZ2tlpOhaU2kvpg,Amanda,803,2010-08-26 20:08:49,4.03
U2sN2-HGvh27FyXKFlvkBg,Dave,418,2006-01-07 14:11:32,3.25
YWs053gCitKsj2986a13CA,Mac,291,2009-07-22 21:17:36,3.91
Zwj8T7RPoOpSJ5JcqPh4bg,Danny,310,2008-12-12 22:32:48,4.67
AkLL-djXn-jV80Cs0BpcDg,Sonia,286,2011-06-09 16:34:14,4.26
iMEUit3Dg6mbmPogt-PN5A,Stephen,222,2008-03-17 21:22:05,3.9
B9ZtBqN7-DmJwBBjNVobKw,Olivia,370,2010-08-24 00:09:40,3.46
Wz9LLd-P8UDNFNqxKuz1gg,Rachel,417,2011-02-06 21:51:30,4.03
9IRuYmy5YmhtNQ6ei1p-uQ,Demetria,930,2009-06-05 16:56:10,3.78
MMHqXAhcOZoLxbOMb26nyQ,Alexandra,29,2011-03-27 00:41:12,3.7
qbbCqdPbdkL2d_E9QeA2fw,Chun,753,2010-08-15 22:56:59,3.88
2XBgzcnG2aPdkCrxY0RGng,Juan,9,2010-05-03 16:46:19,4.6
Jcbj338NjXtSiqvK3LYghQ,Kevin,874,2010-08-06 16:04:00,3.96
TG0bhYjtbRWrhZyqwpaW9A,Melody,404,2011-07-11 08:16:09,3.42
FXjArWilSpDD0zuNHXPakA,Dee,16,2011-10-16 06:01:26,3.61
cQK407Dkqyi9pf4Bqtum0w,Scott,293,2010-04-25 03:13:50,4.06
EmVI46OYf_tgyrxr6PWwOA,Tammie,13,2010-02-04 20:04:50,3.79
JXyk_ZMDAIn3SxX7Z3Wnig,Angi,139,2008-06-01 02:40:08,3.91
o8Lo2pvM19nyYPBBycgSVg,Cydney,831,2011-01-07 03:23:43,3.83
0RmgSJgWsCOufPdp1lWLVQ,Joanna,558,2011-02-08 21:12:48,3.75
2aqjbuRVv5iyvJP8dUCWTw,Cathy,12,2008-02-24 05:06:24,4.75
0fcXVDi6zmRYs7t3hTpYkQ,Justin,605,2011-08-23 21:53:10,3.8
bZooYJ-kjJko7Av8p95s2Q,Madeline,3,2010-10-02 19:03:41,3.67
1JlOo8MoX4e67l34aRulrg,Clarissa,1237,2013-07-14 14:31:09,3.74
BTfDuA0EOh4PPZNkAwXRnw,Tim,470,2014-10-22 22:27:15,4.46
C7Vo14RpRTG5Bc84l4q6DQ,Kenneth,175,2014-02-05 19:16:13,4.48
en3MjPnVS5CCzmMPTaBy_g,Al,6,2009-06-09 19:06:56,4.0
b5eY3yJxpSWmEfKPFdFEYw,Pedro,18,2008-10-03 17:58:08,2.83
LEPULBfMm4zKr_3vITYXzA,Randy,355,2012-05-01 23:24:25,3.78
_73GdBatHqhhQ7fA83WkGQ,Mary,72,2009-10-04 08:14:00,3.6
AYKeVqTxqdpke9vZSn6VrQ,Alexa,124,2011-09-08 23:56:14,4.05
bphLDv1vQ_ZGBd_-DnCDkg,Ashley,6,2014-07-19 17:59:43,2.33
bBTusA3nc9uU-E6tirD6mg,Aria,43,2018-08-27 04:00:32,4.36
6yw_4m8IBhdPeAvQNbFMDw,Joop,1254,2012-08-19 19:46:06,4.02
4-Sx8oZ4hwXR5YNWJHnAMw,Roy,659,2013-01-06 21:39:15,4.06
TdCeQnHVjA2FgwBnA9lx_g,David,205,2011-11-07 08:19:27,4.32
dxEQTQ5vj8nctV5E_RlKIQ,Juan,451,2010-08-03 16:15:34,4.24
A9rHs260lszlmShrxb2Q-g,Brianna,294,2013-08-07 21:31:14,4.1
Ia6W2Ml3QsFVPvh__38BNQ,Tommy,7,2012-11-23 03:39:11,4.43
N61hkQVfKF0GXP3UIVnbWw,Rosie,462,2013-12-01 18:41:17,3.67
mGRFBRx6na1D6WHuD4UJdg,Maggie,311,2012-01-15 19:13:41,3.55
rqedLfqPDXbUm68vSbhvpw,Jerra,246,2014-04-18 00:39:54,4.26
s1UXYIq2AwGeKK5l0TAL5Q,Sam,11,2011-01-27 18:08:16,3.79
vldVxBaVkujEO-sXv6iRpw,Lillian,207,2018-04-12 23:18:53,3.88
s6W-o7WF4v7a6XRs0g96fg,Solomon,27,2016-03-27 05:23:40,3.26
KtMBaPrHLPwbvzPnlUHT_g,Kenny,328,2010-09-12 02:49:19,3.92
vDNzJfoJKJcmGXda-XRAvQ,Noemi,209,2013-09-02 01:26:45,4.75
Ki_AEkJ9rMAfOEJaDLUyig,Louis,115,2010-11-02 21:13:57,4.06
rOWvCXqF6ICwZBzA6H6ZWQ,Baylee,279,2011-08-27 19:07:18,4.55
MeJsum3QyTO-UGYvsTpESQ,Alexandra,273,2013-05-29 21:13:17,3.74
ooHF-vRzlkyN9UEVMKocAQ,Mercedes,1491,2013-04-27 03:21:21,4.15
IZ-MX7S3mzcG-FX2dwE3kg,Jeff,231,2011-08-11 17:54:05,2.53
IPxs537k3GiBkc8_1D4log,Melissa,84,2012-10-14 04:54:02,4.47
P26CLVR2qhj2NYMz0b3IGg,Jane,493,2011-08-22 23:39:27,3.68
m7nN94PGrgwDXMJwbYUaVQ,Catarino,158,2016-06-01 03:26:15,4.46
w10HC3UFdVyxEyFBEXQ3eA,Doug,4,2010-05-05 22:31:43,1.0
LS50MEzvPY2Q90kPr0rbQA,Rachel,1376,2012-10-09 01:26:06,3.92
nyUf9ZjdEeOqEk3Z4Vl4pQ,Stacy,138,2011-10-01 03:10:51,4.87
ZbkA2bI3HGqQmy_z-YWAmg,Romeo,1036,2013-10-15 20:13:44,4.05
lGBvmBDeIooqcrMwp1a1yg,Eugene,441,2013-03-29 08:50:51,4.1
m-wGzAv5fDmjawJLpjw58w,Linden,1,2012-12-10 08:18:13,1.0
PQxJ27wiWI8aoDb06vEY_w,Matthew,14,2013-12-15 02:23:06,4.07
FvxgtHlYOS4Q_22omnk0OQ,Jannis,354,2012-06-19 04:22:22,4.24
qE6ESN3gF_ax_4ZtaR-giw,Yeraldine,353,2012-11-29 01:56:28,3.98
KDuWv96lLrfkKQ-4KtaU8w,Mylan,690,2014-04-05 15:39:09,3.89
ggYnLiLAOZADWcstZH5KLg,Patty,104,2013-02-10 06:40:43,3.68
QEqHKXoD61jM_Cd6RZuqZQ,Victoria,398,2011-05-15 02:52:51,3.91
mnrDsvKj1LfyNr5pxzzUmg,Jenny,147,2013-02-26 23:55:16,3.06
UM0lTNFr_sRHYDdoF0IZEw,Lani,96,2008-01-01 02:14:07,3.59
Kv1cjS6t-5fDNbd77Xej4Q,Hannah,333,2010-08-04 04:30:14,4.13
xndFXZ7YDsszg9osLjZvIA,Robert,4,2015-08-10 03:56:25,1.0
Nx08hoMzSbhYSoeCLhksmQ,Kim,460,2015-11-19 03:00:53,4.53
yueKtlxQbGrNBc8utgR8sw,Ven,16,2010-06-10 14:51:41,2.71
YXBOQ-jNyPLHzuVYWX0_nQ,Tommy,1,2016-08-26 22:53:50,5.0
HT4r0tWm2D4TsUa3q9i-Rw,Nichole,150,2013-09-19 22:18:19,2.99
-gCzk8T456FFJpHo2DKJbg,Stacy,64,2018-07-15 00:24:09,4.98
mSqSio0wfonqlM__lKzKRQ,Jhana,9,2012-01-22 03:51:32,4.56
7soXrwyv77LnqKhr9nV-Iw,michael,151,2011-09-10 00:26:09,3.49
IvH2wmiP_3wLLCC0GXkb3Q,Laura,614,2015-01-17 15:28:04,4.37
P3g7T9zSEOgjvxirZx_bHw,Whitley,475,2015-05-08 23:41:24,3.97
uO-6UxxRVbz85cOUnh5OBQ,Brady,72,2011-02-18 01:24:27,4.09
w8xU5z_-yCXspCfB5bWTJw,Brett,1020,2017-06-04 21:09:58,4.05
eZmbxeSMgdfVhk6RGElk4g,Melisa,117,2012-04-03 00:06:19,3.57
zgFpxIm2_I86lhtHOdmjsQ,Ana,162,2013-03-29 17:58:26,3.63
Xk1bqFYbe4kKZX_RnpsOdQ,Ashley,186,2014-03-29 21:49:49,4.42
G1DtOw86TtPYtllePlMAdw,Lori,562,2014-12-30 05:10:53,4.25
5Xilnsae0t_00ZkBgRKV3A,Elisha,95,2015-07-12 17:19:44,4.31
JtM1isV48Lu2KBcWRqiKaQ,Kimberlee,176,2012-01-07 18:04:23,3.77
GBTEfh1rUFPqcLY6bplofw,Jim,110,2011-01-14 01:43:30,3.23
wMzfNGbZGlPSF2X-kWeb6w,Adam,5,2016-01-14 03:51:49,2.33
uaNGTdo_zusfFEBqCiOeBA,Catherine,29,2017-10-04 21:11:46,4.37
y_P696ItONtTXS3MtqWv4Q,Mina,279,2011-03-09 14:32:11,4.56
6MDnzuORh6de9hICw8M9fA,Kevin,12,2014-05-23 01:00:06,2.17
9iTEAvSGJ-dOOqdVlTCkww,Kelly,334,2010-08-24 04:44:30,3.67
MHXz2fbi1pIZIL-akNvgqQ,Kemberly,2,2018-07-29 07:56:15,3.0
hUxznxKo7YsQaFzUOURWKA,Jake,13,2017-07-23 19:59:18,3.69
m7yM_NZXQ9WD1TUzcRiw4g,Adam,8,2011-08-17 19:21:49,3.63
ObpsMRqxabwLhfUwGwIfnQ,Greg,17,2012-12-07 02:52:34,2.43
YO65xxpdlEhNlKDNYvviig,Shandrell,1,2011-06-24 02:58:15,3.0
KaYukl9swlpo71HupJrUWw,Sydney,188,2014-05-01 00:13:58,4.18
XJmCGf1N70GyPLT_wZHxPw,Lee,90,2009-01-19 22:42:46,3.58
kk7VOrrhVjy8j3Gwm48v5g,Eli,13,2014-05-14 04:34:26,4.85
_V0iYxsbAAipJYG_7TV47Q,Kenneth,28,2009-12-09 20:27:15,3.72
N0QkZHLkM73AYJKQ1YFR6A,Jesus,14,2015-01-22 20:45:48,3.33
yQvDF3pgF3ahWIj6RJPSrw,Angie,32,2011-10-12 06:06:03,2.97
hQUe12PsSkvSz8exSMf8vQ,Zoe,18,2010-03-14 02:58:43,3.24
X5T45QxyLjnuXohkvE3Rfw,F,122,2014-07-22 00:33:39,3.34
9DrpIpVerY4H4RT6ZQEZdw,Benjamin,62,2017-09-10 02:50:35,4.74
C2Bg1Lf5v9SKej1pUlp-2Q,Bryan,17,2010-12-23 01:49:35,3.76
4w-p3TE0xBDK0NhMVSAPsg,Christopher,5,2015-07-05 20:31:57,3.0
oUst55rUuv2nKEQ0FgJ5GQ,Mark,296,2012-10-28 21:17:00,3.99
I1YtFjeaHLX7dLjVetGHnw,J,13,2013-10-24 17:49:38,3.86
R7C_PGUiBgJbIgXNkk1I1Q,Lala,231,2014-07-03 14:51:54,3.92
uY3XlJHgF3aZlbgBSCt6PQ,Harry,31,2013-05-27 21:13:05,4.14
7vw3vTKYGQDNYLIWrDxZUA,Diondre,11,2012-12-02 18:37:33,3.64
WVWknTDLYl11kiWIJI456g,Lynn,225,2014-05-30 06:14:01,4.31
GjN0vQJYKNaGdjbIEuDrUw,Labib,10,2014-12-27 04:49:08,2.4
4hWBfXwEtgewKJKecHzNYw,Jeong,580,2012-02-14 05:00:02,3.87
-lo0OqppDkzH8PglfYjymw,Amelia,13,2012-04-22 20:07:54,3.86
M5xN8U_zOf4xHx8JV0HJSg,Alexandra,1,2019-01-25 00:08:37,1.0
cn7YkDQa9Su78T_pu5X2TA,Patrick,7,2012-05-24 21:16:12,3.43
rCNnyM0rOabZtmMkfMH5HQ,Kelly,1,2018-01-31 20:36:42,1.0
MFCWX6sHv-unB8q_sqCb9g,Ron,232,2009-11-12 00:27:41,4.0
9ahVZJ39NaYS17ZcimAiHg,Edward,2,2017-05-14 23:05:12,3.0
Y22BW098M-wXAKe45paJgA,Daniel,20,2014-01-03 18:26:59,4.27
GtMNIxCyzWuZoqzjTGj7mQ,Skye,10,2012-04-28 22:46:47,3.2
-atOO0PvfIN8GTX5K-kdgQ,Nguyet,5,2015-05-14 02:30:00,3.2
h-DZmrNcZVMHcynPE2_v7g,Matthew,2,2016-01-01 15:45:39,3.0
tdOhlyTAq5lRy7s5wg5dwA,Michael,15,2010-02-12 23:20:30,3.5
_yecEkVWsomuimmX-MlT1A,Tom,10,2014-03-25 23:04:11,4.3
rdx-fJnJOcJ0oVWC2iLYBg,Fred,10,2016-02-14 01:58:21,4.4
owwK10RJra-x8WsJYA_JiQ,Megan,2,2013-08-03 18:00:45,1.0
jatuiJOGZFne2s1BUkfkxg,Julie,1,2017-01-28 00:35:31,1.0
-iNN4s230lAs9fZTBtx1Tg,Erich,577,2018-03-29 03:09:08,4.21
IHdXrHBj52CPs6aZPjKkfg,Caren,11,2015-12-29 16:01:50,3.27
49gp473HvrhnCNed2mKPWA,Ray,43,2014-05-05 23:22:32,3.89
ika6UAYbtCKYtvDZrZH6pw,Erin,5,2013-01-15 14:09:25,3.0
K0fY_YK2sVsigABJU6tDfA,Lisa,9,2013-11-25 21:02:02,3.7
sDfQvfsjtxdXfIMDSXF9Ew,Bob,138,2020-11-24 15:27:17,3.68
1VrVi57muPT4yfnuBkJr7Q,Holli,3,2014-10-29 14:12:03,2.33
G7spFaGpRBh9wrKiZSEW-w,Desiree,804,2019-10-26 22:01:19,3.71
ySuCyQKeCe9Jt-2Wh7daiA,Gerardo,10,2018-01-21 07:52:18,4.1
wn2vXu5fdyej3YO67-XBkQ,Adriana,3,2014-07-12 18:20:53,4.33
nkKn4niK18N70tkgj5zMrg,Lucy,27,2020-09-08 20:52:19,4.25
V7Aw4uUdPoX3kYdLACAxxg,Meredith,3,2010-06-08 23:46:33,2.33
JXM4newYN6TPRCi8TDOHEA,Justin,5,2014-02-21 22:22:59,1.0
h0ibN6pLX60wp0HBOWMOeQ,Alan,3,2009-04-10 14:04:14,2.0
CEk0znXXkpaQ70B8jzWWLw,Candy,8,2014-02-17 01:21:34,3.7
_5t5lBPh6WoHKpN4_lcDeg,Mike,9,2012-10-25 02:28:01,1.9
UqM3bibyA-mnjNthSnlerg,Bill,7,2014-08-22 23:07:50,3.56
CgoRexMZnTtrqxrrkglzaw,Rain,1,2019-05-16 15:24:18,2.33
2s2aFCsSHZ9coxLSjE05qg,Gill,1,2019-06-22 02:52:31,1.0
oMnFkK9cYqoCVRKt8yhp3g,Dinah,15,2010-12-23 21:01:37,3.87
EMgEqxfEHBx01s_vA_bhNw,Michael,28,2011-04-05 11:47:33,3.57
7AW6gRG2UFaISkq-IX56lg,Susan,4,2010-08-25 15:04:20,4.2
j_-2CbyL7dkFcK1C5NIKLg,Christiana,12,2010-04-23 15:46:03,2.64
hItWIglWbYy2ETJbwkwIKA,Hoda,16,2014-10-30 01:36:30,3.18
RoN7vGQN0FvrVp225ZF4Ag,Tim,38,2010-11-28 23:33:11,3.46
J--2TdNgMCsb4DWK4BOWCA,Caitie,24,2014-04-06 23:27:39,3.48
_pxXTDiLRnqq725jFTpTJQ,Lauren,2,2016-02-01 04:39:13,2.33
W9ejs03dLF8X7VeljNbB_A,Marcelo,1,2017-10-16 00:16:29,1.0
JiBXIy-NaJTuV05cxUfIZQ,Dawn,3,2012-10-13 16:21:15,2.33
yZ8Di1PLxf0zqslwGsu2bA,David,14,2014-06-20 01:52:17,2.26
01hffAZz_g1sceUoAQ9U1g,Eddie,4,2014-07-25 04:05:29,3.75
L8f8hpK1gI0zUvWZE7bYhA,Gina,84,2010-10-05 16:14:23,3.44
jzzs4GYGNUfmMacy1Fvb3A,Alice,19,2013-12-23 20:36:13,2.53
sc9yJb5aC30gcMjG7CUxPA,Melody,8,2017-03-31 20:30:53,2.33
2ALlFDz06SO1Ap2bmEKfOg,Makayla,3,2018-11-12 05:32:38,1.0
IyKx8xN6fWdyGHsfTcsP4g,Laura,2,2013-02-08 20:19:38,2.0
PGMAhDBirUP5kbQIYuGNpg,Ethan,10,2013-08-07 23:34:21,3.27
SiyLpq0GI61G8AZaycA3hw,Don,53,2011-07-09 00:50:36,4.28
1gwPSkcQ6xwvAIen0TDi1Q,Christian,1,2021-07-17 21:58:37,1.0
VifJ_QF4-14fvb3-L-NvuA,Miranda,12,2017-05-30 03:04:46,3.33
9_rTs9lykCZ-tuy-7-UIcw,Nancy,3,2015-03-27 16:52:14,2.33
QiY3EJSuHDGIgEwogMbj-w,Jami,1,2021-01-16 05:04:24,3.0
DdedWlI5JLZ14hznYnmIAw,Linda,4,2014-06-19 18:36:51,3.14
1vXJWH7L0IMEz5-8aU3SOA,Hazel,825,2006-08-25 16:21:47,4.07
jh_rji4QuVSN_hO1pa9D0g,Zizi,246,2007-02-28 07:46:16,3.58
_CCyYCSlJ7YFu-M5NTPkbg,Preston,26,2009-05-14 18:19:13,3.52
VwWYIBvVgx9PVoOoD_Vb_w,Jane,68,2007-12-27 23:55:18,3.97
930YU51ZvuOQn4dWtZxj5A,Jen,830,2009-05-11 16:38:24,4.21
HR1wozuAE_3KAHFP1XvIjw,Lorie,702,2006-08-17 04:26:33,4.27
wPfO0bhqtn-20K79nUICTA,Diane,410,2007-10-21 09:11:31,3.36
6tbXpUIU6upoeqWNDo9k_A,Ken,1029,2010-03-20 17:40:47,3.59
UiTLrhOpgeMyCjGoHDEEVw,Emily,3,2010-10-06 18:31:48,5.0
fQq-PBKARvUGfBnmch9Dqg,Tony,29,2010-05-31 19:36:34,3.79
aAPG4k9TrIVmAGCVUgfQnQ,Gene,34,2010-01-19 17:43:50,2.96
ESpwFKguWoMuWH0pSgjL7A,A,371,2008-06-22 11:41:17,3.61
zYlTuY9teqQOrrZq1pXcxw,Joshua,100,2010-03-06 04:00:44,3.81
--56mD0sm1eOogphi2FFLw,Jen,284,2010-12-16 02:31:36,3.57
XTvbWJ6EFAOkiLvA6OxZWw,Eric,7,2007-08-14 00:40:42,4.14
bRFKK1RTGuxGkLcXYHZBxw,Topher,41,2010-11-21 15:02:51,3.1
oCnDssRqHimVgEIwVJOfWw,Kelly,75,2009-07-24 19:14:59,4.62
UqkrP5O2ToeXRcYbp7okIA,Cassandra,765,2009-04-06 02:20:24,4.13
8uZZj6sUMpeubbQkL7r8Cw,Jessica,11,2008-07-03 15:39:19,3.26
lfrWaxgLJhiF-oC7tO981A,J to the R,11,2009-03-04 04:43:20,1.36
TfzGqBc2kq6n_4fuYd4AzQ,Michael,8,2009-02-24 14:40:22,4.33
hbpvDe4AUtQz2OCVsk1Mfw,Shannon,31,2010-03-28 01:10:47,2.74
d_sgtGooM3_-NiloE7emyg,Mark,25,2010-01-05 18:35:55,3.75
vARpt4o6zdgcm9WGJeWeTg,Armen,327,2011-07-05 20:21:02,3.92
tp77HGAm4JVX3BL50v7Ajg,Frances,157,2011-04-14 08:08:24,4.25
P72Y7rHqNKulGMbxyQ9FWQ,Ed,268,2008-06-07 20:59:57,4.08
JwbPdBrAREFa8IJKi11hiA,Claude,31,2009-06-21 00:50:12,2.97
PZOf15ZMAjmvRTRe2p7W1Q,Samantha,591,2011-10-02 21:04:52,4.01
jAee5mp9aOoSey-MDN1SKA,Jude,12,2011-01-27 03:59:24,4.0
gOBemMfKRfpvJkz9OIw6aw,Mark,311,2011-04-15 19:03:26,3.5
TjwPPpz0o8URfa6RXE8-oA,Suki,25,2009-07-23 20:00:28,3.63
AIU-ysJoc-eV6ShCou8h1w,G,46,2010-01-19 18:48:21,2.5
Kiv9IUM4GNqjAEZUji6dUg,William,34,2012-06-07 16:33:03,4.06
KoVIQzpCFKuNTwGXNzBUeA,Sookie,27,2007-06-05 19:57:23,3.66
ExhcUTTcj_MBhZdFQT9KYg,Elisa,758,2012-02-03 14:11:13,3.84
EW5Xf4NVT9lKfLDG88ysyg,Jack,411,2010-10-06 16:47:15,3.84
w-7pJLtNGmfn5J1jSShaNA,Teisha,273,2011-11-06 21:40:52,3.8
uo52kgQUJJdYq8aNSMS0sQ,Ace,3,2012-08-02 22:39:06,2.67
yi9eAPNgnqBGaRQ_Eyz2Aw,Jaylena,558,2010-06-16 21:19:05,3.95
gM1NfFbhtbUwCWVQlEBoSw,Lucas,171,2012-09-30 17:23:05,3.51
VfTtPxT6lKIGFWMiYqlKrw,Donavon,18,2011-02-23 09:09:27,4.22
ktUxDtUAtoc3fgCopW9LLw,Elizabeth,1049,2012-01-16 19:29:46,4.41
kO7GrD1u9aSRUoCC5WBBJg,Julie,6,2010-06-10 22:35:06,3.5
2HL93UioyvdJn73KeKCpig,Matt,40,2012-09-03 05:16:47,4.08
R_cli6kTPDOdJxo2kt-E_g,Kristi,6,2011-04-23 20:31:12,4.33
HcDuPlEDAwVJnzK0IIT98w,Kristen,3,2011-12-14 02:25:51,3.0
GF0CCTGqls2HiVMOXN71xg,leanne,5,2008-06-22 17:14:09,2.2
_VDRG5nGBNxK6QTqT89kdQ,Nando,146,2018-06-18 09:46:19,3.77
Lk8ziO1ifl0UhPH6dxDvQg,Mike,7,2012-04-08 08:26:32,3.43
lf0XF3c58i9eOuwJqJFyCA,Rachel,29,2011-11-25 18:01:10,4.17
EMRqhPl8N-b7L9YdRR60WA,Heidi,28,2016-08-20 14:27:54,3.76
TchV5FdrA3-9fgHA-LEbSA,John,38,2011-01-08 20:30:22,3.81
P_kKjxMsIrw5TetQGqOC2w,Douglas,25,2010-05-18 00:00:38,3.41
Htz2PJtwkLwTAUvHgfO14Q,Sophie,233,2012-01-15 00:13:18,3.63
FtTwsdIffvlrkoqnDtpLTQ,Mariani,133,2012-05-03 15:56:53,4.37
pufGgg3EuY_As7cu__pM1w,Alfred,270,2013-04-15 19:30:54,3.69
shK8QjjDIM2kTgZA4oqwIw,Areg,55,2012-03-27 17:06:15,2.98
DC1hfeeSaYr2E1xwiEL81A,Jocelyn,922,2012-10-19 17:26:10,3.94
l4RGP_UhU1u7loxWm5pU7w,Guy,179,2011-12-31 16:29:19,3.46
WAAYgXdq-1zdo5Je-pq3kg,Eva,29,2012-02-20 02:16:28,4.52
X-MEl-JJxrfA6ZZolHLf-A,David,67,2006-08-25 16:54:56,2.89
dqo-o6O847KTF3NDADxxDg,Craig,449,2011-12-12 02:22:05,3.82
lnyuCqHJkw1-ywZGN70Deg,Steph,11,2011-02-09 03:25:16,2.67
95GOfKoCDfeGkX2l8n8Lfw,Dominique,337,2014-08-15 00:38:56,4.6
qBGlopbAyD8naUQIxEVmZA,Mackenzie,3,2012-01-14 23:20:51,4.33
l-w6bix2rA4TZJ4ahuwEsw,Cassidy,1,2012-08-15 23:13:59,1.0
h_bqeFQGAz4EqiVxz5J78Q,Shanice,16,2013-05-22 02:11:41,3.94
DyriRhK5lHZSnka--Nop7A,Aviad,3,2010-08-27 00:00:29,2.33
T090FL7DIqZ46lX-mz8tkw,Lisa,9,2011-11-26 22:36:33,4.11
I3lGzM6gOVQ5tR-0xCKUmQ,Valerie,27,2013-09-27 14:32:43,3.9
iA2I03MeRZbLsfPQlUd_sg,Amy,116,2014-03-09 19:17:27,4.18
rAuQT_1kQl8IJLH1393dcg,Luis,462,2011-09-28 07:49:41,3.82
EKDpqpzmLBXzO6PKk4ZUdA,Kim,12,2011-01-03 03:19:13,4.15
_q2q9vBslJe_cRju_ggqSg,Amy,236,2012-08-15 01:54:49,3.68
u1QEpXGOcshduSZiSmfVMA,Lindsey,7,2012-11-27 19:35:54,4.43
oHbFel2CMofCxfTy8abZlA,Alexis,8,2016-02-28 00:44:56,2.78
0hUf3i0kkRhpuQGpOZbLWg,Martinez,15,2016-09-09 01:07:17,3.94
FSPMAkNXozd8hqU-mAJQuQ,Leighton,5,2013-01-25 11:05:29,3.4
GdkupEXprSBV3_5jNpE69A,Christine,1085,2014-03-23 00:01:48,4.2
RsSHMsYK9BIRr4d35yJOLA,Tony,16,2010-07-15 23:25:29,2.81
1nu-A4nccwVmBmp06dMvTA,Brock,4,2015-06-15 13:24:33,2.8
EJnAiLDu8LYqX8TNurevDw,Abhy,41,2013-02-16 22:44:57,2.4
d8As44URnBDpuhPDDPtrfw,Abby,5,2013-06-23 17:48:33,4.0
5bGqbvqOgs7LLqVbctGtPw,Blair,34,2012-02-10 21:24:58,3.68
5gl_burMJJMH66kTyuztIA,Audrey,8,2013-03-23 22:02:13,3.75
XcqI0-w7aEK5mwn8wJAXvg,Brianne,1,2012-07-23 21:04:40,2.0
l67r9oqg0pJ57PGhxa-bcg,Hannah,10,2014-02-03 05:40:06,3.9
QL_Mxy1zYDX35ZV3Gj7UGA,Ashley,113,2017-12-31 02:08:20,4.31
ERBY_efdJA08J7Tq-bUjEQ,Asha,78,2013-01-24 03:20:03,3.63
t5ymbaVj4r-_t9QRB8QrTg,Birdie,157,2009-09-13 15:50:14,4.24
fyI7kYwPtk8ydxSq1FzHdA,Destiny,481,2017-01-14 04:40:47,3.96
lkhMWvuKF9EHTGXfe-nP5w,Nico,20,2012-02-11 16:58:02,3.68
hSFWejVgIpc7DKphtecSbg,Shellie,9,2013-11-13 00:44:25,2.67
0VVEy3yNkRsmdmqYaJl_Iw,Christina,2,2013-08-22 03:42:31,3.0
WL_9BpaHVNsy1ECoW4Xfrg,Rylie,51,2013-06-02 06:21:36,2.42
M8ajZ6uYKkaXBDUNGZKosw,Mandy,13,2013-11-30 18:57:49,4.46
hnsrJYsJJMDwZHWzVncY6g,Stephen,64,2013-02-16 22:21:12,3.81
gJjmXEmnsr00l1ime_s1FA,Tamer,6,2014-10-04 17:26:02,4.33
qKqIKMLnmSPk-_cCrbUSLg,Christy,2,2012-05-24 01:03:30,1.0
yzWz3gHekKx_SLcrvR_VfA,Nancy,399,2011-08-17 18:01:53,3.68
4I3HYPOqzOJYDS7pzR3bzw,Aneesah,23,2013-03-15 14:34:29,4.92
nkpE4v6AX5ayh_nDEVterw,Estella,13,2013-07-22 06:46:10,3.77
5mEwCZQS-EmYLnw-g94sHw,Danielle,3,2015-11-23 01:27:42,1.5
85MGG8JzI85ilc12PDDhyA,Aiwei,2,2015-04-18 07:01:33,3.0
THK3LFPPVNREV4Zra_HmXw,Danielle,1,2017-03-02 13:57:45,2.0
68du_wD3fw1XXQSOSts7yg,Matt,19,2008-06-09 19:14:32,4.05
ASlRp7f7Du-8fH-1UC4cRg,Nathaniel,3,2013-01-03 22:52:30,2.33
LB4McNKJtLtnJpkTE6PNBQ,Doug,29,2013-08-19 19:50:40,4.3
4_4GjejbzMJ_IwrLAPTeAw,Olivia,6,2014-05-19 16:08:30,4.67
3pBa2YsTbTsjod5ScNgTrw,Jacob,2,2014-05-21 21:09:38,3.0
Kg284Bdi5qTJbr5Kmv2rWQ,Laura,104,2016-11-05 00:38:49,4.78
FCLGhssh8MpdWEXaGmlVmw,Yolanda,223,2016-03-22 20:10:09,3.96
66jLAUGqXMx06wmipvUVbA,M,6,2014-02-21 16:27:30,3.5
u84ju-y5NIou17YpFUbuIQ,Diana,13,2018-01-03 01:05:54,1.31
ua5Ze_AHxvHO4namvGspTA,Meesh,5,2010-12-12 04:53:44,2.4
1sMz13ENhI0l8aycRqRYFw,Erin,2,2009-05-20 14:09:54,3.0
9X-2ouz3ghOc3lwRzPlg5Q,Jen,3,2010-03-24 13:59:58,4.67
vajJa1QY2lP-4XWSCVljwQ,Holly,13,2014-10-12 14:06:04,3.62
MOtVYKI2iWHFDPl8134HxA,S,31,2008-12-22 05:56:14,3.49
tlp4nIVPgMurIqFspAr2mQ,Atlantean,40,2014-09-15 02:43:08,3.19
Y-01WCH_xFZaLKA5CHpuwA,Lucy,4,2016-09-05 22:20:40,3.4
_Ksef2sYYF6-lSUGbmFhtw,Kevin,15,2009-02-21 05:53:44,3.33
6gpEjxZfnPqgZbriLbvSew,Mark,47,2009-12-01 02:12:02,3.77
DEqCWpCjJYfZYxBVQKDDew,Paul,15,2016-08-20 19:47:52,3.75
J8nBTvhGLE0x_-w3xuZAJA,Andrew,1,2010-06-29 21:37:59,1.0
vDdD697xH2iwoeNq12ED-A,Clay,6,2011-03-19 20:57:16,3.17
FJppe7kognez-cU0-UrkdQ,Adrienne,14,2009-11-21 21:06:11,3.87
qIdfpjd2Wk5K9zfUgIyWbg,Carly,2,2012-09-13 23:00:53,3.0
-yw_7u1YuE2W3GQfgXK8eQ,Nancy,17,2011-02-04 00:17:45,4.76
mvRI3Tw6CVFdvA3ekL4ppQ,Diana,9,2009-11-23 14:21:31,4.11
FgY1IoWgzkANOYHGtRJDrw,James,7,2016-07-31 01:48:58,1.78
5hLPR6eZlNsjK_KInqMLVQ,Victoria,5,2011-09-04 23:56:16,3.0
Jr5Ouk7m3MJhgBxABO-cyA,JABBAJazz,4,2011-07-24 16:21:48,2.0
-t9fNao9prbGC3oEpjt4aA,Nick,9,2015-02-13 20:53:39,3.78
vuftRC6YOMy-fQHSjktNUA,Jessica,2,2014-06-08 16:53:10,1.0
wRtztGnIp3yL1sfOEP1OIA,Dee,3,2014-03-13 00:55:33,1.57
q4tORYjX6-uSEUE1K166bg,Craig,3,2014-12-04 16:49:41,2.6
Z2_WMFjRVN8inyDvigdegA,Amy,9,2010-05-26 02:31:50,3.4
xHT1X5VZOHlstShlW1TxYg,Amber,3,2012-03-03 18:40:04,2.0
2vEgbfyF4CvnnzBuazDAOw,Bill,3,2012-08-19 02:54:12,2.25
wdgKiGCmfDbwy43kLhXMyg,Bill,3,2016-09-24 01:05:11,2.33
aE0o46OajZfMOtocBhP8hA,C,3,2013-10-10 03:13:50,3.67
AuJPe7eHdT7TIO0AQfhHsA,Nick,29,2013-12-08 04:33:39,3.5
xJPIRufNB7QHbWOaOkwmKw,Kaitlyn,6,2019-06-14 20:43:58,2.5
kqgRmXbU82Cy42QITiMG4w,Chris,3,2014-02-08 16:44:52,2.33
G_l3F6T2aZXmYbfwlCaODA,Richard,10,2007-12-23 00:08:59,3.55
m71gKNoYhIl_EX9kZsuIlg,Nicole,2,2011-11-09 19:20:29,2.33
H3nIEBAoKweN2lj6VJ_w5g,George,8,2015-04-15 01:20:15,3.5
SnufRADVJEYHGMcha7nRVA,Gina,1,2012-08-09 00:37:30,1.0
aYlkfPqVtcKU7cPDTVql_Q,John,5,2008-09-07 19:10:46,2.0
wPNWTa8TAEq-u2GLmkFwOw,Mark,1,2016-09-12 04:19:11,3.0
HsMEsNxJ_OD1eHAqYl6H-Q,Kimberly,4,2019-07-16 04:54:42,3.0
4XkCIgOE0EJ_q5WwgNX3pQ,Arthur,7,2009-07-24 14:55:05,4.0
L5i2EtjHquQjiDK7KWBPYA,Wayne,6,2016-12-19 23:56:19,4.33
yvVqyDOSRPRDnJz6QbkeHQ,J,1,2015-01-12 04:54:49,2.0
_Y_Ue7D8HwSO0sBc3hOUaA,David,1,2016-03-08 18:07:42,1.0
h9olm4gVBFa98n33OB3zsQ,Theresa,3,2014-05-24 03:54:20,2.33
ywkQWfrowVHG5vyMNmcHEw,Jerry,29,2015-09-03 19:59:12,4.03
yseMybSuJeZdmhqROoUVYw,Lou,9,2010-12-25 17:23:08,3.1
obccZvZOAyI3XMZEKHkOIA,S.,3,2013-03-05 18:06:50,2.33
eTr8ujOL5Ip3yIhIWmQPYg,Sara,47,2016-04-15 05:03:57,2.4
Z00gV7q8zC0__MwOFPNTFg,Karen,4,2013-07-29 22:49:57,3.0
Dftld8v6mWAfrjivfw9N2Q,Lynn,1,2015-07-26 15:07:28,1.0
ZcFB7xOpJufgX9hHPFh9mQ,Bobbi,270,2008-09-29 04:17:07,4.07
6xl9EVLg1MTwq4gw21e4Nw,Grace,631,2009-03-13 06:39:41,3.73
PAx6EkkOO19tvNtjuBzVgw,Sharr,638,2010-08-03 05:43:46,3.5
IuZfBchHUeBKNB7ocz9tCQ,Emanuel,4,2010-08-01 02:57:51,4.0
JBAvxZK8j5EiR0pMDiE7dA,Stephen,29,2009-07-12 03:53:27,3.73
CDtvbnhJ9qFaS_4qSIcWFA,Kenneth,5,2011-07-09 00:14:53,2.6
l3S1srqK1CvjB_S4r-ZBeg,Latifa,1442,2006-12-20 21:32:53,3.77
9uYtxCQ4y_2j_8ldgsmRaQ,Rick,39,2010-04-05 20:32:40,3.23
RDhCew67Wwz33_2_Jpxhew,Ian,128,2008-09-28 06:50:14,4.25
94ot0CyYf-DhFy0NTOAFLQ,Juliet,240,2010-12-14 23:59:54,4.16
TaVuQWmXAhxy_LvIXBs9sg,Russell,600,2010-12-02 22:10:55,3.98
Aks3ZleXykjujLcbk8UzUA,Allan,97,2009-08-24 05:10:16,2.75
RvnKitrRUKt41GpBM0xGxg,Curtis,19,2010-04-17 04:13:50,4.74
_j4jRWRSiOC3aO51gRyP5w,Steve,75,2009-09-11 14:15:35,3.91
CtT0To4GaUdTJ7MhojlW4g,Jason,713,2008-09-03 01:46:53,3.98
fJ4s1hQ7yEAcUR3WbNBzlA,Christina,358,2009-08-09 04:07:33,3.99
jwNAw2CkV9obmNq_u4bbQA,Blessy,442,2012-01-08 08:23:17,4.27
sCTh7XEzqt4TlLzbaskmBg,valerie,38,2009-06-26 15:57:18,4.11
mxlvv27pKSTWs8uNyEGmTA,Sherryl,499,2008-09-07 17:47:59,3.89
5g-zg_Mq1RfWzas37dqcZw,Teresa,307,2008-06-28 03:16:42,4.55
_GstI1h8DjHZEUW9EPT85g,Melody,361,2007-12-31 03:13:23,4.04
XES7_GcWW_qK3VTJg1Bztg,Sam,6,2010-10-14 20:54:53,4.33
a7B1ow3HSP32vA3WhZ7RpQ,Yenny,892,2008-03-03 19:06:17,3.96
-8HoPzdMhM1p3Px8tSxnZQ,Michael,381,2010-06-19 23:44:07,4.56
Wphq2ZRlC4XHzETQvjDjmQ,Bob,711,2007-05-14 00:49:25,3.85
UL-dYA-QhWeVMfz5NRf1Lg,Jane,848,2011-12-01 02:09:31,3.66
7ite986xNsA8fljUjfewyg,Christine,6,2008-06-09 03:16:00,3.29
BRwdO0WuvAWstFF_I0wWiA,Nai,247,2011-08-26 02:28:44,3.87
i_PLIo-upPymwy2Y_TUjkw,Albert,52,2010-02-23 18:40:59,3.76
Lfv4hefW1VbvaC2gatTFWA,DJ,1317,2010-10-30 15:39:15,3.68
jy_xw4Gw7IlK-OOfbEYmwg,Courtney,55,2010-06-11 03:01:03,2.74
ADnMGc3SaHeBU_ZL0hysaw,Jenna,1,2011-02-19 17:07:28,5.0
d0pUzsYJERUNedTyerVL-A,H,5,2008-01-29 16:53:59,3.83
w9_hH_2AJAPQF4JrpuLiTw,Michael,90,2012-11-05 05:21:47,4.48
zKY6NM9CxxWxcY5JJXUB7g,Jacqueline,639,2012-03-08 23:19:07,4.19
360xDtP6tR5zj-3qXi2hCQ,Amanda,200,2012-07-21 23:53:46,3.92
EagzLY515WqTU1S9_-BVEw,LeeAnne,1,2009-10-15 21:15:50,5.0
liiDjd92e9Nxdystu59QcA,Brian,6,2010-03-22 16:09:21,4.25
beb-sqGL8NVxpYTR_XCl6Q,Derek,5,2012-01-07 17:15:36,3.2
-gqZly_I4PBDPnrt7tnqSQ,Lam,9,2013-01-13 00:58:19,3.56
-CjSuDNxKBapPs-7mbSjPQ,Mr.,33,2010-08-03 04:14:18,3.49
2olRSHL7vRftreBjf-vO1w,K,3,2012-02-24 21:11:06,3.57
KWJIFPib5sBa3mzSDV4r4g,V,45,2009-02-14 01:58:35,3.25
iZmpVIO_RyyALF1Bj-m9sQ,Carissa,232,2009-12-30 14:39:24,3.83
uTC9U8JAXIZwafdy5piEjw,Kareem,202,2012-12-05 12:58:22,4.12
2PAgIziW2mFW1W0fkWAZVw,Owen,50,2010-03-06 03:38:43,4.29
_MOe5BOAYcW7nvfUGcLZEA,Tammara,24,2013-03-31 20:17:10,4.26
jZUpqurVtlrN2QrgLxQzZw,Priya,405,2011-10-16 04:18:04,4.52
-Ixl2LZt_uy3A2Jp9-MEKg,Chris,64,2013-06-02 03:46:12,3.72
dpY6s77Rq1lAOZnNokj8MA,Glen,1,2017-07-17 00:27:39,5.0
OJIprIDVsUo3_sA9MUkKIQ,Reid,64,2012-10-07 04:33:36,4.09
w0W_hs1EX6x7XuZsEkHDDQ,Sunny,575,2017-01-02 03:52:27,3.76
zdXDHs2QYYIWxAWLcYJriA,Ellie,235,2017-04-21 20:13:50,4.53
-fnNvqHxi1xuIrMEp_xiTw,Jennifer,17,2013-01-09 07:34:23,3.8
-98eYiCNMmsVgeBFnQNhpw,Tiffany,4,2012-08-22 23:13:51,3.75
_ovuxPjDx0xkyMA6PqjchQ,Chin,68,2013-11-04 00:12:35,3.97
x-8wXSPNAijdThmLvrocSQ,K,37,2011-06-24 02:15:58,4.19
6urS-vMeMNMw1ogB577H7w,Crystal,71,2013-09-21 19:48:38,3.49
y_cbqNYnIysGLnXJ9UyW_g,Andrew,166,2011-09-04 22:09:48,3.99
cJOfGg5ChvP7NC3_1sgCdw,Stephanie,80,2016-11-02 22:08:48,4.61
xnTTAsGKPPjIL4D0cqtAhA,Godiva,1,2013-10-06 03:42:26,4.0
mU_-3aNZbF8KtJQTO09JAg,Jake,13,2014-02-17 05:06:34,3.54
OEBc6COVJdO9rqLy88fsKw,Deniece,32,2013-12-07 00:40:10,3.68
thwoElvTBlXQHe8iTJHv_Q,Tori,3,2014-01-31 15:51:41,3.67
Cg9Y1f_oXsWPP_4A9VT1Lg,Lisa,276,2014-02-28 01:48:43,4.18
ETJwxmu0TZX3JQjSVrcReQ,Tina,203,2013-08-28 23:19:45,4.27
T9YdQIlKEd_ytTXRQ5dpaw,Jessica,13,2014-02-27 02:55:02,4.0
xaHanU7RJwes5F88MFldEA,Lap,12,2009-05-26 02:44:35,4.0
94KZLRt_VHrj_GNmLnQsVw,Jo,8,2013-10-24 10:47:02,2.63
Pa8q7Pt36wdORQ7ZqkyRnw,Lorena,223,2013-08-10 05:29:11,3.72
ygxy62YXV_SI0Tn8YL4-Mg,Melanie,8,2012-08-17 07:04:57,2.63
PO_dHCmICcYhMWbMb2ZMDA,John,4,2016-03-13 17:42:16,3.25
PJ-poLowwrlfpVCT-E-gcw,Patricia,15,2012-02-02 19:16:00,4.0
YjZXcCaNFB0EY1inI65eHw,Leewana,2,2016-02-17 01:39:12,3.67
CqEoo425U-dM53svYgOvwA,Lisa,590,2012-06-12 17:07:25,4.43
jCItL4JPGgwefcRE_YfVVw,Donald,2,2015-04-10 17:34:40,1.5
We5qZqGPLi-M2vUCCkAFmA,Daniel,2,2015-09-07 20:36:47,3.0
zmFxHhhdYdtciny8ueB2Zw,Andrew,12,2014-04-20 01:14:36,3.58
2kqZZ0doU2LvcDcveLCgOg,Brandi,4,2011-12-31 23:32:54,3.5
v1Su0L0_BMEO8_EwOer_5w,Maureen,2,2016-03-01 23:26:39,2.5
JBBpHxq2hdJIBFxmatcl9w,David,326,2012-06-17 09:27:40,3.97
jPsFI6d5tPAab1lAtPZD2g,Alex,14,2013-01-29 07:41:14,3.0
sdk3BxZTl31hKXibohqpZQ,Erik,20,2015-02-13 16:04:02,3.52
p2ccYH8esXucuDqSD-h_sQ,Tiffany,28,2013-09-06 23:22:00,4.39
AeYA3OBLkyZDvBXGZrDp3A,The Vegan Geeks,14,2011-11-05 18:22:30,3.2
nxgDnTB1BfPjkriYCHjYQQ,Brent,4,2016-06-17 00:46:10,2.6
gLldkuU6PnT7q5HhCk-q6A,Christine,1,2014-06-10 14:52:52,2.0
Z0L6s5S_I0lGcZqlng_yxw,Nick,1,2014-08-10 19:18:52,3.5
ARbxaqbyQzYDZUpREeK4vA,Shelly,27,2014-07-28 04:39:11,4.5
1dwJK21zm7cuhUKdROWJXQ,Gerald,54,2010-12-28 15:06:15,3.0
wUZ7x7TVhLb9KNy4zzhLJw,Lucy,2,2019-02-24 16:47:43,3.67
iaD_o05jH2iqIlbw_AR_mw,Kendra,22,2014-07-13 04:27:41,3.04
-64J0wmRDJygG8G6U1LHaQ,Rachel,2,2013-01-12 22:13:19,3.0
0r2O0VYy9MTKn7UvThSIEQ,Lauren,2,2015-03-21 18:01:54,1.0
KSbhY9Oi9ISm-ZudHrm9nw,Kristen,2,2014-09-18 00:18:20,5.0
3Voa7rRjH1K00Xse-PjmVA,Talya,2,2015-05-02 19:57:53,3.0
1AM1Sv4hzVUjIeMKNxDTYw,Justin,7,2014-07-22 22:15:08,3.86
DLlLHdv8drnauxNP_WXfZw,Susan,13,2017-07-09 14:58:52,4.0
syWmN1xAX9tRIflEfwabWw,Ted,1,2015-07-28 09:50:59,2.0
xB-Xtn5Yrpy9jKCHF5glGA,Elaine,3,2014-12-03 20:43:21,2.0
szEZ5VZT60akci8FibDqSQ,Katie,2,2013-12-09 22:46:18,5.0
p2RjHD54UYD63Yw08Ch62Q,Erik,9,2014-07-23 22:15:05,3.22
6owzFdzFSbsZzOL_kIp6cg,Tho,1,2015-10-05 13:51:12,1.0
gTPb780jLN6a8-I3O86zkA,Brian,5,2015-10-11 19:27:42,1.67
UsO2t3iKAxzwrEqbhJbEMA,Robert,4,2013-07-27 16:57:25,4.0
aZQnKn-HT4FaFWsOZEvD5w,Neil,9,2017-08-16 17:48:39,4.18
AYHHPsE61uVlxcvTxswPuA,Gee,3,2018-06-10 17:00:46,4.0
OTmv2Oow9eaz-Irgj2AYSw,Tyree,1,2014-12-02 01:44:58,5.0
UlpRAnirM4G-Wv8bd9ab6g,Jonathan,13,2012-07-28 04:30:57,4.0
3eC333QR9BkSeb2fP7XDQg,Bradley,2,2013-11-10 16:53:07,3.0
_AHOqLE4xMLPkA3jvHg-iA,Donna,1,2018-08-04 17:25:24,5.0
htrqEQSj2MPJQUmRvL_CjQ,Ryan,3,2017-04-11 01:00:51,5.0
FwjkZVoAsdZnNr8mkCCKrg,Dave,3,2014-11-15 03:32:39,5.0
FS4llNhaO9ul9QGkXvrylg,Gary,2,2018-03-11 05:42:17,5.0
ErDJM2JB99wuOxuffFIu8w,Daran,1,2020-09-18 20:26:48,5.0
1mmkkH61MKELSn4VgJB2Wg,Andrew,2,2020-07-01 02:39:43,2.0
uI4R_R-ynWGABSZmB3Vt-w,Devin,1,2018-03-01 20:11:39,5.0
yhovpO3qCb4QaKT7Xm_rqw,David,1,2012-11-07 06:11:23,5.0
dig02sZio5iVPk0x5Pif6Q,A,33,2008-10-18 16:58:06,3.5
LfLPR9th9ucueOkdB3Eq4A,Joe,21,2010-04-06 22:12:09,3.71
hRSKxRX5rM9ftAPpQbgZnA,Alex,3,2015-01-10 19:33:36,3.4
XqipzN6PRoWm4oG4hVS-pg,Trieu,1,2019-03-13 15:06:37,5.0
g-Xv7Cs6WooKLziPKymskA,Amanda,1,2011-05-31 18:21:41,5.0
AJbWMUqpCArQfktHbBXlKw,Haseena,5,2016-06-24 00:22:12,2.67
f1PTDTgV2Vpe_aphS0iOfg,Jerry,2,2017-03-10 18:45:19,5.0
E4cL_21Gad2RTYMuekms4g,Andy,7,2019-04-09 05:33:37,4.43
EC3sZ3YckujUkZQOR67twA,Shaw,1,2020-03-04 08:12:11,5.0
DX4ZTwnqzOWUfv9bHFtGmw,Otanime,1,2019-03-13 15:04:06,5.0
RpgDtSpeeSZUEnh2PGot-A,Nathaniel,1,2015-06-10 00:01:06,5.0
twqsJ2ANW3jPN5cr47FzKg,Dane,3,2012-04-13 16:13:54,4.33
MbO2X1lGWGJdmXmzxRjffA,Jared,10,2015-03-17 18:10:10,4.9
s68ZUrrnNX_gZzg5hwgupg,Sterling,5,2016-07-28 18:30:13,4.6
TGHGEwLn691gvfe3mL9I5A,Glenn,2,2015-02-23 17:06:57,3.0
Vz9432xA7WG2HZRhRi4Afg,Jon,5,2016-05-12 15:01:37,5.0
XsFI8-O1H-Pl_yhSQrI09A,Matt,1,2014-03-09 19:27:33,1.0
YzPFH_qbcqTvTtSrDzJ9Tg,Natalie,3,2016-02-27 16:48:10,3.75
G--7VadFHbG1-5zEQC8KFQ,C,18,2014-01-27 22:38:52,2.58
8Q7IkpjSdGrU0y1rw3e6LQ,Gabe,2,2013-04-02 19:31:00,5.0
F4ffen-1rLMUxQU-6r8uSw,Tim,1,2017-01-07 18:49:56,5.0
67TmH2-MrYt2pF3tmSf9ww,J,1,2016-04-01 03:23:36,5.0
RCZG5A4w_oFZYbZvs0uGLw,Cindy,1,2013-06-02 20:11:03,1.0
vLKBtiLn30HOgI4QpFrXZA,E,1,2010-02-26 20:28:47,5.0
XenwjpYlw2rmAMwei3KFMQ,Laura,1,2011-03-23 19:17:57,3.0
LO381U2CFMrNBBDTIVwP2g,Dylan,1,2015-02-21 06:53:33,1.0
qlgFWhjKQACb-F8YWqwhYA,RON,47,2010-08-04 13:36:38,3.68
z_F6O5y8WNZJ8Q1cQDCaYQ,David,2,2010-07-27 13:46:19,3.0
zZNYjra9tmQgs6HKEaNEqg,Alessandra,2,2013-11-11 17:15:15,1.5
4TTzhcKAYaFdfnfFDOE-qg,Nicole,1,2016-03-07 14:33:09,5.0
FlIj3NArArIgBhEFUm-kXQ,Ricky,1,2007-06-24 17:11:15,5.0
qBlUPSjI9bD_Ejhy2esBUw,Mike,1,2015-08-25 00:07:57,1.0
jJDclIO5uqRJe0bnhCiIQA,Ericka,1,2018-12-02 21:17:20,5.0
1QPePrACeJJog1dypTQJ3A,Bob,2,2012-09-10 20:26:33,2.33
G_Ww3TYrXzuAlzXyf1EekA,Jay,213,2009-05-23 00:49:09,3.88
dqXLjti5rYBsuxfD-Vhb-A,Rustin,22,2009-01-30 06:12:53,3.85
bgOjO-HX-7wzUlXeXJJ2pA,Betty,165,2007-02-17 00:04:46,3.8
FBelk4JGoO0ZCFlfJzW3aQ,Jamie,849,2007-01-05 06:49:02,4.0
Wg2-1uulLKhnZmoUe19Rfw,Alyssa,194,2006-04-02 04:13:28,3.59
e5o_SCDsG4Fvdj1PsdMHgw,Gene,80,2007-04-16 05:55:37,4.05
Qk1BkBOZ1rnkQwExbhtrsQ,Mik,82,2010-06-29 03:10:41,3.4
PDK6ld4bH502-A40AR22EA,Corey,236,2008-10-21 02:03:50,3.21
HCP1pR_44Pw5_BiWAp47-Q,Jen,613,2010-06-17 20:48:46,3.94
DjUtvqp_Vi4kU6CA7Q9JEg,Rebecca,59,2008-12-11 21:25:51,3.89
Ar3bat-NGasrXDiS7WF8OA,Nette,1607,2010-02-22 17:55:36,3.81
u-zdrYMMqujnvrIbtQR4DA,Rachel,593,2009-03-29 16:52:34,4.35
EGz1NDtgVbndCJ5R3F-stw,Craig,692,2011-08-29 02:04:53,4.2
MOgGz-iTr_vSz12S8bC4mA,Amy,167,2011-04-21 21:40:39,4.55
BeHAmNRWvy_ATbbg8pOXmw,Jack,32,2010-01-09 22:34:58,4.09
Sn73fweSBkP_qYHfMgsmWg,Shannon,156,2011-07-30 19:48:07,3.96
KbLfnuqdsaIq8lB7vhwAVg,Anne,775,2011-05-02 17:03:44,4.23
A3Qusdby2smA4vwXWreJjw,Debra,21,2009-06-10 02:41:40,3.72
i8CDZlzcpncppvxLtDzFMQ,Lindsay,367,2012-01-20 22:01:35,4.1
rTpX-Rkb2e90itDkCW1ulg,Charlene,412,2012-12-27 09:28:22,3.89
F_QEqPvBnrCEKCv65zn2YA,Deborah,32,2012-05-20 07:39:44,3.45
7MzCB87Irf_hwfvZmDufsQ,Janeth,317,2010-09-23 01:20:25,3.53
YSb8JRyI75M8FkbYWLH4UA,FoodWanderer,88,2013-11-08 16:55:45,3.91
56KDPHut4_YJI0C4vVlGOA,Michaela,15,2010-08-12 20:01:14,3.41
E7k91Jb9z0UPTLndK6zx8g,Ryan,220,2012-07-06 20:04:12,3.96
gG9JYxl8k6VvXi10WEMsxw,Tom,2,2011-03-15 18:19:00,3.0
LrazMI91Z7cEgGcPYMiJfg,Nick,13,2012-09-28 00:58:13,4.46
IyCzW-swkIx6bTRHlSqGZQ,Jon,226,2014-03-30 23:43:18,3.62
VTR-U9JZ4PdLqqJm2gJ5mw,Ariel,525,2017-05-07 13:51:27,4.39
cZbA9s7JPbOJJr54_NcxsQ,Billy,4,2012-12-11 16:31:09,2.75
D_dzNKTD9Lpkje3P0nsMqQ,Nekos,1,2014-01-21 02:36:24,5.0
Evt5WY42Ir6Yfprku9x6CQ,Artem,115,2014-01-05 23:11:54,3.92
urlX1GPogp0V3o3PmWuGwg,源蔚,5,2016-07-10 11:50:45,4.8
oy-K-bNNFy2O9rwKC3dteQ,Jason,112,2011-06-15 02:43:40,3.73
-lGwMGHMC_XihFJNKCJNRg,Gabe,485,2014-10-31 05:18:24,4.58
Fub_eqON8m5SpgHqh2l5oA,Shane,7,2009-05-19 02:26:47,4.29
cyRlVNaawf0PLtnHcnElAA,Michelle R,3,2013-03-02 02:23:06,3.0
uucpXfy2b-WRUEo4DQftJg,BD,71,2011-08-01 14:50:23,2.82
6YshIhj35cYLgCz3Y-fgNA,Jessica,7,2013-02-18 02:01:48,4.71
M3PCLN8FBOg-aKne6GDFAQ,Jim,1,2017-07-03 23:11:28,1.0
SZEY3EfGLvYu-eRF-lZPoA,Cindy,497,2012-03-09 05:46:24,4.11
hGi9Z7siByx8cB-Njo0odA,Brian,2,2012-09-25 17:41:07,3.0
QBzvPl4XPFvQFDQNZvd1fQ,Gina,215,2013-02-25 23:46:02,4.44
LFwllYnwoPiaPyV5joO7Ug,Vicky,4,2017-08-22 05:05:33,4.0
eqd1XctHoYV90YBPJSkkUQ,Zay,1,2017-04-30 04:20:27,1.0
y3soJbS_F2rH3a8CHnPlMQ,Kaitlyn,14,2015-08-30 23:55:31,4.07
hvKxVM6c6ki9-xRZXP-CJw,Robert,23,2012-09-23 04:48:14,3.71
-CPlgnA37MIoyAKf1l3TiQ,Tyson,1,2014-05-12 02:14:25,1.0
laxhJbn-vGk8Ggnlg8Yz_A,Jackie,7,2017-01-21 19:43:08,4.29
Ze_Arn8mBwz1mbubc-re5Q,Sebastian,4,2017-10-22 15:30:31,4.0
1NSyGbNykvyBTZqgrE2vxQ,Ryan,2,2012-05-12 18:52:17,5.0
pfLbnuY7SAacCKH-6jd-Dw,Nichole,179,2012-02-03 08:13:12,4.1
MVbbNyjMUK2p1_zSIH1ryg,Michael,72,2018-06-17 02:25:25,3.92
BL3nwZuViTzjYZJFfkSl8w,Beverly,208,2015-08-02 00:07:39,4.6
r7htpZuNr68ff9-_0aCobA,Victoria,1,2017-06-10 22:23:28,1.0
ILPx-zWk52vO9MUOMVdX3Q,Ann,6,2013-05-11 17:04:08,3.5
X9iNNkbJ-tCzQNjp11TqkA,Alex,111,2011-02-19 00:13:39,3.67
xNLcVfaTJo7hMh1YflZc_Q,Robyn,15,2011-09-23 15:26:20,4.11
QR4FUqrxxDNJ9DTbvJjAZg,Sheila,40,2016-02-19 03:22:22,4.81
6eE1uVdsj-d3_ABwoeJKGg,Leslie,138,2012-12-15 04:22:57,4.3
J_9u4wBB62lRLjJDg3OFvA,Hunter,342,2018-07-14 06:26:41,3.1
66zqLdIdsOt1UEPqJILWJA,Monica,6,2013-05-20 21:53:58,2.5
enpVpGDnutUAU0AMcatI-Q,Cucurbita,8,2013-09-18 00:40:35,3.5
W8I95pNuakveQabnhEIddA,Jalitza,88,2012-05-18 10:35:16,4.71
1Vy_oI6JUFD-H7-91Q1Njw,Anuja,6,2014-06-08 05:10:08,4.33
yWWd4KTDNuiNsP1ecA5sVQ,Mackenzie,16,2015-02-08 20:54:52,3.33
g0fskk7sXRfdbyG4_q59CA,Susan,3,2015-09-29 18:10:56,3.0
31KeLNzW5c8gAhAC8aDFqw,Robyn,636,2016-01-15 03:36:53,4.58
sp3eSs0xOjXJR-XGPLPyJg,Joy,1,2017-09-14 20:32:44,1.0
rsfkVKYhrolUTxkSlhl8Mg,Larizsa,6,2013-01-13 00:10:42,3.5
OaZ7qqCN19lkT1-SHRXBaQ,Haley,7,2010-11-01 19:22:10,3.96
T4Ehd2aNc2fh63boRl0hUQ,Mallory,2,2013-09-09 14:57:49,3.0
dtOFG-p8YpAO2vNKFo0jLA,Kathleen,22,2015-06-26 13:05:14,3.7
LwNeQI7A9JyYSUS9Xoh06w,Ben,2,2014-07-18 21:09:01,3.0
Ou7wO9_zQo2J12w_tWVYHA,Jerry,106,2014-11-10 15:41:46,3.11
1T6wtVScjstJDtZnqQbpYg,Mohammad,21,2014-08-12 15:42:12,3.88
Da5NFlVHZjCx-TvzgjQlRA,Michelle,21,2014-01-28 13:56:02,3.83
jJFvVoEZtEvk8c7lCn68zg,Reza,7,2016-05-21 07:01:12,4.0
O6_KZyTlgv8LKr-UBY60rw,Shanirah,1,2020-06-19 01:42:57,1.0
EKx80Qf23_6gHf2kio2M8w,Delphina,6,2011-03-09 02:16:18,1.83
bo0NkJC3tZJbfE-Ns2P-Rw,Jun,6,2016-11-06 06:24:22,3.0
EBj_7yv2QgCxxBkqUBXfuw,Tim,2,2011-11-20 14:54:48,3.0
WZ6lOP7KZyz-qXJTCiGSuQ,Len,4,2013-04-27 14:45:39,2.75
mKh6-C8vwFa70cEzfLalUQ,Richard,11,2017-08-20 14:48:06,4.64
9ZahqMUCXTk3hQYkL_210Q,Kristin,1,2011-07-05 17:39:01,1.0
nl79dT5D63AecUOJGa3e5w,H,2,2014-03-05 16:51:31,1.5
jIQpLM43nFXGXtmkTM9rhQ,Denise,3,2014-03-10 16:35:56,3.67
fBhtk0eTRnS0LMq6Wh5saw,Annette,2,2014-08-24 13:33:36,1.0
wIbUhO9Gk8VMHU-j00kprw,Mandy,1,2015-01-31 21:47:47,1.0
UCY5tQQ_-7fB_CKZYJYQAQ,Chris,9,2012-02-19 07:18:16,3.7
uieynwVGIcsdgzvC6_lmCA,Jodi,2,2015-04-19 13:37:01,3.0
jxFnLAZ4FoJTLk0N0JlmXw,Angie,4,2014-12-07 05:38:24,5.0
C5gGAYwl0eDrE6A07wVmmg,Brad,1,2017-02-05 00:42:02,1.0
Jg3NmrgP-6DcfR_0_6F5hA,Christi,1,2012-05-23 20:48:41,1.0
Vh7HIQbRF7ruUeloK1T5xg,Nancy,2,2011-02-13 01:02:40,1.0
yipQxrf1X4gGqC3UKbfPhQ,Jennifer,3,2014-06-25 23:19:39,2.67
E-NSw3VZtz4oUHlM4W8i7A,Clint,2,2011-10-17 20:05:34,4.67
fmzDbEf_Wluu9ZUDSWG-qg,Alex,6,2014-02-21 23:00:03,2.86
_nExO6KQUy0VZOPKN2WsRw,Jennifer,2,2013-10-03 02:23:22,3.0
aFDdw5qFzfgWV0t3MEsgbw,Timmy,24,2011-08-19 23:46:36,3.24
46cIhWXP-6801eRTR7F_AQ,Sunny,23,2011-02-17 21:28:39,4.13
nt143HoSFyPLsVNaI1fGrQ,Valerie,341,2009-08-18 16:19:18,3.78
dl6xeGFE4KQ4f36PXEkMrg,Jason,39,2011-01-26 18:50:01,2.8
8akT3KhQp3Svdhh95B4Sgw,Dev,7,2011-05-11 23:18:40,4.0
E7CQw7i7fE7L4EBuwUDmkg,Scott,79,2008-08-09 18:41:08,4.07
ydIdyGQyO8eZe0yqgs0DfA,Mimi,529,2008-05-25 16:15:17,3.41
-1hk-8JOLJNqFjToa2Pjvw,Bryon,1,2010-06-09 13:31:26,1.0
90ZtCUwxXjUBvrdBgyWYyg,Kevin,296,2011-04-05 04:36:35,3.87
8-USJV6gNEmTC3Li4dEw6Q,Nicholas,60,2010-06-23 17:25:05,3.45
eNlfieh9t63fn5sr8DTHrg,Jessica,31,2012-02-11 21:20:10,4.03
8eFNYjch4TYs0fcprx5Ojg,John,5,2010-04-24 16:05:48,4.2
Px7Wv8upFSmB4660i9bOsg,Vanessa,243,2008-09-08 03:55:19,3.98
W8Rf7y6vPn4c5WJvSGbRng,Peter,270,2007-09-02 18:11:52,3.33
GQkCKFqwlAPwpYd6DxAHSA,Ardit,2,2011-03-01 02:02:43,3.0
rKoNlAX-ARVNLH8FXTxBnA,Danny Zuko,41,2011-04-15 16:55:46,4.44
xa2QB6ln4bxHaQDnJQe3Bw,Maleah,278,2008-09-14 17:27:46,3.58
SKdMmvRoh0Kbp1PHrCVyMA,Jen,1,2011-08-10 15:29:54,1.0
weI3gUj0DiKXkp8seBYKfw,Ethan,326,2012-01-29 17:13:10,4.25
CMH46nH-N25VOQr0bTcXrA,Anton,7,2010-03-09 20:36:29,2.33
NWuFF7-HjYE9dvt_xGbEhw,Tom,320,2011-02-02 04:45:57,4.0
jc3jhh2iQ1dPnT7rPI5xvg,Christopher,846,2013-06-27 23:02:35,4.22
AEkCWOKGvf3RRM4YYMZkxQ,Devin,12,2010-12-22 19:16:53,4.42
Zkgt52FlOA3O5dhQHXgz2Q,Frank,30,2010-06-23 00:24:53,3.13
4Z-h5qycjy6yY_g_LrjsXg,Jacque,141,2012-10-14 01:43:15,3.76
f08QvGYHl5y_feny-LJ99w,Erik,12,2010-06-12 17:24:46,4.23
K54AVckblbo6mD0Q-_OjRg,Claude,77,2006-09-03 19:14:16,3.39
OF9J8dDe3TyTAc32nyauvA,Will,1,2012-12-27 18:55:06,2.0
17i3e5QMOyYVsbUIx8mhRA,Maricela,313,2012-01-30 02:24:17,3.89
08_HyvY9dnDtW47QwosmzA,Wendy,49,2011-10-18 11:53:56,4.12
Vdfwb03txbKpbnAo-lvaOQ,Lauren,86,2013-05-08 14:47:11,3.86
OFpMvzHwsfsAISKY88srOw,Stephanie,169,2012-03-26 13:01:05,4.34
4vW7jQycAZP9XY8O8-rqGQ,Cam,771,2013-11-15 00:28:55,3.65
EHO7OGlQp39G-zT9jFTJbw,Lynne,142,2015-06-14 15:27:34,4.39
Rd4vMBN8EKpTwbRArLZlcg,Liz,48,2011-02-17 15:59:16,3.96
5ELiQunNWF1pmcnb2YJz_g,Joanna,20,2009-09-02 16:14:34,3.38
jZTMr59LTrt4Nd6YNWT0aA,Linda,42,2012-03-26 17:28:17,3.6
dgrejzJzzI485oR3PHTfFw,Darien,327,2014-04-11 16:31:07,4.1
i2toOBcy1eJ-a5x8N1UXrw,Nancy,308,2014-03-29 02:18:59,4.15
cELLXj4ieLMo2yB4guMR-g,Doug,461,2009-01-27 11:33:47,3.51
NdvDnzlmNNywx4g286-Hbw,Ray,301,2013-09-25 03:50:51,4.82
h6HbVmgIY8WPa6LF9XyqQQ,Mariza,111,2015-09-30 23:07:47,4.33
BfUPunTFDYnIVvB3b-_YeQ,Suzy,621,2017-04-30 19:52:44,4.04
k0TSAqHEXq4_VVqktViY3g,H,171,2014-07-09 23:30:51,3.66
AeGi47BtbMthRHRPNYEqQA,Meagan,1,2014-03-11 02:01:51,1.0
GHzRZjI-Ds62MGRtbhsW7g,Olivia,1,2013-11-28 00:19:35,4.0
VVyDDjrBIUVdgX1WewPdCQ,Katie,9,2016-07-02 23:53:20,3.78
sfa-8f-ATyQrD21CBf60xw,Kimberly,4,2014-05-24 15:03:00,3.4
tKjieBdhtWWI-YtjQSscxQ,Allison,8,2016-12-14 03:09:46,4.13
iFa6TE0AGs1UEWqCVuDeWg,Tom,2,2010-07-06 00:44:56,4.0
AXgZ7dRB_IR4bASZBVhGkw,Bailey,2,2013-12-17 16:22:43,3.0
t1XPkiy5FbGohrczoAVHVQ,Weylie,34,2012-05-07 20:56:58,3.73
Cmt8VGj0lt_f6eb_wRRayQ,James,24,2011-02-17 18:14:38,2.68
8-i75x_p9RqErZ5LJgny2g,Paul,5,2014-12-23 17:21:27,3.0
hR6YkBCCOg7nK3qWX99rAQ,Kyle,1,2011-04-03 20:18:59,1.0
2M2B_X-VDVbzGX_iTEMVEQ,Kyle,50,2012-01-07 13:39:38,4.08
ditXHjwrrpN4jeYwGdNRIw,Dheeraj,44,2012-02-24 19:32:07,3.26
Bpd_t6QM6de_0ts3ujC4aw,Brett,1,2020-02-22 05:36:26,1.0
PC7N6ibNENuSbCdHo0eMDw,Thuy,13,2012-08-16 20:10:16,4.62
sNDP9M-BQl4si5kp1gm-OQ,Sydney,2,2017-03-19 20:18:43,3.0
0TWObqyUNKaI1IQUlTOh5Q,Jessica,23,2020-05-02 00:41:14,5.0
j052CiqyclDIG1R1n45lEw,Sam,18,2014-07-14 02:36:14,2.64
jkzgl9bDYVXRYXBaZkVIlg,Jessica,17,2012-06-21 20:45:29,3.5
T_XJsruBmyHSuEkJO1UC0g,Anthony,14,2012-12-20 01:50:38,3.67
MjB6Ha3rXRS4X3JsOcUiyA,Maren,1,2015-01-28 15:32:35,1.0
TS2j_gt5qugbmQ1R_fq6TA,Jim,366,2010-06-21 03:03:44,3.02
y4rh0xORNCibAuB_XctBzA,Anna,1,2016-05-01 17:12:17,1.0
WxGy5exVqu_dvpgC74Q9OA,Greg,5,2012-10-21 18:28:06,3.4
iIQm4uQCSMl0TTHRLRdM7w,Yvonne,2,2012-08-24 22:55:43,2.0
kaMAll_QWMweNsgA4Z0cug,Larry,2,2013-05-25 21:47:42,2.33
Sna7dwda9K5NcWNFcq2e7A,Thi,6,2009-11-26 22:59:22,3.0
aFpTNT0VwwD19MazwlWeYA,Keenya,3,2020-03-01 22:10:51,2.33
pXj2cuZRfa32cru76GGccg,A.,4,2016-05-21 14:45:33,4.0
I6PmbzhpK01REbLGzspyqQ,Kelly,1,2009-05-17 03:50:48,2.0
G3thrKyrG3FY4wlga4EKlw,Jorge,45,2009-11-09 20:53:32,3.57
Bvd6VT3dKgT25KREf_shdA,mike,22,2009-12-10 14:02:02,2.93
tEo4-IDLiQ_r05RcmpyhQg,Becca,1,2011-10-06 21:30:21,4.0
3TFhgimVNz1Mh4SwhVNZqQ,Jeanne,2,2012-09-02 21:25:43,1.0
su9u5tDVLyFs-Ljg81H7vw,Jason,1,2009-07-15 17:02:01,1.0
i7kvIuqQoIjdylKU8Dh8vw,Kathleen,1,2014-08-15 13:14:43,5.0
mgK5MkjIXIzSdOTnSQBakw,Shark,2,2018-01-07 06:13:36,3.0
D8n-8w7NIRCVy39-ZKoPwQ,Martie,1,2012-05-28 18:55:11,1.0
7qUqAQ-6UeomfddXPa7How,Csrlos,2,2017-09-26 17:16:22,3.67
uBk_j5i1N7FC6H_uGhaUHQ,Chita,229,2008-05-14 20:07:19,3.37
Us1AthDpqHzcO231z7OlSQ,Mo,226,2007-10-04 17:48:10,3.73
CZQUtmO5NIY-bZWkCqHeJg,CeCe,842,2008-09-29 00:50:34,4.06
jtkXg-OITT1Wvq0jCpLudA,Leah,1076,2011-05-24 13:12:32,3.48
wJF6JT62HfMMZgTbSIaRFw,Phillip,27,2009-08-31 06:31:56,4.93
O5LARG9cHfV09x0ss3Zblg,Tobin,7,2011-01-08 17:58:34,2.75
t3cu9DxXtGyaPIWNvPOXxA,Tiffany,1266,2010-03-15 07:49:49,3.75
PVAcfDDY_sdXc1IOaUoZSw,Miki,5,2010-07-24 19:47:17,3.33
vxzfa06f-7s0ZHYP6muytg,Lea,134,2009-09-10 10:28:58,4.37
y34Nf8CdoFzJ-pYsm92k8w,Danny,1,2011-02-01 03:08:12,1.0
ntUPD_XLbwBXGUfxGm-KeA,Derek,1,2012-10-26 02:33:42,1.0
NRwM425GVb-ileidCoSz6w,Kimberly,192,2011-03-06 18:19:23,3.69
5UQhhMwm9R3MMZB5IF_qZw,Christopher,37,2010-09-02 22:08:39,3.79
TQXEFaoqo66USjGzCk3BDg,Nicole,243,2011-05-13 14:04:13,3.84
-oI5PHKVRsWJzbBXJjIkEw,Jennifer,458,2015-09-07 22:46:45,3.88
q8DpClBORerI6CGWIOOfAw,Sathy,70,2010-10-11 21:54:06,4.13
5u1zadBE1VY0Wv-kEqy2wg,Rachelle,902,2016-04-20 19:42:52,4.53
UbBwtsp5QbZvTIjkwEa3uA,Chriswell,1,2013-05-08 05:28:26,1.0
tsq4tKTX6gIHbffX4Cc4-Q,Alfonso,5,2012-05-19 21:35:35,2.83
WhUpJKUdAfFFdUQjZ0mYmg,Arif,13,2014-03-29 16:43:09,4.77
GlvO2IGJ5Y49_W16hHNvmg,Ryan,40,2011-12-06 23:28:47,3.88
9vzna6wcLpljXeI2XMFCrA,Heather,7,2013-04-09 14:14:31,2.29
0ZM9HbYhZCeXB-Mwbwj21w,Ángela,193,2015-04-02 02:04:22,4.49
_qAdFUVHNlHEkeNRZ4jJfg,Kyle,23,2014-08-14 23:12:54,4.61
Bz2uS3O95TBhLpx0tas-iw,Monique,2,2015-06-14 19:33:38,5.0
ip-OEoijVXpLDAmPjhEvag,Frances,753,2012-11-21 03:05:39,3.91
lxrrt_aMRX4IqZxtYCC7kQ,Gloria,6,2014-04-10 18:09:59,3.86
-hnRXNqY9bccnMlc87elZg,Richard,153,2017-05-10 01:56:16,4.29
qIhgl-k0Qpj_46The8NqpQ,Dave,2,2016-01-24 16:58:40,3.0
gG15Y9oNsvgSJ1Wmb-OQew,Alix,16,2014-07-02 18:21:55,4.24
tEHkVMTIkLyJVUf_P9dGeQ,Morgan,2,2014-03-17 00:42:30,4.5
94CaJlVxz6hG-a_cuDGhNg,Phillip,120,2011-11-19 18:29:56,4.51
4JI0_UJXW619p6ukZzTA1Q,Brighton,4,2010-11-08 18:20:25,2.71
Fou9vUXHBwo-lkT_DI9YgA,Mia,16,2017-12-22 22:22:52,2.05
zH48y7z57MHwq5yNHUiVxQ,A,3,2012-02-25 03:18:31,1.67
H2EBtgfStqaB27QFjMnMNw,Nikki,5,2014-08-23 08:29:32,1.6
H2nfyWYtKd7Act7NCsb6cg,Magritte,17,2015-05-11 19:46:07,4.06
fqT7JuEyNoUKd_AXp3V8EQ,Patricia,11,2014-07-11 01:53:06,2.45
kkP__KQa4CN03ahxOS40PQ,Peter,1,2020-02-09 22:19:53,2.0
lN6qi8PrJMP-3IGroPDjPw,Beverly,2,2011-08-29 15:00:24,3.0
ZhQG2tpqA6PBlt-cFMsYBw,Erika,1,2011-10-01 17:05:48,1.0
MPYtgSWb4pTBI5rjefZMhQ,Scott,15,2013-08-24 15:55:29,4.4
izYzEujCW0rmlGy2N3SRLQ,dan,5,2010-04-01 06:09:13,3.6
w7Wz0J20TH56fVqTu-0bFQ,Nicole,1,2014-04-02 04:55:45,1.0
MwyGGsEDWF0ghqGpmWTBEw,laila,33,2009-06-08 23:43:58,3.94
c3laMtP_ngCg_zlW0gxJ_Q,Allie,1,2020-06-20 00:16:04,1.0
b8kuJSzJXTmvkuzr38ehKw,Carrie,2,2014-11-08 21:26:31,2.33
xiqE66D4G-yrj-o8wpYrdw,Treather,3,2018-12-31 17:10:46,1.67
oqwdKDpUl4toyahY3FW5cg,Jeff,4,2013-11-25 20:51:27,4.0
_H_ekjui1bMf-C8YmvbIog,Kelly,5,2012-02-05 02:58:41,3.47
